--
-- PostgreSQL database dump
--

-- Dumped from database version 9.5.19
-- Dumped by pg_dump version 9.5.19

SET statement_timeout = 0;
SET lock_timeout = 0;
SET client_encoding = 'UTF8';
SET standard_conforming_strings = on;
SELECT pg_catalog.set_config('search_path', '', false);
SET check_function_bodies = false;
SET xmloption = content;
SET client_min_messages = warning;
SET row_security = off;

ALTER TABLE ONLY public.patient_profileform_docs_viewed DROP CONSTRAINT patient_profileform__usersviewed_id_7a43db87_fk_doctor_us;
ALTER TABLE ONLY public.patient_profileform_doctor_remarks DROP CONSTRAINT patient_profileform__profileform_id_4bcc26d2_fk_patient_p;
ALTER TABLE ONLY public.patient_profileform_docs_viewed DROP CONSTRAINT patient_profileform__profileform_id_205b4051_fk_patient_p;
ALTER TABLE ONLY public.patient_profileform_doctor_remarks DROP CONSTRAINT patient_profileform__note_id_d7c06bf2_fk_doctor_no;
ALTER TABLE ONLY public.patient_personalrecord_docs_viewed DROP CONSTRAINT patient_personalreco_usersviewed_id_04da4031_fk_doctor_us;
ALTER TABLE ONLY public.patient_personalrecord_docs_viewed DROP CONSTRAINT patient_personalreco_personalrecord_id_eb52405c_fk_patient_p;
ALTER TABLE ONLY public.patient_personalrecord_comment DROP CONSTRAINT patient_personalreco_personalrecord_id_55891b3e_fk_patient_p;
ALTER TABLE ONLY public.patient_personalrecord_comment DROP CONSTRAINT patient_personalreco_note_id_3cd46a6f_fk_doctor_no;
ALTER TABLE ONLY public.patient_patient_rejected_schedules DROP CONSTRAINT patient_patient_reje_patient_id_d54c5b54_fk_patient_p;
ALTER TABLE ONLY public.patient_patient_rejected_schedules DROP CONSTRAINT patient_patient_reje_doctorschedule_id_43097324_fk_doctor_do;
ALTER TABLE ONLY public.patient_patient DROP CONSTRAINT patient_patient_profile_id_77e9389a_fk_patient_profileform_id;
ALTER TABLE ONLY public.patient_patient_personal_records DROP CONSTRAINT patient_patient_pers_personalrecord_id_86f28561_fk_patient_p;
ALTER TABLE ONLY public.patient_patient_personal_records DROP CONSTRAINT patient_patient_pers_patient_id_960c6c67_fk_patient_p;
ALTER TABLE ONLY public.patient_patient_pending_schedules DROP CONSTRAINT patient_patient_pend_patient_id_46eb596a_fk_patient_p;
ALTER TABLE ONLY public.patient_patient_pending_schedules DROP CONSTRAINT patient_patient_pend_doctorschedule_id_bf172319_fk_doctor_do;
ALTER TABLE ONLY public.patient_patient_patient_notifications DROP CONSTRAINT patient_patient_pati_patientnotification__c640c83e_fk_patient_p;
ALTER TABLE ONLY public.patient_patient_patient_new_notifications DROP CONSTRAINT patient_patient_pati_patientnotification__2e8bde8c_fk_patient_p;
ALTER TABLE ONLY public.patient_patient_patient_new_notifications DROP CONSTRAINT patient_patient_pati_patient_id_fd9c6f16_fk_patient_p;
ALTER TABLE ONLY public.patient_patient_patient_notifications DROP CONSTRAINT patient_patient_pati_patient_id_dc07c558_fk_patient_p;
ALTER TABLE ONLY public.patient_patient_my_doctors DROP CONSTRAINT patient_patient_my_d_patient_id_ffd62b7f_fk_patient_p;
ALTER TABLE ONLY public.patient_patient_my_doctors DROP CONSTRAINT patient_patient_my_d_doctor_id_2154af2b_fk_doctor_do;
ALTER TABLE ONLY public.patient_patient_meds DROP CONSTRAINT patient_patient_meds_patient_id_f63de01f_fk_patient_p;
ALTER TABLE ONLY public.patient_patient_meds DROP CONSTRAINT patient_patient_meds_medication_id_0f4fb49a_fk_patient_m;
ALTER TABLE ONLY public.patient_patient_medical_history DROP CONSTRAINT patient_patient_medi_patient_id_8f563ff3_fk_patient_p;
ALTER TABLE ONLY public.patient_patient_medical_history DROP CONSTRAINT patient_patient_medi_medhistform_id_8afe2e17_fk_patient_m;
ALTER TABLE ONLY public.patient_patient_location_details DROP CONSTRAINT patient_patient_loca_patientlocationdetai_b8b64cb2_fk_patient_p;
ALTER TABLE ONLY public.patient_patient_location_details DROP CONSTRAINT patient_patient_loca_patient_id_e3cb8e8e_fk_patient_p;
ALTER TABLE ONLY public.patient_patient DROP CONSTRAINT patient_patient_icr_id_b786c1eb_fk_patient_icrform_id;
ALTER TABLE ONLY public.patient_patient_finished_schedules DROP CONSTRAINT patient_patient_fini_patient_id_3f1271b6_fk_patient_p;
ALTER TABLE ONLY public.patient_patient_finished_schedules DROP CONSTRAINT patient_patient_fini_doctorschedule_id_941ede49_fk_doctor_do;
ALTER TABLE ONLY public.patient_patient_approved_schedules DROP CONSTRAINT patient_patient_appr_patient_id_df55b9aa_fk_patient_p;
ALTER TABLE ONLY public.patient_patient_approved_schedules DROP CONSTRAINT patient_patient_appr_doctorschedule_id_a029f022_fk_doctor_do;
ALTER TABLE ONLY public.patient_medhistform_docs_viewed DROP CONSTRAINT patient_medhistform__usersviewed_id_a03d8d0b_fk_doctor_us;
ALTER TABLE ONLY public.patient_medhistform_doctor_remarks DROP CONSTRAINT patient_medhistform__remark_id_0e0a4e16_fk_doctor_re;
ALTER TABLE ONLY public.patient_medhistform_doctor_remarks DROP CONSTRAINT patient_medhistform__medhistform_id_52bfc484_fk_patient_m;
ALTER TABLE ONLY public.patient_medhistform_docs_viewed DROP CONSTRAINT patient_medhistform__medhistform_id_1b3ed826_fk_patient_m;
ALTER TABLE ONLY public.patient_icrform_doctor_remarks DROP CONSTRAINT patient_icrform_doct_remark_id_3fa260db_fk_doctor_re;
ALTER TABLE ONLY public.patient_icrform_doctor_remarks DROP CONSTRAINT patient_icrform_doct_icrform_id_9accf06e_fk_patient_i;
ALTER TABLE ONLY public.patient_icrform_docs_viewed DROP CONSTRAINT patient_icrform_docs_usersviewed_id_449c9a1e_fk_doctor_us;
ALTER TABLE ONLY public.patient_icrform_docs_viewed DROP CONSTRAINT patient_icrform_docs_icrform_id_bc5c4eb2_fk_patient_i;
ALTER TABLE ONLY public.doctor_doctorstats_monthly_stats DROP CONSTRAINT doctor_doctorstats_m_monthlystatistics_id_f96d55e9_fk_doctor_mo;
ALTER TABLE ONLY public.doctor_doctorstats_monthly_stats DROP CONSTRAINT doctor_doctorstats_m_doctorstats_id_a1ea8317_fk_doctor_do;
ALTER TABLE ONLY public.doctor_doctorschedule_users_viewed DROP CONSTRAINT doctor_doctorschedul_usersviewed_id_a922325f_fk_doctor_us;
ALTER TABLE ONLY public.doctor_doctorschedule_doc_remark DROP CONSTRAINT doctor_doctorschedul_remark_id_6996e7e4_fk_doctor_re;
ALTER TABLE ONLY public.doctor_doctorschedule_users_viewed DROP CONSTRAINT doctor_doctorschedul_doctorschedule_id_6108b89e_fk_doctor_do;
ALTER TABLE ONLY public.doctor_doctorschedule_doc_remark DROP CONSTRAINT doctor_doctorschedul_doctorschedule_id_262fab1d_fk_doctor_do;
ALTER TABLE ONLY public.doctor_doctor_schedules DROP CONSTRAINT doctor_doctor_schedules_doctor_id_a1f225ee_fk_doctor_doctor_id;
ALTER TABLE ONLY public.doctor_doctor_schedules DROP CONSTRAINT doctor_doctor_schedu_doctorschedule_id_bfe582ab_fk_doctor_do;
ALTER TABLE ONLY public.doctor_doctor_rejected_scheds DROP CONSTRAINT doctor_doctor_reject_doctorschedule_id_7da8f6ef_fk_doctor_do;
ALTER TABLE ONLY public.doctor_doctor_rejected_scheds DROP CONSTRAINT doctor_doctor_reject_doctor_id_c647f336_fk_doctor_do;
ALTER TABLE ONLY public.doctor_doctor_pending_scheds DROP CONSTRAINT doctor_doctor_pendin_doctorschedule_id_0234c1cc_fk_doctor_do;
ALTER TABLE ONLY public.doctor_doctor_pending_scheds DROP CONSTRAINT doctor_doctor_pendin_doctor_id_a2ff7d64_fk_doctor_do;
ALTER TABLE ONLY public.doctor_doctor DROP CONSTRAINT doctor_doctor_p_handled_stats_id_cb809bf1_fk_doctor_do;
ALTER TABLE ONLY public.doctor_doctor_new_notifs DROP CONSTRAINT doctor_doctor_new_notifs_doctor_id_b8c08f74_fk_doctor_doctor_id;
ALTER TABLE ONLY public.doctor_doctor_new_notifs DROP CONSTRAINT doctor_doctor_new_no_doctornotification_i_33d72358_fk_doctor_do;
ALTER TABLE ONLY public.doctor_doctor_finished_scheds DROP CONSTRAINT doctor_doctor_finish_doctorschedule_id_9b55f20b_fk_doctor_do;
ALTER TABLE ONLY public.doctor_doctor_finished_scheds DROP CONSTRAINT doctor_doctor_finish_doctor_id_eb632f57_fk_doctor_do;
ALTER TABLE ONLY public."doctor_doctor_doctorNotifs" DROP CONSTRAINT doctor_doctor_doctor_doctornotification_i_f4f12d22_fk_doctor_do;
ALTER TABLE ONLY public."doctor_doctor_doctorNotifs" DROP CONSTRAINT doctor_doctor_doctor_doctor_id_6ba348a3_fk_doctor_do;
ALTER TABLE ONLY public.django_admin_log DROP CONSTRAINT django_admin_log_user_id_c564eba6_fk_auth_user_id;
ALTER TABLE ONLY public.django_admin_log DROP CONSTRAINT django_admin_log_content_type_id_c4bce8eb_fk_django_co;
ALTER TABLE ONLY public."cebuMap_cebubarangays_stage_2" DROP CONSTRAINT "cebuMap_cebubarangay_patient_id_cb0cbb0b_fk_patient_p";
ALTER TABLE ONLY public."cebuMap_cebubarangays_hiv_pop" DROP CONSTRAINT "cebuMap_cebubarangay_patient_id_6a8a4739_fk_patient_p";
ALTER TABLE ONLY public."cebuMap_cebubarangays_migrated" DROP CONSTRAINT "cebuMap_cebubarangay_patient_id_6855413c_fk_patient_p";
ALTER TABLE ONLY public."cebuMap_cebubarangays_deceased" DROP CONSTRAINT "cebuMap_cebubarangay_patient_id_39e2ce3c_fk_patient_p";
ALTER TABLE ONLY public."cebuMap_cebubarangays_stage_1" DROP CONSTRAINT "cebuMap_cebubarangay_patient_id_37ee7a3d_fk_patient_p";
ALTER TABLE ONLY public."cebuMap_cebubarangays_for_screening" DROP CONSTRAINT "cebuMap_cebubarangay_patient_id_1e0ba12b_fk_patient_p";
ALTER TABLE ONLY public."cebuMap_cebubarangays_stage_3" DROP CONSTRAINT "cebuMap_cebubarangay_patient_id_086f6297_fk_patient_p";
ALTER TABLE ONLY public."cebuMap_cebubarangays_stage_0" DROP CONSTRAINT "cebuMap_cebubarangay_patient_id_082728e3_fk_patient_p";
ALTER TABLE ONLY public."cebuMap_cebubarangays_migrated" DROP CONSTRAINT "cebuMap_cebubarangay_cebubarangays_id_fc7d6e87_fk_cebuMap_c";
ALTER TABLE ONLY public."cebuMap_cebubarangays_stage_2" DROP CONSTRAINT "cebuMap_cebubarangay_cebubarangays_id_ec506841_fk_cebuMap_c";
ALTER TABLE ONLY public."cebuMap_cebubarangays_stage_3" DROP CONSTRAINT "cebuMap_cebubarangay_cebubarangays_id_c0e46738_fk_cebuMap_c";
ALTER TABLE ONLY public."cebuMap_cebubarangays_for_screening" DROP CONSTRAINT "cebuMap_cebubarangay_cebubarangays_id_983e7734_fk_cebuMap_c";
ALTER TABLE ONLY public."cebuMap_cebubarangays_deceased" DROP CONSTRAINT "cebuMap_cebubarangay_cebubarangays_id_6c41d17b_fk_cebuMap_c";
ALTER TABLE ONLY public."cebuMap_cebubarangays_hiv_pop" DROP CONSTRAINT "cebuMap_cebubarangay_cebubarangays_id_5aad2c08_fk_cebuMap_c";
ALTER TABLE ONLY public."cebuMap_cebubarangays_stage_0" DROP CONSTRAINT "cebuMap_cebubarangay_cebubarangays_id_4631fb92_fk_cebuMap_c";
ALTER TABLE ONLY public."cebuMap_cebubarangays_stage_1" DROP CONSTRAINT "cebuMap_cebubarangay_cebubarangays_id_1467517c_fk_cebuMap_c";
ALTER TABLE ONLY public.auth_user_user_permissions DROP CONSTRAINT auth_user_user_permissions_user_id_a95ead1b_fk_auth_user_id;
ALTER TABLE ONLY public.auth_user_user_permissions DROP CONSTRAINT auth_user_user_permi_permission_id_1fbb5f2c_fk_auth_perm;
ALTER TABLE ONLY public.auth_user_groups DROP CONSTRAINT auth_user_groups_user_id_6a12ed8b_fk_auth_user_id;
ALTER TABLE ONLY public.auth_user_groups DROP CONSTRAINT auth_user_groups_group_id_97559544_fk_auth_group_id;
ALTER TABLE ONLY public.auth_permission DROP CONSTRAINT auth_permission_content_type_id_2f476e4b_fk_django_co;
ALTER TABLE ONLY public.auth_group_permissions DROP CONSTRAINT auth_group_permissions_group_id_b120cbf9_fk_auth_group_id;
ALTER TABLE ONLY public.auth_group_permissions DROP CONSTRAINT auth_group_permissio_permission_id_84c5c92e_fk_auth_perm;
DROP INDEX public.patient_profileform_docs_viewed_usersviewed_id_7a43db87;
DROP INDEX public.patient_profileform_docs_viewed_profileform_id_205b4051;
DROP INDEX public.patient_profileform_doc_remarks_profileform_id_c57d05e2;
DROP INDEX public.patient_profileform_doc_remarks_comment_id_9efaa491;
DROP INDEX public.patient_personalrecord_slug_bf7d5472_like;
DROP INDEX public.patient_personalrecord_slug_bf7d5472;
DROP INDEX public.patient_personalrecord_docs_viewed_usersviewed_id_04da4031;
DROP INDEX public.patient_personalrecord_docs_viewed_personalrecord_id_eb52405c;
DROP INDEX public.patient_personalrecord_comment_personalrecord_id_55891b3e;
DROP INDEX public.patient_personalrecord_comment_comment_id_c24321ec;
DROP INDEX public.patient_patient_slug_7f8cce32_like;
DROP INDEX public.patient_patient_slug_7f8cce32;
DROP INDEX public."patient_patient_rejectedScheds_patient_id_9df2451c";
DROP INDEX public."patient_patient_rejectedScheds_doctorschedule_id_05b469a5";
DROP INDEX public."patient_patient_personalRecord_personalrecord_id_42d4790b";
DROP INDEX public."patient_patient_personalRecord_patient_id_04758112";
DROP INDEX public."patient_patient_pendingScheds_patient_id_1d339a46";
DROP INDEX public."patient_patient_pendingScheds_doctorschedule_id_58dd819a";
DROP INDEX public."patient_patient_patientNotif_patientnotification_id_9d1276ca";
DROP INDEX public."patient_patient_patientNotif_patient_id_b48eb1f5";
DROP INDEX public.patient_patient_new_patient_notifications_patient_id_1f9c0e8e;
DROP INDEX public.patient_patient_new_patien_patientnotification_id_9d78158c;
DROP INDEX public."patient_patient_myDoctors_patient_id_3ee97e2d";
DROP INDEX public."patient_patient_myDoctors_doctor_id_510aef53";
DROP INDEX public.patient_patient_meds_patient_id_f63de01f;
DROP INDEX public.patient_patient_meds_medication_id_0f4fb49a;
DROP INDEX public.patient_patient_medical_history_patient_id_8f563ff3;
DROP INDEX public.patient_patient_medical_history_medhistform_id_8afe2e17;
DROP INDEX public.patient_patient_location_details_patient_id_e3cb8e8e;
DROP INDEX public.patient_patient_location_d_patientlocationdetails_id_b8b64cb2;
DROP INDEX public."patient_patient_finishedScheds_patient_id_78583ebc";
DROP INDEX public."patient_patient_finishedScheds_doctorschedule_id_226d4fad";
DROP INDEX public."patient_patient_approvedScheds_patient_id_ffd99c84";
DROP INDEX public."patient_patient_approvedScheds_doctorschedule_id_2a685fae";
DROP INDEX public.patient_medhistform_doctor_remarks_remark_id_0e0a4e16;
DROP INDEX public.patient_medhistform_doctor_remarks_medhistform_id_52bfc484;
DROP INDEX public.patient_medhistform_docs_viewed_usersviewed_id_a03d8d0b;
DROP INDEX public.patient_medhistform_docs_viewed_medhistform_id_1b3ed826;
DROP INDEX public.patient_icrform_doctor_remarks_remark_id_3fa260db;
DROP INDEX public.patient_icrform_doctor_remarks_icrform_id_9accf06e;
DROP INDEX public.patient_icrform_docs_viewed_usersviewed_id_449c9a1e;
DROP INDEX public.patient_icrform_docs_viewed_icrform_id_bc5c4eb2;
DROP INDEX public.doctor_doctorstats_monthly_stats_monthlystatistics_id_f96d55e9;
DROP INDEX public.doctor_doctorstats_monthly_stats_doctorstats_id_a1ea8317;
DROP INDEX public.doctor_doctorschedule_doc_views_details_usersviewed_id_5402743f;
DROP INDEX public.doctor_doctorschedule_doc_remark_note_id_c8ae6e6a;
DROP INDEX public.doctor_doctorschedule_doc_remark_doctorschedule_id_262fab1d;
DROP INDEX public.doctor_doctorschedule_doc__doctorschedule_id_29da9469;
DROP INDEX public.doctor_doctor_slug_7289a166_like;
DROP INDEX public.doctor_doctor_slug_7289a166;
DROP INDEX public.doctor_doctor_schedules_doctorschedule_id_bfe582ab;
DROP INDEX public.doctor_doctor_schedules_doctor_id_a1f225ee;
DROP INDEX public.doctor_doctor_rejected_scheds_doctorschedule_id_7da8f6ef;
DROP INDEX public.doctor_doctor_rejected_scheds_doctor_id_c647f336;
DROP INDEX public.doctor_doctor_pending_scheds_doctorschedule_id_0234c1cc;
DROP INDEX public.doctor_doctor_pending_scheds_doctor_id_a2ff7d64;
DROP INDEX public.doctor_doctor_new_notifs_doctornotification_id_33d72358;
DROP INDEX public.doctor_doctor_new_notifs_doctor_id_b8c08f74;
DROP INDEX public.doctor_doctor_finished_scheds_doctorschedule_id_9b55f20b;
DROP INDEX public.doctor_doctor_finished_scheds_doctor_id_eb632f57;
DROP INDEX public."doctor_doctor_doctorNotifs_doctornotification_id_f4f12d22";
DROP INDEX public."doctor_doctor_doctorNotifs_doctor_id_6ba348a3";
DROP INDEX public.django_session_session_key_c0390e0f_like;
DROP INDEX public.django_session_expire_date_a5c62663;
DROP INDEX public.django_admin_log_user_id_c564eba6;
DROP INDEX public.django_admin_log_content_type_id_c4bce8eb;
DROP INDEX public."cebuMap_incidence_location_id";
DROP INDEX public."cebuMap_cebumap_location_id";
DROP INDEX public."cebuMap_cebubarangays_stage_3_patient_id_086f6297";
DROP INDEX public."cebuMap_cebubarangays_stage_3_cebubarangays_id_c0e46738";
DROP INDEX public."cebuMap_cebubarangays_stage_2_patient_id_cb0cbb0b";
DROP INDEX public."cebuMap_cebubarangays_stage_2_cebubarangays_id_ec506841";
DROP INDEX public."cebuMap_cebubarangays_stage_1_patient_id_37ee7a3d";
DROP INDEX public."cebuMap_cebubarangays_stage_1_cebubarangays_id_1467517c";
DROP INDEX public."cebuMap_cebubarangays_stage_0_patient_id_082728e3";
DROP INDEX public."cebuMap_cebubarangays_stage_0_cebubarangays_id_4631fb92";
DROP INDEX public."cebuMap_cebubarangays_no_hiv_patient_id_148aea79";
DROP INDEX public."cebuMap_cebubarangays_no_hiv_cebubarangays_id_d91618c9";
DROP INDEX public."cebuMap_cebubarangays_migrated_patient_id_6855413c";
DROP INDEX public."cebuMap_cebubarangays_migrated_cebubarangays_id_fc7d6e87";
DROP INDEX public."cebuMap_cebubarangays_hiv_pop_patient_id_6a8a4739";
DROP INDEX public."cebuMap_cebubarangays_hiv_pop_cebubarangays_id_5aad2c08";
DROP INDEX public."cebuMap_cebubarangays_geom_id";
DROP INDEX public."cebuMap_cebubarangays_deceased_patient_id_39e2ce3c";
DROP INDEX public."cebuMap_cebubarangays_deceased_cebubarangays_id_6c41d17b";
DROP INDEX public.auth_user_username_6821ab7c_like;
DROP INDEX public.auth_user_user_permissions_user_id_a95ead1b;
DROP INDEX public.auth_user_user_permissions_permission_id_1fbb5f2c;
DROP INDEX public.auth_user_groups_user_id_6a12ed8b;
DROP INDEX public.auth_user_groups_group_id_97559544;
DROP INDEX public.auth_permission_content_type_id_2f476e4b;
DROP INDEX public.auth_group_permissions_permission_id_84c5c92e;
DROP INDEX public.auth_group_permissions_group_id_b120cbf9;
DROP INDEX public.auth_group_name_a6ea08ec_like;
ALTER TABLE ONLY public.portal_adminnotification DROP CONSTRAINT portal_adminnotification_pkey;
ALTER TABLE ONLY public.patient_profileform DROP CONSTRAINT patient_profileform_pkey;
ALTER TABLE ONLY public.patient_profileform_docs_viewed DROP CONSTRAINT patient_profileform_docs_viewed_pkey;
ALTER TABLE ONLY public.patient_profileform_docs_viewed DROP CONSTRAINT patient_profileform_docs_profileform_id_usersview_9accc661_uniq;
ALTER TABLE ONLY public.patient_profileform_doctor_remarks DROP CONSTRAINT patient_profileform_doc_remarks_pkey;
ALTER TABLE ONLY public.patient_profileform_doctor_remarks DROP CONSTRAINT patient_profileform_doc__profileform_id_comment_i_af395918_uniq;
ALTER TABLE ONLY public.patient_personalrecord DROP CONSTRAINT patient_personalrecord_pkey;
ALTER TABLE ONLY public.patient_personalrecord_docs_viewed DROP CONSTRAINT patient_personalrecord_docs_viewed_pkey;
ALTER TABLE ONLY public.patient_personalrecord_docs_viewed DROP CONSTRAINT patient_personalrecord_d_personalrecord_id_usersv_c376ec35_uniq;
ALTER TABLE ONLY public.patient_personalrecord_comment DROP CONSTRAINT patient_personalrecord_comment_pkey;
ALTER TABLE ONLY public.patient_personalrecord_comment DROP CONSTRAINT patient_personalrecord_c_personalrecord_id_commen_7452e830_uniq;
ALTER TABLE ONLY public.patient_patientsmonthlystatistics DROP CONSTRAINT patient_patientsmonthlystatistics_pkey;
ALTER TABLE ONLY public.patient_patientnotification DROP CONSTRAINT patient_patientnotification_pkey;
ALTER TABLE ONLY public.patient_patientlocationdetails DROP CONSTRAINT patient_patientlocationdetails_pkey;
ALTER TABLE ONLY public.patient_patient_rejected_schedules DROP CONSTRAINT patient_patient_rejected_patient_id_doctorschedul_8f9bd58f_uniq;
ALTER TABLE ONLY public.patient_patient_rejected_schedules DROP CONSTRAINT "patient_patient_rejectedScheds_pkey";
ALTER TABLE ONLY public.patient_patient DROP CONSTRAINT patient_patient_profile_id_key;
ALTER TABLE ONLY public.patient_patient DROP CONSTRAINT patient_patient_pkey;
ALTER TABLE ONLY public.patient_patient_personal_records DROP CONSTRAINT patient_patient_personal_patient_id_personalrecor_3f2eddfc_uniq;
ALTER TABLE ONLY public.patient_patient_personal_records DROP CONSTRAINT "patient_patient_personalRecord_pkey";
ALTER TABLE ONLY public.patient_patient_pending_schedules DROP CONSTRAINT "patient_patient_pendingScheds_pkey";
ALTER TABLE ONLY public.patient_patient_pending_schedules DROP CONSTRAINT "patient_patient_pendingS_patient_id_doctorschedul_195ccbe8_uniq";
ALTER TABLE ONLY public.patient_patient_patient_notifications DROP CONSTRAINT "patient_patient_patientNotif_pkey";
ALTER TABLE ONLY public.patient_patient_patient_notifications DROP CONSTRAINT "patient_patient_patientN_patient_id_patientnotifi_4d5e2983_uniq";
ALTER TABLE ONLY public.patient_patient_patient_new_notifications DROP CONSTRAINT patient_patient_new_patient_notifications_pkey;
ALTER TABLE ONLY public.patient_patient_patient_new_notifications DROP CONSTRAINT patient_patient_new_pati_patient_id_patientnotifi_ae3a5c17_uniq;
ALTER TABLE ONLY public.patient_patient_my_doctors DROP CONSTRAINT "patient_patient_myDoctors_pkey";
ALTER TABLE ONLY public.patient_patient_my_doctors DROP CONSTRAINT "patient_patient_myDoctors_patient_id_doctor_id_7b3d880a_uniq";
ALTER TABLE ONLY public.patient_patient_meds DROP CONSTRAINT patient_patient_meds_pkey;
ALTER TABLE ONLY public.patient_patient_meds DROP CONSTRAINT patient_patient_meds_patient_id_medication_id_b51b22bf_uniq;
ALTER TABLE ONLY public.patient_patient_medical_history DROP CONSTRAINT patient_patient_medical_history_pkey;
ALTER TABLE ONLY public.patient_patient_medical_history DROP CONSTRAINT patient_patient_medical__patient_id_medhistform_i_c31eb5be_uniq;
ALTER TABLE ONLY public.patient_patient_location_details DROP CONSTRAINT patient_patient_location_patient_id_patientlocati_57a8bbd8_uniq;
ALTER TABLE ONLY public.patient_patient_location_details DROP CONSTRAINT patient_patient_location_details_pkey;
ALTER TABLE ONLY public.patient_patient_finished_schedules DROP CONSTRAINT patient_patient_finished_patient_id_doctorschedul_7486cc01_uniq;
ALTER TABLE ONLY public.patient_patient_finished_schedules DROP CONSTRAINT "patient_patient_finishedScheds_pkey";
ALTER TABLE ONLY public.patient_patient_approved_schedules DROP CONSTRAINT patient_patient_approved_patient_id_doctorschedul_0d51c825_uniq;
ALTER TABLE ONLY public.patient_patient_approved_schedules DROP CONSTRAINT "patient_patient_approvedScheds_pkey";
ALTER TABLE ONLY public.patient_medication DROP CONSTRAINT patient_medication_pkey;
ALTER TABLE ONLY public.patient_medhistform DROP CONSTRAINT patient_medhistform_pkey;
ALTER TABLE ONLY public.patient_medhistform_doctor_remarks DROP CONSTRAINT patient_medhistform_doctor_remarks_pkey;
ALTER TABLE ONLY public.patient_medhistform_doctor_remarks DROP CONSTRAINT patient_medhistform_doct_medhistform_id_remark_id_deeaba08_uniq;
ALTER TABLE ONLY public.patient_medhistform_docs_viewed DROP CONSTRAINT patient_medhistform_docs_viewed_pkey;
ALTER TABLE ONLY public.patient_medhistform_docs_viewed DROP CONSTRAINT patient_medhistform_docs_medhistform_id_usersview_07b03ec3_uniq;
ALTER TABLE ONLY public.patient_icrform DROP CONSTRAINT patient_icrform_pkey;
ALTER TABLE ONLY public.patient_icrform_doctor_remarks DROP CONSTRAINT patient_icrform_doctor_remarks_pkey;
ALTER TABLE ONLY public.patient_icrform_doctor_remarks DROP CONSTRAINT patient_icrform_doctor_r_icrform_id_remark_id_22c46a22_uniq;
ALTER TABLE ONLY public.patient_icrform_docs_viewed DROP CONSTRAINT patient_icrform_docs_viewed_pkey;
ALTER TABLE ONLY public.patient_icrform_docs_viewed DROP CONSTRAINT patient_icrform_docs_vie_icrform_id_usersviewed_i_fd4f75c7_uniq;
ALTER TABLE ONLY public.doctor_usersviewed DROP CONSTRAINT doctor_usersviewed_pkey;
ALTER TABLE ONLY public.doctor_remark DROP CONSTRAINT doctor_note_pkey;
ALTER TABLE ONLY public.doctor_monthlystatistics DROP CONSTRAINT doctor_monthlystatistics_pkey;
ALTER TABLE ONLY public.doctor_medicine DROP CONSTRAINT doctor_medicine_pkey;
ALTER TABLE ONLY public.doctor_doctorstats DROP CONSTRAINT doctor_doctorstats_pkey;
ALTER TABLE ONLY public.doctor_doctorstats_monthly_stats DROP CONSTRAINT doctor_doctorstats_monthly_stats_pkey;
ALTER TABLE ONLY public.doctor_doctorstats_monthly_stats DROP CONSTRAINT doctor_doctorstats_month_doctorstats_id_monthlyst_908ccdfd_uniq;
ALTER TABLE ONLY public.doctor_doctorschedule DROP CONSTRAINT doctor_doctorschedule_pkey;
ALTER TABLE ONLY public.doctor_doctorschedule_users_viewed DROP CONSTRAINT doctor_doctorschedule_doc_views_details_pkey;
ALTER TABLE ONLY public.doctor_doctorschedule_doc_remark DROP CONSTRAINT doctor_doctorschedule_doc_remark_pkey;
ALTER TABLE ONLY public.doctor_doctorschedule_users_viewed DROP CONSTRAINT doctor_doctorschedule_do_doctorschedule_id_usersv_ac687590_uniq;
ALTER TABLE ONLY public.doctor_doctorschedule_doc_remark DROP CONSTRAINT doctor_doctorschedule_do_doctorschedule_id_note_i_1fdf0288_uniq;
ALTER TABLE ONLY public.doctor_doctornotification DROP CONSTRAINT doctor_doctornotification_pkey;
ALTER TABLE ONLY public.doctor_doctor DROP CONSTRAINT doctor_doctor_weekly_stats_id_key;
ALTER TABLE ONLY public.doctor_doctor_schedules DROP CONSTRAINT doctor_doctor_schedules_pkey;
ALTER TABLE ONLY public.doctor_doctor_schedules DROP CONSTRAINT doctor_doctor_schedules_doctor_id_doctorschedule_d3adfdb5_uniq;
ALTER TABLE ONLY public.doctor_doctor_rejected_scheds DROP CONSTRAINT doctor_doctor_rejected_scheds_pkey;
ALTER TABLE ONLY public.doctor_doctor_rejected_scheds DROP CONSTRAINT doctor_doctor_rejected_s_doctor_id_doctorschedule_f99c2aae_uniq;
ALTER TABLE ONLY public.doctor_doctor DROP CONSTRAINT doctor_doctor_pkey;
ALTER TABLE ONLY public.doctor_doctor_pending_scheds DROP CONSTRAINT doctor_doctor_pending_scheds_pkey;
ALTER TABLE ONLY public.doctor_doctor_pending_scheds DROP CONSTRAINT doctor_doctor_pending_sc_doctor_id_doctorschedule_d9cd6807_uniq;
ALTER TABLE ONLY public.doctor_doctor_new_notifs DROP CONSTRAINT doctor_doctor_new_notifs_pkey;
ALTER TABLE ONLY public.doctor_doctor_new_notifs DROP CONSTRAINT doctor_doctor_new_notifs_doctor_id_doctornotifica_dcbc9409_uniq;
ALTER TABLE ONLY public.doctor_doctor_finished_scheds DROP CONSTRAINT doctor_doctor_finished_scheds_pkey;
ALTER TABLE ONLY public.doctor_doctor_finished_scheds DROP CONSTRAINT doctor_doctor_finished_s_doctor_id_doctorschedule_b90c794b_uniq;
ALTER TABLE ONLY public."doctor_doctor_doctorNotifs" DROP CONSTRAINT "doctor_doctor_doctorNotifs_pkey";
ALTER TABLE ONLY public."doctor_doctor_doctorNotifs" DROP CONSTRAINT "doctor_doctor_doctorNoti_doctor_id_doctornotifica_4aabd4ae_uniq";
ALTER TABLE ONLY public.django_session DROP CONSTRAINT django_session_pkey;
ALTER TABLE ONLY public.django_migrations DROP CONSTRAINT django_migrations_pkey;
ALTER TABLE ONLY public.django_content_type DROP CONSTRAINT django_content_type_pkey;
ALTER TABLE ONLY public.django_content_type DROP CONSTRAINT django_content_type_app_label_model_76bd3d3b_uniq;
ALTER TABLE ONLY public.django_admin_log DROP CONSTRAINT django_admin_log_pkey;
ALTER TABLE ONLY public."cebuMap_incidence" DROP CONSTRAINT "cebuMap_incidence_pkey";
ALTER TABLE ONLY public."cebuMap_cebumap" DROP CONSTRAINT "cebuMap_cebumap_pkey1";
ALTER TABLE ONLY public."cebuMap_cebubarangays_stage_3" DROP CONSTRAINT "cebuMap_cebubarangays_stage_3_pkey";
ALTER TABLE ONLY public."cebuMap_cebubarangays_stage_2" DROP CONSTRAINT "cebuMap_cebubarangays_stage_2_pkey";
ALTER TABLE ONLY public."cebuMap_cebubarangays_stage_1" DROP CONSTRAINT "cebuMap_cebubarangays_stage_1_pkey";
ALTER TABLE ONLY public."cebuMap_cebubarangays_stage_0" DROP CONSTRAINT "cebuMap_cebubarangays_stage_0_pkey";
ALTER TABLE ONLY public."cebuMap_cebubarangays_stage_1" DROP CONSTRAINT "cebuMap_cebubarangays_st_cebubarangays_id_patient_ebe059ae_uniq";
ALTER TABLE ONLY public."cebuMap_cebubarangays_stage_3" DROP CONSTRAINT "cebuMap_cebubarangays_st_cebubarangays_id_patient_965731ad_uniq";
ALTER TABLE ONLY public."cebuMap_cebubarangays_stage_2" DROP CONSTRAINT "cebuMap_cebubarangays_st_cebubarangays_id_patient_6247f3ec_uniq";
ALTER TABLE ONLY public."cebuMap_cebubarangays_stage_0" DROP CONSTRAINT "cebuMap_cebubarangays_st_cebubarangays_id_patient_0fa086c4_uniq";
ALTER TABLE ONLY public."cebuMap_cebubarangays" DROP CONSTRAINT "cebuMap_cebubarangays_pkey";
ALTER TABLE ONLY public."cebuMap_cebubarangays_for_screening" DROP CONSTRAINT "cebuMap_cebubarangays_no_hiv_pkey";
ALTER TABLE ONLY public."cebuMap_cebubarangays_for_screening" DROP CONSTRAINT "cebuMap_cebubarangays_no_cebubarangays_id_patient_d1fadfa2_uniq";
ALTER TABLE ONLY public."cebuMap_cebubarangays_migrated" DROP CONSTRAINT "cebuMap_cebubarangays_migrated_pkey";
ALTER TABLE ONLY public."cebuMap_cebubarangays_migrated" DROP CONSTRAINT "cebuMap_cebubarangays_mi_cebubarangays_id_patient_caebf437_uniq";
ALTER TABLE ONLY public."cebuMap_cebubarangays_hiv_pop" DROP CONSTRAINT "cebuMap_cebubarangays_hiv_pop_pkey";
ALTER TABLE ONLY public."cebuMap_cebubarangays_hiv_pop" DROP CONSTRAINT "cebuMap_cebubarangays_hi_cebubarangays_id_patient_cf6594d9_uniq";
ALTER TABLE ONLY public."cebuMap_cebubarangays_deceased" DROP CONSTRAINT "cebuMap_cebubarangays_deceased_pkey";
ALTER TABLE ONLY public."cebuMap_cebubarangays_deceased" DROP CONSTRAINT "cebuMap_cebubarangays_de_cebubarangays_id_patient_6ebfbd7b_uniq";
ALTER TABLE ONLY public.auth_user DROP CONSTRAINT auth_user_username_key;
ALTER TABLE ONLY public.auth_user_user_permissions DROP CONSTRAINT auth_user_user_permissions_user_id_permission_id_14a6b632_uniq;
ALTER TABLE ONLY public.auth_user_user_permissions DROP CONSTRAINT auth_user_user_permissions_pkey;
ALTER TABLE ONLY public.auth_user DROP CONSTRAINT auth_user_pkey;
ALTER TABLE ONLY public.auth_user_groups DROP CONSTRAINT auth_user_groups_user_id_group_id_94350c0c_uniq;
ALTER TABLE ONLY public.auth_user_groups DROP CONSTRAINT auth_user_groups_pkey;
ALTER TABLE ONLY public.auth_permission DROP CONSTRAINT auth_permission_pkey;
ALTER TABLE ONLY public.auth_permission DROP CONSTRAINT auth_permission_content_type_id_codename_01ab375a_uniq;
ALTER TABLE ONLY public.auth_group DROP CONSTRAINT auth_group_pkey;
ALTER TABLE ONLY public.auth_group_permissions DROP CONSTRAINT auth_group_permissions_pkey;
ALTER TABLE ONLY public.auth_group_permissions DROP CONSTRAINT auth_group_permissions_group_id_permission_id_0cd325b0_uniq;
ALTER TABLE ONLY public.auth_group DROP CONSTRAINT auth_group_name_key;
ALTER TABLE public.portal_adminnotification ALTER COLUMN id DROP DEFAULT;
ALTER TABLE public.patient_profileform_doctor_remarks ALTER COLUMN id DROP DEFAULT;
ALTER TABLE public.patient_profileform_docs_viewed ALTER COLUMN id DROP DEFAULT;
ALTER TABLE public.patient_profileform ALTER COLUMN id DROP DEFAULT;
ALTER TABLE public.patient_personalrecord_docs_viewed ALTER COLUMN id DROP DEFAULT;
ALTER TABLE public.patient_personalrecord_comment ALTER COLUMN id DROP DEFAULT;
ALTER TABLE public.patient_personalrecord ALTER COLUMN id DROP DEFAULT;
ALTER TABLE public.patient_patientsmonthlystatistics ALTER COLUMN id DROP DEFAULT;
ALTER TABLE public.patient_patientnotification ALTER COLUMN id DROP DEFAULT;
ALTER TABLE public.patient_patientlocationdetails ALTER COLUMN id DROP DEFAULT;
ALTER TABLE public.patient_patient_rejected_schedules ALTER COLUMN id DROP DEFAULT;
ALTER TABLE public.patient_patient_personal_records ALTER COLUMN id DROP DEFAULT;
ALTER TABLE public.patient_patient_pending_schedules ALTER COLUMN id DROP DEFAULT;
ALTER TABLE public.patient_patient_patient_notifications ALTER COLUMN id DROP DEFAULT;
ALTER TABLE public.patient_patient_patient_new_notifications ALTER COLUMN id DROP DEFAULT;
ALTER TABLE public.patient_patient_my_doctors ALTER COLUMN id DROP DEFAULT;
ALTER TABLE public.patient_patient_meds ALTER COLUMN id DROP DEFAULT;
ALTER TABLE public.patient_patient_medical_history ALTER COLUMN id DROP DEFAULT;
ALTER TABLE public.patient_patient_location_details ALTER COLUMN id DROP DEFAULT;
ALTER TABLE public.patient_patient_finished_schedules ALTER COLUMN id DROP DEFAULT;
ALTER TABLE public.patient_patient_approved_schedules ALTER COLUMN id DROP DEFAULT;
ALTER TABLE public.patient_medication ALTER COLUMN id DROP DEFAULT;
ALTER TABLE public.patient_medhistform_doctor_remarks ALTER COLUMN id DROP DEFAULT;
ALTER TABLE public.patient_medhistform_docs_viewed ALTER COLUMN id DROP DEFAULT;
ALTER TABLE public.patient_medhistform ALTER COLUMN id DROP DEFAULT;
ALTER TABLE public.patient_icrform_doctor_remarks ALTER COLUMN id DROP DEFAULT;
ALTER TABLE public.patient_icrform_docs_viewed ALTER COLUMN id DROP DEFAULT;
ALTER TABLE public.patient_icrform ALTER COLUMN id DROP DEFAULT;
ALTER TABLE public.doctor_usersviewed ALTER COLUMN id DROP DEFAULT;
ALTER TABLE public.doctor_remark ALTER COLUMN id DROP DEFAULT;
ALTER TABLE public.doctor_monthlystatistics ALTER COLUMN id DROP DEFAULT;
ALTER TABLE public.doctor_medicine ALTER COLUMN id DROP DEFAULT;
ALTER TABLE public.doctor_doctorstats_monthly_stats ALTER COLUMN id DROP DEFAULT;
ALTER TABLE public.doctor_doctorstats ALTER COLUMN id DROP DEFAULT;
ALTER TABLE public.doctor_doctorschedule_users_viewed ALTER COLUMN id DROP DEFAULT;
ALTER TABLE public.doctor_doctorschedule_doc_remark ALTER COLUMN id DROP DEFAULT;
ALTER TABLE public.doctor_doctorschedule ALTER COLUMN id DROP DEFAULT;
ALTER TABLE public.doctor_doctornotification ALTER COLUMN id DROP DEFAULT;
ALTER TABLE public.doctor_doctor_schedules ALTER COLUMN id DROP DEFAULT;
ALTER TABLE public.doctor_doctor_rejected_scheds ALTER COLUMN id DROP DEFAULT;
ALTER TABLE public.doctor_doctor_pending_scheds ALTER COLUMN id DROP DEFAULT;
ALTER TABLE public.doctor_doctor_new_notifs ALTER COLUMN id DROP DEFAULT;
ALTER TABLE public.doctor_doctor_finished_scheds ALTER COLUMN id DROP DEFAULT;
ALTER TABLE public."doctor_doctor_doctorNotifs" ALTER COLUMN id DROP DEFAULT;
ALTER TABLE public.doctor_doctor ALTER COLUMN id DROP DEFAULT;
ALTER TABLE public.django_migrations ALTER COLUMN id DROP DEFAULT;
ALTER TABLE public.django_content_type ALTER COLUMN id DROP DEFAULT;
ALTER TABLE public.django_admin_log ALTER COLUMN id DROP DEFAULT;
ALTER TABLE public."cebuMap_incidence" ALTER COLUMN id DROP DEFAULT;
ALTER TABLE public."cebuMap_cebumap" ALTER COLUMN id DROP DEFAULT;
ALTER TABLE public."cebuMap_cebubarangays_stage_3" ALTER COLUMN id DROP DEFAULT;
ALTER TABLE public."cebuMap_cebubarangays_stage_2" ALTER COLUMN id DROP DEFAULT;
ALTER TABLE public."cebuMap_cebubarangays_stage_1" ALTER COLUMN id DROP DEFAULT;
ALTER TABLE public."cebuMap_cebubarangays_stage_0" ALTER COLUMN id DROP DEFAULT;
ALTER TABLE public."cebuMap_cebubarangays_migrated" ALTER COLUMN id DROP DEFAULT;
ALTER TABLE public."cebuMap_cebubarangays_hiv_pop" ALTER COLUMN id DROP DEFAULT;
ALTER TABLE public."cebuMap_cebubarangays_for_screening" ALTER COLUMN id DROP DEFAULT;
ALTER TABLE public."cebuMap_cebubarangays_deceased" ALTER COLUMN id DROP DEFAULT;
ALTER TABLE public."cebuMap_cebubarangays" ALTER COLUMN id DROP DEFAULT;
ALTER TABLE public.auth_user_user_permissions ALTER COLUMN id DROP DEFAULT;
ALTER TABLE public.auth_user_groups ALTER COLUMN id DROP DEFAULT;
ALTER TABLE public.auth_user ALTER COLUMN id DROP DEFAULT;
ALTER TABLE public.auth_permission ALTER COLUMN id DROP DEFAULT;
ALTER TABLE public.auth_group_permissions ALTER COLUMN id DROP DEFAULT;
ALTER TABLE public.auth_group ALTER COLUMN id DROP DEFAULT;
DROP SEQUENCE public.portal_adminnotification_id_seq;
DROP TABLE public.portal_adminnotification;
DROP SEQUENCE public.patient_profileform_id_seq;
DROP SEQUENCE public.patient_profileform_docs_viewed_id_seq;
DROP TABLE public.patient_profileform_docs_viewed;
DROP SEQUENCE public.patient_profileform_doc_remarks_id_seq;
DROP TABLE public.patient_profileform_doctor_remarks;
DROP TABLE public.patient_profileform;
DROP SEQUENCE public.patient_personalrecord_id_seq;
DROP SEQUENCE public.patient_personalrecord_docs_viewed_id_seq;
DROP TABLE public.patient_personalrecord_docs_viewed;
DROP SEQUENCE public.patient_personalrecord_comment_id_seq;
DROP TABLE public.patient_personalrecord_comment;
DROP TABLE public.patient_personalrecord;
DROP SEQUENCE public.patient_patientsmonthlystatistics_id_seq;
DROP TABLE public.patient_patientsmonthlystatistics;
DROP SEQUENCE public.patient_patientnotification_id_seq;
DROP TABLE public.patient_patientnotification;
DROP SEQUENCE public.patient_patientlocationdetails_id_seq;
DROP TABLE public.patient_patientlocationdetails;
DROP SEQUENCE public."patient_patient_rejectedScheds_id_seq";
DROP TABLE public.patient_patient_rejected_schedules;
DROP SEQUENCE public."patient_patient_personalRecord_id_seq";
DROP TABLE public.patient_patient_personal_records;
DROP SEQUENCE public."patient_patient_pendingScheds_id_seq";
DROP TABLE public.patient_patient_pending_schedules;
DROP SEQUENCE public."patient_patient_patientNotif_id_seq";
DROP TABLE public.patient_patient_patient_notifications;
DROP SEQUENCE public.patient_patient_new_patient_notifications_id_seq;
DROP TABLE public.patient_patient_patient_new_notifications;
DROP SEQUENCE public."patient_patient_myDoctors_id_seq";
DROP TABLE public.patient_patient_my_doctors;
DROP SEQUENCE public.patient_patient_meds_id_seq;
DROP TABLE public.patient_patient_meds;
DROP SEQUENCE public.patient_patient_medical_history_id_seq;
DROP TABLE public.patient_patient_medical_history;
DROP SEQUENCE public.patient_patient_location_details_id_seq;
DROP TABLE public.patient_patient_location_details;
DROP SEQUENCE public."patient_patient_finishedScheds_id_seq";
DROP TABLE public.patient_patient_finished_schedules;
DROP SEQUENCE public."patient_patient_approvedScheds_id_seq";
DROP TABLE public.patient_patient_approved_schedules;
DROP TABLE public.patient_patient;
DROP SEQUENCE public.patient_medication_id_seq;
DROP TABLE public.patient_medication;
DROP SEQUENCE public.patient_medhistform_id_seq;
DROP SEQUENCE public.patient_medhistform_doctor_remarks_id_seq;
DROP TABLE public.patient_medhistform_doctor_remarks;
DROP SEQUENCE public.patient_medhistform_docs_viewed_id_seq;
DROP TABLE public.patient_medhistform_docs_viewed;
DROP TABLE public.patient_medhistform;
DROP SEQUENCE public.patient_icrform_id_seq;
DROP SEQUENCE public.patient_icrform_doctor_remarks_id_seq;
DROP TABLE public.patient_icrform_doctor_remarks;
DROP SEQUENCE public.patient_icrform_docs_viewed_id_seq;
DROP TABLE public.patient_icrform_docs_viewed;
DROP TABLE public.patient_icrform;
DROP SEQUENCE public.doctor_usersviewed_id_seq;
DROP TABLE public.doctor_usersviewed;
DROP SEQUENCE public.doctor_note_id_seq;
DROP TABLE public.doctor_remark;
DROP SEQUENCE public.doctor_monthlystatistics_id_seq;
DROP TABLE public.doctor_monthlystatistics;
DROP SEQUENCE public.doctor_medicine_id_seq;
DROP TABLE public.doctor_medicine;
DROP SEQUENCE public.doctor_doctorstats_monthly_stats_id_seq;
DROP TABLE public.doctor_doctorstats_monthly_stats;
DROP SEQUENCE public.doctor_doctorstats_id_seq;
DROP TABLE public.doctor_doctorstats;
DROP SEQUENCE public.doctor_doctorschedule_id_seq;
DROP SEQUENCE public.doctor_doctorschedule_doc_views_details_id_seq;
DROP TABLE public.doctor_doctorschedule_users_viewed;
DROP SEQUENCE public.doctor_doctorschedule_doc_remark_id_seq;
DROP TABLE public.doctor_doctorschedule_doc_remark;
DROP TABLE public.doctor_doctorschedule;
DROP SEQUENCE public.doctor_doctornotification_id_seq;
DROP TABLE public.doctor_doctornotification;
DROP SEQUENCE public.doctor_doctor_schedules_id_seq;
DROP TABLE public.doctor_doctor_schedules;
DROP SEQUENCE public.doctor_doctor_rejected_scheds_id_seq;
DROP TABLE public.doctor_doctor_rejected_scheds;
DROP SEQUENCE public.doctor_doctor_pending_scheds_id_seq;
DROP TABLE public.doctor_doctor_pending_scheds;
DROP SEQUENCE public.doctor_doctor_new_notifs_id_seq;
DROP TABLE public.doctor_doctor_new_notifs;
DROP SEQUENCE public.doctor_doctor_id_seq;
DROP SEQUENCE public.doctor_doctor_finished_scheds_id_seq;
DROP TABLE public.doctor_doctor_finished_scheds;
DROP SEQUENCE public."doctor_doctor_doctorNotifs_id_seq";
DROP TABLE public."doctor_doctor_doctorNotifs";
DROP TABLE public.doctor_doctor;
DROP TABLE public.django_session;
DROP SEQUENCE public.django_migrations_id_seq;
DROP TABLE public.django_migrations;
DROP SEQUENCE public.django_content_type_id_seq;
DROP TABLE public.django_content_type;
DROP SEQUENCE public.django_admin_log_id_seq;
DROP TABLE public.django_admin_log;
DROP SEQUENCE public."cebuMap_incidence_id_seq";
DROP TABLE public."cebuMap_incidence";
DROP SEQUENCE public."cebuMap_cebumap_id_seq1";
DROP TABLE public."cebuMap_cebumap";
DROP SEQUENCE public."cebuMap_cebubarangays_stage_3_id_seq";
DROP TABLE public."cebuMap_cebubarangays_stage_3";
DROP SEQUENCE public."cebuMap_cebubarangays_stage_2_id_seq";
DROP TABLE public."cebuMap_cebubarangays_stage_2";
DROP SEQUENCE public."cebuMap_cebubarangays_stage_1_id_seq";
DROP TABLE public."cebuMap_cebubarangays_stage_1";
DROP SEQUENCE public."cebuMap_cebubarangays_stage_0_id_seq";
DROP TABLE public."cebuMap_cebubarangays_stage_0";
DROP SEQUENCE public."cebuMap_cebubarangays_no_hiv_id_seq";
DROP SEQUENCE public."cebuMap_cebubarangays_migrated_id_seq";
DROP TABLE public."cebuMap_cebubarangays_migrated";
DROP SEQUENCE public."cebuMap_cebubarangays_id_seq";
DROP SEQUENCE public."cebuMap_cebubarangays_hiv_pop_id_seq";
DROP TABLE public."cebuMap_cebubarangays_hiv_pop";
DROP TABLE public."cebuMap_cebubarangays_for_screening";
DROP SEQUENCE public."cebuMap_cebubarangays_deceased_id_seq";
DROP TABLE public."cebuMap_cebubarangays_deceased";
DROP TABLE public."cebuMap_cebubarangays";
DROP SEQUENCE public.auth_user_user_permissions_id_seq;
DROP TABLE public.auth_user_user_permissions;
DROP SEQUENCE public.auth_user_id_seq;
DROP SEQUENCE public.auth_user_groups_id_seq;
DROP TABLE public.auth_user_groups;
DROP TABLE public.auth_user;
DROP SEQUENCE public.auth_permission_id_seq;
DROP TABLE public.auth_permission;
DROP SEQUENCE public.auth_group_permissions_id_seq;
DROP TABLE public.auth_group_permissions;
DROP SEQUENCE public.auth_group_id_seq;
DROP TABLE public.auth_group;
DROP EXTENSION postgis_topology;
DROP EXTENSION postgis;
DROP EXTENSION plpgsql;
DROP SCHEMA topology;
DROP SCHEMA public;
--
-- Name: public; Type: SCHEMA; Schema: -; Owner: postgres
--

CREATE SCHEMA public;


ALTER SCHEMA public OWNER TO postgres;

--
-- Name: SCHEMA public; Type: COMMENT; Schema: -; Owner: postgres
--

COMMENT ON SCHEMA public IS 'standard public schema';


--
-- Name: topology; Type: SCHEMA; Schema: -; Owner: postgres
--

CREATE SCHEMA topology;


ALTER SCHEMA topology OWNER TO postgres;

--
-- Name: SCHEMA topology; Type: COMMENT; Schema: -; Owner: postgres
--

COMMENT ON SCHEMA topology IS 'PostGIS Topology schema';


--
-- Name: plpgsql; Type: EXTENSION; Schema: -; Owner: 
--

CREATE EXTENSION IF NOT EXISTS plpgsql WITH SCHEMA pg_catalog;


--
-- Name: EXTENSION plpgsql; Type: COMMENT; Schema: -; Owner: 
--

COMMENT ON EXTENSION plpgsql IS 'PL/pgSQL procedural language';


--
-- Name: postgis; Type: EXTENSION; Schema: -; Owner: 
--

CREATE EXTENSION IF NOT EXISTS postgis WITH SCHEMA public;


--
-- Name: EXTENSION postgis; Type: COMMENT; Schema: -; Owner: 
--

COMMENT ON EXTENSION postgis IS 'PostGIS geometry, geography, and raster spatial types and functions';


--
-- Name: postgis_topology; Type: EXTENSION; Schema: -; Owner: 
--

CREATE EXTENSION IF NOT EXISTS postgis_topology WITH SCHEMA topology;


--
-- Name: EXTENSION postgis_topology; Type: COMMENT; Schema: -; Owner: 
--

COMMENT ON EXTENSION postgis_topology IS 'PostGIS topology spatial types and functions';


SET default_tablespace = '';

SET default_with_oids = false;

--
-- Name: auth_group; Type: TABLE; Schema: public; Owner: postgres
--

CREATE TABLE public.auth_group (
    id integer NOT NULL,
    name character varying(150) NOT NULL
);


ALTER TABLE public.auth_group OWNER TO postgres;

--
-- Name: auth_group_id_seq; Type: SEQUENCE; Schema: public; Owner: postgres
--

CREATE SEQUENCE public.auth_group_id_seq
    START WITH 1
    INCREMENT BY 1
    NO MINVALUE
    NO MAXVALUE
    CACHE 1;


ALTER TABLE public.auth_group_id_seq OWNER TO postgres;

--
-- Name: auth_group_id_seq; Type: SEQUENCE OWNED BY; Schema: public; Owner: postgres
--

ALTER SEQUENCE public.auth_group_id_seq OWNED BY public.auth_group.id;


--
-- Name: auth_group_permissions; Type: TABLE; Schema: public; Owner: postgres
--

CREATE TABLE public.auth_group_permissions (
    id integer NOT NULL,
    group_id integer NOT NULL,
    permission_id integer NOT NULL
);


ALTER TABLE public.auth_group_permissions OWNER TO postgres;

--
-- Name: auth_group_permissions_id_seq; Type: SEQUENCE; Schema: public; Owner: postgres
--

CREATE SEQUENCE public.auth_group_permissions_id_seq
    START WITH 1
    INCREMENT BY 1
    NO MINVALUE
    NO MAXVALUE
    CACHE 1;


ALTER TABLE public.auth_group_permissions_id_seq OWNER TO postgres;

--
-- Name: auth_group_permissions_id_seq; Type: SEQUENCE OWNED BY; Schema: public; Owner: postgres
--

ALTER SEQUENCE public.auth_group_permissions_id_seq OWNED BY public.auth_group_permissions.id;


--
-- Name: auth_permission; Type: TABLE; Schema: public; Owner: postgres
--

CREATE TABLE public.auth_permission (
    id integer NOT NULL,
    name character varying(255) NOT NULL,
    content_type_id integer NOT NULL,
    codename character varying(100) NOT NULL
);


ALTER TABLE public.auth_permission OWNER TO postgres;

--
-- Name: auth_permission_id_seq; Type: SEQUENCE; Schema: public; Owner: postgres
--

CREATE SEQUENCE public.auth_permission_id_seq
    START WITH 1
    INCREMENT BY 1
    NO MINVALUE
    NO MAXVALUE
    CACHE 1;


ALTER TABLE public.auth_permission_id_seq OWNER TO postgres;

--
-- Name: auth_permission_id_seq; Type: SEQUENCE OWNED BY; Schema: public; Owner: postgres
--

ALTER SEQUENCE public.auth_permission_id_seq OWNED BY public.auth_permission.id;


--
-- Name: auth_user; Type: TABLE; Schema: public; Owner: postgres
--

CREATE TABLE public.auth_user (
    id integer NOT NULL,
    password character varying(128) NOT NULL,
    last_login timestamp with time zone,
    is_superuser boolean NOT NULL,
    username character varying(150) NOT NULL,
    first_name character varying(30) NOT NULL,
    last_name character varying(150) NOT NULL,
    email character varying(254) NOT NULL,
    is_staff boolean NOT NULL,
    is_active boolean NOT NULL,
    date_joined timestamp with time zone NOT NULL
);


ALTER TABLE public.auth_user OWNER TO postgres;

--
-- Name: auth_user_groups; Type: TABLE; Schema: public; Owner: postgres
--

CREATE TABLE public.auth_user_groups (
    id integer NOT NULL,
    user_id integer NOT NULL,
    group_id integer NOT NULL
);


ALTER TABLE public.auth_user_groups OWNER TO postgres;

--
-- Name: auth_user_groups_id_seq; Type: SEQUENCE; Schema: public; Owner: postgres
--

CREATE SEQUENCE public.auth_user_groups_id_seq
    START WITH 1
    INCREMENT BY 1
    NO MINVALUE
    NO MAXVALUE
    CACHE 1;


ALTER TABLE public.auth_user_groups_id_seq OWNER TO postgres;

--
-- Name: auth_user_groups_id_seq; Type: SEQUENCE OWNED BY; Schema: public; Owner: postgres
--

ALTER SEQUENCE public.auth_user_groups_id_seq OWNED BY public.auth_user_groups.id;


--
-- Name: auth_user_id_seq; Type: SEQUENCE; Schema: public; Owner: postgres
--

CREATE SEQUENCE public.auth_user_id_seq
    START WITH 1
    INCREMENT BY 1
    NO MINVALUE
    NO MAXVALUE
    CACHE 1;


ALTER TABLE public.auth_user_id_seq OWNER TO postgres;

--
-- Name: auth_user_id_seq; Type: SEQUENCE OWNED BY; Schema: public; Owner: postgres
--

ALTER SEQUENCE public.auth_user_id_seq OWNED BY public.auth_user.id;


--
-- Name: auth_user_user_permissions; Type: TABLE; Schema: public; Owner: postgres
--

CREATE TABLE public.auth_user_user_permissions (
    id integer NOT NULL,
    user_id integer NOT NULL,
    permission_id integer NOT NULL
);


ALTER TABLE public.auth_user_user_permissions OWNER TO postgres;

--
-- Name: auth_user_user_permissions_id_seq; Type: SEQUENCE; Schema: public; Owner: postgres
--

CREATE SEQUENCE public.auth_user_user_permissions_id_seq
    START WITH 1
    INCREMENT BY 1
    NO MINVALUE
    NO MAXVALUE
    CACHE 1;


ALTER TABLE public.auth_user_user_permissions_id_seq OWNER TO postgres;

--
-- Name: auth_user_user_permissions_id_seq; Type: SEQUENCE OWNED BY; Schema: public; Owner: postgres
--

ALTER SEQUENCE public.auth_user_user_permissions_id_seq OWNED BY public.auth_user_user_permissions.id;


--
-- Name: cebuMap_cebubarangays; Type: TABLE; Schema: public; Owner: postgres
--

CREATE TABLE public."cebuMap_cebubarangays" (
    id integer NOT NULL,
    objectid integer NOT NULL,
    iso character varying(254) NOT NULL,
    name_0 character varying(254) NOT NULL,
    name_1 character varying(254) NOT NULL,
    varname_1 character varying(254) NOT NULL,
    nl_name_1 character varying(254) NOT NULL,
    hasc_1 character varying(254) NOT NULL,
    fips_1 character varying(254) NOT NULL,
    cc_1 character varying(254) NOT NULL,
    type_1 character varying(254) NOT NULL,
    engtype_1 character varying(254) NOT NULL,
    validfr_1 character varying(254) NOT NULL,
    validto_1 character varying(254) NOT NULL,
    remarks_1 character varying(254) NOT NULL,
    name_2 character varying(254) NOT NULL,
    varname_2 character varying(254) NOT NULL,
    nl_name_2 character varying(254) NOT NULL,
    hasc_2 character varying(254) NOT NULL,
    fips_2 character varying(254) NOT NULL,
    cc_2 character varying(254) NOT NULL,
    type_2 character varying(254) NOT NULL,
    engtype_2 character varying(254) NOT NULL,
    validfr_2 character varying(254) NOT NULL,
    validto_2 character varying(254) NOT NULL,
    remarks_2 character varying(254) NOT NULL,
    name_3 character varying(254) NOT NULL,
    varname_3 character varying(254) NOT NULL,
    nl_name_3 character varying(254) NOT NULL,
    hasc_3 character varying(254) NOT NULL,
    type_3 character varying(254) NOT NULL,
    engtype_3 character varying(254) NOT NULL,
    validfr_3 character varying(254) NOT NULL,
    validto_3 character varying(254) NOT NULL,
    remarks_3 character varying(254) NOT NULL,
    name_4 character varying(254) NOT NULL,
    varname_4 character varying(254) NOT NULL,
    type_4 character varying(254) NOT NULL,
    engtype_4 character varying(254) NOT NULL,
    validfr_4 character varying(254) NOT NULL,
    validto_4 character varying(254) NOT NULL,
    remarks_4 character varying(254) NOT NULL,
    name_5 character varying(254) NOT NULL,
    type_5 character varying(254) NOT NULL,
    engtype_5 character varying(254) NOT NULL,
    validfr_5 character varying(254) NOT NULL,
    validto_5 character varying(254) NOT NULL,
    shape_leng double precision NOT NULL,
    shape_area double precision NOT NULL,
    bngy character varying(30) NOT NULL,
    psgc_bgy character varying(15) NOT NULL,
    geom public.geometry(MultiPolygon,4326) NOT NULL
);


ALTER TABLE public."cebuMap_cebubarangays" OWNER TO postgres;

--
-- Name: cebuMap_cebubarangays_deceased; Type: TABLE; Schema: public; Owner: postgres
--

CREATE TABLE public."cebuMap_cebubarangays_deceased" (
    id integer NOT NULL,
    cebubarangays_id integer NOT NULL,
    patient_id integer NOT NULL
);


ALTER TABLE public."cebuMap_cebubarangays_deceased" OWNER TO postgres;

--
-- Name: cebuMap_cebubarangays_deceased_id_seq; Type: SEQUENCE; Schema: public; Owner: postgres
--

CREATE SEQUENCE public."cebuMap_cebubarangays_deceased_id_seq"
    START WITH 1
    INCREMENT BY 1
    NO MINVALUE
    NO MAXVALUE
    CACHE 1;


ALTER TABLE public."cebuMap_cebubarangays_deceased_id_seq" OWNER TO postgres;

--
-- Name: cebuMap_cebubarangays_deceased_id_seq; Type: SEQUENCE OWNED BY; Schema: public; Owner: postgres
--

ALTER SEQUENCE public."cebuMap_cebubarangays_deceased_id_seq" OWNED BY public."cebuMap_cebubarangays_deceased".id;


--
-- Name: cebuMap_cebubarangays_for_screening; Type: TABLE; Schema: public; Owner: postgres
--

CREATE TABLE public."cebuMap_cebubarangays_for_screening" (
    id integer NOT NULL,
    cebubarangays_id integer NOT NULL,
    patient_id integer NOT NULL
);


ALTER TABLE public."cebuMap_cebubarangays_for_screening" OWNER TO postgres;

--
-- Name: cebuMap_cebubarangays_hiv_pop; Type: TABLE; Schema: public; Owner: postgres
--

CREATE TABLE public."cebuMap_cebubarangays_hiv_pop" (
    id integer NOT NULL,
    cebubarangays_id integer NOT NULL,
    patient_id integer NOT NULL
);


ALTER TABLE public."cebuMap_cebubarangays_hiv_pop" OWNER TO postgres;

--
-- Name: cebuMap_cebubarangays_hiv_pop_id_seq; Type: SEQUENCE; Schema: public; Owner: postgres
--

CREATE SEQUENCE public."cebuMap_cebubarangays_hiv_pop_id_seq"
    START WITH 1
    INCREMENT BY 1
    NO MINVALUE
    NO MAXVALUE
    CACHE 1;


ALTER TABLE public."cebuMap_cebubarangays_hiv_pop_id_seq" OWNER TO postgres;

--
-- Name: cebuMap_cebubarangays_hiv_pop_id_seq; Type: SEQUENCE OWNED BY; Schema: public; Owner: postgres
--

ALTER SEQUENCE public."cebuMap_cebubarangays_hiv_pop_id_seq" OWNED BY public."cebuMap_cebubarangays_hiv_pop".id;


--
-- Name: cebuMap_cebubarangays_id_seq; Type: SEQUENCE; Schema: public; Owner: postgres
--

CREATE SEQUENCE public."cebuMap_cebubarangays_id_seq"
    START WITH 1
    INCREMENT BY 1
    NO MINVALUE
    NO MAXVALUE
    CACHE 1;


ALTER TABLE public."cebuMap_cebubarangays_id_seq" OWNER TO postgres;

--
-- Name: cebuMap_cebubarangays_id_seq; Type: SEQUENCE OWNED BY; Schema: public; Owner: postgres
--

ALTER SEQUENCE public."cebuMap_cebubarangays_id_seq" OWNED BY public."cebuMap_cebubarangays".id;


--
-- Name: cebuMap_cebubarangays_migrated; Type: TABLE; Schema: public; Owner: postgres
--

CREATE TABLE public."cebuMap_cebubarangays_migrated" (
    id integer NOT NULL,
    cebubarangays_id integer NOT NULL,
    patient_id integer NOT NULL
);


ALTER TABLE public."cebuMap_cebubarangays_migrated" OWNER TO postgres;

--
-- Name: cebuMap_cebubarangays_migrated_id_seq; Type: SEQUENCE; Schema: public; Owner: postgres
--

CREATE SEQUENCE public."cebuMap_cebubarangays_migrated_id_seq"
    START WITH 1
    INCREMENT BY 1
    NO MINVALUE
    NO MAXVALUE
    CACHE 1;


ALTER TABLE public."cebuMap_cebubarangays_migrated_id_seq" OWNER TO postgres;

--
-- Name: cebuMap_cebubarangays_migrated_id_seq; Type: SEQUENCE OWNED BY; Schema: public; Owner: postgres
--

ALTER SEQUENCE public."cebuMap_cebubarangays_migrated_id_seq" OWNED BY public."cebuMap_cebubarangays_migrated".id;


--
-- Name: cebuMap_cebubarangays_no_hiv_id_seq; Type: SEQUENCE; Schema: public; Owner: postgres
--

CREATE SEQUENCE public."cebuMap_cebubarangays_no_hiv_id_seq"
    START WITH 1
    INCREMENT BY 1
    NO MINVALUE
    NO MAXVALUE
    CACHE 1;


ALTER TABLE public."cebuMap_cebubarangays_no_hiv_id_seq" OWNER TO postgres;

--
-- Name: cebuMap_cebubarangays_no_hiv_id_seq; Type: SEQUENCE OWNED BY; Schema: public; Owner: postgres
--

ALTER SEQUENCE public."cebuMap_cebubarangays_no_hiv_id_seq" OWNED BY public."cebuMap_cebubarangays_for_screening".id;


--
-- Name: cebuMap_cebubarangays_stage_0; Type: TABLE; Schema: public; Owner: postgres
--

CREATE TABLE public."cebuMap_cebubarangays_stage_0" (
    id integer NOT NULL,
    cebubarangays_id integer NOT NULL,
    patient_id integer NOT NULL
);


ALTER TABLE public."cebuMap_cebubarangays_stage_0" OWNER TO postgres;

--
-- Name: cebuMap_cebubarangays_stage_0_id_seq; Type: SEQUENCE; Schema: public; Owner: postgres
--

CREATE SEQUENCE public."cebuMap_cebubarangays_stage_0_id_seq"
    START WITH 1
    INCREMENT BY 1
    NO MINVALUE
    NO MAXVALUE
    CACHE 1;


ALTER TABLE public."cebuMap_cebubarangays_stage_0_id_seq" OWNER TO postgres;

--
-- Name: cebuMap_cebubarangays_stage_0_id_seq; Type: SEQUENCE OWNED BY; Schema: public; Owner: postgres
--

ALTER SEQUENCE public."cebuMap_cebubarangays_stage_0_id_seq" OWNED BY public."cebuMap_cebubarangays_stage_0".id;


--
-- Name: cebuMap_cebubarangays_stage_1; Type: TABLE; Schema: public; Owner: postgres
--

CREATE TABLE public."cebuMap_cebubarangays_stage_1" (
    id integer NOT NULL,
    cebubarangays_id integer NOT NULL,
    patient_id integer NOT NULL
);


ALTER TABLE public."cebuMap_cebubarangays_stage_1" OWNER TO postgres;

--
-- Name: cebuMap_cebubarangays_stage_1_id_seq; Type: SEQUENCE; Schema: public; Owner: postgres
--

CREATE SEQUENCE public."cebuMap_cebubarangays_stage_1_id_seq"
    START WITH 1
    INCREMENT BY 1
    NO MINVALUE
    NO MAXVALUE
    CACHE 1;


ALTER TABLE public."cebuMap_cebubarangays_stage_1_id_seq" OWNER TO postgres;

--
-- Name: cebuMap_cebubarangays_stage_1_id_seq; Type: SEQUENCE OWNED BY; Schema: public; Owner: postgres
--

ALTER SEQUENCE public."cebuMap_cebubarangays_stage_1_id_seq" OWNED BY public."cebuMap_cebubarangays_stage_1".id;


--
-- Name: cebuMap_cebubarangays_stage_2; Type: TABLE; Schema: public; Owner: postgres
--

CREATE TABLE public."cebuMap_cebubarangays_stage_2" (
    id integer NOT NULL,
    cebubarangays_id integer NOT NULL,
    patient_id integer NOT NULL
);


ALTER TABLE public."cebuMap_cebubarangays_stage_2" OWNER TO postgres;

--
-- Name: cebuMap_cebubarangays_stage_2_id_seq; Type: SEQUENCE; Schema: public; Owner: postgres
--

CREATE SEQUENCE public."cebuMap_cebubarangays_stage_2_id_seq"
    START WITH 1
    INCREMENT BY 1
    NO MINVALUE
    NO MAXVALUE
    CACHE 1;


ALTER TABLE public."cebuMap_cebubarangays_stage_2_id_seq" OWNER TO postgres;

--
-- Name: cebuMap_cebubarangays_stage_2_id_seq; Type: SEQUENCE OWNED BY; Schema: public; Owner: postgres
--

ALTER SEQUENCE public."cebuMap_cebubarangays_stage_2_id_seq" OWNED BY public."cebuMap_cebubarangays_stage_2".id;


--
-- Name: cebuMap_cebubarangays_stage_3; Type: TABLE; Schema: public; Owner: postgres
--

CREATE TABLE public."cebuMap_cebubarangays_stage_3" (
    id integer NOT NULL,
    cebubarangays_id integer NOT NULL,
    patient_id integer NOT NULL
);


ALTER TABLE public."cebuMap_cebubarangays_stage_3" OWNER TO postgres;

--
-- Name: cebuMap_cebubarangays_stage_3_id_seq; Type: SEQUENCE; Schema: public; Owner: postgres
--

CREATE SEQUENCE public."cebuMap_cebubarangays_stage_3_id_seq"
    START WITH 1
    INCREMENT BY 1
    NO MINVALUE
    NO MAXVALUE
    CACHE 1;


ALTER TABLE public."cebuMap_cebubarangays_stage_3_id_seq" OWNER TO postgres;

--
-- Name: cebuMap_cebubarangays_stage_3_id_seq; Type: SEQUENCE OWNED BY; Schema: public; Owner: postgres
--

ALTER SEQUENCE public."cebuMap_cebubarangays_stage_3_id_seq" OWNED BY public."cebuMap_cebubarangays_stage_3".id;


--
-- Name: cebuMap_cebumap; Type: TABLE; Schema: public; Owner: postgres
--

CREATE TABLE public."cebuMap_cebumap" (
    id integer NOT NULL,
    location public.geometry(Point,4326)
);


ALTER TABLE public."cebuMap_cebumap" OWNER TO postgres;

--
-- Name: cebuMap_cebumap_id_seq1; Type: SEQUENCE; Schema: public; Owner: postgres
--

CREATE SEQUENCE public."cebuMap_cebumap_id_seq1"
    START WITH 1
    INCREMENT BY 1
    NO MINVALUE
    NO MAXVALUE
    CACHE 1;


ALTER TABLE public."cebuMap_cebumap_id_seq1" OWNER TO postgres;

--
-- Name: cebuMap_cebumap_id_seq1; Type: SEQUENCE OWNED BY; Schema: public; Owner: postgres
--

ALTER SEQUENCE public."cebuMap_cebumap_id_seq1" OWNED BY public."cebuMap_cebumap".id;


--
-- Name: cebuMap_incidence; Type: TABLE; Schema: public; Owner: postgres
--

CREATE TABLE public."cebuMap_incidence" (
    id integer NOT NULL,
    name character varying(100),
    address character varying(100),
    city character varying(50),
    location public.geometry(Point,4326)
);


ALTER TABLE public."cebuMap_incidence" OWNER TO postgres;

--
-- Name: cebuMap_incidence_id_seq; Type: SEQUENCE; Schema: public; Owner: postgres
--

CREATE SEQUENCE public."cebuMap_incidence_id_seq"
    START WITH 1
    INCREMENT BY 1
    NO MINVALUE
    NO MAXVALUE
    CACHE 1;


ALTER TABLE public."cebuMap_incidence_id_seq" OWNER TO postgres;

--
-- Name: cebuMap_incidence_id_seq; Type: SEQUENCE OWNED BY; Schema: public; Owner: postgres
--

ALTER SEQUENCE public."cebuMap_incidence_id_seq" OWNED BY public."cebuMap_incidence".id;


--
-- Name: django_admin_log; Type: TABLE; Schema: public; Owner: postgres
--

CREATE TABLE public.django_admin_log (
    id integer NOT NULL,
    action_time timestamp with time zone NOT NULL,
    object_id text,
    object_repr character varying(200) NOT NULL,
    action_flag smallint NOT NULL,
    change_message text NOT NULL,
    content_type_id integer,
    user_id integer NOT NULL,
    CONSTRAINT django_admin_log_action_flag_check CHECK ((action_flag >= 0))
);


ALTER TABLE public.django_admin_log OWNER TO postgres;

--
-- Name: django_admin_log_id_seq; Type: SEQUENCE; Schema: public; Owner: postgres
--

CREATE SEQUENCE public.django_admin_log_id_seq
    START WITH 1
    INCREMENT BY 1
    NO MINVALUE
    NO MAXVALUE
    CACHE 1;


ALTER TABLE public.django_admin_log_id_seq OWNER TO postgres;

--
-- Name: django_admin_log_id_seq; Type: SEQUENCE OWNED BY; Schema: public; Owner: postgres
--

ALTER SEQUENCE public.django_admin_log_id_seq OWNED BY public.django_admin_log.id;


--
-- Name: django_content_type; Type: TABLE; Schema: public; Owner: postgres
--

CREATE TABLE public.django_content_type (
    id integer NOT NULL,
    app_label character varying(100) NOT NULL,
    model character varying(100) NOT NULL
);


ALTER TABLE public.django_content_type OWNER TO postgres;

--
-- Name: django_content_type_id_seq; Type: SEQUENCE; Schema: public; Owner: postgres
--

CREATE SEQUENCE public.django_content_type_id_seq
    START WITH 1
    INCREMENT BY 1
    NO MINVALUE
    NO MAXVALUE
    CACHE 1;


ALTER TABLE public.django_content_type_id_seq OWNER TO postgres;

--
-- Name: django_content_type_id_seq; Type: SEQUENCE OWNED BY; Schema: public; Owner: postgres
--

ALTER SEQUENCE public.django_content_type_id_seq OWNED BY public.django_content_type.id;


--
-- Name: django_migrations; Type: TABLE; Schema: public; Owner: postgres
--

CREATE TABLE public.django_migrations (
    id integer NOT NULL,
    app character varying(255) NOT NULL,
    name character varying(255) NOT NULL,
    applied timestamp with time zone NOT NULL
);


ALTER TABLE public.django_migrations OWNER TO postgres;

--
-- Name: django_migrations_id_seq; Type: SEQUENCE; Schema: public; Owner: postgres
--

CREATE SEQUENCE public.django_migrations_id_seq
    START WITH 1
    INCREMENT BY 1
    NO MINVALUE
    NO MAXVALUE
    CACHE 1;


ALTER TABLE public.django_migrations_id_seq OWNER TO postgres;

--
-- Name: django_migrations_id_seq; Type: SEQUENCE OWNED BY; Schema: public; Owner: postgres
--

ALTER SEQUENCE public.django_migrations_id_seq OWNED BY public.django_migrations.id;


--
-- Name: django_session; Type: TABLE; Schema: public; Owner: postgres
--

CREATE TABLE public.django_session (
    session_key character varying(40) NOT NULL,
    session_data text NOT NULL,
    expire_date timestamp with time zone NOT NULL
);


ALTER TABLE public.django_session OWNER TO postgres;

--
-- Name: doctor_doctor; Type: TABLE; Schema: public; Owner: postgres
--

CREATE TABLE public.doctor_doctor (
    id integer NOT NULL,
    name character varying(100) NOT NULL,
    slug character varying(50) NOT NULL,
    birthdate date NOT NULL,
    email character varying(100) NOT NULL,
    hospital_name character varying(100) NOT NULL,
    hospital_address character varying(200) NOT NULL,
    password character varying(100) NOT NULL,
    p_handled_stats_id integer,
    last_log_in timestamp with time zone NOT NULL,
    last_log_out timestamp with time zone NOT NULL,
    login_flag boolean NOT NULL,
    field_specialty character varying(100) NOT NULL,
    phone_number character varying(20) NOT NULL,
    "position" character varying(100) NOT NULL,
    doc_image character varying(100) NOT NULL
);


ALTER TABLE public.doctor_doctor OWNER TO postgres;

--
-- Name: doctor_doctor_doctorNotifs; Type: TABLE; Schema: public; Owner: postgres
--

CREATE TABLE public."doctor_doctor_doctorNotifs" (
    id integer NOT NULL,
    doctor_id integer NOT NULL,
    doctornotification_id integer NOT NULL
);


ALTER TABLE public."doctor_doctor_doctorNotifs" OWNER TO postgres;

--
-- Name: doctor_doctor_doctorNotifs_id_seq; Type: SEQUENCE; Schema: public; Owner: postgres
--

CREATE SEQUENCE public."doctor_doctor_doctorNotifs_id_seq"
    START WITH 1
    INCREMENT BY 1
    NO MINVALUE
    NO MAXVALUE
    CACHE 1;


ALTER TABLE public."doctor_doctor_doctorNotifs_id_seq" OWNER TO postgres;

--
-- Name: doctor_doctor_doctorNotifs_id_seq; Type: SEQUENCE OWNED BY; Schema: public; Owner: postgres
--

ALTER SEQUENCE public."doctor_doctor_doctorNotifs_id_seq" OWNED BY public."doctor_doctor_doctorNotifs".id;


--
-- Name: doctor_doctor_finished_scheds; Type: TABLE; Schema: public; Owner: postgres
--

CREATE TABLE public.doctor_doctor_finished_scheds (
    id integer NOT NULL,
    doctor_id integer NOT NULL,
    doctorschedule_id integer NOT NULL
);


ALTER TABLE public.doctor_doctor_finished_scheds OWNER TO postgres;

--
-- Name: doctor_doctor_finished_scheds_id_seq; Type: SEQUENCE; Schema: public; Owner: postgres
--

CREATE SEQUENCE public.doctor_doctor_finished_scheds_id_seq
    START WITH 1
    INCREMENT BY 1
    NO MINVALUE
    NO MAXVALUE
    CACHE 1;


ALTER TABLE public.doctor_doctor_finished_scheds_id_seq OWNER TO postgres;

--
-- Name: doctor_doctor_finished_scheds_id_seq; Type: SEQUENCE OWNED BY; Schema: public; Owner: postgres
--

ALTER SEQUENCE public.doctor_doctor_finished_scheds_id_seq OWNED BY public.doctor_doctor_finished_scheds.id;


--
-- Name: doctor_doctor_id_seq; Type: SEQUENCE; Schema: public; Owner: postgres
--

CREATE SEQUENCE public.doctor_doctor_id_seq
    START WITH 1
    INCREMENT BY 1
    NO MINVALUE
    NO MAXVALUE
    CACHE 1;


ALTER TABLE public.doctor_doctor_id_seq OWNER TO postgres;

--
-- Name: doctor_doctor_id_seq; Type: SEQUENCE OWNED BY; Schema: public; Owner: postgres
--

ALTER SEQUENCE public.doctor_doctor_id_seq OWNED BY public.doctor_doctor.id;


--
-- Name: doctor_doctor_new_notifs; Type: TABLE; Schema: public; Owner: postgres
--

CREATE TABLE public.doctor_doctor_new_notifs (
    id integer NOT NULL,
    doctor_id integer NOT NULL,
    doctornotification_id integer NOT NULL
);


ALTER TABLE public.doctor_doctor_new_notifs OWNER TO postgres;

--
-- Name: doctor_doctor_new_notifs_id_seq; Type: SEQUENCE; Schema: public; Owner: postgres
--

CREATE SEQUENCE public.doctor_doctor_new_notifs_id_seq
    START WITH 1
    INCREMENT BY 1
    NO MINVALUE
    NO MAXVALUE
    CACHE 1;


ALTER TABLE public.doctor_doctor_new_notifs_id_seq OWNER TO postgres;

--
-- Name: doctor_doctor_new_notifs_id_seq; Type: SEQUENCE OWNED BY; Schema: public; Owner: postgres
--

ALTER SEQUENCE public.doctor_doctor_new_notifs_id_seq OWNED BY public.doctor_doctor_new_notifs.id;


--
-- Name: doctor_doctor_pending_scheds; Type: TABLE; Schema: public; Owner: postgres
--

CREATE TABLE public.doctor_doctor_pending_scheds (
    id integer NOT NULL,
    doctor_id integer NOT NULL,
    doctorschedule_id integer NOT NULL
);


ALTER TABLE public.doctor_doctor_pending_scheds OWNER TO postgres;

--
-- Name: doctor_doctor_pending_scheds_id_seq; Type: SEQUENCE; Schema: public; Owner: postgres
--

CREATE SEQUENCE public.doctor_doctor_pending_scheds_id_seq
    START WITH 1
    INCREMENT BY 1
    NO MINVALUE
    NO MAXVALUE
    CACHE 1;


ALTER TABLE public.doctor_doctor_pending_scheds_id_seq OWNER TO postgres;

--
-- Name: doctor_doctor_pending_scheds_id_seq; Type: SEQUENCE OWNED BY; Schema: public; Owner: postgres
--

ALTER SEQUENCE public.doctor_doctor_pending_scheds_id_seq OWNED BY public.doctor_doctor_pending_scheds.id;


--
-- Name: doctor_doctor_rejected_scheds; Type: TABLE; Schema: public; Owner: postgres
--

CREATE TABLE public.doctor_doctor_rejected_scheds (
    id integer NOT NULL,
    doctor_id integer NOT NULL,
    doctorschedule_id integer NOT NULL
);


ALTER TABLE public.doctor_doctor_rejected_scheds OWNER TO postgres;

--
-- Name: doctor_doctor_rejected_scheds_id_seq; Type: SEQUENCE; Schema: public; Owner: postgres
--

CREATE SEQUENCE public.doctor_doctor_rejected_scheds_id_seq
    START WITH 1
    INCREMENT BY 1
    NO MINVALUE
    NO MAXVALUE
    CACHE 1;


ALTER TABLE public.doctor_doctor_rejected_scheds_id_seq OWNER TO postgres;

--
-- Name: doctor_doctor_rejected_scheds_id_seq; Type: SEQUENCE OWNED BY; Schema: public; Owner: postgres
--

ALTER SEQUENCE public.doctor_doctor_rejected_scheds_id_seq OWNED BY public.doctor_doctor_rejected_scheds.id;


--
-- Name: doctor_doctor_schedules; Type: TABLE; Schema: public; Owner: postgres
--

CREATE TABLE public.doctor_doctor_schedules (
    id integer NOT NULL,
    doctor_id integer NOT NULL,
    doctorschedule_id integer NOT NULL
);


ALTER TABLE public.doctor_doctor_schedules OWNER TO postgres;

--
-- Name: doctor_doctor_schedules_id_seq; Type: SEQUENCE; Schema: public; Owner: postgres
--

CREATE SEQUENCE public.doctor_doctor_schedules_id_seq
    START WITH 1
    INCREMENT BY 1
    NO MINVALUE
    NO MAXVALUE
    CACHE 1;


ALTER TABLE public.doctor_doctor_schedules_id_seq OWNER TO postgres;

--
-- Name: doctor_doctor_schedules_id_seq; Type: SEQUENCE OWNED BY; Schema: public; Owner: postgres
--

ALTER SEQUENCE public.doctor_doctor_schedules_id_seq OWNED BY public.doctor_doctor_schedules.id;


--
-- Name: doctor_doctornotification; Type: TABLE; Schema: public; Owner: postgres
--

CREATE TABLE public.doctor_doctornotification (
    id integer NOT NULL,
    name character varying(100) NOT NULL,
    subject character varying(100) NOT NULL,
    user_type character varying(15) NOT NULL,
    notif character varying(2000) NOT NULL,
    created_on timestamp with time zone NOT NULL,
    patient_username character varying(100) NOT NULL,
    action_pk integer NOT NULL,
    action_type character varying(100) NOT NULL,
    action_taken integer NOT NULL,
    notif_status boolean NOT NULL
);


ALTER TABLE public.doctor_doctornotification OWNER TO postgres;

--
-- Name: doctor_doctornotification_id_seq; Type: SEQUENCE; Schema: public; Owner: postgres
--

CREATE SEQUENCE public.doctor_doctornotification_id_seq
    START WITH 1
    INCREMENT BY 1
    NO MINVALUE
    NO MAXVALUE
    CACHE 1;


ALTER TABLE public.doctor_doctornotification_id_seq OWNER TO postgres;

--
-- Name: doctor_doctornotification_id_seq; Type: SEQUENCE OWNED BY; Schema: public; Owner: postgres
--

ALTER SEQUENCE public.doctor_doctornotification_id_seq OWNED BY public.doctor_doctornotification.id;


--
-- Name: doctor_doctorschedule; Type: TABLE; Schema: public; Owner: postgres
--

CREATE TABLE public.doctor_doctorschedule (
    id integer NOT NULL,
    patient_username character varying(100) NOT NULL,
    patient_hiv_status character varying(100) NOT NULL,
    schedule_date timestamp with time zone NOT NULL,
    schedule_topic character varying(200) NOT NULL,
    schedule_notes text NOT NULL,
    doc_in_charge character varying(100) NOT NULL,
    status character varying(20) NOT NULL,
    created_on timestamp with time zone NOT NULL,
    new_notif_count integer NOT NULL,
    action_taken integer NOT NULL
);


ALTER TABLE public.doctor_doctorschedule OWNER TO postgres;

--
-- Name: doctor_doctorschedule_doc_remark; Type: TABLE; Schema: public; Owner: postgres
--

CREATE TABLE public.doctor_doctorschedule_doc_remark (
    id integer NOT NULL,
    doctorschedule_id integer NOT NULL,
    remark_id integer NOT NULL
);


ALTER TABLE public.doctor_doctorschedule_doc_remark OWNER TO postgres;

--
-- Name: doctor_doctorschedule_doc_remark_id_seq; Type: SEQUENCE; Schema: public; Owner: postgres
--

CREATE SEQUENCE public.doctor_doctorschedule_doc_remark_id_seq
    START WITH 1
    INCREMENT BY 1
    NO MINVALUE
    NO MAXVALUE
    CACHE 1;


ALTER TABLE public.doctor_doctorschedule_doc_remark_id_seq OWNER TO postgres;

--
-- Name: doctor_doctorschedule_doc_remark_id_seq; Type: SEQUENCE OWNED BY; Schema: public; Owner: postgres
--

ALTER SEQUENCE public.doctor_doctorschedule_doc_remark_id_seq OWNED BY public.doctor_doctorschedule_doc_remark.id;


--
-- Name: doctor_doctorschedule_users_viewed; Type: TABLE; Schema: public; Owner: postgres
--

CREATE TABLE public.doctor_doctorschedule_users_viewed (
    id integer NOT NULL,
    doctorschedule_id integer NOT NULL,
    usersviewed_id integer NOT NULL
);


ALTER TABLE public.doctor_doctorschedule_users_viewed OWNER TO postgres;

--
-- Name: doctor_doctorschedule_doc_views_details_id_seq; Type: SEQUENCE; Schema: public; Owner: postgres
--

CREATE SEQUENCE public.doctor_doctorschedule_doc_views_details_id_seq
    START WITH 1
    INCREMENT BY 1
    NO MINVALUE
    NO MAXVALUE
    CACHE 1;


ALTER TABLE public.doctor_doctorschedule_doc_views_details_id_seq OWNER TO postgres;

--
-- Name: doctor_doctorschedule_doc_views_details_id_seq; Type: SEQUENCE OWNED BY; Schema: public; Owner: postgres
--

ALTER SEQUENCE public.doctor_doctorschedule_doc_views_details_id_seq OWNED BY public.doctor_doctorschedule_users_viewed.id;


--
-- Name: doctor_doctorschedule_id_seq; Type: SEQUENCE; Schema: public; Owner: postgres
--

CREATE SEQUENCE public.doctor_doctorschedule_id_seq
    START WITH 1
    INCREMENT BY 1
    NO MINVALUE
    NO MAXVALUE
    CACHE 1;


ALTER TABLE public.doctor_doctorschedule_id_seq OWNER TO postgres;

--
-- Name: doctor_doctorschedule_id_seq; Type: SEQUENCE OWNED BY; Schema: public; Owner: postgres
--

ALTER SEQUENCE public.doctor_doctorschedule_id_seq OWNED BY public.doctor_doctorschedule.id;


--
-- Name: doctor_doctorstats; Type: TABLE; Schema: public; Owner: postgres
--

CREATE TABLE public.doctor_doctorstats (
    id integer NOT NULL,
    day_count integer NOT NULL,
    last_updated date NOT NULL,
    start_date date NOT NULL,
    week_count integer NOT NULL,
    doctor_name character varying(100) NOT NULL,
    neg_patients integer NOT NULL,
    stage_1 integer NOT NULL,
    stage_2 integer NOT NULL,
    stage_3 integer NOT NULL,
    all_patients_count integer NOT NULL,
    doc_patients_count integer NOT NULL,
    for_screening integer NOT NULL
);


ALTER TABLE public.doctor_doctorstats OWNER TO postgres;

--
-- Name: doctor_doctorstats_id_seq; Type: SEQUENCE; Schema: public; Owner: postgres
--

CREATE SEQUENCE public.doctor_doctorstats_id_seq
    START WITH 1
    INCREMENT BY 1
    NO MINVALUE
    NO MAXVALUE
    CACHE 1;


ALTER TABLE public.doctor_doctorstats_id_seq OWNER TO postgres;

--
-- Name: doctor_doctorstats_id_seq; Type: SEQUENCE OWNED BY; Schema: public; Owner: postgres
--

ALTER SEQUENCE public.doctor_doctorstats_id_seq OWNED BY public.doctor_doctorstats.id;


--
-- Name: doctor_doctorstats_monthly_stats; Type: TABLE; Schema: public; Owner: postgres
--

CREATE TABLE public.doctor_doctorstats_monthly_stats (
    id integer NOT NULL,
    doctorstats_id integer NOT NULL,
    monthlystatistics_id integer NOT NULL
);


ALTER TABLE public.doctor_doctorstats_monthly_stats OWNER TO postgres;

--
-- Name: doctor_doctorstats_monthly_stats_id_seq; Type: SEQUENCE; Schema: public; Owner: postgres
--

CREATE SEQUENCE public.doctor_doctorstats_monthly_stats_id_seq
    START WITH 1
    INCREMENT BY 1
    NO MINVALUE
    NO MAXVALUE
    CACHE 1;


ALTER TABLE public.doctor_doctorstats_monthly_stats_id_seq OWNER TO postgres;

--
-- Name: doctor_doctorstats_monthly_stats_id_seq; Type: SEQUENCE OWNED BY; Schema: public; Owner: postgres
--

ALTER SEQUENCE public.doctor_doctorstats_monthly_stats_id_seq OWNED BY public.doctor_doctorstats_monthly_stats.id;


--
-- Name: doctor_medicine; Type: TABLE; Schema: public; Owner: postgres
--

CREATE TABLE public.doctor_medicine (
    id integer NOT NULL,
    created_on timestamp with time zone NOT NULL,
    drug_name character varying(200) NOT NULL,
    unit_of_measure character varying(200) NOT NULL,
    content_per_bottle integer NOT NULL,
    availability boolean NOT NULL,
    stocks_on_hand integer NOT NULL,
    drug_group character varying(200) NOT NULL,
    medicine_type character varying(200) NOT NULL,
    patients_on_medication integer NOT NULL
);


ALTER TABLE public.doctor_medicine OWNER TO postgres;

--
-- Name: doctor_medicine_id_seq; Type: SEQUENCE; Schema: public; Owner: postgres
--

CREATE SEQUENCE public.doctor_medicine_id_seq
    START WITH 1
    INCREMENT BY 1
    NO MINVALUE
    NO MAXVALUE
    CACHE 1;


ALTER TABLE public.doctor_medicine_id_seq OWNER TO postgres;

--
-- Name: doctor_medicine_id_seq; Type: SEQUENCE OWNED BY; Schema: public; Owner: postgres
--

ALTER SEQUENCE public.doctor_medicine_id_seq OWNED BY public.doctor_medicine.id;


--
-- Name: doctor_monthlystatistics; Type: TABLE; Schema: public; Owner: postgres
--

CREATE TABLE public.doctor_monthlystatistics (
    id integer NOT NULL,
    year character varying(10) NOT NULL,
    january integer NOT NULL,
    february integer NOT NULL,
    march integer NOT NULL,
    april integer NOT NULL,
    may integer NOT NULL,
    june integer NOT NULL,
    july integer NOT NULL,
    august integer NOT NULL,
    september integer NOT NULL,
    october integer NOT NULL,
    november integer NOT NULL,
    december integer NOT NULL,
    doc_pk integer NOT NULL,
    doctor_name character varying(100) NOT NULL,
    created_on timestamp with time zone NOT NULL,
    patient_pk integer NOT NULL
);


ALTER TABLE public.doctor_monthlystatistics OWNER TO postgres;

--
-- Name: doctor_monthlystatistics_id_seq; Type: SEQUENCE; Schema: public; Owner: postgres
--

CREATE SEQUENCE public.doctor_monthlystatistics_id_seq
    START WITH 1
    INCREMENT BY 1
    NO MINVALUE
    NO MAXVALUE
    CACHE 1;


ALTER TABLE public.doctor_monthlystatistics_id_seq OWNER TO postgres;

--
-- Name: doctor_monthlystatistics_id_seq; Type: SEQUENCE OWNED BY; Schema: public; Owner: postgres
--

ALTER SEQUENCE public.doctor_monthlystatistics_id_seq OWNED BY public.doctor_monthlystatistics.id;


--
-- Name: doctor_remark; Type: TABLE; Schema: public; Owner: postgres
--

CREATE TABLE public.doctor_remark (
    id integer NOT NULL,
    author character varying(200) NOT NULL,
    text text NOT NULL,
    created_date timestamp with time zone NOT NULL,
    approved_comment boolean NOT NULL,
    remark_seen boolean NOT NULL,
    remark_parent_type character varying(100) NOT NULL,
    remark_receiver character varying(100) NOT NULL,
    seen_date timestamp with time zone NOT NULL
);


ALTER TABLE public.doctor_remark OWNER TO postgres;

--
-- Name: doctor_note_id_seq; Type: SEQUENCE; Schema: public; Owner: postgres
--

CREATE SEQUENCE public.doctor_note_id_seq
    START WITH 1
    INCREMENT BY 1
    NO MINVALUE
    NO MAXVALUE
    CACHE 1;


ALTER TABLE public.doctor_note_id_seq OWNER TO postgres;

--
-- Name: doctor_note_id_seq; Type: SEQUENCE OWNED BY; Schema: public; Owner: postgres
--

ALTER SEQUENCE public.doctor_note_id_seq OWNED BY public.doctor_remark.id;


--
-- Name: doctor_usersviewed; Type: TABLE; Schema: public; Owner: postgres
--

CREATE TABLE public.doctor_usersviewed (
    id integer NOT NULL,
    seen_flag boolean NOT NULL,
    seen_date timestamp with time zone NOT NULL,
    viewer_type character varying(100) NOT NULL,
    viewed_type character varying(100) NOT NULL,
    viewer_name character varying(100) NOT NULL,
    viewed_pk integer NOT NULL,
    file_owner character varying(100) NOT NULL
);


ALTER TABLE public.doctor_usersviewed OWNER TO postgres;

--
-- Name: doctor_usersviewed_id_seq; Type: SEQUENCE; Schema: public; Owner: postgres
--

CREATE SEQUENCE public.doctor_usersviewed_id_seq
    START WITH 1
    INCREMENT BY 1
    NO MINVALUE
    NO MAXVALUE
    CACHE 1;


ALTER TABLE public.doctor_usersviewed_id_seq OWNER TO postgres;

--
-- Name: doctor_usersviewed_id_seq; Type: SEQUENCE OWNED BY; Schema: public; Owner: postgres
--

ALTER SEQUENCE public.doctor_usersviewed_id_seq OWNED BY public.doctor_usersviewed.id;


--
-- Name: patient_icrform; Type: TABLE; Schema: public; Owner: postgres
--

CREATE TABLE public.patient_icrform (
    id integer NOT NULL,
    last_name character varying(100) NOT NULL,
    first_name character varying(100) NOT NULL,
    middle_name character varying(100) NOT NULL,
    date_of_visit character varying(100) NOT NULL,
    age character varying(100) NOT NULL,
    birthdate character varying(100) NOT NULL,
    sex character varying(100) NOT NULL,
    civil_status character varying(100) NOT NULL,
    phone_number character varying(100) NOT NULL,
    home_address character varying(100) NOT NULL,
    occupation character varying(100) NOT NULL,
    work_address character varying(100) NOT NULL,
    work_number character varying(100) NOT NULL,
    purpose_of_visit character varying(100) NOT NULL,
    symptoms character varying(100) NOT NULL,
    specification character varying(100) NOT NULL
);


ALTER TABLE public.patient_icrform OWNER TO postgres;

--
-- Name: patient_icrform_docs_viewed; Type: TABLE; Schema: public; Owner: postgres
--

CREATE TABLE public.patient_icrform_docs_viewed (
    id integer NOT NULL,
    icrform_id integer NOT NULL,
    usersviewed_id integer NOT NULL
);


ALTER TABLE public.patient_icrform_docs_viewed OWNER TO postgres;

--
-- Name: patient_icrform_docs_viewed_id_seq; Type: SEQUENCE; Schema: public; Owner: postgres
--

CREATE SEQUENCE public.patient_icrform_docs_viewed_id_seq
    START WITH 1
    INCREMENT BY 1
    NO MINVALUE
    NO MAXVALUE
    CACHE 1;


ALTER TABLE public.patient_icrform_docs_viewed_id_seq OWNER TO postgres;

--
-- Name: patient_icrform_docs_viewed_id_seq; Type: SEQUENCE OWNED BY; Schema: public; Owner: postgres
--

ALTER SEQUENCE public.patient_icrform_docs_viewed_id_seq OWNED BY public.patient_icrform_docs_viewed.id;


--
-- Name: patient_icrform_doctor_remarks; Type: TABLE; Schema: public; Owner: postgres
--

CREATE TABLE public.patient_icrform_doctor_remarks (
    id integer NOT NULL,
    icrform_id integer NOT NULL,
    remark_id integer NOT NULL
);


ALTER TABLE public.patient_icrform_doctor_remarks OWNER TO postgres;

--
-- Name: patient_icrform_doctor_remarks_id_seq; Type: SEQUENCE; Schema: public; Owner: postgres
--

CREATE SEQUENCE public.patient_icrform_doctor_remarks_id_seq
    START WITH 1
    INCREMENT BY 1
    NO MINVALUE
    NO MAXVALUE
    CACHE 1;


ALTER TABLE public.patient_icrform_doctor_remarks_id_seq OWNER TO postgres;

--
-- Name: patient_icrform_doctor_remarks_id_seq; Type: SEQUENCE OWNED BY; Schema: public; Owner: postgres
--

ALTER SEQUENCE public.patient_icrform_doctor_remarks_id_seq OWNED BY public.patient_icrform_doctor_remarks.id;


--
-- Name: patient_icrform_id_seq; Type: SEQUENCE; Schema: public; Owner: postgres
--

CREATE SEQUENCE public.patient_icrform_id_seq
    START WITH 1
    INCREMENT BY 1
    NO MINVALUE
    NO MAXVALUE
    CACHE 1;


ALTER TABLE public.patient_icrform_id_seq OWNER TO postgres;

--
-- Name: patient_icrform_id_seq; Type: SEQUENCE OWNED BY; Schema: public; Owner: postgres
--

ALTER SEQUENCE public.patient_icrform_id_seq OWNED BY public.patient_icrform.id;


--
-- Name: patient_medhistform; Type: TABLE; Schema: public; Owner: postgres
--

CREATE TABLE public.patient_medhistform (
    id integer NOT NULL,
    name character varying(100) NOT NULL,
    exposure character varying(100) NOT NULL,
    other_conditions character varying(100) NOT NULL,
    date_diagnosed date,
    created_on timestamp with time zone NOT NULL,
    parent_pk integer NOT NULL,
    username character varying(100) NOT NULL
);


ALTER TABLE public.patient_medhistform OWNER TO postgres;

--
-- Name: patient_medhistform_docs_viewed; Type: TABLE; Schema: public; Owner: postgres
--

CREATE TABLE public.patient_medhistform_docs_viewed (
    id integer NOT NULL,
    medhistform_id integer NOT NULL,
    usersviewed_id integer NOT NULL
);


ALTER TABLE public.patient_medhistform_docs_viewed OWNER TO postgres;

--
-- Name: patient_medhistform_docs_viewed_id_seq; Type: SEQUENCE; Schema: public; Owner: postgres
--

CREATE SEQUENCE public.patient_medhistform_docs_viewed_id_seq
    START WITH 1
    INCREMENT BY 1
    NO MINVALUE
    NO MAXVALUE
    CACHE 1;


ALTER TABLE public.patient_medhistform_docs_viewed_id_seq OWNER TO postgres;

--
-- Name: patient_medhistform_docs_viewed_id_seq; Type: SEQUENCE OWNED BY; Schema: public; Owner: postgres
--

ALTER SEQUENCE public.patient_medhistform_docs_viewed_id_seq OWNED BY public.patient_medhistform_docs_viewed.id;


--
-- Name: patient_medhistform_doctor_remarks; Type: TABLE; Schema: public; Owner: postgres
--

CREATE TABLE public.patient_medhistform_doctor_remarks (
    id integer NOT NULL,
    medhistform_id integer NOT NULL,
    remark_id integer NOT NULL
);


ALTER TABLE public.patient_medhistform_doctor_remarks OWNER TO postgres;

--
-- Name: patient_medhistform_doctor_remarks_id_seq; Type: SEQUENCE; Schema: public; Owner: postgres
--

CREATE SEQUENCE public.patient_medhistform_doctor_remarks_id_seq
    START WITH 1
    INCREMENT BY 1
    NO MINVALUE
    NO MAXVALUE
    CACHE 1;


ALTER TABLE public.patient_medhistform_doctor_remarks_id_seq OWNER TO postgres;

--
-- Name: patient_medhistform_doctor_remarks_id_seq; Type: SEQUENCE OWNED BY; Schema: public; Owner: postgres
--

ALTER SEQUENCE public.patient_medhistform_doctor_remarks_id_seq OWNED BY public.patient_medhistform_doctor_remarks.id;


--
-- Name: patient_medhistform_id_seq; Type: SEQUENCE; Schema: public; Owner: postgres
--

CREATE SEQUENCE public.patient_medhistform_id_seq
    START WITH 1
    INCREMENT BY 1
    NO MINVALUE
    NO MAXVALUE
    CACHE 1;


ALTER TABLE public.patient_medhistform_id_seq OWNER TO postgres;

--
-- Name: patient_medhistform_id_seq; Type: SEQUENCE OWNED BY; Schema: public; Owner: postgres
--

ALTER SEQUENCE public.patient_medhistform_id_seq OWNED BY public.patient_medhistform.id;


--
-- Name: patient_medication; Type: TABLE; Schema: public; Owner: postgres
--

CREATE TABLE public.patient_medication (
    id integer NOT NULL,
    created_on timestamp with time zone NOT NULL,
    username character varying(200) NOT NULL,
    drug_name character varying(200) NOT NULL,
    unit_of_measure character varying(200) NOT NULL,
    content_per_bottle integer NOT NULL,
    administered boolean NOT NULL,
    administered_by character varying(200) NOT NULL,
    patient_pk character varying(200) NOT NULL,
    doc_notes text NOT NULL,
    drug_group character varying(200) NOT NULL,
    medicine_type character varying(200) NOT NULL
);


ALTER TABLE public.patient_medication OWNER TO postgres;

--
-- Name: patient_medication_id_seq; Type: SEQUENCE; Schema: public; Owner: postgres
--

CREATE SEQUENCE public.patient_medication_id_seq
    START WITH 1
    INCREMENT BY 1
    NO MINVALUE
    NO MAXVALUE
    CACHE 1;


ALTER TABLE public.patient_medication_id_seq OWNER TO postgres;

--
-- Name: patient_medication_id_seq; Type: SEQUENCE OWNED BY; Schema: public; Owner: postgres
--

ALTER SEQUENCE public.patient_medication_id_seq OWNED BY public.patient_medication.id;


--
-- Name: patient_patient; Type: TABLE; Schema: public; Owner: postgres
--

CREATE TABLE public.patient_patient (
    first_name character varying(100) NOT NULL,
    last_name character varying(100) NOT NULL,
    username character varying(100) NOT NULL,
    birthdate date NOT NULL,
    age integer NOT NULL,
    present_address character varying(100) NOT NULL,
    work character varying(100) NOT NULL,
    work_address character varying(100) NOT NULL,
    call_number character varying(100) NOT NULL,
    email character varying(100) NOT NULL,
    password character varying(100),
    "HIV_status" character varying(100) NOT NULL,
    icr_id integer NOT NULL,
    profile_id integer,
    last_log_in timestamp with time zone NOT NULL,
    last_log_out timestamp with time zone NOT NULL,
    login_flag boolean NOT NULL,
    date_created timestamp with time zone NOT NULL,
    home_address character varying(100) NOT NULL,
    tel_number character varying(100) NOT NULL,
    status character varying(100) NOT NULL,
    slug character varying(50) NOT NULL,
    patient_image character varying(100) NOT NULL
);


ALTER TABLE public.patient_patient OWNER TO postgres;

--
-- Name: patient_patient_approved_schedules; Type: TABLE; Schema: public; Owner: postgres
--

CREATE TABLE public.patient_patient_approved_schedules (
    id integer NOT NULL,
    patient_id integer NOT NULL,
    doctorschedule_id integer NOT NULL
);


ALTER TABLE public.patient_patient_approved_schedules OWNER TO postgres;

--
-- Name: patient_patient_approvedScheds_id_seq; Type: SEQUENCE; Schema: public; Owner: postgres
--

CREATE SEQUENCE public."patient_patient_approvedScheds_id_seq"
    START WITH 1
    INCREMENT BY 1
    NO MINVALUE
    NO MAXVALUE
    CACHE 1;


ALTER TABLE public."patient_patient_approvedScheds_id_seq" OWNER TO postgres;

--
-- Name: patient_patient_approvedScheds_id_seq; Type: SEQUENCE OWNED BY; Schema: public; Owner: postgres
--

ALTER SEQUENCE public."patient_patient_approvedScheds_id_seq" OWNED BY public.patient_patient_approved_schedules.id;


--
-- Name: patient_patient_finished_schedules; Type: TABLE; Schema: public; Owner: postgres
--

CREATE TABLE public.patient_patient_finished_schedules (
    id integer NOT NULL,
    patient_id integer NOT NULL,
    doctorschedule_id integer NOT NULL
);


ALTER TABLE public.patient_patient_finished_schedules OWNER TO postgres;

--
-- Name: patient_patient_finishedScheds_id_seq; Type: SEQUENCE; Schema: public; Owner: postgres
--

CREATE SEQUENCE public."patient_patient_finishedScheds_id_seq"
    START WITH 1
    INCREMENT BY 1
    NO MINVALUE
    NO MAXVALUE
    CACHE 1;


ALTER TABLE public."patient_patient_finishedScheds_id_seq" OWNER TO postgres;

--
-- Name: patient_patient_finishedScheds_id_seq; Type: SEQUENCE OWNED BY; Schema: public; Owner: postgres
--

ALTER SEQUENCE public."patient_patient_finishedScheds_id_seq" OWNED BY public.patient_patient_finished_schedules.id;


--
-- Name: patient_patient_location_details; Type: TABLE; Schema: public; Owner: postgres
--

CREATE TABLE public.patient_patient_location_details (
    id integer NOT NULL,
    patient_id integer NOT NULL,
    patientlocationdetails_id integer NOT NULL
);


ALTER TABLE public.patient_patient_location_details OWNER TO postgres;

--
-- Name: patient_patient_location_details_id_seq; Type: SEQUENCE; Schema: public; Owner: postgres
--

CREATE SEQUENCE public.patient_patient_location_details_id_seq
    START WITH 1
    INCREMENT BY 1
    NO MINVALUE
    NO MAXVALUE
    CACHE 1;


ALTER TABLE public.patient_patient_location_details_id_seq OWNER TO postgres;

--
-- Name: patient_patient_location_details_id_seq; Type: SEQUENCE OWNED BY; Schema: public; Owner: postgres
--

ALTER SEQUENCE public.patient_patient_location_details_id_seq OWNED BY public.patient_patient_location_details.id;


--
-- Name: patient_patient_medical_history; Type: TABLE; Schema: public; Owner: postgres
--

CREATE TABLE public.patient_patient_medical_history (
    id integer NOT NULL,
    patient_id integer NOT NULL,
    medhistform_id integer NOT NULL
);


ALTER TABLE public.patient_patient_medical_history OWNER TO postgres;

--
-- Name: patient_patient_medical_history_id_seq; Type: SEQUENCE; Schema: public; Owner: postgres
--

CREATE SEQUENCE public.patient_patient_medical_history_id_seq
    START WITH 1
    INCREMENT BY 1
    NO MINVALUE
    NO MAXVALUE
    CACHE 1;


ALTER TABLE public.patient_patient_medical_history_id_seq OWNER TO postgres;

--
-- Name: patient_patient_medical_history_id_seq; Type: SEQUENCE OWNED BY; Schema: public; Owner: postgres
--

ALTER SEQUENCE public.patient_patient_medical_history_id_seq OWNED BY public.patient_patient_medical_history.id;


--
-- Name: patient_patient_meds; Type: TABLE; Schema: public; Owner: postgres
--

CREATE TABLE public.patient_patient_meds (
    id integer NOT NULL,
    patient_id integer NOT NULL,
    medication_id integer NOT NULL
);


ALTER TABLE public.patient_patient_meds OWNER TO postgres;

--
-- Name: patient_patient_meds_id_seq; Type: SEQUENCE; Schema: public; Owner: postgres
--

CREATE SEQUENCE public.patient_patient_meds_id_seq
    START WITH 1
    INCREMENT BY 1
    NO MINVALUE
    NO MAXVALUE
    CACHE 1;


ALTER TABLE public.patient_patient_meds_id_seq OWNER TO postgres;

--
-- Name: patient_patient_meds_id_seq; Type: SEQUENCE OWNED BY; Schema: public; Owner: postgres
--

ALTER SEQUENCE public.patient_patient_meds_id_seq OWNED BY public.patient_patient_meds.id;


--
-- Name: patient_patient_my_doctors; Type: TABLE; Schema: public; Owner: postgres
--

CREATE TABLE public.patient_patient_my_doctors (
    id integer NOT NULL,
    patient_id integer NOT NULL,
    doctor_id integer NOT NULL
);


ALTER TABLE public.patient_patient_my_doctors OWNER TO postgres;

--
-- Name: patient_patient_myDoctors_id_seq; Type: SEQUENCE; Schema: public; Owner: postgres
--

CREATE SEQUENCE public."patient_patient_myDoctors_id_seq"
    START WITH 1
    INCREMENT BY 1
    NO MINVALUE
    NO MAXVALUE
    CACHE 1;


ALTER TABLE public."patient_patient_myDoctors_id_seq" OWNER TO postgres;

--
-- Name: patient_patient_myDoctors_id_seq; Type: SEQUENCE OWNED BY; Schema: public; Owner: postgres
--

ALTER SEQUENCE public."patient_patient_myDoctors_id_seq" OWNED BY public.patient_patient_my_doctors.id;


--
-- Name: patient_patient_patient_new_notifications; Type: TABLE; Schema: public; Owner: postgres
--

CREATE TABLE public.patient_patient_patient_new_notifications (
    id integer NOT NULL,
    patient_id integer NOT NULL,
    patientnotification_id integer NOT NULL
);


ALTER TABLE public.patient_patient_patient_new_notifications OWNER TO postgres;

--
-- Name: patient_patient_new_patient_notifications_id_seq; Type: SEQUENCE; Schema: public; Owner: postgres
--

CREATE SEQUENCE public.patient_patient_new_patient_notifications_id_seq
    START WITH 1
    INCREMENT BY 1
    NO MINVALUE
    NO MAXVALUE
    CACHE 1;


ALTER TABLE public.patient_patient_new_patient_notifications_id_seq OWNER TO postgres;

--
-- Name: patient_patient_new_patient_notifications_id_seq; Type: SEQUENCE OWNED BY; Schema: public; Owner: postgres
--

ALTER SEQUENCE public.patient_patient_new_patient_notifications_id_seq OWNED BY public.patient_patient_patient_new_notifications.id;


--
-- Name: patient_patient_patient_notifications; Type: TABLE; Schema: public; Owner: postgres
--

CREATE TABLE public.patient_patient_patient_notifications (
    id integer NOT NULL,
    patient_id integer NOT NULL,
    patientnotification_id integer NOT NULL
);


ALTER TABLE public.patient_patient_patient_notifications OWNER TO postgres;

--
-- Name: patient_patient_patientNotif_id_seq; Type: SEQUENCE; Schema: public; Owner: postgres
--

CREATE SEQUENCE public."patient_patient_patientNotif_id_seq"
    START WITH 1
    INCREMENT BY 1
    NO MINVALUE
    NO MAXVALUE
    CACHE 1;


ALTER TABLE public."patient_patient_patientNotif_id_seq" OWNER TO postgres;

--
-- Name: patient_patient_patientNotif_id_seq; Type: SEQUENCE OWNED BY; Schema: public; Owner: postgres
--

ALTER SEQUENCE public."patient_patient_patientNotif_id_seq" OWNED BY public.patient_patient_patient_notifications.id;


--
-- Name: patient_patient_pending_schedules; Type: TABLE; Schema: public; Owner: postgres
--

CREATE TABLE public.patient_patient_pending_schedules (
    id integer NOT NULL,
    patient_id integer NOT NULL,
    doctorschedule_id integer NOT NULL
);


ALTER TABLE public.patient_patient_pending_schedules OWNER TO postgres;

--
-- Name: patient_patient_pendingScheds_id_seq; Type: SEQUENCE; Schema: public; Owner: postgres
--

CREATE SEQUENCE public."patient_patient_pendingScheds_id_seq"
    START WITH 1
    INCREMENT BY 1
    NO MINVALUE
    NO MAXVALUE
    CACHE 1;


ALTER TABLE public."patient_patient_pendingScheds_id_seq" OWNER TO postgres;

--
-- Name: patient_patient_pendingScheds_id_seq; Type: SEQUENCE OWNED BY; Schema: public; Owner: postgres
--

ALTER SEQUENCE public."patient_patient_pendingScheds_id_seq" OWNED BY public.patient_patient_pending_schedules.id;


--
-- Name: patient_patient_personal_records; Type: TABLE; Schema: public; Owner: postgres
--

CREATE TABLE public.patient_patient_personal_records (
    id integer NOT NULL,
    patient_id integer NOT NULL,
    personalrecord_id integer NOT NULL
);


ALTER TABLE public.patient_patient_personal_records OWNER TO postgres;

--
-- Name: patient_patient_personalRecord_id_seq; Type: SEQUENCE; Schema: public; Owner: postgres
--

CREATE SEQUENCE public."patient_patient_personalRecord_id_seq"
    START WITH 1
    INCREMENT BY 1
    NO MINVALUE
    NO MAXVALUE
    CACHE 1;


ALTER TABLE public."patient_patient_personalRecord_id_seq" OWNER TO postgres;

--
-- Name: patient_patient_personalRecord_id_seq; Type: SEQUENCE OWNED BY; Schema: public; Owner: postgres
--

ALTER SEQUENCE public."patient_patient_personalRecord_id_seq" OWNED BY public.patient_patient_personal_records.id;


--
-- Name: patient_patient_rejected_schedules; Type: TABLE; Schema: public; Owner: postgres
--

CREATE TABLE public.patient_patient_rejected_schedules (
    id integer NOT NULL,
    patient_id integer NOT NULL,
    doctorschedule_id integer NOT NULL
);


ALTER TABLE public.patient_patient_rejected_schedules OWNER TO postgres;

--
-- Name: patient_patient_rejectedScheds_id_seq; Type: SEQUENCE; Schema: public; Owner: postgres
--

CREATE SEQUENCE public."patient_patient_rejectedScheds_id_seq"
    START WITH 1
    INCREMENT BY 1
    NO MINVALUE
    NO MAXVALUE
    CACHE 1;


ALTER TABLE public."patient_patient_rejectedScheds_id_seq" OWNER TO postgres;

--
-- Name: patient_patient_rejectedScheds_id_seq; Type: SEQUENCE OWNED BY; Schema: public; Owner: postgres
--

ALTER SEQUENCE public."patient_patient_rejectedScheds_id_seq" OWNED BY public.patient_patient_rejected_schedules.id;


--
-- Name: patient_patientlocationdetails; Type: TABLE; Schema: public; Owner: postgres
--

CREATE TABLE public.patient_patientlocationdetails (
    id integer NOT NULL,
    lat character varying(200) NOT NULL,
    lon character varying(200) NOT NULL,
    location character varying(200) NOT NULL,
    patient_name character varying(200) NOT NULL,
    username character varying(200) NOT NULL,
    work character varying(200) NOT NULL,
    hiv_level character varying(200) NOT NULL,
    created_on timestamp with time zone NOT NULL,
    patient_pk integer NOT NULL,
    status character varying(200) NOT NULL,
    general_location character varying(100) NOT NULL
);


ALTER TABLE public.patient_patientlocationdetails OWNER TO postgres;

--
-- Name: patient_patientlocationdetails_id_seq; Type: SEQUENCE; Schema: public; Owner: postgres
--

CREATE SEQUENCE public.patient_patientlocationdetails_id_seq
    START WITH 1
    INCREMENT BY 1
    NO MINVALUE
    NO MAXVALUE
    CACHE 1;


ALTER TABLE public.patient_patientlocationdetails_id_seq OWNER TO postgres;

--
-- Name: patient_patientlocationdetails_id_seq; Type: SEQUENCE OWNED BY; Schema: public; Owner: postgres
--

ALTER SEQUENCE public.patient_patientlocationdetails_id_seq OWNED BY public.patient_patientlocationdetails.id;


--
-- Name: patient_patientnotification; Type: TABLE; Schema: public; Owner: postgres
--

CREATE TABLE public.patient_patientnotification (
    id integer NOT NULL,
    doctor_name character varying(100) NOT NULL,
    subject character varying(100) NOT NULL,
    user_type character varying(15) NOT NULL,
    notification character varying(2000) NOT NULL,
    created_on timestamp with time zone NOT NULL,
    patient_username character varying(100) NOT NULL,
    action_type character varying(15) NOT NULL,
    action_pk integer NOT NULL,
    status boolean NOT NULL,
    notif_status boolean NOT NULL
);


ALTER TABLE public.patient_patientnotification OWNER TO postgres;

--
-- Name: patient_patientnotification_id_seq; Type: SEQUENCE; Schema: public; Owner: postgres
--

CREATE SEQUENCE public.patient_patientnotification_id_seq
    START WITH 1
    INCREMENT BY 1
    NO MINVALUE
    NO MAXVALUE
    CACHE 1;


ALTER TABLE public.patient_patientnotification_id_seq OWNER TO postgres;

--
-- Name: patient_patientnotification_id_seq; Type: SEQUENCE OWNED BY; Schema: public; Owner: postgres
--

ALTER SEQUENCE public.patient_patientnotification_id_seq OWNED BY public.patient_patientnotification.id;


--
-- Name: patient_patientsmonthlystatistics; Type: TABLE; Schema: public; Owner: postgres
--

CREATE TABLE public.patient_patientsmonthlystatistics (
    id integer NOT NULL,
    created_on timestamp with time zone NOT NULL,
    patient_pk integer NOT NULL,
    year character varying(10) NOT NULL,
    january integer NOT NULL,
    february integer NOT NULL,
    march integer NOT NULL,
    april integer NOT NULL,
    may integer NOT NULL,
    june integer NOT NULL,
    july integer NOT NULL,
    august integer NOT NULL,
    september integer NOT NULL,
    october integer NOT NULL,
    november integer NOT NULL,
    december integer NOT NULL,
    patient_username character varying(100) NOT NULL
);


ALTER TABLE public.patient_patientsmonthlystatistics OWNER TO postgres;

--
-- Name: patient_patientsmonthlystatistics_id_seq; Type: SEQUENCE; Schema: public; Owner: postgres
--

CREATE SEQUENCE public.patient_patientsmonthlystatistics_id_seq
    START WITH 1
    INCREMENT BY 1
    NO MINVALUE
    NO MAXVALUE
    CACHE 1;


ALTER TABLE public.patient_patientsmonthlystatistics_id_seq OWNER TO postgres;

--
-- Name: patient_patientsmonthlystatistics_id_seq; Type: SEQUENCE OWNED BY; Schema: public; Owner: postgres
--

ALTER SEQUENCE public.patient_patientsmonthlystatistics_id_seq OWNED BY public.patient_patientsmonthlystatistics.id;


--
-- Name: patient_personalrecord; Type: TABLE; Schema: public; Owner: postgres
--

CREATE TABLE public.patient_personalrecord (
    id integer NOT NULL,
    author character varying(200) NOT NULL,
    title character varying(200) NOT NULL,
    slug character varying(200) NOT NULL,
    updated_on timestamp with time zone NOT NULL,
    content text NOT NULL,
    created_on timestamp with time zone NOT NULL,
    status integer NOT NULL
);


ALTER TABLE public.patient_personalrecord OWNER TO postgres;

--
-- Name: patient_personalrecord_comment; Type: TABLE; Schema: public; Owner: postgres
--

CREATE TABLE public.patient_personalrecord_comment (
    id integer NOT NULL,
    personalrecord_id integer NOT NULL,
    note_id integer NOT NULL
);


ALTER TABLE public.patient_personalrecord_comment OWNER TO postgres;

--
-- Name: patient_personalrecord_comment_id_seq; Type: SEQUENCE; Schema: public; Owner: postgres
--

CREATE SEQUENCE public.patient_personalrecord_comment_id_seq
    START WITH 1
    INCREMENT BY 1
    NO MINVALUE
    NO MAXVALUE
    CACHE 1;


ALTER TABLE public.patient_personalrecord_comment_id_seq OWNER TO postgres;

--
-- Name: patient_personalrecord_comment_id_seq; Type: SEQUENCE OWNED BY; Schema: public; Owner: postgres
--

ALTER SEQUENCE public.patient_personalrecord_comment_id_seq OWNED BY public.patient_personalrecord_comment.id;


--
-- Name: patient_personalrecord_docs_viewed; Type: TABLE; Schema: public; Owner: postgres
--

CREATE TABLE public.patient_personalrecord_docs_viewed (
    id integer NOT NULL,
    personalrecord_id integer NOT NULL,
    usersviewed_id integer NOT NULL
);


ALTER TABLE public.patient_personalrecord_docs_viewed OWNER TO postgres;

--
-- Name: patient_personalrecord_docs_viewed_id_seq; Type: SEQUENCE; Schema: public; Owner: postgres
--

CREATE SEQUENCE public.patient_personalrecord_docs_viewed_id_seq
    START WITH 1
    INCREMENT BY 1
    NO MINVALUE
    NO MAXVALUE
    CACHE 1;


ALTER TABLE public.patient_personalrecord_docs_viewed_id_seq OWNER TO postgres;

--
-- Name: patient_personalrecord_docs_viewed_id_seq; Type: SEQUENCE OWNED BY; Schema: public; Owner: postgres
--

ALTER SEQUENCE public.patient_personalrecord_docs_viewed_id_seq OWNED BY public.patient_personalrecord_docs_viewed.id;


--
-- Name: patient_personalrecord_id_seq; Type: SEQUENCE; Schema: public; Owner: postgres
--

CREATE SEQUENCE public.patient_personalrecord_id_seq
    START WITH 1
    INCREMENT BY 1
    NO MINVALUE
    NO MAXVALUE
    CACHE 1;


ALTER TABLE public.patient_personalrecord_id_seq OWNER TO postgres;

--
-- Name: patient_personalrecord_id_seq; Type: SEQUENCE OWNED BY; Schema: public; Owner: postgres
--

ALTER SEQUENCE public.patient_personalrecord_id_seq OWNED BY public.patient_personalrecord.id;


--
-- Name: patient_profileform; Type: TABLE; Schema: public; Owner: postgres
--

CREATE TABLE public.patient_profileform (
    id integer NOT NULL,
    uid character varying(100) NOT NULL,
    code_name character varying(100) NOT NULL,
    real_name character varying(100) NOT NULL,
    mother_maiden_name character varying(100) NOT NULL,
    address character varying(100) NOT NULL,
    province character varying(100) NOT NULL,
    age character varying(3) NOT NULL,
    sex character varying(100) NOT NULL,
    status character varying(100) NOT NULL,
    birthdate character varying(100) NOT NULL,
    pdate character varying(100) NOT NULL,
    nation character varying(100) NOT NULL,
    ed character varying(100) NOT NULL,
    occupation character varying(100) NOT NULL,
    contact character varying(100) NOT NULL,
    "philNum" character varying(100) NOT NULL
);


ALTER TABLE public.patient_profileform OWNER TO postgres;

--
-- Name: patient_profileform_doctor_remarks; Type: TABLE; Schema: public; Owner: postgres
--

CREATE TABLE public.patient_profileform_doctor_remarks (
    id integer NOT NULL,
    profileform_id integer NOT NULL,
    note_id integer NOT NULL
);


ALTER TABLE public.patient_profileform_doctor_remarks OWNER TO postgres;

--
-- Name: patient_profileform_doc_remarks_id_seq; Type: SEQUENCE; Schema: public; Owner: postgres
--

CREATE SEQUENCE public.patient_profileform_doc_remarks_id_seq
    START WITH 1
    INCREMENT BY 1
    NO MINVALUE
    NO MAXVALUE
    CACHE 1;


ALTER TABLE public.patient_profileform_doc_remarks_id_seq OWNER TO postgres;

--
-- Name: patient_profileform_doc_remarks_id_seq; Type: SEQUENCE OWNED BY; Schema: public; Owner: postgres
--

ALTER SEQUENCE public.patient_profileform_doc_remarks_id_seq OWNED BY public.patient_profileform_doctor_remarks.id;


--
-- Name: patient_profileform_docs_viewed; Type: TABLE; Schema: public; Owner: postgres
--

CREATE TABLE public.patient_profileform_docs_viewed (
    id integer NOT NULL,
    profileform_id integer NOT NULL,
    usersviewed_id integer NOT NULL
);


ALTER TABLE public.patient_profileform_docs_viewed OWNER TO postgres;

--
-- Name: patient_profileform_docs_viewed_id_seq; Type: SEQUENCE; Schema: public; Owner: postgres
--

CREATE SEQUENCE public.patient_profileform_docs_viewed_id_seq
    START WITH 1
    INCREMENT BY 1
    NO MINVALUE
    NO MAXVALUE
    CACHE 1;


ALTER TABLE public.patient_profileform_docs_viewed_id_seq OWNER TO postgres;

--
-- Name: patient_profileform_docs_viewed_id_seq; Type: SEQUENCE OWNED BY; Schema: public; Owner: postgres
--

ALTER SEQUENCE public.patient_profileform_docs_viewed_id_seq OWNED BY public.patient_profileform_docs_viewed.id;


--
-- Name: patient_profileform_id_seq; Type: SEQUENCE; Schema: public; Owner: postgres
--

CREATE SEQUENCE public.patient_profileform_id_seq
    START WITH 1
    INCREMENT BY 1
    NO MINVALUE
    NO MAXVALUE
    CACHE 1;


ALTER TABLE public.patient_profileform_id_seq OWNER TO postgres;

--
-- Name: patient_profileform_id_seq; Type: SEQUENCE OWNED BY; Schema: public; Owner: postgres
--

ALTER SEQUENCE public.patient_profileform_id_seq OWNED BY public.patient_profileform.id;


--
-- Name: portal_adminnotification; Type: TABLE; Schema: public; Owner: postgres
--

CREATE TABLE public.portal_adminnotification (
    id integer NOT NULL,
    name character varying(100) NOT NULL,
    user_type character varying(15) NOT NULL,
    notif character varying(100) NOT NULL,
    created_on timestamp with time zone NOT NULL
);


ALTER TABLE public.portal_adminnotification OWNER TO postgres;

--
-- Name: portal_adminnotification_id_seq; Type: SEQUENCE; Schema: public; Owner: postgres
--

CREATE SEQUENCE public.portal_adminnotification_id_seq
    START WITH 1
    INCREMENT BY 1
    NO MINVALUE
    NO MAXVALUE
    CACHE 1;


ALTER TABLE public.portal_adminnotification_id_seq OWNER TO postgres;

--
-- Name: portal_adminnotification_id_seq; Type: SEQUENCE OWNED BY; Schema: public; Owner: postgres
--

ALTER SEQUENCE public.portal_adminnotification_id_seq OWNED BY public.portal_adminnotification.id;


--
-- Name: id; Type: DEFAULT; Schema: public; Owner: postgres
--

ALTER TABLE ONLY public.auth_group ALTER COLUMN id SET DEFAULT nextval('public.auth_group_id_seq'::regclass);


--
-- Name: id; Type: DEFAULT; Schema: public; Owner: postgres
--

ALTER TABLE ONLY public.auth_group_permissions ALTER COLUMN id SET DEFAULT nextval('public.auth_group_permissions_id_seq'::regclass);


--
-- Name: id; Type: DEFAULT; Schema: public; Owner: postgres
--

ALTER TABLE ONLY public.auth_permission ALTER COLUMN id SET DEFAULT nextval('public.auth_permission_id_seq'::regclass);


--
-- Name: id; Type: DEFAULT; Schema: public; Owner: postgres
--

ALTER TABLE ONLY public.auth_user ALTER COLUMN id SET DEFAULT nextval('public.auth_user_id_seq'::regclass);


--
-- Name: id; Type: DEFAULT; Schema: public; Owner: postgres
--

ALTER TABLE ONLY public.auth_user_groups ALTER COLUMN id SET DEFAULT nextval('public.auth_user_groups_id_seq'::regclass);


--
-- Name: id; Type: DEFAULT; Schema: public; Owner: postgres
--

ALTER TABLE ONLY public.auth_user_user_permissions ALTER COLUMN id SET DEFAULT nextval('public.auth_user_user_permissions_id_seq'::regclass);


--
-- Name: id; Type: DEFAULT; Schema: public; Owner: postgres
--

ALTER TABLE ONLY public."cebuMap_cebubarangays" ALTER COLUMN id SET DEFAULT nextval('public."cebuMap_cebubarangays_id_seq"'::regclass);


--
-- Name: id; Type: DEFAULT; Schema: public; Owner: postgres
--

ALTER TABLE ONLY public."cebuMap_cebubarangays_deceased" ALTER COLUMN id SET DEFAULT nextval('public."cebuMap_cebubarangays_deceased_id_seq"'::regclass);


--
-- Name: id; Type: DEFAULT; Schema: public; Owner: postgres
--

ALTER TABLE ONLY public."cebuMap_cebubarangays_for_screening" ALTER COLUMN id SET DEFAULT nextval('public."cebuMap_cebubarangays_no_hiv_id_seq"'::regclass);


--
-- Name: id; Type: DEFAULT; Schema: public; Owner: postgres
--

ALTER TABLE ONLY public."cebuMap_cebubarangays_hiv_pop" ALTER COLUMN id SET DEFAULT nextval('public."cebuMap_cebubarangays_hiv_pop_id_seq"'::regclass);


--
-- Name: id; Type: DEFAULT; Schema: public; Owner: postgres
--

ALTER TABLE ONLY public."cebuMap_cebubarangays_migrated" ALTER COLUMN id SET DEFAULT nextval('public."cebuMap_cebubarangays_migrated_id_seq"'::regclass);


--
-- Name: id; Type: DEFAULT; Schema: public; Owner: postgres
--

ALTER TABLE ONLY public."cebuMap_cebubarangays_stage_0" ALTER COLUMN id SET DEFAULT nextval('public."cebuMap_cebubarangays_stage_0_id_seq"'::regclass);


--
-- Name: id; Type: DEFAULT; Schema: public; Owner: postgres
--

ALTER TABLE ONLY public."cebuMap_cebubarangays_stage_1" ALTER COLUMN id SET DEFAULT nextval('public."cebuMap_cebubarangays_stage_1_id_seq"'::regclass);


--
-- Name: id; Type: DEFAULT; Schema: public; Owner: postgres
--

ALTER TABLE ONLY public."cebuMap_cebubarangays_stage_2" ALTER COLUMN id SET DEFAULT nextval('public."cebuMap_cebubarangays_stage_2_id_seq"'::regclass);


--
-- Name: id; Type: DEFAULT; Schema: public; Owner: postgres
--

ALTER TABLE ONLY public."cebuMap_cebubarangays_stage_3" ALTER COLUMN id SET DEFAULT nextval('public."cebuMap_cebubarangays_stage_3_id_seq"'::regclass);


--
-- Name: id; Type: DEFAULT; Schema: public; Owner: postgres
--

ALTER TABLE ONLY public."cebuMap_cebumap" ALTER COLUMN id SET DEFAULT nextval('public."cebuMap_cebumap_id_seq1"'::regclass);


--
-- Name: id; Type: DEFAULT; Schema: public; Owner: postgres
--

ALTER TABLE ONLY public."cebuMap_incidence" ALTER COLUMN id SET DEFAULT nextval('public."cebuMap_incidence_id_seq"'::regclass);


--
-- Name: id; Type: DEFAULT; Schema: public; Owner: postgres
--

ALTER TABLE ONLY public.django_admin_log ALTER COLUMN id SET DEFAULT nextval('public.django_admin_log_id_seq'::regclass);


--
-- Name: id; Type: DEFAULT; Schema: public; Owner: postgres
--

ALTER TABLE ONLY public.django_content_type ALTER COLUMN id SET DEFAULT nextval('public.django_content_type_id_seq'::regclass);


--
-- Name: id; Type: DEFAULT; Schema: public; Owner: postgres
--

ALTER TABLE ONLY public.django_migrations ALTER COLUMN id SET DEFAULT nextval('public.django_migrations_id_seq'::regclass);


--
-- Name: id; Type: DEFAULT; Schema: public; Owner: postgres
--

ALTER TABLE ONLY public.doctor_doctor ALTER COLUMN id SET DEFAULT nextval('public.doctor_doctor_id_seq'::regclass);


--
-- Name: id; Type: DEFAULT; Schema: public; Owner: postgres
--

ALTER TABLE ONLY public."doctor_doctor_doctorNotifs" ALTER COLUMN id SET DEFAULT nextval('public."doctor_doctor_doctorNotifs_id_seq"'::regclass);


--
-- Name: id; Type: DEFAULT; Schema: public; Owner: postgres
--

ALTER TABLE ONLY public.doctor_doctor_finished_scheds ALTER COLUMN id SET DEFAULT nextval('public.doctor_doctor_finished_scheds_id_seq'::regclass);


--
-- Name: id; Type: DEFAULT; Schema: public; Owner: postgres
--

ALTER TABLE ONLY public.doctor_doctor_new_notifs ALTER COLUMN id SET DEFAULT nextval('public.doctor_doctor_new_notifs_id_seq'::regclass);


--
-- Name: id; Type: DEFAULT; Schema: public; Owner: postgres
--

ALTER TABLE ONLY public.doctor_doctor_pending_scheds ALTER COLUMN id SET DEFAULT nextval('public.doctor_doctor_pending_scheds_id_seq'::regclass);


--
-- Name: id; Type: DEFAULT; Schema: public; Owner: postgres
--

ALTER TABLE ONLY public.doctor_doctor_rejected_scheds ALTER COLUMN id SET DEFAULT nextval('public.doctor_doctor_rejected_scheds_id_seq'::regclass);


--
-- Name: id; Type: DEFAULT; Schema: public; Owner: postgres
--

ALTER TABLE ONLY public.doctor_doctor_schedules ALTER COLUMN id SET DEFAULT nextval('public.doctor_doctor_schedules_id_seq'::regclass);


--
-- Name: id; Type: DEFAULT; Schema: public; Owner: postgres
--

ALTER TABLE ONLY public.doctor_doctornotification ALTER COLUMN id SET DEFAULT nextval('public.doctor_doctornotification_id_seq'::regclass);


--
-- Name: id; Type: DEFAULT; Schema: public; Owner: postgres
--

ALTER TABLE ONLY public.doctor_doctorschedule ALTER COLUMN id SET DEFAULT nextval('public.doctor_doctorschedule_id_seq'::regclass);


--
-- Name: id; Type: DEFAULT; Schema: public; Owner: postgres
--

ALTER TABLE ONLY public.doctor_doctorschedule_doc_remark ALTER COLUMN id SET DEFAULT nextval('public.doctor_doctorschedule_doc_remark_id_seq'::regclass);


--
-- Name: id; Type: DEFAULT; Schema: public; Owner: postgres
--

ALTER TABLE ONLY public.doctor_doctorschedule_users_viewed ALTER COLUMN id SET DEFAULT nextval('public.doctor_doctorschedule_doc_views_details_id_seq'::regclass);


--
-- Name: id; Type: DEFAULT; Schema: public; Owner: postgres
--

ALTER TABLE ONLY public.doctor_doctorstats ALTER COLUMN id SET DEFAULT nextval('public.doctor_doctorstats_id_seq'::regclass);


--
-- Name: id; Type: DEFAULT; Schema: public; Owner: postgres
--

ALTER TABLE ONLY public.doctor_doctorstats_monthly_stats ALTER COLUMN id SET DEFAULT nextval('public.doctor_doctorstats_monthly_stats_id_seq'::regclass);


--
-- Name: id; Type: DEFAULT; Schema: public; Owner: postgres
--

ALTER TABLE ONLY public.doctor_medicine ALTER COLUMN id SET DEFAULT nextval('public.doctor_medicine_id_seq'::regclass);


--
-- Name: id; Type: DEFAULT; Schema: public; Owner: postgres
--

ALTER TABLE ONLY public.doctor_monthlystatistics ALTER COLUMN id SET DEFAULT nextval('public.doctor_monthlystatistics_id_seq'::regclass);


--
-- Name: id; Type: DEFAULT; Schema: public; Owner: postgres
--

ALTER TABLE ONLY public.doctor_remark ALTER COLUMN id SET DEFAULT nextval('public.doctor_note_id_seq'::regclass);


--
-- Name: id; Type: DEFAULT; Schema: public; Owner: postgres
--

ALTER TABLE ONLY public.doctor_usersviewed ALTER COLUMN id SET DEFAULT nextval('public.doctor_usersviewed_id_seq'::regclass);


--
-- Name: id; Type: DEFAULT; Schema: public; Owner: postgres
--

ALTER TABLE ONLY public.patient_icrform ALTER COLUMN id SET DEFAULT nextval('public.patient_icrform_id_seq'::regclass);


--
-- Name: id; Type: DEFAULT; Schema: public; Owner: postgres
--

ALTER TABLE ONLY public.patient_icrform_docs_viewed ALTER COLUMN id SET DEFAULT nextval('public.patient_icrform_docs_viewed_id_seq'::regclass);


--
-- Name: id; Type: DEFAULT; Schema: public; Owner: postgres
--

ALTER TABLE ONLY public.patient_icrform_doctor_remarks ALTER COLUMN id SET DEFAULT nextval('public.patient_icrform_doctor_remarks_id_seq'::regclass);


--
-- Name: id; Type: DEFAULT; Schema: public; Owner: postgres
--

ALTER TABLE ONLY public.patient_medhistform ALTER COLUMN id SET DEFAULT nextval('public.patient_medhistform_id_seq'::regclass);


--
-- Name: id; Type: DEFAULT; Schema: public; Owner: postgres
--

ALTER TABLE ONLY public.patient_medhistform_docs_viewed ALTER COLUMN id SET DEFAULT nextval('public.patient_medhistform_docs_viewed_id_seq'::regclass);


--
-- Name: id; Type: DEFAULT; Schema: public; Owner: postgres
--

ALTER TABLE ONLY public.patient_medhistform_doctor_remarks ALTER COLUMN id SET DEFAULT nextval('public.patient_medhistform_doctor_remarks_id_seq'::regclass);


--
-- Name: id; Type: DEFAULT; Schema: public; Owner: postgres
--

ALTER TABLE ONLY public.patient_medication ALTER COLUMN id SET DEFAULT nextval('public.patient_medication_id_seq'::regclass);


--
-- Name: id; Type: DEFAULT; Schema: public; Owner: postgres
--

ALTER TABLE ONLY public.patient_patient_approved_schedules ALTER COLUMN id SET DEFAULT nextval('public."patient_patient_approvedScheds_id_seq"'::regclass);


--
-- Name: id; Type: DEFAULT; Schema: public; Owner: postgres
--

ALTER TABLE ONLY public.patient_patient_finished_schedules ALTER COLUMN id SET DEFAULT nextval('public."patient_patient_finishedScheds_id_seq"'::regclass);


--
-- Name: id; Type: DEFAULT; Schema: public; Owner: postgres
--

ALTER TABLE ONLY public.patient_patient_location_details ALTER COLUMN id SET DEFAULT nextval('public.patient_patient_location_details_id_seq'::regclass);


--
-- Name: id; Type: DEFAULT; Schema: public; Owner: postgres
--

ALTER TABLE ONLY public.patient_patient_medical_history ALTER COLUMN id SET DEFAULT nextval('public.patient_patient_medical_history_id_seq'::regclass);


--
-- Name: id; Type: DEFAULT; Schema: public; Owner: postgres
--

ALTER TABLE ONLY public.patient_patient_meds ALTER COLUMN id SET DEFAULT nextval('public.patient_patient_meds_id_seq'::regclass);


--
-- Name: id; Type: DEFAULT; Schema: public; Owner: postgres
--

ALTER TABLE ONLY public.patient_patient_my_doctors ALTER COLUMN id SET DEFAULT nextval('public."patient_patient_myDoctors_id_seq"'::regclass);


--
-- Name: id; Type: DEFAULT; Schema: public; Owner: postgres
--

ALTER TABLE ONLY public.patient_patient_patient_new_notifications ALTER COLUMN id SET DEFAULT nextval('public.patient_patient_new_patient_notifications_id_seq'::regclass);


--
-- Name: id; Type: DEFAULT; Schema: public; Owner: postgres
--

ALTER TABLE ONLY public.patient_patient_patient_notifications ALTER COLUMN id SET DEFAULT nextval('public."patient_patient_patientNotif_id_seq"'::regclass);


--
-- Name: id; Type: DEFAULT; Schema: public; Owner: postgres
--

ALTER TABLE ONLY public.patient_patient_pending_schedules ALTER COLUMN id SET DEFAULT nextval('public."patient_patient_pendingScheds_id_seq"'::regclass);


--
-- Name: id; Type: DEFAULT; Schema: public; Owner: postgres
--

ALTER TABLE ONLY public.patient_patient_personal_records ALTER COLUMN id SET DEFAULT nextval('public."patient_patient_personalRecord_id_seq"'::regclass);


--
-- Name: id; Type: DEFAULT; Schema: public; Owner: postgres
--

ALTER TABLE ONLY public.patient_patient_rejected_schedules ALTER COLUMN id SET DEFAULT nextval('public."patient_patient_rejectedScheds_id_seq"'::regclass);


--
-- Name: id; Type: DEFAULT; Schema: public; Owner: postgres
--

ALTER TABLE ONLY public.patient_patientlocationdetails ALTER COLUMN id SET DEFAULT nextval('public.patient_patientlocationdetails_id_seq'::regclass);


--
-- Name: id; Type: DEFAULT; Schema: public; Owner: postgres
--

ALTER TABLE ONLY public.patient_patientnotification ALTER COLUMN id SET DEFAULT nextval('public.patient_patientnotification_id_seq'::regclass);


--
-- Name: id; Type: DEFAULT; Schema: public; Owner: postgres
--

ALTER TABLE ONLY public.patient_patientsmonthlystatistics ALTER COLUMN id SET DEFAULT nextval('public.patient_patientsmonthlystatistics_id_seq'::regclass);


--
-- Name: id; Type: DEFAULT; Schema: public; Owner: postgres
--

ALTER TABLE ONLY public.patient_personalrecord ALTER COLUMN id SET DEFAULT nextval('public.patient_personalrecord_id_seq'::regclass);


--
-- Name: id; Type: DEFAULT; Schema: public; Owner: postgres
--

ALTER TABLE ONLY public.patient_personalrecord_comment ALTER COLUMN id SET DEFAULT nextval('public.patient_personalrecord_comment_id_seq'::regclass);


--
-- Name: id; Type: DEFAULT; Schema: public; Owner: postgres
--

ALTER TABLE ONLY public.patient_personalrecord_docs_viewed ALTER COLUMN id SET DEFAULT nextval('public.patient_personalrecord_docs_viewed_id_seq'::regclass);


--
-- Name: id; Type: DEFAULT; Schema: public; Owner: postgres
--

ALTER TABLE ONLY public.patient_profileform ALTER COLUMN id SET DEFAULT nextval('public.patient_profileform_id_seq'::regclass);


--
-- Name: id; Type: DEFAULT; Schema: public; Owner: postgres
--

ALTER TABLE ONLY public.patient_profileform_docs_viewed ALTER COLUMN id SET DEFAULT nextval('public.patient_profileform_docs_viewed_id_seq'::regclass);


--
-- Name: id; Type: DEFAULT; Schema: public; Owner: postgres
--

ALTER TABLE ONLY public.patient_profileform_doctor_remarks ALTER COLUMN id SET DEFAULT nextval('public.patient_profileform_doc_remarks_id_seq'::regclass);


--
-- Name: id; Type: DEFAULT; Schema: public; Owner: postgres
--

ALTER TABLE ONLY public.portal_adminnotification ALTER COLUMN id SET DEFAULT nextval('public.portal_adminnotification_id_seq'::regclass);


--
-- Data for Name: auth_group; Type: TABLE DATA; Schema: public; Owner: postgres
--

COPY public.auth_group (id, name) FROM stdin;
\.


--
-- Name: auth_group_id_seq; Type: SEQUENCE SET; Schema: public; Owner: postgres
--

SELECT pg_catalog.setval('public.auth_group_id_seq', 1, false);


--
-- Data for Name: auth_group_permissions; Type: TABLE DATA; Schema: public; Owner: postgres
--

COPY public.auth_group_permissions (id, group_id, permission_id) FROM stdin;
\.


--
-- Name: auth_group_permissions_id_seq; Type: SEQUENCE SET; Schema: public; Owner: postgres
--

SELECT pg_catalog.setval('public.auth_group_permissions_id_seq', 1, false);


--
-- Data for Name: auth_permission; Type: TABLE DATA; Schema: public; Owner: postgres
--

COPY public.auth_permission (id, name, content_type_id, codename) FROM stdin;
1	Can add log entry	1	add_logentry
2	Can change log entry	1	change_logentry
3	Can delete log entry	1	delete_logentry
4	Can view log entry	1	view_logentry
5	Can add group	4	add_group
6	Can change group	4	change_group
7	Can delete group	4	delete_group
8	Can view group	4	view_group
9	Can add permission	2	add_permission
10	Can change permission	2	change_permission
11	Can delete permission	2	delete_permission
12	Can view permission	2	view_permission
13	Can add user	3	add_user
14	Can change user	3	change_user
15	Can delete user	3	delete_user
16	Can view user	3	view_user
17	Can add content type	5	add_contenttype
18	Can change content type	5	change_contenttype
19	Can delete content type	5	delete_contenttype
20	Can view content type	5	view_contenttype
21	Can add session	6	add_session
22	Can change session	6	change_session
23	Can delete session	6	delete_session
24	Can view session	6	view_session
25	Can add admin notification	7	add_adminnotification
26	Can change admin notification	7	change_adminnotification
27	Can delete admin notification	7	delete_adminnotification
28	Can view admin notification	7	view_adminnotification
29	Can add doctor schedule	11	add_doctorschedule
30	Can change doctor schedule	11	change_doctorschedule
31	Can delete doctor schedule	11	delete_doctorschedule
32	Can view doctor schedule	11	view_doctorschedule
33	Can add doctor	15	add_doctor
34	Can change doctor	15	change_doctor
35	Can delete doctor	15	delete_doctor
36	Can view doctor	15	view_doctor
37	Can add doctor notification	14	add_doctornotification
38	Can change doctor notification	14	change_doctornotification
39	Can delete doctor notification	14	delete_doctornotification
40	Can view doctor notification	14	view_doctornotification
41	Can add doctor stats	10	add_doctorstats
42	Can change doctor stats	10	change_doctorstats
43	Can delete doctor stats	10	delete_doctorstats
44	Can view doctor stats	10	view_doctorstats
45	Can add users viewed	9	add_usersviewed
46	Can change users viewed	9	change_usersviewed
47	Can delete users viewed	9	delete_usersviewed
48	Can view users viewed	9	view_usersviewed
49	Can add remark	13	add_remark
50	Can change remark	13	change_remark
51	Can delete remark	13	delete_remark
52	Can view remark	13	view_remark
53	Can add monthly statistics	8	add_monthlystatistics
54	Can change monthly statistics	8	change_monthlystatistics
55	Can delete monthly statistics	8	delete_monthlystatistics
56	Can view monthly statistics	8	view_monthlystatistics
57	Can add medicine	12	add_medicine
58	Can change medicine	12	change_medicine
59	Can delete medicine	12	delete_medicine
60	Can view medicine	12	view_medicine
61	Can add patient location details	24	add_patientlocationdetails
62	Can change patient location details	24	change_patientlocationdetails
63	Can delete patient location details	24	delete_patientlocationdetails
64	Can view patient location details	24	view_patientlocationdetails
65	Can add icr form	19	add_icrform
66	Can change icr form	19	change_icrform
67	Can delete icr form	19	delete_icrform
68	Can view icr form	19	view_icrform
69	Can add medication	23	add_medication
70	Can change medication	23	change_medication
71	Can delete medication	23	delete_medication
72	Can view medication	23	view_medication
73	Can add patient notification	17	add_patientnotification
74	Can change patient notification	17	change_patientnotification
75	Can delete patient notification	17	delete_patientnotification
76	Can view patient notification	17	view_patientnotification
77	Can add patients monthly statistics	22	add_patientsmonthlystatistics
78	Can change patients monthly statistics	22	change_patientsmonthlystatistics
79	Can delete patients monthly statistics	22	delete_patientsmonthlystatistics
80	Can view patients monthly statistics	22	view_patientsmonthlystatistics
81	Can add med hist form	18	add_medhistform
82	Can change med hist form	18	change_medhistform
83	Can delete med hist form	18	delete_medhistform
84	Can view med hist form	18	view_medhistform
85	Can add personal record	16	add_personalrecord
86	Can change personal record	16	change_personalrecord
87	Can delete personal record	16	delete_personalrecord
88	Can view personal record	16	view_personalrecord
89	Can add patient	21	add_patient
90	Can change patient	21	change_patient
91	Can delete patient	21	delete_patient
92	Can view patient	21	view_patient
93	Can add profile form	20	add_profileform
94	Can change profile form	20	change_profileform
95	Can delete profile form	20	delete_profileform
96	Can view profile form	20	view_profileform
97	Can add cebu barangays	25	add_cebubarangays
98	Can change cebu barangays	25	change_cebubarangays
99	Can delete cebu barangays	25	delete_cebubarangays
100	Can view cebu barangays	25	view_cebubarangays
101	Can add incidence	26	add_incidence
102	Can change incidence	26	change_incidence
103	Can delete incidence	26	delete_incidence
104	Can view incidence	26	view_incidence
105	Can add cebu map	27	add_cebumap
106	Can change cebu map	27	change_cebumap
107	Can delete cebu map	27	delete_cebumap
108	Can view cebu map	27	view_cebumap
\.


--
-- Name: auth_permission_id_seq; Type: SEQUENCE SET; Schema: public; Owner: postgres
--

SELECT pg_catalog.setval('public.auth_permission_id_seq', 108, true);


--
-- Data for Name: auth_user; Type: TABLE DATA; Schema: public; Owner: postgres
--

COPY public.auth_user (id, password, last_login, is_superuser, username, first_name, last_name, email, is_staff, is_active, date_joined) FROM stdin;
1	pbkdf2_sha256$150000$cZEZDkMIn8Gm$5MYbb9u53XaXRmf3Q/4woSZ9XIaathK/dqzMo6cTNY4=	2020-02-11 15:38:03.459224+00	t	denden			dendenvelcu@gmail.com	t	t	2020-02-10 17:10:06.826516+00
\.


--
-- Data for Name: auth_user_groups; Type: TABLE DATA; Schema: public; Owner: postgres
--

COPY public.auth_user_groups (id, user_id, group_id) FROM stdin;
\.


--
-- Name: auth_user_groups_id_seq; Type: SEQUENCE SET; Schema: public; Owner: postgres
--

SELECT pg_catalog.setval('public.auth_user_groups_id_seq', 1, false);


--
-- Name: auth_user_id_seq; Type: SEQUENCE SET; Schema: public; Owner: postgres
--

SELECT pg_catalog.setval('public.auth_user_id_seq', 1, true);


--
-- Data for Name: auth_user_user_permissions; Type: TABLE DATA; Schema: public; Owner: postgres
--

COPY public.auth_user_user_permissions (id, user_id, permission_id) FROM stdin;
\.


--
-- Name: auth_user_user_permissions_id_seq; Type: SEQUENCE SET; Schema: public; Owner: postgres
--

SELECT pg_catalog.setval('public.auth_user_user_permissions_id_seq', 1, false);


--
-- Data for Name: cebuMap_cebubarangays; Type: TABLE DATA; Schema: public; Owner: postgres
--

COPY public."cebuMap_cebubarangays" (id, objectid, iso, name_0, name_1, varname_1, nl_name_1, hasc_1, fips_1, cc_1, type_1, engtype_1, validfr_1, validto_1, remarks_1, name_2, varname_2, nl_name_2, hasc_2, fips_2, cc_2, type_2, engtype_2, validfr_2, validto_2, remarks_2, name_3, varname_3, nl_name_3, hasc_3, type_3, engtype_3, validfr_3, validto_3, remarks_3, name_4, varname_4, type_4, engtype_4, validfr_4, validto_4, remarks_4, name_5, type_5, engtype_5, validfr_5, validto_5, shape_leng, shape_area, bngy, psgc_bgy, geom) FROM stdin;
\.


--
-- Data for Name: cebuMap_cebubarangays_deceased; Type: TABLE DATA; Schema: public; Owner: postgres
--

COPY public."cebuMap_cebubarangays_deceased" (id, cebubarangays_id, patient_id) FROM stdin;
\.


--
-- Name: cebuMap_cebubarangays_deceased_id_seq; Type: SEQUENCE SET; Schema: public; Owner: postgres
--

SELECT pg_catalog.setval('public."cebuMap_cebubarangays_deceased_id_seq"', 1, false);


--
-- Data for Name: cebuMap_cebubarangays_for_screening; Type: TABLE DATA; Schema: public; Owner: postgres
--

COPY public."cebuMap_cebubarangays_for_screening" (id, cebubarangays_id, patient_id) FROM stdin;
\.


--
-- Data for Name: cebuMap_cebubarangays_hiv_pop; Type: TABLE DATA; Schema: public; Owner: postgres
--

COPY public."cebuMap_cebubarangays_hiv_pop" (id, cebubarangays_id, patient_id) FROM stdin;
\.


--
-- Name: cebuMap_cebubarangays_hiv_pop_id_seq; Type: SEQUENCE SET; Schema: public; Owner: postgres
--

SELECT pg_catalog.setval('public."cebuMap_cebubarangays_hiv_pop_id_seq"', 1, false);


--
-- Name: cebuMap_cebubarangays_id_seq; Type: SEQUENCE SET; Schema: public; Owner: postgres
--

SELECT pg_catalog.setval('public."cebuMap_cebubarangays_id_seq"', 1, false);


--
-- Data for Name: cebuMap_cebubarangays_migrated; Type: TABLE DATA; Schema: public; Owner: postgres
--

COPY public."cebuMap_cebubarangays_migrated" (id, cebubarangays_id, patient_id) FROM stdin;
\.


--
-- Name: cebuMap_cebubarangays_migrated_id_seq; Type: SEQUENCE SET; Schema: public; Owner: postgres
--

SELECT pg_catalog.setval('public."cebuMap_cebubarangays_migrated_id_seq"', 1, false);


--
-- Name: cebuMap_cebubarangays_no_hiv_id_seq; Type: SEQUENCE SET; Schema: public; Owner: postgres
--

SELECT pg_catalog.setval('public."cebuMap_cebubarangays_no_hiv_id_seq"', 1, false);


--
-- Data for Name: cebuMap_cebubarangays_stage_0; Type: TABLE DATA; Schema: public; Owner: postgres
--

COPY public."cebuMap_cebubarangays_stage_0" (id, cebubarangays_id, patient_id) FROM stdin;
\.


--
-- Name: cebuMap_cebubarangays_stage_0_id_seq; Type: SEQUENCE SET; Schema: public; Owner: postgres
--

SELECT pg_catalog.setval('public."cebuMap_cebubarangays_stage_0_id_seq"', 1, false);


--
-- Data for Name: cebuMap_cebubarangays_stage_1; Type: TABLE DATA; Schema: public; Owner: postgres
--

COPY public."cebuMap_cebubarangays_stage_1" (id, cebubarangays_id, patient_id) FROM stdin;
\.


--
-- Name: cebuMap_cebubarangays_stage_1_id_seq; Type: SEQUENCE SET; Schema: public; Owner: postgres
--

SELECT pg_catalog.setval('public."cebuMap_cebubarangays_stage_1_id_seq"', 1, false);


--
-- Data for Name: cebuMap_cebubarangays_stage_2; Type: TABLE DATA; Schema: public; Owner: postgres
--

COPY public."cebuMap_cebubarangays_stage_2" (id, cebubarangays_id, patient_id) FROM stdin;
\.


--
-- Name: cebuMap_cebubarangays_stage_2_id_seq; Type: SEQUENCE SET; Schema: public; Owner: postgres
--

SELECT pg_catalog.setval('public."cebuMap_cebubarangays_stage_2_id_seq"', 1, false);


--
-- Data for Name: cebuMap_cebubarangays_stage_3; Type: TABLE DATA; Schema: public; Owner: postgres
--

COPY public."cebuMap_cebubarangays_stage_3" (id, cebubarangays_id, patient_id) FROM stdin;
\.


--
-- Name: cebuMap_cebubarangays_stage_3_id_seq; Type: SEQUENCE SET; Schema: public; Owner: postgres
--

SELECT pg_catalog.setval('public."cebuMap_cebubarangays_stage_3_id_seq"', 1, false);


--
-- Data for Name: cebuMap_cebumap; Type: TABLE DATA; Schema: public; Owner: postgres
--

COPY public."cebuMap_cebumap" (id, location) FROM stdin;
\.


--
-- Name: cebuMap_cebumap_id_seq1; Type: SEQUENCE SET; Schema: public; Owner: postgres
--

SELECT pg_catalog.setval('public."cebuMap_cebumap_id_seq1"', 1, false);


--
-- Data for Name: cebuMap_incidence; Type: TABLE DATA; Schema: public; Owner: postgres
--

COPY public."cebuMap_incidence" (id, name, address, city, location) FROM stdin;
\.


--
-- Name: cebuMap_incidence_id_seq; Type: SEQUENCE SET; Schema: public; Owner: postgres
--

SELECT pg_catalog.setval('public."cebuMap_incidence_id_seq"', 1, false);


--
-- Data for Name: django_admin_log; Type: TABLE DATA; Schema: public; Owner: postgres
--

COPY public.django_admin_log (id, action_time, object_id, object_repr, action_flag, change_message, content_type_id, user_id) FROM stdin;
\.


--
-- Name: django_admin_log_id_seq; Type: SEQUENCE SET; Schema: public; Owner: postgres
--

SELECT pg_catalog.setval('public.django_admin_log_id_seq', 1, false);


--
-- Data for Name: django_content_type; Type: TABLE DATA; Schema: public; Owner: postgres
--

COPY public.django_content_type (id, app_label, model) FROM stdin;
1	admin	logentry
2	auth	permission
3	auth	user
4	auth	group
5	contenttypes	contenttype
6	sessions	session
7	portal	adminnotification
8	doctor	monthlystatistics
9	doctor	usersviewed
10	doctor	doctorstats
11	doctor	doctorschedule
12	doctor	medicine
13	doctor	remark
14	doctor	doctornotification
15	doctor	doctor
16	patient	personalrecord
17	patient	patientnotification
18	patient	medhistform
19	patient	icrform
20	patient	profileform
21	patient	patient
22	patient	patientsmonthlystatistics
23	patient	medication
24	patient	patientlocationdetails
25	cebuMap	cebubarangays
26	cebuMap	incidence
27	cebuMap	cebumap
\.


--
-- Name: django_content_type_id_seq; Type: SEQUENCE SET; Schema: public; Owner: postgres
--

SELECT pg_catalog.setval('public.django_content_type_id_seq', 27, true);


--
-- Data for Name: django_migrations; Type: TABLE DATA; Schema: public; Owner: postgres
--

COPY public.django_migrations (id, app, name, applied) FROM stdin;
1	contenttypes	0001_initial	2020-02-07 14:25:48.775194+00
2	auth	0001_initial	2020-02-07 14:25:48.992976+00
3	admin	0001_initial	2020-02-07 14:25:49.289312+00
4	admin	0002_logentry_remove_auto_add	2020-02-07 14:25:49.357258+00
5	admin	0003_logentry_add_action_flag_choices	2020-02-07 14:25:49.383557+00
6	contenttypes	0002_remove_content_type_name	2020-02-07 14:25:49.436662+00
7	auth	0002_alter_permission_name_max_length	2020-02-07 14:25:49.453199+00
8	auth	0003_alter_user_email_max_length	2020-02-07 14:25:49.475609+00
9	auth	0004_alter_user_username_opts	2020-02-07 14:25:49.498767+00
10	auth	0005_alter_user_last_login_null	2020-02-07 14:25:49.524913+00
11	auth	0006_require_contenttypes_0002	2020-02-07 14:25:49.532855+00
12	auth	0007_alter_validators_add_error_messages	2020-02-07 14:25:49.554085+00
13	auth	0008_alter_user_username_max_length	2020-02-07 14:25:49.594166+00
14	auth	0009_alter_user_last_name_max_length	2020-02-07 14:25:49.617319+00
15	auth	0010_alter_group_name_max_length	2020-02-07 14:25:49.639291+00
16	auth	0011_update_proxy_permissions	2020-02-07 14:25:49.66339+00
17	doctor	0001_initial	2020-02-07 14:25:49.996909+00
18	patient	0001_initial	2020-02-07 14:25:51.124204+00
19	patient	0002_auto_20191104_1926	2020-02-07 14:25:51.933508+00
20	patient	0003_auto_20191104_1939	2020-02-07 14:25:52.757042+00
21	patient	0004_auto_20191104_1947	2020-02-07 14:25:52.960701+00
22	patient	0005_auto_20191104_1955	2020-02-07 14:25:53.029751+00
23	patient	0006_patientlocationdetails	2020-02-07 14:25:53.09167+00
24	patient	0007_patient_locationdetails	2020-02-07 14:25:53.187833+00
25	patient	0008_auto_20191105_2255	2020-02-07 14:25:53.402718+00
26	patient	0009_auto_20191108_1032	2020-02-07 14:25:53.667478+00
27	patient	0010_delete_comment	2020-02-07 14:25:53.682452+00
28	patient	0011_auto_20191108_1533	2020-02-07 14:25:53.806102+00
29	patient	0012_auto_20191108_1540	2020-02-07 14:25:53.926514+00
30	patient	0013_auto_20191108_1543	2020-02-07 14:25:54.016139+00
31	patient	0014_auto_20191108_1555	2020-02-07 14:25:54.063175+00
32	patient	0015_auto_20191108_1557	2020-02-07 14:25:54.106953+00
33	patient	0016_auto_20191108_1559	2020-02-07 14:25:54.177882+00
34	patient	0017_auto_20191108_1601	2020-02-07 14:25:54.248461+00
35	patient	0018_auto_20191108_1604	2020-02-07 14:25:54.310885+00
36	patient	0019_auto_20191108_1610	2020-02-07 14:25:54.388045+00
37	patient	0020_auto_20191108_1612	2020-02-07 14:25:54.465563+00
38	patient	0021_auto_20191108_1625	2020-02-07 14:25:55.078496+00
39	patient	0022_auto_20191108_1649	2020-02-07 14:25:55.525226+00
40	patient	0023_auto_20191108_1702	2020-02-07 14:25:55.813245+00
41	patient	0024_auto_20191108_1707	2020-02-07 14:25:56.000154+00
42	patient	0025_auto_20191108_1754	2020-02-07 14:25:56.206799+00
43	patient	0026_auto_20191108_1827	2020-02-07 14:25:56.309511+00
44	patient	0027_auto_20191110_1801	2020-02-07 14:25:56.803462+00
45	patient	0028_auto_20191110_1806	2020-02-07 14:25:56.965764+00
46	patient	0029_auto_20191110_2303	2020-02-07 14:25:57.131156+00
47	patient	0030_auto_20191110_2311	2020-02-07 14:25:57.348773+00
48	patient	0031_auto_20191110_2332	2020-02-07 14:25:57.653616+00
49	patient	0032_auto_20191110_2342	2020-02-07 14:25:57.821773+00
50	patient	0033_auto_20191110_2346	2020-02-07 14:25:58.011496+00
51	patient	0034_auto_20191110_2352	2020-02-07 14:25:58.230642+00
52	patient	0035_auto_20191110_2353	2020-02-07 14:25:58.472648+00
53	patient	0036_auto_20191110_2355	2020-02-07 14:25:58.631333+00
54	patient	0037_auto_20191110_2356	2020-02-07 14:25:58.765348+00
55	patient	0038_auto_20191111_0026	2020-02-07 14:25:58.979731+00
56	patient	0039_auto_20191111_0043	2020-02-07 14:25:59.146951+00
57	patient	0040_auto_20191111_0045	2020-02-07 14:25:59.177252+00
58	patient	0041_patient_new_patient_notifications	2020-02-07 14:25:59.24503+00
59	patient	0042_auto_20191111_0157	2020-02-07 14:25:59.394364+00
60	patient	0043_auto_20191111_1607	2020-02-07 14:25:59.432897+00
61	patient	0044_auto_20191111_2049	2020-02-07 14:25:59.483253+00
62	patient	0045_auto_20191111_2054	2020-02-07 14:25:59.561421+00
63	patient	0046_auto_20191112_0038	2020-02-07 14:25:59.603852+00
64	patient	0047_auto_20191112_0049	2020-02-07 14:25:59.741239+00
65	patient	0048_auto_20191118_1145	2020-02-07 14:25:59.764245+00
66	patient	0049_patientnotification_action_type	2020-02-07 14:25:59.828002+00
67	patient	0050_patientnotification_action_pk	2020-02-07 14:25:59.893658+00
68	doctor	0002_auto_20191108_1437	2020-02-07 14:25:59.917337+00
69	doctor	0003_auto_20191108_1506	2020-02-07 14:25:59.986517+00
70	doctor	0004_auto_20191108_1515	2020-02-07 14:26:00.198111+00
71	doctor	0005_auto_20191110_1806	2020-02-07 14:26:00.31995+00
72	doctor	0006_auto_20191110_2303	2020-02-07 14:26:00.735321+00
73	doctor	0007_auto_20191110_2311	2020-02-07 14:26:00.833076+00
74	doctor	0008_auto_20191110_2332	2020-02-07 14:26:01.086808+00
75	doctor	0009_auto_20191110_2342	2020-02-07 14:26:01.252285+00
76	doctor	0010_auto_20191110_2346	2020-02-07 14:26:01.355805+00
77	doctor	0011_auto_20191110_2352	2020-02-07 14:26:01.451947+00
78	doctor	0012_auto_20191110_2353	2020-02-07 14:26:01.54683+00
79	doctor	0013_auto_20191110_2355	2020-02-07 14:26:01.64508+00
80	doctor	0014_auto_20191110_2356	2020-02-07 14:26:01.812228+00
81	doctor	0015_auto_20191110_2357	2020-02-07 14:26:01.955333+00
82	doctor	0016_auto_20191111_0004	2020-02-07 14:26:01.983989+00
83	doctor	0017_auto_20191111_0004	2020-02-07 14:26:02.006762+00
84	doctor	0018_auto_20191111_0006	2020-02-07 14:26:02.030687+00
85	doctor	0019_auto_20191111_0006	2020-02-07 14:26:02.069394+00
86	doctor	0020_auto_20191111_0026	2020-02-07 14:26:02.110116+00
87	doctor	0021_auto_20191111_0043	2020-02-07 14:26:02.251127+00
88	doctor	0022_doctorschedule_new_notif_count	2020-02-07 14:26:02.297521+00
89	doctor	0023_doctor_new_notifs	2020-02-07 14:26:02.349972+00
90	doctor	0024_auto_20191111_0053	2020-02-07 14:26:02.745317+00
91	doctor	0025_auto_20191111_2049	2020-02-07 14:26:02.793069+00
92	doctor	0026_auto_20191111_2054	2020-02-07 14:26:02.840487+00
93	doctor	0027_auto_20191112_0038	2020-02-07 14:26:02.983637+00
94	doctor	0028_auto_20191112_0049	2020-02-07 14:26:03.030089+00
95	doctor	0029_auto_20191118_2239	2020-02-07 14:26:03.175278+00
96	doctor	0030_auto_20191118_2251	2020-02-07 14:26:03.209267+00
97	doctor	0031_auto_20191118_2307	2020-02-07 14:26:03.243942+00
98	doctor	0032_auto_20191119_1157	2020-02-07 14:26:03.374435+00
99	doctor	0033_auto_20191120_0116	2020-02-07 14:26:03.59379+00
100	patient	0051_auto_20191120_0123	2020-02-07 14:26:03.915973+00
101	patient	0052_patientlocationdetails_hiv_level	2020-02-07 14:26:04.210653+00
102	patient	0053_auto_20191129_1233	2020-02-07 14:26:04.300115+00
103	patient	0054_patient_date_created	2020-02-07 14:26:04.436111+00
104	patient	0055_auto_20191203_1118	2020-02-07 14:26:04.58645+00
105	patient	0056_patient_home_address	2020-02-07 14:26:04.785191+00
106	patient	0057_patient_tel_number	2020-02-07 14:26:04.962079+00
107	patient	0058_patientnotification_status	2020-02-07 14:26:05.033939+00
108	patient	0059_auto_20191216_0029	2020-02-07 14:26:05.496621+00
109	patient	0060_auto_20191216_0142	2020-02-07 14:26:05.594192+00
110	patient	0061_auto_20191216_0144	2020-02-07 14:26:05.634845+00
111	patient	0062_auto_20191216_1032	2020-02-07 14:26:05.76206+00
112	patient	0063_patient_meds	2020-02-07 14:26:05.8781+00
113	patient	0064_medication_parent_pk	2020-02-07 14:26:06.023298+00
114	patient	0065_auto_20191218_1926	2020-02-07 14:26:06.117856+00
115	patient	0066_auto_20191218_1958	2020-02-07 14:26:06.159988+00
116	patient	0067_auto_20191218_2005	2020-02-07 14:26:06.297177+00
117	patient	0068_auto_20191218_2006	2020-02-07 14:26:06.422067+00
118	patient	0069_auto_20191219_1520	2020-02-07 14:26:06.610687+00
119	patient	0070_auto_20191219_1521	2020-02-07 14:26:06.801757+00
120	patient	0071_patient_status	2020-02-07 14:26:06.94171+00
121	patient	0072_patientlocationdetails_patient_pk	2020-02-07 14:26:07.025746+00
122	patient	0073_auto_20200107_1215	2020-02-07 14:26:07.069943+00
123	cebuMap	0001_initial	2020-02-07 14:26:07.198469+00
124	cebuMap	0002_auto_20191106_1743	2020-02-07 14:26:07.404315+00
125	cebuMap	0003_cebumap	2020-02-07 14:26:07.433512+00
126	cebuMap	0004_cebumap_location	2020-02-07 14:26:07.461454+00
127	cebuMap	0005_auto_20191106_1755	2020-02-07 14:26:07.475823+00
128	cebuMap	0006_remove_cebumap_location	2020-02-07 14:26:07.490098+00
129	cebuMap	0007_auto_20191106_1801	2020-02-07 14:26:07.50182+00
130	cebuMap	0008_cebumap_location	2020-02-07 14:26:07.517594+00
131	cebuMap	0009_auto_20191106_1806	2020-02-07 14:26:07.53662+00
132	cebuMap	0010_auto_20191106_1815	2020-02-07 14:26:07.553429+00
133	cebuMap	0011_auto_20191106_1825	2020-02-07 14:26:07.568737+00
134	cebuMap	0012_auto_20191106_1833	2020-02-07 14:26:07.584489+00
135	cebuMap	0013_auto_20191106_1855	2020-02-07 14:26:07.672136+00
136	cebuMap	0014_auto_20191106_1902	2020-02-07 14:26:07.693955+00
137	cebuMap	0015_remove_cebumap_ceb_map	2020-02-07 14:26:07.706858+00
138	cebuMap	0016_auto_20191107_1536	2020-02-07 14:26:07.742619+00
139	cebuMap	0017_auto_20191122_1024	2020-02-07 14:26:07.778502+00
140	cebuMap	0018_cebubarangays	2020-02-07 14:26:07.835411+00
141	cebuMap	0019_delete_cebubrgys	2020-02-07 14:26:07.852238+00
142	cebuMap	0020_auto_20191213_1227	2020-02-07 14:26:08.357245+00
143	cebuMap	0021_auto_20191213_1329	2020-02-07 14:26:11.340079+00
144	cebuMap	0022_auto_20191213_1338	2020-02-07 14:26:11.577146+00
145	cebuMap	0023_auto_20191213_1716	2020-02-07 14:26:12.069963+00
146	cebuMap	0024_auto_20200107_1215	2020-02-07 14:26:12.478733+00
147	cebuMap	0025_auto_20200107_1434	2020-02-07 14:26:12.839949+00
148	doctor	0034_usersviewed_file_owner	2020-02-07 14:26:13.015361+00
149	doctor	0035_auto_20191120_0233	2020-02-07 14:26:13.175164+00
150	doctor	0036_remark_remark_parent_type	2020-02-07 14:26:13.426393+00
151	doctor	0037_auto_20191120_1505	2020-02-07 14:26:13.547119+00
152	doctor	0038_auto_20191120_1530	2020-02-07 14:26:13.689819+00
153	doctor	0039_remark_seen_date	2020-02-07 14:26:13.777839+00
154	doctor	0040_auto_20191125_1034	2020-02-07 14:26:13.915687+00
155	doctor	0041_doctorschedule_action_taken	2020-02-07 14:26:14.005376+00
156	doctor	0042_auto_20191129_1002	2020-02-07 14:26:14.161369+00
157	doctor	0043_auto_20191203_1118	2020-02-07 14:26:14.381988+00
158	doctor	0044_medicine	2020-02-07 14:26:14.430367+00
159	doctor	0045_doctorstats_updated_on	2020-02-07 14:26:14.488068+00
160	doctor	0046_auto_20191219_2149	2020-02-07 14:26:14.526764+00
161	doctor	0047_remove_doctorstats_updated_on	2020-02-07 14:26:14.551369+00
162	doctor	0048_auto_20191219_2250	2020-02-07 14:26:14.580343+00
163	doctor	0049_auto_20191219_2302	2020-02-07 14:26:14.688668+00
164	doctor	0050_auto_20191220_1631	2020-02-07 14:26:14.817185+00
165	doctor	0051_auto_20191221_0045	2020-02-07 14:26:14.900705+00
166	doctor	0052_auto_20191221_0056	2020-02-07 14:26:15.044697+00
167	doctor	0053_monthlystatistics_created_date	2020-02-07 14:26:15.097604+00
168	doctor	0054_auto_20191221_0215	2020-02-07 14:26:15.11767+00
169	doctor	0055_auto_20191221_0316	2020-02-07 14:26:15.174578+00
170	doctor	0056_auto_20191221_0331	2020-02-07 14:26:15.208606+00
171	doctor	0057_auto_20191221_0339	2020-02-07 14:26:15.230142+00
172	doctor	0058_auto_20200107_1215	2020-02-07 14:26:15.248196+00
173	doctor	0059_auto_20200107_1236	2020-02-07 14:26:15.326721+00
174	doctor	0060_auto_20200117_1628	2020-02-07 14:26:15.352808+00
175	doctor	0061_auto_20200117_1642	2020-02-07 14:26:15.608446+00
176	doctor	0062_auto_20200117_1647	2020-02-07 14:26:15.817836+00
177	doctor	0063_auto_20200117_1652	2020-02-07 14:26:15.841313+00
178	doctor	0064_auto_20200117_1654	2020-02-07 14:26:15.856193+00
179	doctor	0065_auto_20200121_1722	2020-02-07 14:26:15.869527+00
180	doctor	0066_auto_20200123_1357	2020-02-07 14:26:15.882311+00
181	doctor	0067_auto_20200124_1133	2020-02-07 14:26:15.898521+00
182	doctor	0068_auto_20200124_1732	2020-02-07 14:26:16.030196+00
183	doctor	0069_auto_20200124_1807	2020-02-07 14:26:16.079993+00
184	doctor	0070_auto_20200125_2257	2020-02-07 14:26:16.46987+00
185	doctor	0071_auto_20200127_1140	2020-02-07 14:26:16.622683+00
186	doctor	0072_doctor_doc_image	2020-02-07 14:26:16.7717+00
187	doctor	0073_auto_20200128_1300	2020-02-07 14:26:16.827668+00
188	doctor	0074_doctornotification_notif_status	2020-02-07 14:26:16.891843+00
189	doctor	0075_auto_20200201_1504	2020-02-07 14:26:16.938194+00
190	doctor	0076_auto_20200201_1507	2020-02-07 14:26:16.984152+00
191	doctor	0077_auto_20200201_1510	2020-02-07 14:26:17.024351+00
192	patient	0074_auto_20200108_0010	2020-02-07 14:26:17.082113+00
193	patient	0075_patientlocationdetails_status	2020-02-07 14:26:17.157627+00
194	patient	0076_auto_20200109_1500	2020-02-07 14:26:17.195805+00
195	patient	0077_patientlocationdetails_gen_loc	2020-02-07 14:26:17.261265+00
196	patient	0078_auto_20200123_2207	2020-02-07 14:26:17.297278+00
197	patient	0079_patient_slug	2020-02-07 14:26:17.421264+00
198	patient	0080_auto_20200124_1732	2020-02-07 14:26:17.56308+00
199	patient	0081_auto_20200124_1808	2020-02-07 14:26:17.682828+00
200	patient	0082_auto_20200127_1140	2020-02-07 14:26:17.854246+00
201	patient	0083_monthlystatistics	2020-02-07 14:26:17.894509+00
202	patient	0084_auto_20200127_1525	2020-02-07 14:26:17.937402+00
203	patient	0085_auto_20200127_1543	2020-02-07 14:26:17.99668+00
204	patient	0086_auto_20200128_1056	2020-02-07 14:26:18.065732+00
205	patient	0087_auto_20200128_1058	2020-02-07 14:26:18.125078+00
206	patient	0088_patientnotification_notif_status	2020-02-07 14:26:18.18878+00
207	patient	0089_patient_patient_image	2020-02-07 14:26:18.433783+00
208	patient	0090_auto_20200201_1504	2020-02-07 14:26:18.528744+00
209	patient	0091_auto_20200201_1507	2020-02-07 14:26:18.602486+00
210	patient	0092_auto_20200201_1510	2020-02-07 14:26:18.666604+00
211	portal	0001_initial	2020-02-07 14:26:18.69655+00
212	sessions	0001_initial	2020-02-07 14:26:18.824737+00
213	patient	0093_remove_medhistform_doctor_remarks	2020-02-11 04:27:53.753066+00
214	patient	0094_medhistform_doctor_remarks	2020-02-11 04:30:09.906121+00
215	patient	0095_remove_icrform_doctor_remarks	2020-02-11 05:29:27.274945+00
216	patient	0096_icrform_doctor_remarks	2020-02-11 05:31:37.511306+00
\.


--
-- Name: django_migrations_id_seq; Type: SEQUENCE SET; Schema: public; Owner: postgres
--

SELECT pg_catalog.setval('public.django_migrations_id_seq', 216, true);


--
-- Data for Name: django_session; Type: TABLE DATA; Schema: public; Owner: postgres
--

COPY public.django_session (session_key, session_data, expire_date) FROM stdin;
g8a5pvcvnxonhyrg06yr8htj49mkhqqk	OWEwNDNlZjgzN2UwNzgyYTc3ZDQ0YzA5MzJjYWRkMjg2NDY5YTc0Mjp7Il9hdXRoX3VzZXJfaWQiOiIxIiwicGF0aWVudC11bmFtZS1sb2NhbCI6InNhcnJhaGgiLCJkb2MtbmFtZS1sb2NhbCI6Ik1hcmlhIFQuIExhc3RpbW9zYSIsIl9hdXRoX3VzZXJfYmFja2VuZCI6ImRqYW5nby5jb250cmliLmF1dGguYmFja2VuZHMuTW9kZWxCYWNrZW5kIiwiX2F1dGhfdXNlcl9oYXNoIjoiMTk2NzU4MTBiZGY0MDJiYWJjMjM2YzlmNTE1ZTE2MDBmMTQ4NDIxYyJ9	2020-02-25 08:18:10.062321+00
3u600pygh6tj22t7i86fil772f6w55bd	ZjdkNjhjNTllNGNiMjAzYjEwMzI2OTNlNGQ0ZTRmOGM0Zjk5NWU5NTp7Il9hdXRoX3VzZXJfaGFzaCI6IjE5Njc1ODEwYmRmNDAyYmFiYzIzNmM5ZjUxNWUxNjAwZjE0ODQyMWMiLCJwYXRpZW50LXVuYW1lLWxvY2FsIjoic2hpZWxhIiwiX2F1dGhfdXNlcl9iYWNrZW5kIjoiZGphbmdvLmNvbnRyaWIuYXV0aC5iYWNrZW5kcy5Nb2RlbEJhY2tlbmQiLCJkb2MtbmFtZS1sb2NhbCI6Ikpvc2VwaCBSLiBMYWtlIiwiX2F1dGhfdXNlcl9pZCI6IjEifQ==	2020-02-25 15:59:02.378997+00
\.


--
-- Data for Name: doctor_doctor; Type: TABLE DATA; Schema: public; Owner: postgres
--

COPY public.doctor_doctor (id, name, slug, birthdate, email, hospital_name, hospital_address, password, p_handled_stats_id, last_log_in, last_log_out, login_flag, field_specialty, phone_number, "position", doc_image) FROM stdin;
2	Maria T. Lastimosa	maria-t.-lastimosa	2020-02-13	dramaria@gmail.com	Vicente Gullas Memorial Hospital	Gov Cuenco Ave, Cebu City	mariaa	2	2020-02-11 08:18:09.778693+00	2020-02-11 08:01:41.711926+00	t	Hiv Specialist	09234123451	Hiv Monitoring In Charge	profile-pictures/girl-in-one-blouse.jfif
3	Johnny L. Kannen	johnny-l.-kannen	2020-02-19	drjohnny@gmail.com	Cebu Community Hospital	Jones Ave., Cebu City	johnny	\N	2020-02-11 15:29:45.806823+00	2020-02-11 15:29:45.806845+00	f	Venereology	09234123451	Hiv Monitoring In Charge	
1	Han L. Ly	han-l.-ly	2020-02-19	drhan@gmail.com	St. Anthony Mother And Child Hospital	Cabreros St., Cebu City	hanhan	1	2020-02-11 15:30:59.262719+00	2020-02-11 15:31:03.561196+00	f	Venereology	09234123451	Hiv Monitoring In Charge	profile-pictures/man-with-collar.webp
4	Joseph R. Lake	joseph-r.-lake	2020-02-12	drjoseph@gmail.com	Vicente Gullas Memorial Hospital	Gov Cuenco Ave, Cebu City	joseph	3	2020-02-11 15:58:30.659233+00	2020-02-11 15:59:05.262615+00	f	Venereology	09234123451	Hiv Monitoring In Charge	profile-pictures/girl-in-blue-dress_AqaT7wl.jfif
\.


--
-- Data for Name: doctor_doctor_doctorNotifs; Type: TABLE DATA; Schema: public; Owner: postgres
--

COPY public."doctor_doctor_doctorNotifs" (id, doctor_id, doctornotification_id) FROM stdin;
1	2	1
2	2	2
\.


--
-- Name: doctor_doctor_doctorNotifs_id_seq; Type: SEQUENCE SET; Schema: public; Owner: postgres
--

SELECT pg_catalog.setval('public."doctor_doctor_doctorNotifs_id_seq"', 2, true);


--
-- Data for Name: doctor_doctor_finished_scheds; Type: TABLE DATA; Schema: public; Owner: postgres
--

COPY public.doctor_doctor_finished_scheds (id, doctor_id, doctorschedule_id) FROM stdin;
\.


--
-- Name: doctor_doctor_finished_scheds_id_seq; Type: SEQUENCE SET; Schema: public; Owner: postgres
--

SELECT pg_catalog.setval('public.doctor_doctor_finished_scheds_id_seq', 1, false);


--
-- Name: doctor_doctor_id_seq; Type: SEQUENCE SET; Schema: public; Owner: postgres
--

SELECT pg_catalog.setval('public.doctor_doctor_id_seq', 4, true);


--
-- Data for Name: doctor_doctor_new_notifs; Type: TABLE DATA; Schema: public; Owner: postgres
--

COPY public.doctor_doctor_new_notifs (id, doctor_id, doctornotification_id) FROM stdin;
1	2	2
2	2	1
\.


--
-- Name: doctor_doctor_new_notifs_id_seq; Type: SEQUENCE SET; Schema: public; Owner: postgres
--

SELECT pg_catalog.setval('public.doctor_doctor_new_notifs_id_seq', 2, true);


--
-- Data for Name: doctor_doctor_pending_scheds; Type: TABLE DATA; Schema: public; Owner: postgres
--

COPY public.doctor_doctor_pending_scheds (id, doctor_id, doctorschedule_id) FROM stdin;
1	2	1
\.


--
-- Name: doctor_doctor_pending_scheds_id_seq; Type: SEQUENCE SET; Schema: public; Owner: postgres
--

SELECT pg_catalog.setval('public.doctor_doctor_pending_scheds_id_seq', 1, true);


--
-- Data for Name: doctor_doctor_rejected_scheds; Type: TABLE DATA; Schema: public; Owner: postgres
--

COPY public.doctor_doctor_rejected_scheds (id, doctor_id, doctorschedule_id) FROM stdin;
\.


--
-- Name: doctor_doctor_rejected_scheds_id_seq; Type: SEQUENCE SET; Schema: public; Owner: postgres
--

SELECT pg_catalog.setval('public.doctor_doctor_rejected_scheds_id_seq', 1, false);


--
-- Data for Name: doctor_doctor_schedules; Type: TABLE DATA; Schema: public; Owner: postgres
--

COPY public.doctor_doctor_schedules (id, doctor_id, doctorschedule_id) FROM stdin;
\.


--
-- Name: doctor_doctor_schedules_id_seq; Type: SEQUENCE SET; Schema: public; Owner: postgres
--

SELECT pg_catalog.setval('public.doctor_doctor_schedules_id_seq', 1, false);


--
-- Data for Name: doctor_doctornotification; Type: TABLE DATA; Schema: public; Owner: postgres
--

COPY public.doctor_doctornotification (id, name, subject, user_type, notif, created_on, patient_username, action_pk, action_type, action_taken, notif_status) FROM stdin;
1	Maria T. Lastimosa	Patient	Patient	sarrahh added you, Maria T. Lastimosa as a personal doctor.	2020-02-11 08:17:01.319164+00	sarrahh	2	New Patient	0	t
2	Maria T. Lastimosa	Appointment	Patient	sarrahh requested a consultation schedule with you.	2020-02-11 08:18:00.104945+00	sarrahh	1	Schedule Request	0	t
\.


--
-- Name: doctor_doctornotification_id_seq; Type: SEQUENCE SET; Schema: public; Owner: postgres
--

SELECT pg_catalog.setval('public.doctor_doctornotification_id_seq', 2, true);


--
-- Data for Name: doctor_doctorschedule; Type: TABLE DATA; Schema: public; Owner: postgres
--

COPY public.doctor_doctorschedule (id, patient_username, patient_hiv_status, schedule_date, schedule_topic, schedule_notes, doc_in_charge, status, created_on, new_notif_count, action_taken) FROM stdin;
1	sarrahh	for screening	2020-02-12 00:30:00+00	Assessment on current sickness.	have been having difficulty in breathing lately.	Maria T. Lastimosa	pending	2020-02-11 08:18:00.055818+00	0	0
\.


--
-- Data for Name: doctor_doctorschedule_doc_remark; Type: TABLE DATA; Schema: public; Owner: postgres
--

COPY public.doctor_doctorschedule_doc_remark (id, doctorschedule_id, remark_id) FROM stdin;
\.


--
-- Name: doctor_doctorschedule_doc_remark_id_seq; Type: SEQUENCE SET; Schema: public; Owner: postgres
--

SELECT pg_catalog.setval('public.doctor_doctorschedule_doc_remark_id_seq', 1, false);


--
-- Name: doctor_doctorschedule_doc_views_details_id_seq; Type: SEQUENCE SET; Schema: public; Owner: postgres
--

SELECT pg_catalog.setval('public.doctor_doctorschedule_doc_views_details_id_seq', 1, true);


--
-- Name: doctor_doctorschedule_id_seq; Type: SEQUENCE SET; Schema: public; Owner: postgres
--

SELECT pg_catalog.setval('public.doctor_doctorschedule_id_seq', 1, true);


--
-- Data for Name: doctor_doctorschedule_users_viewed; Type: TABLE DATA; Schema: public; Owner: postgres
--

COPY public.doctor_doctorschedule_users_viewed (id, doctorschedule_id, usersviewed_id) FROM stdin;
1	1	1
\.


--
-- Data for Name: doctor_doctorstats; Type: TABLE DATA; Schema: public; Owner: postgres
--

COPY public.doctor_doctorstats (id, day_count, last_updated, start_date, week_count, doctor_name, neg_patients, stage_1, stage_2, stage_3, all_patients_count, doc_patients_count, for_screening) FROM stdin;
2	0	2020-02-11	2020-02-11	0	Maria T. Lastimosa	0	0	0	0	2	1	1
1	0	2020-02-10	2020-02-10	0	Han L. Ly	0	0	0	0	2	0	0
3	0	2020-02-11	2020-02-11	0	Joseph R. Lake	0	0	0	0	3	0	0
\.


--
-- Name: doctor_doctorstats_id_seq; Type: SEQUENCE SET; Schema: public; Owner: postgres
--

SELECT pg_catalog.setval('public.doctor_doctorstats_id_seq', 3, true);


--
-- Data for Name: doctor_doctorstats_monthly_stats; Type: TABLE DATA; Schema: public; Owner: postgres
--

COPY public.doctor_doctorstats_monthly_stats (id, doctorstats_id, monthlystatistics_id) FROM stdin;
1	1	1
2	2	2
3	2	3
4	3	4
\.


--
-- Name: doctor_doctorstats_monthly_stats_id_seq; Type: SEQUENCE SET; Schema: public; Owner: postgres
--

SELECT pg_catalog.setval('public.doctor_doctorstats_monthly_stats_id_seq', 4, true);


--
-- Data for Name: doctor_medicine; Type: TABLE DATA; Schema: public; Owner: postgres
--

COPY public.doctor_medicine (id, created_on, drug_name, unit_of_measure, content_per_bottle, availability, stocks_on_hand, drug_group, medicine_type, patients_on_medication) FROM stdin;
\.


--
-- Name: doctor_medicine_id_seq; Type: SEQUENCE SET; Schema: public; Owner: postgres
--

SELECT pg_catalog.setval('public.doctor_medicine_id_seq', 1, false);


--
-- Data for Name: doctor_monthlystatistics; Type: TABLE DATA; Schema: public; Owner: postgres
--

COPY public.doctor_monthlystatistics (id, year, january, february, march, april, may, june, july, august, september, october, november, december, doc_pk, doctor_name, created_on, patient_pk) FROM stdin;
1	2020	0	0	0	0	0	0	0	0	0	0	0	0	0	Han L. Ly	2020-02-10 17:13:35.686143+00	0
2	2020	0	0	0	0	0	0	0	0	0	0	0	0	0	Maria T. Lastimosa	2020-02-11 08:00:21.619136+00	0
3	2020	0	1	0	0	0	0	0	0	0	0	0	0	2	Maria T. Lastimosa	2020-02-11 08:17:01.351045+00	2
4	2020	0	0	0	0	0	0	0	0	0	0	0	0	0	Joseph R. Lake	2020-02-11 15:51:18.940213+00	0
\.


--
-- Name: doctor_monthlystatistics_id_seq; Type: SEQUENCE SET; Schema: public; Owner: postgres
--

SELECT pg_catalog.setval('public.doctor_monthlystatistics_id_seq', 4, true);


--
-- Name: doctor_note_id_seq; Type: SEQUENCE SET; Schema: public; Owner: postgres
--

SELECT pg_catalog.setval('public.doctor_note_id_seq', 1, false);


--
-- Data for Name: doctor_remark; Type: TABLE DATA; Schema: public; Owner: postgres
--

COPY public.doctor_remark (id, author, text, created_date, approved_comment, remark_seen, remark_parent_type, remark_receiver, seen_date) FROM stdin;
\.


--
-- Data for Name: doctor_usersviewed; Type: TABLE DATA; Schema: public; Owner: postgres
--

COPY public.doctor_usersviewed (id, seen_flag, seen_date, viewer_type, viewed_type, viewer_name, viewed_pk, file_owner) FROM stdin;
1	t	2020-02-11 08:18:16.658781+00	Doctor	Consultation Schedule	Maria T. Lastimosa	1	sarrahh
\.


--
-- Name: doctor_usersviewed_id_seq; Type: SEQUENCE SET; Schema: public; Owner: postgres
--

SELECT pg_catalog.setval('public.doctor_usersviewed_id_seq', 1, true);


--
-- Data for Name: patient_icrform; Type: TABLE DATA; Schema: public; Owner: postgres
--

COPY public.patient_icrform (id, last_name, first_name, middle_name, date_of_visit, age, birthdate, sex, civil_status, phone_number, home_address, occupation, work_address, work_number, purpose_of_visit, symptoms, specification) FROM stdin;
1	Lopez	Hannah	None	None	23	2020-02-13	None	None	09123456789	San Fernando, Cebu	Attendant	Mandaue, Cebu City	123456789	None	None	None
2	Lingan	Sarrah	None	None	23	2020-02-19	None	None	09123000000	Minglanilla, Cebu	Teacher	Colon, Cebu City	123456789	None	None	None
3	Layman	Shiela	None	None	23	2020-02-05	None	None	09123456789	Sibonga, Cebu	Call Center Agent	Colon, Cebu City	123456789	None	None	None
\.


--
-- Data for Name: patient_icrform_docs_viewed; Type: TABLE DATA; Schema: public; Owner: postgres
--

COPY public.patient_icrform_docs_viewed (id, icrform_id, usersviewed_id) FROM stdin;
\.


--
-- Name: patient_icrform_docs_viewed_id_seq; Type: SEQUENCE SET; Schema: public; Owner: postgres
--

SELECT pg_catalog.setval('public.patient_icrform_docs_viewed_id_seq', 1, false);


--
-- Data for Name: patient_icrform_doctor_remarks; Type: TABLE DATA; Schema: public; Owner: postgres
--

COPY public.patient_icrform_doctor_remarks (id, icrform_id, remark_id) FROM stdin;
\.


--
-- Name: patient_icrform_doctor_remarks_id_seq; Type: SEQUENCE SET; Schema: public; Owner: postgres
--

SELECT pg_catalog.setval('public.patient_icrform_doctor_remarks_id_seq', 1, false);


--
-- Name: patient_icrform_id_seq; Type: SEQUENCE SET; Schema: public; Owner: postgres
--

SELECT pg_catalog.setval('public.patient_icrform_id_seq', 3, true);


--
-- Data for Name: patient_medhistform; Type: TABLE DATA; Schema: public; Owner: postgres
--

COPY public.patient_medhistform (id, name, exposure, other_conditions, date_diagnosed, created_on, parent_pk, username) FROM stdin;
1	Hannah Lopez	for screening	none	\N	2020-02-09 16:58:04.346348+00	1	hannah
2	Sarrah Lingan	for screening	none	\N	2020-02-10 17:35:31.38807+00	2	sarrahh
3	Shiela Layman	negative	none	\N	2020-02-11 15:57:06.518641+00	3	shiela
\.


--
-- Data for Name: patient_medhistform_docs_viewed; Type: TABLE DATA; Schema: public; Owner: postgres
--

COPY public.patient_medhistform_docs_viewed (id, medhistform_id, usersviewed_id) FROM stdin;
\.


--
-- Name: patient_medhistform_docs_viewed_id_seq; Type: SEQUENCE SET; Schema: public; Owner: postgres
--

SELECT pg_catalog.setval('public.patient_medhistform_docs_viewed_id_seq', 1, false);


--
-- Data for Name: patient_medhistform_doctor_remarks; Type: TABLE DATA; Schema: public; Owner: postgres
--

COPY public.patient_medhistform_doctor_remarks (id, medhistform_id, remark_id) FROM stdin;
\.


--
-- Name: patient_medhistform_doctor_remarks_id_seq; Type: SEQUENCE SET; Schema: public; Owner: postgres
--

SELECT pg_catalog.setval('public.patient_medhistform_doctor_remarks_id_seq', 1, false);


--
-- Name: patient_medhistform_id_seq; Type: SEQUENCE SET; Schema: public; Owner: postgres
--

SELECT pg_catalog.setval('public.patient_medhistform_id_seq', 3, true);


--
-- Data for Name: patient_medication; Type: TABLE DATA; Schema: public; Owner: postgres
--

COPY public.patient_medication (id, created_on, username, drug_name, unit_of_measure, content_per_bottle, administered, administered_by, patient_pk, doc_notes, drug_group, medicine_type) FROM stdin;
\.


--
-- Name: patient_medication_id_seq; Type: SEQUENCE SET; Schema: public; Owner: postgres
--

SELECT pg_catalog.setval('public.patient_medication_id_seq', 1, false);


--
-- Data for Name: patient_patient; Type: TABLE DATA; Schema: public; Owner: postgres
--

COPY public.patient_patient (first_name, last_name, username, birthdate, age, present_address, work, work_address, call_number, email, password, "HIV_status", icr_id, profile_id, last_log_in, last_log_out, login_flag, date_created, home_address, tel_number, status, slug, patient_image) FROM stdin;
Hannah	Lopez	hannah	2020-02-13	23	Binaliw, Cebu City	Attendant	Mandaue, Cebu City	09123456789	hannah@gmail.com	hannah	for screening	1	\N	2020-02-09 16:58:15.203512+00	2020-02-09 16:58:04.307499+00	t	2020-02-09 16:58:04.36369+00	San Fernando, Cebu	7564231	none	patient-hannah	
Sarrah	Lingan	sarrahh	2020-02-19	23	Binaliw, Cebu City	Teacher	Colon, Cebu City	09123000000	sarrah@gmail.com	sarrahh	for screening	2	\N	2020-02-11 08:16:49.43606+00	2020-02-11 08:20:13.313635+00	f	2020-02-10 17:35:31.415116+00	Minglanilla, Cebu	7564231	none	patient-sarrahh	profile-pictures/alpaca.jpg
Shiela	Layman	shiela	2020-02-05	23	Kasambagan, Cebu City	Call Center Agent	Colon, Cebu City	09123456789	shiela@gmail.com	shiela	negative	3	\N	2020-02-11 15:57:22.3603+00	2020-02-11 15:58:16.912432+00	f	2020-02-11 15:57:06.538487+00	Sibonga, Cebu	7564231	none	patient-shiela	profile-pictures/girl-yellow-flowers.jfif
\.


--
-- Name: patient_patient_approvedScheds_id_seq; Type: SEQUENCE SET; Schema: public; Owner: postgres
--

SELECT pg_catalog.setval('public."patient_patient_approvedScheds_id_seq"', 1, false);


--
-- Data for Name: patient_patient_approved_schedules; Type: TABLE DATA; Schema: public; Owner: postgres
--

COPY public.patient_patient_approved_schedules (id, patient_id, doctorschedule_id) FROM stdin;
\.


--
-- Name: patient_patient_finishedScheds_id_seq; Type: SEQUENCE SET; Schema: public; Owner: postgres
--

SELECT pg_catalog.setval('public."patient_patient_finishedScheds_id_seq"', 1, false);


--
-- Data for Name: patient_patient_finished_schedules; Type: TABLE DATA; Schema: public; Owner: postgres
--

COPY public.patient_patient_finished_schedules (id, patient_id, doctorschedule_id) FROM stdin;
\.


--
-- Data for Name: patient_patient_location_details; Type: TABLE DATA; Schema: public; Owner: postgres
--

COPY public.patient_patient_location_details (id, patient_id, patientlocationdetails_id) FROM stdin;
1	1	1
2	2	2
3	3	3
\.


--
-- Name: patient_patient_location_details_id_seq; Type: SEQUENCE SET; Schema: public; Owner: postgres
--

SELECT pg_catalog.setval('public.patient_patient_location_details_id_seq', 3, true);


--
-- Data for Name: patient_patient_medical_history; Type: TABLE DATA; Schema: public; Owner: postgres
--

COPY public.patient_patient_medical_history (id, patient_id, medhistform_id) FROM stdin;
1	1	1
2	2	2
3	3	3
\.


--
-- Name: patient_patient_medical_history_id_seq; Type: SEQUENCE SET; Schema: public; Owner: postgres
--

SELECT pg_catalog.setval('public.patient_patient_medical_history_id_seq', 3, true);


--
-- Data for Name: patient_patient_meds; Type: TABLE DATA; Schema: public; Owner: postgres
--

COPY public.patient_patient_meds (id, patient_id, medication_id) FROM stdin;
\.


--
-- Name: patient_patient_meds_id_seq; Type: SEQUENCE SET; Schema: public; Owner: postgres
--

SELECT pg_catalog.setval('public.patient_patient_meds_id_seq', 1, false);


--
-- Name: patient_patient_myDoctors_id_seq; Type: SEQUENCE SET; Schema: public; Owner: postgres
--

SELECT pg_catalog.setval('public."patient_patient_myDoctors_id_seq"', 1, true);


--
-- Data for Name: patient_patient_my_doctors; Type: TABLE DATA; Schema: public; Owner: postgres
--

COPY public.patient_patient_my_doctors (id, patient_id, doctor_id) FROM stdin;
1	2	2
\.


--
-- Name: patient_patient_new_patient_notifications_id_seq; Type: SEQUENCE SET; Schema: public; Owner: postgres
--

SELECT pg_catalog.setval('public.patient_patient_new_patient_notifications_id_seq', 1, false);


--
-- Name: patient_patient_patientNotif_id_seq; Type: SEQUENCE SET; Schema: public; Owner: postgres
--

SELECT pg_catalog.setval('public."patient_patient_patientNotif_id_seq"', 1, false);


--
-- Data for Name: patient_patient_patient_new_notifications; Type: TABLE DATA; Schema: public; Owner: postgres
--

COPY public.patient_patient_patient_new_notifications (id, patient_id, patientnotification_id) FROM stdin;
\.


--
-- Data for Name: patient_patient_patient_notifications; Type: TABLE DATA; Schema: public; Owner: postgres
--

COPY public.patient_patient_patient_notifications (id, patient_id, patientnotification_id) FROM stdin;
\.


--
-- Name: patient_patient_pendingScheds_id_seq; Type: SEQUENCE SET; Schema: public; Owner: postgres
--

SELECT pg_catalog.setval('public."patient_patient_pendingScheds_id_seq"', 1, true);


--
-- Data for Name: patient_patient_pending_schedules; Type: TABLE DATA; Schema: public; Owner: postgres
--

COPY public.patient_patient_pending_schedules (id, patient_id, doctorschedule_id) FROM stdin;
1	2	1
\.


--
-- Name: patient_patient_personalRecord_id_seq; Type: SEQUENCE SET; Schema: public; Owner: postgres
--

SELECT pg_catalog.setval('public."patient_patient_personalRecord_id_seq"', 1, false);


--
-- Data for Name: patient_patient_personal_records; Type: TABLE DATA; Schema: public; Owner: postgres
--

COPY public.patient_patient_personal_records (id, patient_id, personalrecord_id) FROM stdin;
\.


--
-- Name: patient_patient_rejectedScheds_id_seq; Type: SEQUENCE SET; Schema: public; Owner: postgres
--

SELECT pg_catalog.setval('public."patient_patient_rejectedScheds_id_seq"', 1, false);


--
-- Data for Name: patient_patient_rejected_schedules; Type: TABLE DATA; Schema: public; Owner: postgres
--

COPY public.patient_patient_rejected_schedules (id, patient_id, doctorschedule_id) FROM stdin;
\.


--
-- Data for Name: patient_patientlocationdetails; Type: TABLE DATA; Schema: public; Owner: postgres
--

COPY public.patient_patientlocationdetails (id, lat, lon, location, patient_name, username, work, hiv_level, created_on, patient_pk, status, general_location) FROM stdin;
1	10.42174770	123.91198360	Binaliw, Cebu City	Hannah Lopez	hannah	Attendant	for screening	2020-02-09 16:58:04.330324+00	1	none	within cebu
2	10.422747699999999	123.9129836	Binaliw, Cebu City	Sarrah Lingan	sarrahh	Teacher	for screening	2020-02-10 17:35:31.37192+00	2	none	within cebu
3	10.32672530	123.91394200	Kasambagan, Cebu City	Shiela Layman	shiela	Call Center Agent	negative	2020-02-11 15:57:06.502551+00	3	none	within cebu
\.


--
-- Name: patient_patientlocationdetails_id_seq; Type: SEQUENCE SET; Schema: public; Owner: postgres
--

SELECT pg_catalog.setval('public.patient_patientlocationdetails_id_seq', 3, true);


--
-- Data for Name: patient_patientnotification; Type: TABLE DATA; Schema: public; Owner: postgres
--

COPY public.patient_patientnotification (id, doctor_name, subject, user_type, notification, created_on, patient_username, action_type, action_pk, status, notif_status) FROM stdin;
\.


--
-- Name: patient_patientnotification_id_seq; Type: SEQUENCE SET; Schema: public; Owner: postgres
--

SELECT pg_catalog.setval('public.patient_patientnotification_id_seq', 1, false);


--
-- Data for Name: patient_patientsmonthlystatistics; Type: TABLE DATA; Schema: public; Owner: postgres
--

COPY public.patient_patientsmonthlystatistics (id, created_on, patient_pk, year, january, february, march, april, may, june, july, august, september, october, november, december, patient_username) FROM stdin;
1	2020-02-09 16:58:04.350977+00	1	2020	0	1	0	0	0	0	0	0	0	0	0	0	hannah
2	2020-02-10 17:35:31.399317+00	2	2020	0	2	0	0	0	0	0	0	0	0	0	0	sarrahh
3	2020-02-11 15:57:06.52549+00	3	2020	0	3	0	0	0	0	0	0	0	0	0	0	shiela
\.


--
-- Name: patient_patientsmonthlystatistics_id_seq; Type: SEQUENCE SET; Schema: public; Owner: postgres
--

SELECT pg_catalog.setval('public.patient_patientsmonthlystatistics_id_seq', 1, true);


--
-- Data for Name: patient_personalrecord; Type: TABLE DATA; Schema: public; Owner: postgres
--

COPY public.patient_personalrecord (id, author, title, slug, updated_on, content, created_on, status) FROM stdin;
\.


--
-- Data for Name: patient_personalrecord_comment; Type: TABLE DATA; Schema: public; Owner: postgres
--

COPY public.patient_personalrecord_comment (id, personalrecord_id, note_id) FROM stdin;
\.


--
-- Name: patient_personalrecord_comment_id_seq; Type: SEQUENCE SET; Schema: public; Owner: postgres
--

SELECT pg_catalog.setval('public.patient_personalrecord_comment_id_seq', 1, false);


--
-- Data for Name: patient_personalrecord_docs_viewed; Type: TABLE DATA; Schema: public; Owner: postgres
--

COPY public.patient_personalrecord_docs_viewed (id, personalrecord_id, usersviewed_id) FROM stdin;
\.


--
-- Name: patient_personalrecord_docs_viewed_id_seq; Type: SEQUENCE SET; Schema: public; Owner: postgres
--

SELECT pg_catalog.setval('public.patient_personalrecord_docs_viewed_id_seq', 1, false);


--
-- Name: patient_personalrecord_id_seq; Type: SEQUENCE SET; Schema: public; Owner: postgres
--

SELECT pg_catalog.setval('public.patient_personalrecord_id_seq', 1, false);


--
-- Data for Name: patient_profileform; Type: TABLE DATA; Schema: public; Owner: postgres
--

COPY public.patient_profileform (id, uid, code_name, real_name, mother_maiden_name, address, province, age, sex, status, birthdate, pdate, nation, ed, occupation, contact, "philNum") FROM stdin;
\.


--
-- Name: patient_profileform_doc_remarks_id_seq; Type: SEQUENCE SET; Schema: public; Owner: postgres
--

SELECT pg_catalog.setval('public.patient_profileform_doc_remarks_id_seq', 1, false);


--
-- Data for Name: patient_profileform_docs_viewed; Type: TABLE DATA; Schema: public; Owner: postgres
--

COPY public.patient_profileform_docs_viewed (id, profileform_id, usersviewed_id) FROM stdin;
\.


--
-- Name: patient_profileform_docs_viewed_id_seq; Type: SEQUENCE SET; Schema: public; Owner: postgres
--

SELECT pg_catalog.setval('public.patient_profileform_docs_viewed_id_seq', 1, false);


--
-- Data for Name: patient_profileform_doctor_remarks; Type: TABLE DATA; Schema: public; Owner: postgres
--

COPY public.patient_profileform_doctor_remarks (id, profileform_id, note_id) FROM stdin;
\.


--
-- Name: patient_profileform_id_seq; Type: SEQUENCE SET; Schema: public; Owner: postgres
--

SELECT pg_catalog.setval('public.patient_profileform_id_seq', 1, false);


--
-- Data for Name: portal_adminnotification; Type: TABLE DATA; Schema: public; Owner: postgres
--

COPY public.portal_adminnotification (id, name, user_type, notif, created_on) FROM stdin;
\.


--
-- Name: portal_adminnotification_id_seq; Type: SEQUENCE SET; Schema: public; Owner: postgres
--

SELECT pg_catalog.setval('public.portal_adminnotification_id_seq', 1, false);


--
-- Data for Name: spatial_ref_sys; Type: TABLE DATA; Schema: public; Owner: postgres
--

COPY public.spatial_ref_sys  FROM stdin;
\.


--
-- Data for Name: topology; Type: TABLE DATA; Schema: topology; Owner: postgres
--

COPY topology.topology  FROM stdin;
\.


--
-- Data for Name: layer; Type: TABLE DATA; Schema: topology; Owner: postgres
--

COPY topology.layer  FROM stdin;
\.


--
-- Name: auth_group_name_key; Type: CONSTRAINT; Schema: public; Owner: postgres
--

ALTER TABLE ONLY public.auth_group
    ADD CONSTRAINT auth_group_name_key UNIQUE (name);


--
-- Name: auth_group_permissions_group_id_permission_id_0cd325b0_uniq; Type: CONSTRAINT; Schema: public; Owner: postgres
--

ALTER TABLE ONLY public.auth_group_permissions
    ADD CONSTRAINT auth_group_permissions_group_id_permission_id_0cd325b0_uniq UNIQUE (group_id, permission_id);


--
-- Name: auth_group_permissions_pkey; Type: CONSTRAINT; Schema: public; Owner: postgres
--

ALTER TABLE ONLY public.auth_group_permissions
    ADD CONSTRAINT auth_group_permissions_pkey PRIMARY KEY (id);


--
-- Name: auth_group_pkey; Type: CONSTRAINT; Schema: public; Owner: postgres
--

ALTER TABLE ONLY public.auth_group
    ADD CONSTRAINT auth_group_pkey PRIMARY KEY (id);


--
-- Name: auth_permission_content_type_id_codename_01ab375a_uniq; Type: CONSTRAINT; Schema: public; Owner: postgres
--

ALTER TABLE ONLY public.auth_permission
    ADD CONSTRAINT auth_permission_content_type_id_codename_01ab375a_uniq UNIQUE (content_type_id, codename);


--
-- Name: auth_permission_pkey; Type: CONSTRAINT; Schema: public; Owner: postgres
--

ALTER TABLE ONLY public.auth_permission
    ADD CONSTRAINT auth_permission_pkey PRIMARY KEY (id);


--
-- Name: auth_user_groups_pkey; Type: CONSTRAINT; Schema: public; Owner: postgres
--

ALTER TABLE ONLY public.auth_user_groups
    ADD CONSTRAINT auth_user_groups_pkey PRIMARY KEY (id);


--
-- Name: auth_user_groups_user_id_group_id_94350c0c_uniq; Type: CONSTRAINT; Schema: public; Owner: postgres
--

ALTER TABLE ONLY public.auth_user_groups
    ADD CONSTRAINT auth_user_groups_user_id_group_id_94350c0c_uniq UNIQUE (user_id, group_id);


--
-- Name: auth_user_pkey; Type: CONSTRAINT; Schema: public; Owner: postgres
--

ALTER TABLE ONLY public.auth_user
    ADD CONSTRAINT auth_user_pkey PRIMARY KEY (id);


--
-- Name: auth_user_user_permissions_pkey; Type: CONSTRAINT; Schema: public; Owner: postgres
--

ALTER TABLE ONLY public.auth_user_user_permissions
    ADD CONSTRAINT auth_user_user_permissions_pkey PRIMARY KEY (id);


--
-- Name: auth_user_user_permissions_user_id_permission_id_14a6b632_uniq; Type: CONSTRAINT; Schema: public; Owner: postgres
--

ALTER TABLE ONLY public.auth_user_user_permissions
    ADD CONSTRAINT auth_user_user_permissions_user_id_permission_id_14a6b632_uniq UNIQUE (user_id, permission_id);


--
-- Name: auth_user_username_key; Type: CONSTRAINT; Schema: public; Owner: postgres
--

ALTER TABLE ONLY public.auth_user
    ADD CONSTRAINT auth_user_username_key UNIQUE (username);


--
-- Name: cebuMap_cebubarangays_de_cebubarangays_id_patient_6ebfbd7b_uniq; Type: CONSTRAINT; Schema: public; Owner: postgres
--

ALTER TABLE ONLY public."cebuMap_cebubarangays_deceased"
    ADD CONSTRAINT "cebuMap_cebubarangays_de_cebubarangays_id_patient_6ebfbd7b_uniq" UNIQUE (cebubarangays_id, patient_id);


--
-- Name: cebuMap_cebubarangays_deceased_pkey; Type: CONSTRAINT; Schema: public; Owner: postgres
--

ALTER TABLE ONLY public."cebuMap_cebubarangays_deceased"
    ADD CONSTRAINT "cebuMap_cebubarangays_deceased_pkey" PRIMARY KEY (id);


--
-- Name: cebuMap_cebubarangays_hi_cebubarangays_id_patient_cf6594d9_uniq; Type: CONSTRAINT; Schema: public; Owner: postgres
--

ALTER TABLE ONLY public."cebuMap_cebubarangays_hiv_pop"
    ADD CONSTRAINT "cebuMap_cebubarangays_hi_cebubarangays_id_patient_cf6594d9_uniq" UNIQUE (cebubarangays_id, patient_id);


--
-- Name: cebuMap_cebubarangays_hiv_pop_pkey; Type: CONSTRAINT; Schema: public; Owner: postgres
--

ALTER TABLE ONLY public."cebuMap_cebubarangays_hiv_pop"
    ADD CONSTRAINT "cebuMap_cebubarangays_hiv_pop_pkey" PRIMARY KEY (id);


--
-- Name: cebuMap_cebubarangays_mi_cebubarangays_id_patient_caebf437_uniq; Type: CONSTRAINT; Schema: public; Owner: postgres
--

ALTER TABLE ONLY public."cebuMap_cebubarangays_migrated"
    ADD CONSTRAINT "cebuMap_cebubarangays_mi_cebubarangays_id_patient_caebf437_uniq" UNIQUE (cebubarangays_id, patient_id);


--
-- Name: cebuMap_cebubarangays_migrated_pkey; Type: CONSTRAINT; Schema: public; Owner: postgres
--

ALTER TABLE ONLY public."cebuMap_cebubarangays_migrated"
    ADD CONSTRAINT "cebuMap_cebubarangays_migrated_pkey" PRIMARY KEY (id);


--
-- Name: cebuMap_cebubarangays_no_cebubarangays_id_patient_d1fadfa2_uniq; Type: CONSTRAINT; Schema: public; Owner: postgres
--

ALTER TABLE ONLY public."cebuMap_cebubarangays_for_screening"
    ADD CONSTRAINT "cebuMap_cebubarangays_no_cebubarangays_id_patient_d1fadfa2_uniq" UNIQUE (cebubarangays_id, patient_id);


--
-- Name: cebuMap_cebubarangays_no_hiv_pkey; Type: CONSTRAINT; Schema: public; Owner: postgres
--

ALTER TABLE ONLY public."cebuMap_cebubarangays_for_screening"
    ADD CONSTRAINT "cebuMap_cebubarangays_no_hiv_pkey" PRIMARY KEY (id);


--
-- Name: cebuMap_cebubarangays_pkey; Type: CONSTRAINT; Schema: public; Owner: postgres
--

ALTER TABLE ONLY public."cebuMap_cebubarangays"
    ADD CONSTRAINT "cebuMap_cebubarangays_pkey" PRIMARY KEY (id);


--
-- Name: cebuMap_cebubarangays_st_cebubarangays_id_patient_0fa086c4_uniq; Type: CONSTRAINT; Schema: public; Owner: postgres
--

ALTER TABLE ONLY public."cebuMap_cebubarangays_stage_0"
    ADD CONSTRAINT "cebuMap_cebubarangays_st_cebubarangays_id_patient_0fa086c4_uniq" UNIQUE (cebubarangays_id, patient_id);


--
-- Name: cebuMap_cebubarangays_st_cebubarangays_id_patient_6247f3ec_uniq; Type: CONSTRAINT; Schema: public; Owner: postgres
--

ALTER TABLE ONLY public."cebuMap_cebubarangays_stage_2"
    ADD CONSTRAINT "cebuMap_cebubarangays_st_cebubarangays_id_patient_6247f3ec_uniq" UNIQUE (cebubarangays_id, patient_id);


--
-- Name: cebuMap_cebubarangays_st_cebubarangays_id_patient_965731ad_uniq; Type: CONSTRAINT; Schema: public; Owner: postgres
--

ALTER TABLE ONLY public."cebuMap_cebubarangays_stage_3"
    ADD CONSTRAINT "cebuMap_cebubarangays_st_cebubarangays_id_patient_965731ad_uniq" UNIQUE (cebubarangays_id, patient_id);


--
-- Name: cebuMap_cebubarangays_st_cebubarangays_id_patient_ebe059ae_uniq; Type: CONSTRAINT; Schema: public; Owner: postgres
--

ALTER TABLE ONLY public."cebuMap_cebubarangays_stage_1"
    ADD CONSTRAINT "cebuMap_cebubarangays_st_cebubarangays_id_patient_ebe059ae_uniq" UNIQUE (cebubarangays_id, patient_id);


--
-- Name: cebuMap_cebubarangays_stage_0_pkey; Type: CONSTRAINT; Schema: public; Owner: postgres
--

ALTER TABLE ONLY public."cebuMap_cebubarangays_stage_0"
    ADD CONSTRAINT "cebuMap_cebubarangays_stage_0_pkey" PRIMARY KEY (id);


--
-- Name: cebuMap_cebubarangays_stage_1_pkey; Type: CONSTRAINT; Schema: public; Owner: postgres
--

ALTER TABLE ONLY public."cebuMap_cebubarangays_stage_1"
    ADD CONSTRAINT "cebuMap_cebubarangays_stage_1_pkey" PRIMARY KEY (id);


--
-- Name: cebuMap_cebubarangays_stage_2_pkey; Type: CONSTRAINT; Schema: public; Owner: postgres
--

ALTER TABLE ONLY public."cebuMap_cebubarangays_stage_2"
    ADD CONSTRAINT "cebuMap_cebubarangays_stage_2_pkey" PRIMARY KEY (id);


--
-- Name: cebuMap_cebubarangays_stage_3_pkey; Type: CONSTRAINT; Schema: public; Owner: postgres
--

ALTER TABLE ONLY public."cebuMap_cebubarangays_stage_3"
    ADD CONSTRAINT "cebuMap_cebubarangays_stage_3_pkey" PRIMARY KEY (id);


--
-- Name: cebuMap_cebumap_pkey1; Type: CONSTRAINT; Schema: public; Owner: postgres
--

ALTER TABLE ONLY public."cebuMap_cebumap"
    ADD CONSTRAINT "cebuMap_cebumap_pkey1" PRIMARY KEY (id);


--
-- Name: cebuMap_incidence_pkey; Type: CONSTRAINT; Schema: public; Owner: postgres
--

ALTER TABLE ONLY public."cebuMap_incidence"
    ADD CONSTRAINT "cebuMap_incidence_pkey" PRIMARY KEY (id);


--
-- Name: django_admin_log_pkey; Type: CONSTRAINT; Schema: public; Owner: postgres
--

ALTER TABLE ONLY public.django_admin_log
    ADD CONSTRAINT django_admin_log_pkey PRIMARY KEY (id);


--
-- Name: django_content_type_app_label_model_76bd3d3b_uniq; Type: CONSTRAINT; Schema: public; Owner: postgres
--

ALTER TABLE ONLY public.django_content_type
    ADD CONSTRAINT django_content_type_app_label_model_76bd3d3b_uniq UNIQUE (app_label, model);


--
-- Name: django_content_type_pkey; Type: CONSTRAINT; Schema: public; Owner: postgres
--

ALTER TABLE ONLY public.django_content_type
    ADD CONSTRAINT django_content_type_pkey PRIMARY KEY (id);


--
-- Name: django_migrations_pkey; Type: CONSTRAINT; Schema: public; Owner: postgres
--

ALTER TABLE ONLY public.django_migrations
    ADD CONSTRAINT django_migrations_pkey PRIMARY KEY (id);


--
-- Name: django_session_pkey; Type: CONSTRAINT; Schema: public; Owner: postgres
--

ALTER TABLE ONLY public.django_session
    ADD CONSTRAINT django_session_pkey PRIMARY KEY (session_key);


--
-- Name: doctor_doctor_doctorNoti_doctor_id_doctornotifica_4aabd4ae_uniq; Type: CONSTRAINT; Schema: public; Owner: postgres
--

ALTER TABLE ONLY public."doctor_doctor_doctorNotifs"
    ADD CONSTRAINT "doctor_doctor_doctorNoti_doctor_id_doctornotifica_4aabd4ae_uniq" UNIQUE (doctor_id, doctornotification_id);


--
-- Name: doctor_doctor_doctorNotifs_pkey; Type: CONSTRAINT; Schema: public; Owner: postgres
--

ALTER TABLE ONLY public."doctor_doctor_doctorNotifs"
    ADD CONSTRAINT "doctor_doctor_doctorNotifs_pkey" PRIMARY KEY (id);


--
-- Name: doctor_doctor_finished_s_doctor_id_doctorschedule_b90c794b_uniq; Type: CONSTRAINT; Schema: public; Owner: postgres
--

ALTER TABLE ONLY public.doctor_doctor_finished_scheds
    ADD CONSTRAINT doctor_doctor_finished_s_doctor_id_doctorschedule_b90c794b_uniq UNIQUE (doctor_id, doctorschedule_id);


--
-- Name: doctor_doctor_finished_scheds_pkey; Type: CONSTRAINT; Schema: public; Owner: postgres
--

ALTER TABLE ONLY public.doctor_doctor_finished_scheds
    ADD CONSTRAINT doctor_doctor_finished_scheds_pkey PRIMARY KEY (id);


--
-- Name: doctor_doctor_new_notifs_doctor_id_doctornotifica_dcbc9409_uniq; Type: CONSTRAINT; Schema: public; Owner: postgres
--

ALTER TABLE ONLY public.doctor_doctor_new_notifs
    ADD CONSTRAINT doctor_doctor_new_notifs_doctor_id_doctornotifica_dcbc9409_uniq UNIQUE (doctor_id, doctornotification_id);


--
-- Name: doctor_doctor_new_notifs_pkey; Type: CONSTRAINT; Schema: public; Owner: postgres
--

ALTER TABLE ONLY public.doctor_doctor_new_notifs
    ADD CONSTRAINT doctor_doctor_new_notifs_pkey PRIMARY KEY (id);


--
-- Name: doctor_doctor_pending_sc_doctor_id_doctorschedule_d9cd6807_uniq; Type: CONSTRAINT; Schema: public; Owner: postgres
--

ALTER TABLE ONLY public.doctor_doctor_pending_scheds
    ADD CONSTRAINT doctor_doctor_pending_sc_doctor_id_doctorschedule_d9cd6807_uniq UNIQUE (doctor_id, doctorschedule_id);


--
-- Name: doctor_doctor_pending_scheds_pkey; Type: CONSTRAINT; Schema: public; Owner: postgres
--

ALTER TABLE ONLY public.doctor_doctor_pending_scheds
    ADD CONSTRAINT doctor_doctor_pending_scheds_pkey PRIMARY KEY (id);


--
-- Name: doctor_doctor_pkey; Type: CONSTRAINT; Schema: public; Owner: postgres
--

ALTER TABLE ONLY public.doctor_doctor
    ADD CONSTRAINT doctor_doctor_pkey PRIMARY KEY (id);


--
-- Name: doctor_doctor_rejected_s_doctor_id_doctorschedule_f99c2aae_uniq; Type: CONSTRAINT; Schema: public; Owner: postgres
--

ALTER TABLE ONLY public.doctor_doctor_rejected_scheds
    ADD CONSTRAINT doctor_doctor_rejected_s_doctor_id_doctorschedule_f99c2aae_uniq UNIQUE (doctor_id, doctorschedule_id);


--
-- Name: doctor_doctor_rejected_scheds_pkey; Type: CONSTRAINT; Schema: public; Owner: postgres
--

ALTER TABLE ONLY public.doctor_doctor_rejected_scheds
    ADD CONSTRAINT doctor_doctor_rejected_scheds_pkey PRIMARY KEY (id);


--
-- Name: doctor_doctor_schedules_doctor_id_doctorschedule_d3adfdb5_uniq; Type: CONSTRAINT; Schema: public; Owner: postgres
--

ALTER TABLE ONLY public.doctor_doctor_schedules
    ADD CONSTRAINT doctor_doctor_schedules_doctor_id_doctorschedule_d3adfdb5_uniq UNIQUE (doctor_id, doctorschedule_id);


--
-- Name: doctor_doctor_schedules_pkey; Type: CONSTRAINT; Schema: public; Owner: postgres
--

ALTER TABLE ONLY public.doctor_doctor_schedules
    ADD CONSTRAINT doctor_doctor_schedules_pkey PRIMARY KEY (id);


--
-- Name: doctor_doctor_weekly_stats_id_key; Type: CONSTRAINT; Schema: public; Owner: postgres
--

ALTER TABLE ONLY public.doctor_doctor
    ADD CONSTRAINT doctor_doctor_weekly_stats_id_key UNIQUE (p_handled_stats_id);


--
-- Name: doctor_doctornotification_pkey; Type: CONSTRAINT; Schema: public; Owner: postgres
--

ALTER TABLE ONLY public.doctor_doctornotification
    ADD CONSTRAINT doctor_doctornotification_pkey PRIMARY KEY (id);


--
-- Name: doctor_doctorschedule_do_doctorschedule_id_note_i_1fdf0288_uniq; Type: CONSTRAINT; Schema: public; Owner: postgres
--

ALTER TABLE ONLY public.doctor_doctorschedule_doc_remark
    ADD CONSTRAINT doctor_doctorschedule_do_doctorschedule_id_note_i_1fdf0288_uniq UNIQUE (doctorschedule_id, remark_id);


--
-- Name: doctor_doctorschedule_do_doctorschedule_id_usersv_ac687590_uniq; Type: CONSTRAINT; Schema: public; Owner: postgres
--

ALTER TABLE ONLY public.doctor_doctorschedule_users_viewed
    ADD CONSTRAINT doctor_doctorschedule_do_doctorschedule_id_usersv_ac687590_uniq UNIQUE (doctorschedule_id, usersviewed_id);


--
-- Name: doctor_doctorschedule_doc_remark_pkey; Type: CONSTRAINT; Schema: public; Owner: postgres
--

ALTER TABLE ONLY public.doctor_doctorschedule_doc_remark
    ADD CONSTRAINT doctor_doctorschedule_doc_remark_pkey PRIMARY KEY (id);


--
-- Name: doctor_doctorschedule_doc_views_details_pkey; Type: CONSTRAINT; Schema: public; Owner: postgres
--

ALTER TABLE ONLY public.doctor_doctorschedule_users_viewed
    ADD CONSTRAINT doctor_doctorschedule_doc_views_details_pkey PRIMARY KEY (id);


--
-- Name: doctor_doctorschedule_pkey; Type: CONSTRAINT; Schema: public; Owner: postgres
--

ALTER TABLE ONLY public.doctor_doctorschedule
    ADD CONSTRAINT doctor_doctorschedule_pkey PRIMARY KEY (id);


--
-- Name: doctor_doctorstats_month_doctorstats_id_monthlyst_908ccdfd_uniq; Type: CONSTRAINT; Schema: public; Owner: postgres
--

ALTER TABLE ONLY public.doctor_doctorstats_monthly_stats
    ADD CONSTRAINT doctor_doctorstats_month_doctorstats_id_monthlyst_908ccdfd_uniq UNIQUE (doctorstats_id, monthlystatistics_id);


--
-- Name: doctor_doctorstats_monthly_stats_pkey; Type: CONSTRAINT; Schema: public; Owner: postgres
--

ALTER TABLE ONLY public.doctor_doctorstats_monthly_stats
    ADD CONSTRAINT doctor_doctorstats_monthly_stats_pkey PRIMARY KEY (id);


--
-- Name: doctor_doctorstats_pkey; Type: CONSTRAINT; Schema: public; Owner: postgres
--

ALTER TABLE ONLY public.doctor_doctorstats
    ADD CONSTRAINT doctor_doctorstats_pkey PRIMARY KEY (id);


--
-- Name: doctor_medicine_pkey; Type: CONSTRAINT; Schema: public; Owner: postgres
--

ALTER TABLE ONLY public.doctor_medicine
    ADD CONSTRAINT doctor_medicine_pkey PRIMARY KEY (id);


--
-- Name: doctor_monthlystatistics_pkey; Type: CONSTRAINT; Schema: public; Owner: postgres
--

ALTER TABLE ONLY public.doctor_monthlystatistics
    ADD CONSTRAINT doctor_monthlystatistics_pkey PRIMARY KEY (id);


--
-- Name: doctor_note_pkey; Type: CONSTRAINT; Schema: public; Owner: postgres
--

ALTER TABLE ONLY public.doctor_remark
    ADD CONSTRAINT doctor_note_pkey PRIMARY KEY (id);


--
-- Name: doctor_usersviewed_pkey; Type: CONSTRAINT; Schema: public; Owner: postgres
--

ALTER TABLE ONLY public.doctor_usersviewed
    ADD CONSTRAINT doctor_usersviewed_pkey PRIMARY KEY (id);


--
-- Name: patient_icrform_docs_vie_icrform_id_usersviewed_i_fd4f75c7_uniq; Type: CONSTRAINT; Schema: public; Owner: postgres
--

ALTER TABLE ONLY public.patient_icrform_docs_viewed
    ADD CONSTRAINT patient_icrform_docs_vie_icrform_id_usersviewed_i_fd4f75c7_uniq UNIQUE (icrform_id, usersviewed_id);


--
-- Name: patient_icrform_docs_viewed_pkey; Type: CONSTRAINT; Schema: public; Owner: postgres
--

ALTER TABLE ONLY public.patient_icrform_docs_viewed
    ADD CONSTRAINT patient_icrform_docs_viewed_pkey PRIMARY KEY (id);


--
-- Name: patient_icrform_doctor_r_icrform_id_remark_id_22c46a22_uniq; Type: CONSTRAINT; Schema: public; Owner: postgres
--

ALTER TABLE ONLY public.patient_icrform_doctor_remarks
    ADD CONSTRAINT patient_icrform_doctor_r_icrform_id_remark_id_22c46a22_uniq UNIQUE (icrform_id, remark_id);


--
-- Name: patient_icrform_doctor_remarks_pkey; Type: CONSTRAINT; Schema: public; Owner: postgres
--

ALTER TABLE ONLY public.patient_icrform_doctor_remarks
    ADD CONSTRAINT patient_icrform_doctor_remarks_pkey PRIMARY KEY (id);


--
-- Name: patient_icrform_pkey; Type: CONSTRAINT; Schema: public; Owner: postgres
--

ALTER TABLE ONLY public.patient_icrform
    ADD CONSTRAINT patient_icrform_pkey PRIMARY KEY (id);


--
-- Name: patient_medhistform_docs_medhistform_id_usersview_07b03ec3_uniq; Type: CONSTRAINT; Schema: public; Owner: postgres
--

ALTER TABLE ONLY public.patient_medhistform_docs_viewed
    ADD CONSTRAINT patient_medhistform_docs_medhistform_id_usersview_07b03ec3_uniq UNIQUE (medhistform_id, usersviewed_id);


--
-- Name: patient_medhistform_docs_viewed_pkey; Type: CONSTRAINT; Schema: public; Owner: postgres
--

ALTER TABLE ONLY public.patient_medhistform_docs_viewed
    ADD CONSTRAINT patient_medhistform_docs_viewed_pkey PRIMARY KEY (id);


--
-- Name: patient_medhistform_doct_medhistform_id_remark_id_deeaba08_uniq; Type: CONSTRAINT; Schema: public; Owner: postgres
--

ALTER TABLE ONLY public.patient_medhistform_doctor_remarks
    ADD CONSTRAINT patient_medhistform_doct_medhistform_id_remark_id_deeaba08_uniq UNIQUE (medhistform_id, remark_id);


--
-- Name: patient_medhistform_doctor_remarks_pkey; Type: CONSTRAINT; Schema: public; Owner: postgres
--

ALTER TABLE ONLY public.patient_medhistform_doctor_remarks
    ADD CONSTRAINT patient_medhistform_doctor_remarks_pkey PRIMARY KEY (id);


--
-- Name: patient_medhistform_pkey; Type: CONSTRAINT; Schema: public; Owner: postgres
--

ALTER TABLE ONLY public.patient_medhistform
    ADD CONSTRAINT patient_medhistform_pkey PRIMARY KEY (id);


--
-- Name: patient_medication_pkey; Type: CONSTRAINT; Schema: public; Owner: postgres
--

ALTER TABLE ONLY public.patient_medication
    ADD CONSTRAINT patient_medication_pkey PRIMARY KEY (id);


--
-- Name: patient_patient_approvedScheds_pkey; Type: CONSTRAINT; Schema: public; Owner: postgres
--

ALTER TABLE ONLY public.patient_patient_approved_schedules
    ADD CONSTRAINT "patient_patient_approvedScheds_pkey" PRIMARY KEY (id);


--
-- Name: patient_patient_approved_patient_id_doctorschedul_0d51c825_uniq; Type: CONSTRAINT; Schema: public; Owner: postgres
--

ALTER TABLE ONLY public.patient_patient_approved_schedules
    ADD CONSTRAINT patient_patient_approved_patient_id_doctorschedul_0d51c825_uniq UNIQUE (patient_id, doctorschedule_id);


--
-- Name: patient_patient_finishedScheds_pkey; Type: CONSTRAINT; Schema: public; Owner: postgres
--

ALTER TABLE ONLY public.patient_patient_finished_schedules
    ADD CONSTRAINT "patient_patient_finishedScheds_pkey" PRIMARY KEY (id);


--
-- Name: patient_patient_finished_patient_id_doctorschedul_7486cc01_uniq; Type: CONSTRAINT; Schema: public; Owner: postgres
--

ALTER TABLE ONLY public.patient_patient_finished_schedules
    ADD CONSTRAINT patient_patient_finished_patient_id_doctorschedul_7486cc01_uniq UNIQUE (patient_id, doctorschedule_id);


--
-- Name: patient_patient_location_details_pkey; Type: CONSTRAINT; Schema: public; Owner: postgres
--

ALTER TABLE ONLY public.patient_patient_location_details
    ADD CONSTRAINT patient_patient_location_details_pkey PRIMARY KEY (id);


--
-- Name: patient_patient_location_patient_id_patientlocati_57a8bbd8_uniq; Type: CONSTRAINT; Schema: public; Owner: postgres
--

ALTER TABLE ONLY public.patient_patient_location_details
    ADD CONSTRAINT patient_patient_location_patient_id_patientlocati_57a8bbd8_uniq UNIQUE (patient_id, patientlocationdetails_id);


--
-- Name: patient_patient_medical__patient_id_medhistform_i_c31eb5be_uniq; Type: CONSTRAINT; Schema: public; Owner: postgres
--

ALTER TABLE ONLY public.patient_patient_medical_history
    ADD CONSTRAINT patient_patient_medical__patient_id_medhistform_i_c31eb5be_uniq UNIQUE (patient_id, medhistform_id);


--
-- Name: patient_patient_medical_history_pkey; Type: CONSTRAINT; Schema: public; Owner: postgres
--

ALTER TABLE ONLY public.patient_patient_medical_history
    ADD CONSTRAINT patient_patient_medical_history_pkey PRIMARY KEY (id);


--
-- Name: patient_patient_meds_patient_id_medication_id_b51b22bf_uniq; Type: CONSTRAINT; Schema: public; Owner: postgres
--

ALTER TABLE ONLY public.patient_patient_meds
    ADD CONSTRAINT patient_patient_meds_patient_id_medication_id_b51b22bf_uniq UNIQUE (patient_id, medication_id);


--
-- Name: patient_patient_meds_pkey; Type: CONSTRAINT; Schema: public; Owner: postgres
--

ALTER TABLE ONLY public.patient_patient_meds
    ADD CONSTRAINT patient_patient_meds_pkey PRIMARY KEY (id);


--
-- Name: patient_patient_myDoctors_patient_id_doctor_id_7b3d880a_uniq; Type: CONSTRAINT; Schema: public; Owner: postgres
--

ALTER TABLE ONLY public.patient_patient_my_doctors
    ADD CONSTRAINT "patient_patient_myDoctors_patient_id_doctor_id_7b3d880a_uniq" UNIQUE (patient_id, doctor_id);


--
-- Name: patient_patient_myDoctors_pkey; Type: CONSTRAINT; Schema: public; Owner: postgres
--

ALTER TABLE ONLY public.patient_patient_my_doctors
    ADD CONSTRAINT "patient_patient_myDoctors_pkey" PRIMARY KEY (id);


--
-- Name: patient_patient_new_pati_patient_id_patientnotifi_ae3a5c17_uniq; Type: CONSTRAINT; Schema: public; Owner: postgres
--

ALTER TABLE ONLY public.patient_patient_patient_new_notifications
    ADD CONSTRAINT patient_patient_new_pati_patient_id_patientnotifi_ae3a5c17_uniq UNIQUE (patient_id, patientnotification_id);


--
-- Name: patient_patient_new_patient_notifications_pkey; Type: CONSTRAINT; Schema: public; Owner: postgres
--

ALTER TABLE ONLY public.patient_patient_patient_new_notifications
    ADD CONSTRAINT patient_patient_new_patient_notifications_pkey PRIMARY KEY (id);


--
-- Name: patient_patient_patientN_patient_id_patientnotifi_4d5e2983_uniq; Type: CONSTRAINT; Schema: public; Owner: postgres
--

ALTER TABLE ONLY public.patient_patient_patient_notifications
    ADD CONSTRAINT "patient_patient_patientN_patient_id_patientnotifi_4d5e2983_uniq" UNIQUE (patient_id, patientnotification_id);


--
-- Name: patient_patient_patientNotif_pkey; Type: CONSTRAINT; Schema: public; Owner: postgres
--

ALTER TABLE ONLY public.patient_patient_patient_notifications
    ADD CONSTRAINT "patient_patient_patientNotif_pkey" PRIMARY KEY (id);


--
-- Name: patient_patient_pendingS_patient_id_doctorschedul_195ccbe8_uniq; Type: CONSTRAINT; Schema: public; Owner: postgres
--

ALTER TABLE ONLY public.patient_patient_pending_schedules
    ADD CONSTRAINT "patient_patient_pendingS_patient_id_doctorschedul_195ccbe8_uniq" UNIQUE (patient_id, doctorschedule_id);


--
-- Name: patient_patient_pendingScheds_pkey; Type: CONSTRAINT; Schema: public; Owner: postgres
--

ALTER TABLE ONLY public.patient_patient_pending_schedules
    ADD CONSTRAINT "patient_patient_pendingScheds_pkey" PRIMARY KEY (id);


--
-- Name: patient_patient_personalRecord_pkey; Type: CONSTRAINT; Schema: public; Owner: postgres
--

ALTER TABLE ONLY public.patient_patient_personal_records
    ADD CONSTRAINT "patient_patient_personalRecord_pkey" PRIMARY KEY (id);


--
-- Name: patient_patient_personal_patient_id_personalrecor_3f2eddfc_uniq; Type: CONSTRAINT; Schema: public; Owner: postgres
--

ALTER TABLE ONLY public.patient_patient_personal_records
    ADD CONSTRAINT patient_patient_personal_patient_id_personalrecor_3f2eddfc_uniq UNIQUE (patient_id, personalrecord_id);


--
-- Name: patient_patient_pkey; Type: CONSTRAINT; Schema: public; Owner: postgres
--

ALTER TABLE ONLY public.patient_patient
    ADD CONSTRAINT patient_patient_pkey PRIMARY KEY (icr_id);


--
-- Name: patient_patient_profile_id_key; Type: CONSTRAINT; Schema: public; Owner: postgres
--

ALTER TABLE ONLY public.patient_patient
    ADD CONSTRAINT patient_patient_profile_id_key UNIQUE (profile_id);


--
-- Name: patient_patient_rejectedScheds_pkey; Type: CONSTRAINT; Schema: public; Owner: postgres
--

ALTER TABLE ONLY public.patient_patient_rejected_schedules
    ADD CONSTRAINT "patient_patient_rejectedScheds_pkey" PRIMARY KEY (id);


--
-- Name: patient_patient_rejected_patient_id_doctorschedul_8f9bd58f_uniq; Type: CONSTRAINT; Schema: public; Owner: postgres
--

ALTER TABLE ONLY public.patient_patient_rejected_schedules
    ADD CONSTRAINT patient_patient_rejected_patient_id_doctorschedul_8f9bd58f_uniq UNIQUE (patient_id, doctorschedule_id);


--
-- Name: patient_patientlocationdetails_pkey; Type: CONSTRAINT; Schema: public; Owner: postgres
--

ALTER TABLE ONLY public.patient_patientlocationdetails
    ADD CONSTRAINT patient_patientlocationdetails_pkey PRIMARY KEY (id);


--
-- Name: patient_patientnotification_pkey; Type: CONSTRAINT; Schema: public; Owner: postgres
--

ALTER TABLE ONLY public.patient_patientnotification
    ADD CONSTRAINT patient_patientnotification_pkey PRIMARY KEY (id);


--
-- Name: patient_patientsmonthlystatistics_pkey; Type: CONSTRAINT; Schema: public; Owner: postgres
--

ALTER TABLE ONLY public.patient_patientsmonthlystatistics
    ADD CONSTRAINT patient_patientsmonthlystatistics_pkey PRIMARY KEY (id);


--
-- Name: patient_personalrecord_c_personalrecord_id_commen_7452e830_uniq; Type: CONSTRAINT; Schema: public; Owner: postgres
--

ALTER TABLE ONLY public.patient_personalrecord_comment
    ADD CONSTRAINT patient_personalrecord_c_personalrecord_id_commen_7452e830_uniq UNIQUE (personalrecord_id, note_id);


--
-- Name: patient_personalrecord_comment_pkey; Type: CONSTRAINT; Schema: public; Owner: postgres
--

ALTER TABLE ONLY public.patient_personalrecord_comment
    ADD CONSTRAINT patient_personalrecord_comment_pkey PRIMARY KEY (id);


--
-- Name: patient_personalrecord_d_personalrecord_id_usersv_c376ec35_uniq; Type: CONSTRAINT; Schema: public; Owner: postgres
--

ALTER TABLE ONLY public.patient_personalrecord_docs_viewed
    ADD CONSTRAINT patient_personalrecord_d_personalrecord_id_usersv_c376ec35_uniq UNIQUE (personalrecord_id, usersviewed_id);


--
-- Name: patient_personalrecord_docs_viewed_pkey; Type: CONSTRAINT; Schema: public; Owner: postgres
--

ALTER TABLE ONLY public.patient_personalrecord_docs_viewed
    ADD CONSTRAINT patient_personalrecord_docs_viewed_pkey PRIMARY KEY (id);


--
-- Name: patient_personalrecord_pkey; Type: CONSTRAINT; Schema: public; Owner: postgres
--

ALTER TABLE ONLY public.patient_personalrecord
    ADD CONSTRAINT patient_personalrecord_pkey PRIMARY KEY (id);


--
-- Name: patient_profileform_doc__profileform_id_comment_i_af395918_uniq; Type: CONSTRAINT; Schema: public; Owner: postgres
--

ALTER TABLE ONLY public.patient_profileform_doctor_remarks
    ADD CONSTRAINT patient_profileform_doc__profileform_id_comment_i_af395918_uniq UNIQUE (profileform_id, note_id);


--
-- Name: patient_profileform_doc_remarks_pkey; Type: CONSTRAINT; Schema: public; Owner: postgres
--

ALTER TABLE ONLY public.patient_profileform_doctor_remarks
    ADD CONSTRAINT patient_profileform_doc_remarks_pkey PRIMARY KEY (id);


--
-- Name: patient_profileform_docs_profileform_id_usersview_9accc661_uniq; Type: CONSTRAINT; Schema: public; Owner: postgres
--

ALTER TABLE ONLY public.patient_profileform_docs_viewed
    ADD CONSTRAINT patient_profileform_docs_profileform_id_usersview_9accc661_uniq UNIQUE (profileform_id, usersviewed_id);


--
-- Name: patient_profileform_docs_viewed_pkey; Type: CONSTRAINT; Schema: public; Owner: postgres
--

ALTER TABLE ONLY public.patient_profileform_docs_viewed
    ADD CONSTRAINT patient_profileform_docs_viewed_pkey PRIMARY KEY (id);


--
-- Name: patient_profileform_pkey; Type: CONSTRAINT; Schema: public; Owner: postgres
--

ALTER TABLE ONLY public.patient_profileform
    ADD CONSTRAINT patient_profileform_pkey PRIMARY KEY (id);


--
-- Name: portal_adminnotification_pkey; Type: CONSTRAINT; Schema: public; Owner: postgres
--

ALTER TABLE ONLY public.portal_adminnotification
    ADD CONSTRAINT portal_adminnotification_pkey PRIMARY KEY (id);


--
-- Name: auth_group_name_a6ea08ec_like; Type: INDEX; Schema: public; Owner: postgres
--

CREATE INDEX auth_group_name_a6ea08ec_like ON public.auth_group USING btree (name varchar_pattern_ops);


--
-- Name: auth_group_permissions_group_id_b120cbf9; Type: INDEX; Schema: public; Owner: postgres
--

CREATE INDEX auth_group_permissions_group_id_b120cbf9 ON public.auth_group_permissions USING btree (group_id);


--
-- Name: auth_group_permissions_permission_id_84c5c92e; Type: INDEX; Schema: public; Owner: postgres
--

CREATE INDEX auth_group_permissions_permission_id_84c5c92e ON public.auth_group_permissions USING btree (permission_id);


--
-- Name: auth_permission_content_type_id_2f476e4b; Type: INDEX; Schema: public; Owner: postgres
--

CREATE INDEX auth_permission_content_type_id_2f476e4b ON public.auth_permission USING btree (content_type_id);


--
-- Name: auth_user_groups_group_id_97559544; Type: INDEX; Schema: public; Owner: postgres
--

CREATE INDEX auth_user_groups_group_id_97559544 ON public.auth_user_groups USING btree (group_id);


--
-- Name: auth_user_groups_user_id_6a12ed8b; Type: INDEX; Schema: public; Owner: postgres
--

CREATE INDEX auth_user_groups_user_id_6a12ed8b ON public.auth_user_groups USING btree (user_id);


--
-- Name: auth_user_user_permissions_permission_id_1fbb5f2c; Type: INDEX; Schema: public; Owner: postgres
--

CREATE INDEX auth_user_user_permissions_permission_id_1fbb5f2c ON public.auth_user_user_permissions USING btree (permission_id);


--
-- Name: auth_user_user_permissions_user_id_a95ead1b; Type: INDEX; Schema: public; Owner: postgres
--

CREATE INDEX auth_user_user_permissions_user_id_a95ead1b ON public.auth_user_user_permissions USING btree (user_id);


--
-- Name: auth_user_username_6821ab7c_like; Type: INDEX; Schema: public; Owner: postgres
--

CREATE INDEX auth_user_username_6821ab7c_like ON public.auth_user USING btree (username varchar_pattern_ops);


--
-- Name: cebuMap_cebubarangays_deceased_cebubarangays_id_6c41d17b; Type: INDEX; Schema: public; Owner: postgres
--

CREATE INDEX "cebuMap_cebubarangays_deceased_cebubarangays_id_6c41d17b" ON public."cebuMap_cebubarangays_deceased" USING btree (cebubarangays_id);


--
-- Name: cebuMap_cebubarangays_deceased_patient_id_39e2ce3c; Type: INDEX; Schema: public; Owner: postgres
--

CREATE INDEX "cebuMap_cebubarangays_deceased_patient_id_39e2ce3c" ON public."cebuMap_cebubarangays_deceased" USING btree (patient_id);


--
-- Name: cebuMap_cebubarangays_geom_id; Type: INDEX; Schema: public; Owner: postgres
--

CREATE INDEX "cebuMap_cebubarangays_geom_id" ON public."cebuMap_cebubarangays" USING gist (geom);


--
-- Name: cebuMap_cebubarangays_hiv_pop_cebubarangays_id_5aad2c08; Type: INDEX; Schema: public; Owner: postgres
--

CREATE INDEX "cebuMap_cebubarangays_hiv_pop_cebubarangays_id_5aad2c08" ON public."cebuMap_cebubarangays_hiv_pop" USING btree (cebubarangays_id);


--
-- Name: cebuMap_cebubarangays_hiv_pop_patient_id_6a8a4739; Type: INDEX; Schema: public; Owner: postgres
--

CREATE INDEX "cebuMap_cebubarangays_hiv_pop_patient_id_6a8a4739" ON public."cebuMap_cebubarangays_hiv_pop" USING btree (patient_id);


--
-- Name: cebuMap_cebubarangays_migrated_cebubarangays_id_fc7d6e87; Type: INDEX; Schema: public; Owner: postgres
--

CREATE INDEX "cebuMap_cebubarangays_migrated_cebubarangays_id_fc7d6e87" ON public."cebuMap_cebubarangays_migrated" USING btree (cebubarangays_id);


--
-- Name: cebuMap_cebubarangays_migrated_patient_id_6855413c; Type: INDEX; Schema: public; Owner: postgres
--

CREATE INDEX "cebuMap_cebubarangays_migrated_patient_id_6855413c" ON public."cebuMap_cebubarangays_migrated" USING btree (patient_id);


--
-- Name: cebuMap_cebubarangays_no_hiv_cebubarangays_id_d91618c9; Type: INDEX; Schema: public; Owner: postgres
--

CREATE INDEX "cebuMap_cebubarangays_no_hiv_cebubarangays_id_d91618c9" ON public."cebuMap_cebubarangays_for_screening" USING btree (cebubarangays_id);


--
-- Name: cebuMap_cebubarangays_no_hiv_patient_id_148aea79; Type: INDEX; Schema: public; Owner: postgres
--

CREATE INDEX "cebuMap_cebubarangays_no_hiv_patient_id_148aea79" ON public."cebuMap_cebubarangays_for_screening" USING btree (patient_id);


--
-- Name: cebuMap_cebubarangays_stage_0_cebubarangays_id_4631fb92; Type: INDEX; Schema: public; Owner: postgres
--

CREATE INDEX "cebuMap_cebubarangays_stage_0_cebubarangays_id_4631fb92" ON public."cebuMap_cebubarangays_stage_0" USING btree (cebubarangays_id);


--
-- Name: cebuMap_cebubarangays_stage_0_patient_id_082728e3; Type: INDEX; Schema: public; Owner: postgres
--

CREATE INDEX "cebuMap_cebubarangays_stage_0_patient_id_082728e3" ON public."cebuMap_cebubarangays_stage_0" USING btree (patient_id);


--
-- Name: cebuMap_cebubarangays_stage_1_cebubarangays_id_1467517c; Type: INDEX; Schema: public; Owner: postgres
--

CREATE INDEX "cebuMap_cebubarangays_stage_1_cebubarangays_id_1467517c" ON public."cebuMap_cebubarangays_stage_1" USING btree (cebubarangays_id);


--
-- Name: cebuMap_cebubarangays_stage_1_patient_id_37ee7a3d; Type: INDEX; Schema: public; Owner: postgres
--

CREATE INDEX "cebuMap_cebubarangays_stage_1_patient_id_37ee7a3d" ON public."cebuMap_cebubarangays_stage_1" USING btree (patient_id);


--
-- Name: cebuMap_cebubarangays_stage_2_cebubarangays_id_ec506841; Type: INDEX; Schema: public; Owner: postgres
--

CREATE INDEX "cebuMap_cebubarangays_stage_2_cebubarangays_id_ec506841" ON public."cebuMap_cebubarangays_stage_2" USING btree (cebubarangays_id);


--
-- Name: cebuMap_cebubarangays_stage_2_patient_id_cb0cbb0b; Type: INDEX; Schema: public; Owner: postgres
--

CREATE INDEX "cebuMap_cebubarangays_stage_2_patient_id_cb0cbb0b" ON public."cebuMap_cebubarangays_stage_2" USING btree (patient_id);


--
-- Name: cebuMap_cebubarangays_stage_3_cebubarangays_id_c0e46738; Type: INDEX; Schema: public; Owner: postgres
--

CREATE INDEX "cebuMap_cebubarangays_stage_3_cebubarangays_id_c0e46738" ON public."cebuMap_cebubarangays_stage_3" USING btree (cebubarangays_id);


--
-- Name: cebuMap_cebubarangays_stage_3_patient_id_086f6297; Type: INDEX; Schema: public; Owner: postgres
--

CREATE INDEX "cebuMap_cebubarangays_stage_3_patient_id_086f6297" ON public."cebuMap_cebubarangays_stage_3" USING btree (patient_id);


--
-- Name: cebuMap_cebumap_location_id; Type: INDEX; Schema: public; Owner: postgres
--

CREATE INDEX "cebuMap_cebumap_location_id" ON public."cebuMap_cebumap" USING gist (location);


--
-- Name: cebuMap_incidence_location_id; Type: INDEX; Schema: public; Owner: postgres
--

CREATE INDEX "cebuMap_incidence_location_id" ON public."cebuMap_incidence" USING gist (location);


--
-- Name: django_admin_log_content_type_id_c4bce8eb; Type: INDEX; Schema: public; Owner: postgres
--

CREATE INDEX django_admin_log_content_type_id_c4bce8eb ON public.django_admin_log USING btree (content_type_id);


--
-- Name: django_admin_log_user_id_c564eba6; Type: INDEX; Schema: public; Owner: postgres
--

CREATE INDEX django_admin_log_user_id_c564eba6 ON public.django_admin_log USING btree (user_id);


--
-- Name: django_session_expire_date_a5c62663; Type: INDEX; Schema: public; Owner: postgres
--

CREATE INDEX django_session_expire_date_a5c62663 ON public.django_session USING btree (expire_date);


--
-- Name: django_session_session_key_c0390e0f_like; Type: INDEX; Schema: public; Owner: postgres
--

CREATE INDEX django_session_session_key_c0390e0f_like ON public.django_session USING btree (session_key varchar_pattern_ops);


--
-- Name: doctor_doctor_doctorNotifs_doctor_id_6ba348a3; Type: INDEX; Schema: public; Owner: postgres
--

CREATE INDEX "doctor_doctor_doctorNotifs_doctor_id_6ba348a3" ON public."doctor_doctor_doctorNotifs" USING btree (doctor_id);


--
-- Name: doctor_doctor_doctorNotifs_doctornotification_id_f4f12d22; Type: INDEX; Schema: public; Owner: postgres
--

CREATE INDEX "doctor_doctor_doctorNotifs_doctornotification_id_f4f12d22" ON public."doctor_doctor_doctorNotifs" USING btree (doctornotification_id);


--
-- Name: doctor_doctor_finished_scheds_doctor_id_eb632f57; Type: INDEX; Schema: public; Owner: postgres
--

CREATE INDEX doctor_doctor_finished_scheds_doctor_id_eb632f57 ON public.doctor_doctor_finished_scheds USING btree (doctor_id);


--
-- Name: doctor_doctor_finished_scheds_doctorschedule_id_9b55f20b; Type: INDEX; Schema: public; Owner: postgres
--

CREATE INDEX doctor_doctor_finished_scheds_doctorschedule_id_9b55f20b ON public.doctor_doctor_finished_scheds USING btree (doctorschedule_id);


--
-- Name: doctor_doctor_new_notifs_doctor_id_b8c08f74; Type: INDEX; Schema: public; Owner: postgres
--

CREATE INDEX doctor_doctor_new_notifs_doctor_id_b8c08f74 ON public.doctor_doctor_new_notifs USING btree (doctor_id);


--
-- Name: doctor_doctor_new_notifs_doctornotification_id_33d72358; Type: INDEX; Schema: public; Owner: postgres
--

CREATE INDEX doctor_doctor_new_notifs_doctornotification_id_33d72358 ON public.doctor_doctor_new_notifs USING btree (doctornotification_id);


--
-- Name: doctor_doctor_pending_scheds_doctor_id_a2ff7d64; Type: INDEX; Schema: public; Owner: postgres
--

CREATE INDEX doctor_doctor_pending_scheds_doctor_id_a2ff7d64 ON public.doctor_doctor_pending_scheds USING btree (doctor_id);


--
-- Name: doctor_doctor_pending_scheds_doctorschedule_id_0234c1cc; Type: INDEX; Schema: public; Owner: postgres
--

CREATE INDEX doctor_doctor_pending_scheds_doctorschedule_id_0234c1cc ON public.doctor_doctor_pending_scheds USING btree (doctorschedule_id);


--
-- Name: doctor_doctor_rejected_scheds_doctor_id_c647f336; Type: INDEX; Schema: public; Owner: postgres
--

CREATE INDEX doctor_doctor_rejected_scheds_doctor_id_c647f336 ON public.doctor_doctor_rejected_scheds USING btree (doctor_id);


--
-- Name: doctor_doctor_rejected_scheds_doctorschedule_id_7da8f6ef; Type: INDEX; Schema: public; Owner: postgres
--

CREATE INDEX doctor_doctor_rejected_scheds_doctorschedule_id_7da8f6ef ON public.doctor_doctor_rejected_scheds USING btree (doctorschedule_id);


--
-- Name: doctor_doctor_schedules_doctor_id_a1f225ee; Type: INDEX; Schema: public; Owner: postgres
--

CREATE INDEX doctor_doctor_schedules_doctor_id_a1f225ee ON public.doctor_doctor_schedules USING btree (doctor_id);


--
-- Name: doctor_doctor_schedules_doctorschedule_id_bfe582ab; Type: INDEX; Schema: public; Owner: postgres
--

CREATE INDEX doctor_doctor_schedules_doctorschedule_id_bfe582ab ON public.doctor_doctor_schedules USING btree (doctorschedule_id);


--
-- Name: doctor_doctor_slug_7289a166; Type: INDEX; Schema: public; Owner: postgres
--

CREATE INDEX doctor_doctor_slug_7289a166 ON public.doctor_doctor USING btree (slug);


--
-- Name: doctor_doctor_slug_7289a166_like; Type: INDEX; Schema: public; Owner: postgres
--

CREATE INDEX doctor_doctor_slug_7289a166_like ON public.doctor_doctor USING btree (slug varchar_pattern_ops);


--
-- Name: doctor_doctorschedule_doc__doctorschedule_id_29da9469; Type: INDEX; Schema: public; Owner: postgres
--

CREATE INDEX doctor_doctorschedule_doc__doctorschedule_id_29da9469 ON public.doctor_doctorschedule_users_viewed USING btree (doctorschedule_id);


--
-- Name: doctor_doctorschedule_doc_remark_doctorschedule_id_262fab1d; Type: INDEX; Schema: public; Owner: postgres
--

CREATE INDEX doctor_doctorschedule_doc_remark_doctorschedule_id_262fab1d ON public.doctor_doctorschedule_doc_remark USING btree (doctorschedule_id);


--
-- Name: doctor_doctorschedule_doc_remark_note_id_c8ae6e6a; Type: INDEX; Schema: public; Owner: postgres
--

CREATE INDEX doctor_doctorschedule_doc_remark_note_id_c8ae6e6a ON public.doctor_doctorschedule_doc_remark USING btree (remark_id);


--
-- Name: doctor_doctorschedule_doc_views_details_usersviewed_id_5402743f; Type: INDEX; Schema: public; Owner: postgres
--

CREATE INDEX doctor_doctorschedule_doc_views_details_usersviewed_id_5402743f ON public.doctor_doctorschedule_users_viewed USING btree (usersviewed_id);


--
-- Name: doctor_doctorstats_monthly_stats_doctorstats_id_a1ea8317; Type: INDEX; Schema: public; Owner: postgres
--

CREATE INDEX doctor_doctorstats_monthly_stats_doctorstats_id_a1ea8317 ON public.doctor_doctorstats_monthly_stats USING btree (doctorstats_id);


--
-- Name: doctor_doctorstats_monthly_stats_monthlystatistics_id_f96d55e9; Type: INDEX; Schema: public; Owner: postgres
--

CREATE INDEX doctor_doctorstats_monthly_stats_monthlystatistics_id_f96d55e9 ON public.doctor_doctorstats_monthly_stats USING btree (monthlystatistics_id);


--
-- Name: patient_icrform_docs_viewed_icrform_id_bc5c4eb2; Type: INDEX; Schema: public; Owner: postgres
--

CREATE INDEX patient_icrform_docs_viewed_icrform_id_bc5c4eb2 ON public.patient_icrform_docs_viewed USING btree (icrform_id);


--
-- Name: patient_icrform_docs_viewed_usersviewed_id_449c9a1e; Type: INDEX; Schema: public; Owner: postgres
--

CREATE INDEX patient_icrform_docs_viewed_usersviewed_id_449c9a1e ON public.patient_icrform_docs_viewed USING btree (usersviewed_id);


--
-- Name: patient_icrform_doctor_remarks_icrform_id_9accf06e; Type: INDEX; Schema: public; Owner: postgres
--

CREATE INDEX patient_icrform_doctor_remarks_icrform_id_9accf06e ON public.patient_icrform_doctor_remarks USING btree (icrform_id);


--
-- Name: patient_icrform_doctor_remarks_remark_id_3fa260db; Type: INDEX; Schema: public; Owner: postgres
--

CREATE INDEX patient_icrform_doctor_remarks_remark_id_3fa260db ON public.patient_icrform_doctor_remarks USING btree (remark_id);


--
-- Name: patient_medhistform_docs_viewed_medhistform_id_1b3ed826; Type: INDEX; Schema: public; Owner: postgres
--

CREATE INDEX patient_medhistform_docs_viewed_medhistform_id_1b3ed826 ON public.patient_medhistform_docs_viewed USING btree (medhistform_id);


--
-- Name: patient_medhistform_docs_viewed_usersviewed_id_a03d8d0b; Type: INDEX; Schema: public; Owner: postgres
--

CREATE INDEX patient_medhistform_docs_viewed_usersviewed_id_a03d8d0b ON public.patient_medhistform_docs_viewed USING btree (usersviewed_id);


--
-- Name: patient_medhistform_doctor_remarks_medhistform_id_52bfc484; Type: INDEX; Schema: public; Owner: postgres
--

CREATE INDEX patient_medhistform_doctor_remarks_medhistform_id_52bfc484 ON public.patient_medhistform_doctor_remarks USING btree (medhistform_id);


--
-- Name: patient_medhistform_doctor_remarks_remark_id_0e0a4e16; Type: INDEX; Schema: public; Owner: postgres
--

CREATE INDEX patient_medhistform_doctor_remarks_remark_id_0e0a4e16 ON public.patient_medhistform_doctor_remarks USING btree (remark_id);


--
-- Name: patient_patient_approvedScheds_doctorschedule_id_2a685fae; Type: INDEX; Schema: public; Owner: postgres
--

CREATE INDEX "patient_patient_approvedScheds_doctorschedule_id_2a685fae" ON public.patient_patient_approved_schedules USING btree (doctorschedule_id);


--
-- Name: patient_patient_approvedScheds_patient_id_ffd99c84; Type: INDEX; Schema: public; Owner: postgres
--

CREATE INDEX "patient_patient_approvedScheds_patient_id_ffd99c84" ON public.patient_patient_approved_schedules USING btree (patient_id);


--
-- Name: patient_patient_finishedScheds_doctorschedule_id_226d4fad; Type: INDEX; Schema: public; Owner: postgres
--

CREATE INDEX "patient_patient_finishedScheds_doctorschedule_id_226d4fad" ON public.patient_patient_finished_schedules USING btree (doctorschedule_id);


--
-- Name: patient_patient_finishedScheds_patient_id_78583ebc; Type: INDEX; Schema: public; Owner: postgres
--

CREATE INDEX "patient_patient_finishedScheds_patient_id_78583ebc" ON public.patient_patient_finished_schedules USING btree (patient_id);


--
-- Name: patient_patient_location_d_patientlocationdetails_id_b8b64cb2; Type: INDEX; Schema: public; Owner: postgres
--

CREATE INDEX patient_patient_location_d_patientlocationdetails_id_b8b64cb2 ON public.patient_patient_location_details USING btree (patientlocationdetails_id);


--
-- Name: patient_patient_location_details_patient_id_e3cb8e8e; Type: INDEX; Schema: public; Owner: postgres
--

CREATE INDEX patient_patient_location_details_patient_id_e3cb8e8e ON public.patient_patient_location_details USING btree (patient_id);


--
-- Name: patient_patient_medical_history_medhistform_id_8afe2e17; Type: INDEX; Schema: public; Owner: postgres
--

CREATE INDEX patient_patient_medical_history_medhistform_id_8afe2e17 ON public.patient_patient_medical_history USING btree (medhistform_id);


--
-- Name: patient_patient_medical_history_patient_id_8f563ff3; Type: INDEX; Schema: public; Owner: postgres
--

CREATE INDEX patient_patient_medical_history_patient_id_8f563ff3 ON public.patient_patient_medical_history USING btree (patient_id);


--
-- Name: patient_patient_meds_medication_id_0f4fb49a; Type: INDEX; Schema: public; Owner: postgres
--

CREATE INDEX patient_patient_meds_medication_id_0f4fb49a ON public.patient_patient_meds USING btree (medication_id);


--
-- Name: patient_patient_meds_patient_id_f63de01f; Type: INDEX; Schema: public; Owner: postgres
--

CREATE INDEX patient_patient_meds_patient_id_f63de01f ON public.patient_patient_meds USING btree (patient_id);


--
-- Name: patient_patient_myDoctors_doctor_id_510aef53; Type: INDEX; Schema: public; Owner: postgres
--

CREATE INDEX "patient_patient_myDoctors_doctor_id_510aef53" ON public.patient_patient_my_doctors USING btree (doctor_id);


--
-- Name: patient_patient_myDoctors_patient_id_3ee97e2d; Type: INDEX; Schema: public; Owner: postgres
--

CREATE INDEX "patient_patient_myDoctors_patient_id_3ee97e2d" ON public.patient_patient_my_doctors USING btree (patient_id);


--
-- Name: patient_patient_new_patien_patientnotification_id_9d78158c; Type: INDEX; Schema: public; Owner: postgres
--

CREATE INDEX patient_patient_new_patien_patientnotification_id_9d78158c ON public.patient_patient_patient_new_notifications USING btree (patientnotification_id);


--
-- Name: patient_patient_new_patient_notifications_patient_id_1f9c0e8e; Type: INDEX; Schema: public; Owner: postgres
--

CREATE INDEX patient_patient_new_patient_notifications_patient_id_1f9c0e8e ON public.patient_patient_patient_new_notifications USING btree (patient_id);


--
-- Name: patient_patient_patientNotif_patient_id_b48eb1f5; Type: INDEX; Schema: public; Owner: postgres
--

CREATE INDEX "patient_patient_patientNotif_patient_id_b48eb1f5" ON public.patient_patient_patient_notifications USING btree (patient_id);


--
-- Name: patient_patient_patientNotif_patientnotification_id_9d1276ca; Type: INDEX; Schema: public; Owner: postgres
--

CREATE INDEX "patient_patient_patientNotif_patientnotification_id_9d1276ca" ON public.patient_patient_patient_notifications USING btree (patientnotification_id);


--
-- Name: patient_patient_pendingScheds_doctorschedule_id_58dd819a; Type: INDEX; Schema: public; Owner: postgres
--

CREATE INDEX "patient_patient_pendingScheds_doctorschedule_id_58dd819a" ON public.patient_patient_pending_schedules USING btree (doctorschedule_id);


--
-- Name: patient_patient_pendingScheds_patient_id_1d339a46; Type: INDEX; Schema: public; Owner: postgres
--

CREATE INDEX "patient_patient_pendingScheds_patient_id_1d339a46" ON public.patient_patient_pending_schedules USING btree (patient_id);


--
-- Name: patient_patient_personalRecord_patient_id_04758112; Type: INDEX; Schema: public; Owner: postgres
--

CREATE INDEX "patient_patient_personalRecord_patient_id_04758112" ON public.patient_patient_personal_records USING btree (patient_id);


--
-- Name: patient_patient_personalRecord_personalrecord_id_42d4790b; Type: INDEX; Schema: public; Owner: postgres
--

CREATE INDEX "patient_patient_personalRecord_personalrecord_id_42d4790b" ON public.patient_patient_personal_records USING btree (personalrecord_id);


--
-- Name: patient_patient_rejectedScheds_doctorschedule_id_05b469a5; Type: INDEX; Schema: public; Owner: postgres
--

CREATE INDEX "patient_patient_rejectedScheds_doctorschedule_id_05b469a5" ON public.patient_patient_rejected_schedules USING btree (doctorschedule_id);


--
-- Name: patient_patient_rejectedScheds_patient_id_9df2451c; Type: INDEX; Schema: public; Owner: postgres
--

CREATE INDEX "patient_patient_rejectedScheds_patient_id_9df2451c" ON public.patient_patient_rejected_schedules USING btree (patient_id);


--
-- Name: patient_patient_slug_7f8cce32; Type: INDEX; Schema: public; Owner: postgres
--

CREATE INDEX patient_patient_slug_7f8cce32 ON public.patient_patient USING btree (slug);


--
-- Name: patient_patient_slug_7f8cce32_like; Type: INDEX; Schema: public; Owner: postgres
--

CREATE INDEX patient_patient_slug_7f8cce32_like ON public.patient_patient USING btree (slug varchar_pattern_ops);


--
-- Name: patient_personalrecord_comment_comment_id_c24321ec; Type: INDEX; Schema: public; Owner: postgres
--

CREATE INDEX patient_personalrecord_comment_comment_id_c24321ec ON public.patient_personalrecord_comment USING btree (note_id);


--
-- Name: patient_personalrecord_comment_personalrecord_id_55891b3e; Type: INDEX; Schema: public; Owner: postgres
--

CREATE INDEX patient_personalrecord_comment_personalrecord_id_55891b3e ON public.patient_personalrecord_comment USING btree (personalrecord_id);


--
-- Name: patient_personalrecord_docs_viewed_personalrecord_id_eb52405c; Type: INDEX; Schema: public; Owner: postgres
--

CREATE INDEX patient_personalrecord_docs_viewed_personalrecord_id_eb52405c ON public.patient_personalrecord_docs_viewed USING btree (personalrecord_id);


--
-- Name: patient_personalrecord_docs_viewed_usersviewed_id_04da4031; Type: INDEX; Schema: public; Owner: postgres
--

CREATE INDEX patient_personalrecord_docs_viewed_usersviewed_id_04da4031 ON public.patient_personalrecord_docs_viewed USING btree (usersviewed_id);


--
-- Name: patient_personalrecord_slug_bf7d5472; Type: INDEX; Schema: public; Owner: postgres
--

CREATE INDEX patient_personalrecord_slug_bf7d5472 ON public.patient_personalrecord USING btree (slug);


--
-- Name: patient_personalrecord_slug_bf7d5472_like; Type: INDEX; Schema: public; Owner: postgres
--

CREATE INDEX patient_personalrecord_slug_bf7d5472_like ON public.patient_personalrecord USING btree (slug varchar_pattern_ops);


--
-- Name: patient_profileform_doc_remarks_comment_id_9efaa491; Type: INDEX; Schema: public; Owner: postgres
--

CREATE INDEX patient_profileform_doc_remarks_comment_id_9efaa491 ON public.patient_profileform_doctor_remarks USING btree (note_id);


--
-- Name: patient_profileform_doc_remarks_profileform_id_c57d05e2; Type: INDEX; Schema: public; Owner: postgres
--

CREATE INDEX patient_profileform_doc_remarks_profileform_id_c57d05e2 ON public.patient_profileform_doctor_remarks USING btree (profileform_id);


--
-- Name: patient_profileform_docs_viewed_profileform_id_205b4051; Type: INDEX; Schema: public; Owner: postgres
--

CREATE INDEX patient_profileform_docs_viewed_profileform_id_205b4051 ON public.patient_profileform_docs_viewed USING btree (profileform_id);


--
-- Name: patient_profileform_docs_viewed_usersviewed_id_7a43db87; Type: INDEX; Schema: public; Owner: postgres
--

CREATE INDEX patient_profileform_docs_viewed_usersviewed_id_7a43db87 ON public.patient_profileform_docs_viewed USING btree (usersviewed_id);


--
-- Name: auth_group_permissio_permission_id_84c5c92e_fk_auth_perm; Type: FK CONSTRAINT; Schema: public; Owner: postgres
--

ALTER TABLE ONLY public.auth_group_permissions
    ADD CONSTRAINT auth_group_permissio_permission_id_84c5c92e_fk_auth_perm FOREIGN KEY (permission_id) REFERENCES public.auth_permission(id) DEFERRABLE INITIALLY DEFERRED;


--
-- Name: auth_group_permissions_group_id_b120cbf9_fk_auth_group_id; Type: FK CONSTRAINT; Schema: public; Owner: postgres
--

ALTER TABLE ONLY public.auth_group_permissions
    ADD CONSTRAINT auth_group_permissions_group_id_b120cbf9_fk_auth_group_id FOREIGN KEY (group_id) REFERENCES public.auth_group(id) DEFERRABLE INITIALLY DEFERRED;


--
-- Name: auth_permission_content_type_id_2f476e4b_fk_django_co; Type: FK CONSTRAINT; Schema: public; Owner: postgres
--

ALTER TABLE ONLY public.auth_permission
    ADD CONSTRAINT auth_permission_content_type_id_2f476e4b_fk_django_co FOREIGN KEY (content_type_id) REFERENCES public.django_content_type(id) DEFERRABLE INITIALLY DEFERRED;


--
-- Name: auth_user_groups_group_id_97559544_fk_auth_group_id; Type: FK CONSTRAINT; Schema: public; Owner: postgres
--

ALTER TABLE ONLY public.auth_user_groups
    ADD CONSTRAINT auth_user_groups_group_id_97559544_fk_auth_group_id FOREIGN KEY (group_id) REFERENCES public.auth_group(id) DEFERRABLE INITIALLY DEFERRED;


--
-- Name: auth_user_groups_user_id_6a12ed8b_fk_auth_user_id; Type: FK CONSTRAINT; Schema: public; Owner: postgres
--

ALTER TABLE ONLY public.auth_user_groups
    ADD CONSTRAINT auth_user_groups_user_id_6a12ed8b_fk_auth_user_id FOREIGN KEY (user_id) REFERENCES public.auth_user(id) DEFERRABLE INITIALLY DEFERRED;


--
-- Name: auth_user_user_permi_permission_id_1fbb5f2c_fk_auth_perm; Type: FK CONSTRAINT; Schema: public; Owner: postgres
--

ALTER TABLE ONLY public.auth_user_user_permissions
    ADD CONSTRAINT auth_user_user_permi_permission_id_1fbb5f2c_fk_auth_perm FOREIGN KEY (permission_id) REFERENCES public.auth_permission(id) DEFERRABLE INITIALLY DEFERRED;


--
-- Name: auth_user_user_permissions_user_id_a95ead1b_fk_auth_user_id; Type: FK CONSTRAINT; Schema: public; Owner: postgres
--

ALTER TABLE ONLY public.auth_user_user_permissions
    ADD CONSTRAINT auth_user_user_permissions_user_id_a95ead1b_fk_auth_user_id FOREIGN KEY (user_id) REFERENCES public.auth_user(id) DEFERRABLE INITIALLY DEFERRED;


--
-- Name: cebuMap_cebubarangay_cebubarangays_id_1467517c_fk_cebuMap_c; Type: FK CONSTRAINT; Schema: public; Owner: postgres
--

ALTER TABLE ONLY public."cebuMap_cebubarangays_stage_1"
    ADD CONSTRAINT "cebuMap_cebubarangay_cebubarangays_id_1467517c_fk_cebuMap_c" FOREIGN KEY (cebubarangays_id) REFERENCES public."cebuMap_cebubarangays"(id) DEFERRABLE INITIALLY DEFERRED;


--
-- Name: cebuMap_cebubarangay_cebubarangays_id_4631fb92_fk_cebuMap_c; Type: FK CONSTRAINT; Schema: public; Owner: postgres
--

ALTER TABLE ONLY public."cebuMap_cebubarangays_stage_0"
    ADD CONSTRAINT "cebuMap_cebubarangay_cebubarangays_id_4631fb92_fk_cebuMap_c" FOREIGN KEY (cebubarangays_id) REFERENCES public."cebuMap_cebubarangays"(id) DEFERRABLE INITIALLY DEFERRED;


--
-- Name: cebuMap_cebubarangay_cebubarangays_id_5aad2c08_fk_cebuMap_c; Type: FK CONSTRAINT; Schema: public; Owner: postgres
--

ALTER TABLE ONLY public."cebuMap_cebubarangays_hiv_pop"
    ADD CONSTRAINT "cebuMap_cebubarangay_cebubarangays_id_5aad2c08_fk_cebuMap_c" FOREIGN KEY (cebubarangays_id) REFERENCES public."cebuMap_cebubarangays"(id) DEFERRABLE INITIALLY DEFERRED;


--
-- Name: cebuMap_cebubarangay_cebubarangays_id_6c41d17b_fk_cebuMap_c; Type: FK CONSTRAINT; Schema: public; Owner: postgres
--

ALTER TABLE ONLY public."cebuMap_cebubarangays_deceased"
    ADD CONSTRAINT "cebuMap_cebubarangay_cebubarangays_id_6c41d17b_fk_cebuMap_c" FOREIGN KEY (cebubarangays_id) REFERENCES public."cebuMap_cebubarangays"(id) DEFERRABLE INITIALLY DEFERRED;


--
-- Name: cebuMap_cebubarangay_cebubarangays_id_983e7734_fk_cebuMap_c; Type: FK CONSTRAINT; Schema: public; Owner: postgres
--

ALTER TABLE ONLY public."cebuMap_cebubarangays_for_screening"
    ADD CONSTRAINT "cebuMap_cebubarangay_cebubarangays_id_983e7734_fk_cebuMap_c" FOREIGN KEY (cebubarangays_id) REFERENCES public."cebuMap_cebubarangays"(id) DEFERRABLE INITIALLY DEFERRED;


--
-- Name: cebuMap_cebubarangay_cebubarangays_id_c0e46738_fk_cebuMap_c; Type: FK CONSTRAINT; Schema: public; Owner: postgres
--

ALTER TABLE ONLY public."cebuMap_cebubarangays_stage_3"
    ADD CONSTRAINT "cebuMap_cebubarangay_cebubarangays_id_c0e46738_fk_cebuMap_c" FOREIGN KEY (cebubarangays_id) REFERENCES public."cebuMap_cebubarangays"(id) DEFERRABLE INITIALLY DEFERRED;


--
-- Name: cebuMap_cebubarangay_cebubarangays_id_ec506841_fk_cebuMap_c; Type: FK CONSTRAINT; Schema: public; Owner: postgres
--

ALTER TABLE ONLY public."cebuMap_cebubarangays_stage_2"
    ADD CONSTRAINT "cebuMap_cebubarangay_cebubarangays_id_ec506841_fk_cebuMap_c" FOREIGN KEY (cebubarangays_id) REFERENCES public."cebuMap_cebubarangays"(id) DEFERRABLE INITIALLY DEFERRED;


--
-- Name: cebuMap_cebubarangay_cebubarangays_id_fc7d6e87_fk_cebuMap_c; Type: FK CONSTRAINT; Schema: public; Owner: postgres
--

ALTER TABLE ONLY public."cebuMap_cebubarangays_migrated"
    ADD CONSTRAINT "cebuMap_cebubarangay_cebubarangays_id_fc7d6e87_fk_cebuMap_c" FOREIGN KEY (cebubarangays_id) REFERENCES public."cebuMap_cebubarangays"(id) DEFERRABLE INITIALLY DEFERRED;


--
-- Name: cebuMap_cebubarangay_patient_id_082728e3_fk_patient_p; Type: FK CONSTRAINT; Schema: public; Owner: postgres
--

ALTER TABLE ONLY public."cebuMap_cebubarangays_stage_0"
    ADD CONSTRAINT "cebuMap_cebubarangay_patient_id_082728e3_fk_patient_p" FOREIGN KEY (patient_id) REFERENCES public.patient_patient(icr_id) DEFERRABLE INITIALLY DEFERRED;


--
-- Name: cebuMap_cebubarangay_patient_id_086f6297_fk_patient_p; Type: FK CONSTRAINT; Schema: public; Owner: postgres
--

ALTER TABLE ONLY public."cebuMap_cebubarangays_stage_3"
    ADD CONSTRAINT "cebuMap_cebubarangay_patient_id_086f6297_fk_patient_p" FOREIGN KEY (patient_id) REFERENCES public.patient_patient(icr_id) DEFERRABLE INITIALLY DEFERRED;


--
-- Name: cebuMap_cebubarangay_patient_id_1e0ba12b_fk_patient_p; Type: FK CONSTRAINT; Schema: public; Owner: postgres
--

ALTER TABLE ONLY public."cebuMap_cebubarangays_for_screening"
    ADD CONSTRAINT "cebuMap_cebubarangay_patient_id_1e0ba12b_fk_patient_p" FOREIGN KEY (patient_id) REFERENCES public.patient_patient(icr_id) DEFERRABLE INITIALLY DEFERRED;


--
-- Name: cebuMap_cebubarangay_patient_id_37ee7a3d_fk_patient_p; Type: FK CONSTRAINT; Schema: public; Owner: postgres
--

ALTER TABLE ONLY public."cebuMap_cebubarangays_stage_1"
    ADD CONSTRAINT "cebuMap_cebubarangay_patient_id_37ee7a3d_fk_patient_p" FOREIGN KEY (patient_id) REFERENCES public.patient_patient(icr_id) DEFERRABLE INITIALLY DEFERRED;


--
-- Name: cebuMap_cebubarangay_patient_id_39e2ce3c_fk_patient_p; Type: FK CONSTRAINT; Schema: public; Owner: postgres
--

ALTER TABLE ONLY public."cebuMap_cebubarangays_deceased"
    ADD CONSTRAINT "cebuMap_cebubarangay_patient_id_39e2ce3c_fk_patient_p" FOREIGN KEY (patient_id) REFERENCES public.patient_patient(icr_id) DEFERRABLE INITIALLY DEFERRED;


--
-- Name: cebuMap_cebubarangay_patient_id_6855413c_fk_patient_p; Type: FK CONSTRAINT; Schema: public; Owner: postgres
--

ALTER TABLE ONLY public."cebuMap_cebubarangays_migrated"
    ADD CONSTRAINT "cebuMap_cebubarangay_patient_id_6855413c_fk_patient_p" FOREIGN KEY (patient_id) REFERENCES public.patient_patient(icr_id) DEFERRABLE INITIALLY DEFERRED;


--
-- Name: cebuMap_cebubarangay_patient_id_6a8a4739_fk_patient_p; Type: FK CONSTRAINT; Schema: public; Owner: postgres
--

ALTER TABLE ONLY public."cebuMap_cebubarangays_hiv_pop"
    ADD CONSTRAINT "cebuMap_cebubarangay_patient_id_6a8a4739_fk_patient_p" FOREIGN KEY (patient_id) REFERENCES public.patient_patient(icr_id) DEFERRABLE INITIALLY DEFERRED;


--
-- Name: cebuMap_cebubarangay_patient_id_cb0cbb0b_fk_patient_p; Type: FK CONSTRAINT; Schema: public; Owner: postgres
--

ALTER TABLE ONLY public."cebuMap_cebubarangays_stage_2"
    ADD CONSTRAINT "cebuMap_cebubarangay_patient_id_cb0cbb0b_fk_patient_p" FOREIGN KEY (patient_id) REFERENCES public.patient_patient(icr_id) DEFERRABLE INITIALLY DEFERRED;


--
-- Name: django_admin_log_content_type_id_c4bce8eb_fk_django_co; Type: FK CONSTRAINT; Schema: public; Owner: postgres
--

ALTER TABLE ONLY public.django_admin_log
    ADD CONSTRAINT django_admin_log_content_type_id_c4bce8eb_fk_django_co FOREIGN KEY (content_type_id) REFERENCES public.django_content_type(id) DEFERRABLE INITIALLY DEFERRED;


--
-- Name: django_admin_log_user_id_c564eba6_fk_auth_user_id; Type: FK CONSTRAINT; Schema: public; Owner: postgres
--

ALTER TABLE ONLY public.django_admin_log
    ADD CONSTRAINT django_admin_log_user_id_c564eba6_fk_auth_user_id FOREIGN KEY (user_id) REFERENCES public.auth_user(id) DEFERRABLE INITIALLY DEFERRED;


--
-- Name: doctor_doctor_doctor_doctor_id_6ba348a3_fk_doctor_do; Type: FK CONSTRAINT; Schema: public; Owner: postgres
--

ALTER TABLE ONLY public."doctor_doctor_doctorNotifs"
    ADD CONSTRAINT doctor_doctor_doctor_doctor_id_6ba348a3_fk_doctor_do FOREIGN KEY (doctor_id) REFERENCES public.doctor_doctor(id) DEFERRABLE INITIALLY DEFERRED;


--
-- Name: doctor_doctor_doctor_doctornotification_i_f4f12d22_fk_doctor_do; Type: FK CONSTRAINT; Schema: public; Owner: postgres
--

ALTER TABLE ONLY public."doctor_doctor_doctorNotifs"
    ADD CONSTRAINT doctor_doctor_doctor_doctornotification_i_f4f12d22_fk_doctor_do FOREIGN KEY (doctornotification_id) REFERENCES public.doctor_doctornotification(id) DEFERRABLE INITIALLY DEFERRED;


--
-- Name: doctor_doctor_finish_doctor_id_eb632f57_fk_doctor_do; Type: FK CONSTRAINT; Schema: public; Owner: postgres
--

ALTER TABLE ONLY public.doctor_doctor_finished_scheds
    ADD CONSTRAINT doctor_doctor_finish_doctor_id_eb632f57_fk_doctor_do FOREIGN KEY (doctor_id) REFERENCES public.doctor_doctor(id) DEFERRABLE INITIALLY DEFERRED;


--
-- Name: doctor_doctor_finish_doctorschedule_id_9b55f20b_fk_doctor_do; Type: FK CONSTRAINT; Schema: public; Owner: postgres
--

ALTER TABLE ONLY public.doctor_doctor_finished_scheds
    ADD CONSTRAINT doctor_doctor_finish_doctorschedule_id_9b55f20b_fk_doctor_do FOREIGN KEY (doctorschedule_id) REFERENCES public.doctor_doctorschedule(id) DEFERRABLE INITIALLY DEFERRED;


--
-- Name: doctor_doctor_new_no_doctornotification_i_33d72358_fk_doctor_do; Type: FK CONSTRAINT; Schema: public; Owner: postgres
--

ALTER TABLE ONLY public.doctor_doctor_new_notifs
    ADD CONSTRAINT doctor_doctor_new_no_doctornotification_i_33d72358_fk_doctor_do FOREIGN KEY (doctornotification_id) REFERENCES public.doctor_doctornotification(id) DEFERRABLE INITIALLY DEFERRED;


--
-- Name: doctor_doctor_new_notifs_doctor_id_b8c08f74_fk_doctor_doctor_id; Type: FK CONSTRAINT; Schema: public; Owner: postgres
--

ALTER TABLE ONLY public.doctor_doctor_new_notifs
    ADD CONSTRAINT doctor_doctor_new_notifs_doctor_id_b8c08f74_fk_doctor_doctor_id FOREIGN KEY (doctor_id) REFERENCES public.doctor_doctor(id) DEFERRABLE INITIALLY DEFERRED;


--
-- Name: doctor_doctor_p_handled_stats_id_cb809bf1_fk_doctor_do; Type: FK CONSTRAINT; Schema: public; Owner: postgres
--

ALTER TABLE ONLY public.doctor_doctor
    ADD CONSTRAINT doctor_doctor_p_handled_stats_id_cb809bf1_fk_doctor_do FOREIGN KEY (p_handled_stats_id) REFERENCES public.doctor_doctorstats(id) DEFERRABLE INITIALLY DEFERRED;


--
-- Name: doctor_doctor_pendin_doctor_id_a2ff7d64_fk_doctor_do; Type: FK CONSTRAINT; Schema: public; Owner: postgres
--

ALTER TABLE ONLY public.doctor_doctor_pending_scheds
    ADD CONSTRAINT doctor_doctor_pendin_doctor_id_a2ff7d64_fk_doctor_do FOREIGN KEY (doctor_id) REFERENCES public.doctor_doctor(id) DEFERRABLE INITIALLY DEFERRED;


--
-- Name: doctor_doctor_pendin_doctorschedule_id_0234c1cc_fk_doctor_do; Type: FK CONSTRAINT; Schema: public; Owner: postgres
--

ALTER TABLE ONLY public.doctor_doctor_pending_scheds
    ADD CONSTRAINT doctor_doctor_pendin_doctorschedule_id_0234c1cc_fk_doctor_do FOREIGN KEY (doctorschedule_id) REFERENCES public.doctor_doctorschedule(id) DEFERRABLE INITIALLY DEFERRED;


--
-- Name: doctor_doctor_reject_doctor_id_c647f336_fk_doctor_do; Type: FK CONSTRAINT; Schema: public; Owner: postgres
--

ALTER TABLE ONLY public.doctor_doctor_rejected_scheds
    ADD CONSTRAINT doctor_doctor_reject_doctor_id_c647f336_fk_doctor_do FOREIGN KEY (doctor_id) REFERENCES public.doctor_doctor(id) DEFERRABLE INITIALLY DEFERRED;


--
-- Name: doctor_doctor_reject_doctorschedule_id_7da8f6ef_fk_doctor_do; Type: FK CONSTRAINT; Schema: public; Owner: postgres
--

ALTER TABLE ONLY public.doctor_doctor_rejected_scheds
    ADD CONSTRAINT doctor_doctor_reject_doctorschedule_id_7da8f6ef_fk_doctor_do FOREIGN KEY (doctorschedule_id) REFERENCES public.doctor_doctorschedule(id) DEFERRABLE INITIALLY DEFERRED;


--
-- Name: doctor_doctor_schedu_doctorschedule_id_bfe582ab_fk_doctor_do; Type: FK CONSTRAINT; Schema: public; Owner: postgres
--

ALTER TABLE ONLY public.doctor_doctor_schedules
    ADD CONSTRAINT doctor_doctor_schedu_doctorschedule_id_bfe582ab_fk_doctor_do FOREIGN KEY (doctorschedule_id) REFERENCES public.doctor_doctorschedule(id) DEFERRABLE INITIALLY DEFERRED;


--
-- Name: doctor_doctor_schedules_doctor_id_a1f225ee_fk_doctor_doctor_id; Type: FK CONSTRAINT; Schema: public; Owner: postgres
--

ALTER TABLE ONLY public.doctor_doctor_schedules
    ADD CONSTRAINT doctor_doctor_schedules_doctor_id_a1f225ee_fk_doctor_doctor_id FOREIGN KEY (doctor_id) REFERENCES public.doctor_doctor(id) DEFERRABLE INITIALLY DEFERRED;


--
-- Name: doctor_doctorschedul_doctorschedule_id_262fab1d_fk_doctor_do; Type: FK CONSTRAINT; Schema: public; Owner: postgres
--

ALTER TABLE ONLY public.doctor_doctorschedule_doc_remark
    ADD CONSTRAINT doctor_doctorschedul_doctorschedule_id_262fab1d_fk_doctor_do FOREIGN KEY (doctorschedule_id) REFERENCES public.doctor_doctorschedule(id) DEFERRABLE INITIALLY DEFERRED;


--
-- Name: doctor_doctorschedul_doctorschedule_id_6108b89e_fk_doctor_do; Type: FK CONSTRAINT; Schema: public; Owner: postgres
--

ALTER TABLE ONLY public.doctor_doctorschedule_users_viewed
    ADD CONSTRAINT doctor_doctorschedul_doctorschedule_id_6108b89e_fk_doctor_do FOREIGN KEY (doctorschedule_id) REFERENCES public.doctor_doctorschedule(id) DEFERRABLE INITIALLY DEFERRED;


--
-- Name: doctor_doctorschedul_remark_id_6996e7e4_fk_doctor_re; Type: FK CONSTRAINT; Schema: public; Owner: postgres
--

ALTER TABLE ONLY public.doctor_doctorschedule_doc_remark
    ADD CONSTRAINT doctor_doctorschedul_remark_id_6996e7e4_fk_doctor_re FOREIGN KEY (remark_id) REFERENCES public.doctor_remark(id) DEFERRABLE INITIALLY DEFERRED;


--
-- Name: doctor_doctorschedul_usersviewed_id_a922325f_fk_doctor_us; Type: FK CONSTRAINT; Schema: public; Owner: postgres
--

ALTER TABLE ONLY public.doctor_doctorschedule_users_viewed
    ADD CONSTRAINT doctor_doctorschedul_usersviewed_id_a922325f_fk_doctor_us FOREIGN KEY (usersviewed_id) REFERENCES public.doctor_usersviewed(id) DEFERRABLE INITIALLY DEFERRED;


--
-- Name: doctor_doctorstats_m_doctorstats_id_a1ea8317_fk_doctor_do; Type: FK CONSTRAINT; Schema: public; Owner: postgres
--

ALTER TABLE ONLY public.doctor_doctorstats_monthly_stats
    ADD CONSTRAINT doctor_doctorstats_m_doctorstats_id_a1ea8317_fk_doctor_do FOREIGN KEY (doctorstats_id) REFERENCES public.doctor_doctorstats(id) DEFERRABLE INITIALLY DEFERRED;


--
-- Name: doctor_doctorstats_m_monthlystatistics_id_f96d55e9_fk_doctor_mo; Type: FK CONSTRAINT; Schema: public; Owner: postgres
--

ALTER TABLE ONLY public.doctor_doctorstats_monthly_stats
    ADD CONSTRAINT doctor_doctorstats_m_monthlystatistics_id_f96d55e9_fk_doctor_mo FOREIGN KEY (monthlystatistics_id) REFERENCES public.doctor_monthlystatistics(id) DEFERRABLE INITIALLY DEFERRED;


--
-- Name: patient_icrform_docs_icrform_id_bc5c4eb2_fk_patient_i; Type: FK CONSTRAINT; Schema: public; Owner: postgres
--

ALTER TABLE ONLY public.patient_icrform_docs_viewed
    ADD CONSTRAINT patient_icrform_docs_icrform_id_bc5c4eb2_fk_patient_i FOREIGN KEY (icrform_id) REFERENCES public.patient_icrform(id) DEFERRABLE INITIALLY DEFERRED;


--
-- Name: patient_icrform_docs_usersviewed_id_449c9a1e_fk_doctor_us; Type: FK CONSTRAINT; Schema: public; Owner: postgres
--

ALTER TABLE ONLY public.patient_icrform_docs_viewed
    ADD CONSTRAINT patient_icrform_docs_usersviewed_id_449c9a1e_fk_doctor_us FOREIGN KEY (usersviewed_id) REFERENCES public.doctor_usersviewed(id) DEFERRABLE INITIALLY DEFERRED;


--
-- Name: patient_icrform_doct_icrform_id_9accf06e_fk_patient_i; Type: FK CONSTRAINT; Schema: public; Owner: postgres
--

ALTER TABLE ONLY public.patient_icrform_doctor_remarks
    ADD CONSTRAINT patient_icrform_doct_icrform_id_9accf06e_fk_patient_i FOREIGN KEY (icrform_id) REFERENCES public.patient_icrform(id) DEFERRABLE INITIALLY DEFERRED;


--
-- Name: patient_icrform_doct_remark_id_3fa260db_fk_doctor_re; Type: FK CONSTRAINT; Schema: public; Owner: postgres
--

ALTER TABLE ONLY public.patient_icrform_doctor_remarks
    ADD CONSTRAINT patient_icrform_doct_remark_id_3fa260db_fk_doctor_re FOREIGN KEY (remark_id) REFERENCES public.doctor_remark(id) DEFERRABLE INITIALLY DEFERRED;


--
-- Name: patient_medhistform__medhistform_id_1b3ed826_fk_patient_m; Type: FK CONSTRAINT; Schema: public; Owner: postgres
--

ALTER TABLE ONLY public.patient_medhistform_docs_viewed
    ADD CONSTRAINT patient_medhistform__medhistform_id_1b3ed826_fk_patient_m FOREIGN KEY (medhistform_id) REFERENCES public.patient_medhistform(id) DEFERRABLE INITIALLY DEFERRED;


--
-- Name: patient_medhistform__medhistform_id_52bfc484_fk_patient_m; Type: FK CONSTRAINT; Schema: public; Owner: postgres
--

ALTER TABLE ONLY public.patient_medhistform_doctor_remarks
    ADD CONSTRAINT patient_medhistform__medhistform_id_52bfc484_fk_patient_m FOREIGN KEY (medhistform_id) REFERENCES public.patient_medhistform(id) DEFERRABLE INITIALLY DEFERRED;


--
-- Name: patient_medhistform__remark_id_0e0a4e16_fk_doctor_re; Type: FK CONSTRAINT; Schema: public; Owner: postgres
--

ALTER TABLE ONLY public.patient_medhistform_doctor_remarks
    ADD CONSTRAINT patient_medhistform__remark_id_0e0a4e16_fk_doctor_re FOREIGN KEY (remark_id) REFERENCES public.doctor_remark(id) DEFERRABLE INITIALLY DEFERRED;


--
-- Name: patient_medhistform__usersviewed_id_a03d8d0b_fk_doctor_us; Type: FK CONSTRAINT; Schema: public; Owner: postgres
--

ALTER TABLE ONLY public.patient_medhistform_docs_viewed
    ADD CONSTRAINT patient_medhistform__usersviewed_id_a03d8d0b_fk_doctor_us FOREIGN KEY (usersviewed_id) REFERENCES public.doctor_usersviewed(id) DEFERRABLE INITIALLY DEFERRED;


--
-- Name: patient_patient_appr_doctorschedule_id_a029f022_fk_doctor_do; Type: FK CONSTRAINT; Schema: public; Owner: postgres
--

ALTER TABLE ONLY public.patient_patient_approved_schedules
    ADD CONSTRAINT patient_patient_appr_doctorschedule_id_a029f022_fk_doctor_do FOREIGN KEY (doctorschedule_id) REFERENCES public.doctor_doctorschedule(id) DEFERRABLE INITIALLY DEFERRED;


--
-- Name: patient_patient_appr_patient_id_df55b9aa_fk_patient_p; Type: FK CONSTRAINT; Schema: public; Owner: postgres
--

ALTER TABLE ONLY public.patient_patient_approved_schedules
    ADD CONSTRAINT patient_patient_appr_patient_id_df55b9aa_fk_patient_p FOREIGN KEY (patient_id) REFERENCES public.patient_patient(icr_id) DEFERRABLE INITIALLY DEFERRED;


--
-- Name: patient_patient_fini_doctorschedule_id_941ede49_fk_doctor_do; Type: FK CONSTRAINT; Schema: public; Owner: postgres
--

ALTER TABLE ONLY public.patient_patient_finished_schedules
    ADD CONSTRAINT patient_patient_fini_doctorschedule_id_941ede49_fk_doctor_do FOREIGN KEY (doctorschedule_id) REFERENCES public.doctor_doctorschedule(id) DEFERRABLE INITIALLY DEFERRED;


--
-- Name: patient_patient_fini_patient_id_3f1271b6_fk_patient_p; Type: FK CONSTRAINT; Schema: public; Owner: postgres
--

ALTER TABLE ONLY public.patient_patient_finished_schedules
    ADD CONSTRAINT patient_patient_fini_patient_id_3f1271b6_fk_patient_p FOREIGN KEY (patient_id) REFERENCES public.patient_patient(icr_id) DEFERRABLE INITIALLY DEFERRED;


--
-- Name: patient_patient_icr_id_b786c1eb_fk_patient_icrform_id; Type: FK CONSTRAINT; Schema: public; Owner: postgres
--

ALTER TABLE ONLY public.patient_patient
    ADD CONSTRAINT patient_patient_icr_id_b786c1eb_fk_patient_icrform_id FOREIGN KEY (icr_id) REFERENCES public.patient_icrform(id) DEFERRABLE INITIALLY DEFERRED;


--
-- Name: patient_patient_loca_patient_id_e3cb8e8e_fk_patient_p; Type: FK CONSTRAINT; Schema: public; Owner: postgres
--

ALTER TABLE ONLY public.patient_patient_location_details
    ADD CONSTRAINT patient_patient_loca_patient_id_e3cb8e8e_fk_patient_p FOREIGN KEY (patient_id) REFERENCES public.patient_patient(icr_id) DEFERRABLE INITIALLY DEFERRED;


--
-- Name: patient_patient_loca_patientlocationdetai_b8b64cb2_fk_patient_p; Type: FK CONSTRAINT; Schema: public; Owner: postgres
--

ALTER TABLE ONLY public.patient_patient_location_details
    ADD CONSTRAINT patient_patient_loca_patientlocationdetai_b8b64cb2_fk_patient_p FOREIGN KEY (patientlocationdetails_id) REFERENCES public.patient_patientlocationdetails(id) DEFERRABLE INITIALLY DEFERRED;


--
-- Name: patient_patient_medi_medhistform_id_8afe2e17_fk_patient_m; Type: FK CONSTRAINT; Schema: public; Owner: postgres
--

ALTER TABLE ONLY public.patient_patient_medical_history
    ADD CONSTRAINT patient_patient_medi_medhistform_id_8afe2e17_fk_patient_m FOREIGN KEY (medhistform_id) REFERENCES public.patient_medhistform(id) DEFERRABLE INITIALLY DEFERRED;


--
-- Name: patient_patient_medi_patient_id_8f563ff3_fk_patient_p; Type: FK CONSTRAINT; Schema: public; Owner: postgres
--

ALTER TABLE ONLY public.patient_patient_medical_history
    ADD CONSTRAINT patient_patient_medi_patient_id_8f563ff3_fk_patient_p FOREIGN KEY (patient_id) REFERENCES public.patient_patient(icr_id) DEFERRABLE INITIALLY DEFERRED;


--
-- Name: patient_patient_meds_medication_id_0f4fb49a_fk_patient_m; Type: FK CONSTRAINT; Schema: public; Owner: postgres
--

ALTER TABLE ONLY public.patient_patient_meds
    ADD CONSTRAINT patient_patient_meds_medication_id_0f4fb49a_fk_patient_m FOREIGN KEY (medication_id) REFERENCES public.patient_medication(id) DEFERRABLE INITIALLY DEFERRED;


--
-- Name: patient_patient_meds_patient_id_f63de01f_fk_patient_p; Type: FK CONSTRAINT; Schema: public; Owner: postgres
--

ALTER TABLE ONLY public.patient_patient_meds
    ADD CONSTRAINT patient_patient_meds_patient_id_f63de01f_fk_patient_p FOREIGN KEY (patient_id) REFERENCES public.patient_patient(icr_id) DEFERRABLE INITIALLY DEFERRED;


--
-- Name: patient_patient_my_d_doctor_id_2154af2b_fk_doctor_do; Type: FK CONSTRAINT; Schema: public; Owner: postgres
--

ALTER TABLE ONLY public.patient_patient_my_doctors
    ADD CONSTRAINT patient_patient_my_d_doctor_id_2154af2b_fk_doctor_do FOREIGN KEY (doctor_id) REFERENCES public.doctor_doctor(id) DEFERRABLE INITIALLY DEFERRED;


--
-- Name: patient_patient_my_d_patient_id_ffd62b7f_fk_patient_p; Type: FK CONSTRAINT; Schema: public; Owner: postgres
--

ALTER TABLE ONLY public.patient_patient_my_doctors
    ADD CONSTRAINT patient_patient_my_d_patient_id_ffd62b7f_fk_patient_p FOREIGN KEY (patient_id) REFERENCES public.patient_patient(icr_id) DEFERRABLE INITIALLY DEFERRED;


--
-- Name: patient_patient_pati_patient_id_dc07c558_fk_patient_p; Type: FK CONSTRAINT; Schema: public; Owner: postgres
--

ALTER TABLE ONLY public.patient_patient_patient_notifications
    ADD CONSTRAINT patient_patient_pati_patient_id_dc07c558_fk_patient_p FOREIGN KEY (patient_id) REFERENCES public.patient_patient(icr_id) DEFERRABLE INITIALLY DEFERRED;


--
-- Name: patient_patient_pati_patient_id_fd9c6f16_fk_patient_p; Type: FK CONSTRAINT; Schema: public; Owner: postgres
--

ALTER TABLE ONLY public.patient_patient_patient_new_notifications
    ADD CONSTRAINT patient_patient_pati_patient_id_fd9c6f16_fk_patient_p FOREIGN KEY (patient_id) REFERENCES public.patient_patient(icr_id) DEFERRABLE INITIALLY DEFERRED;


--
-- Name: patient_patient_pati_patientnotification__2e8bde8c_fk_patient_p; Type: FK CONSTRAINT; Schema: public; Owner: postgres
--

ALTER TABLE ONLY public.patient_patient_patient_new_notifications
    ADD CONSTRAINT patient_patient_pati_patientnotification__2e8bde8c_fk_patient_p FOREIGN KEY (patientnotification_id) REFERENCES public.patient_patientnotification(id) DEFERRABLE INITIALLY DEFERRED;


--
-- Name: patient_patient_pati_patientnotification__c640c83e_fk_patient_p; Type: FK CONSTRAINT; Schema: public; Owner: postgres
--

ALTER TABLE ONLY public.patient_patient_patient_notifications
    ADD CONSTRAINT patient_patient_pati_patientnotification__c640c83e_fk_patient_p FOREIGN KEY (patientnotification_id) REFERENCES public.patient_patientnotification(id) DEFERRABLE INITIALLY DEFERRED;


--
-- Name: patient_patient_pend_doctorschedule_id_bf172319_fk_doctor_do; Type: FK CONSTRAINT; Schema: public; Owner: postgres
--

ALTER TABLE ONLY public.patient_patient_pending_schedules
    ADD CONSTRAINT patient_patient_pend_doctorschedule_id_bf172319_fk_doctor_do FOREIGN KEY (doctorschedule_id) REFERENCES public.doctor_doctorschedule(id) DEFERRABLE INITIALLY DEFERRED;


--
-- Name: patient_patient_pend_patient_id_46eb596a_fk_patient_p; Type: FK CONSTRAINT; Schema: public; Owner: postgres
--

ALTER TABLE ONLY public.patient_patient_pending_schedules
    ADD CONSTRAINT patient_patient_pend_patient_id_46eb596a_fk_patient_p FOREIGN KEY (patient_id) REFERENCES public.patient_patient(icr_id) DEFERRABLE INITIALLY DEFERRED;


--
-- Name: patient_patient_pers_patient_id_960c6c67_fk_patient_p; Type: FK CONSTRAINT; Schema: public; Owner: postgres
--

ALTER TABLE ONLY public.patient_patient_personal_records
    ADD CONSTRAINT patient_patient_pers_patient_id_960c6c67_fk_patient_p FOREIGN KEY (patient_id) REFERENCES public.patient_patient(icr_id) DEFERRABLE INITIALLY DEFERRED;


--
-- Name: patient_patient_pers_personalrecord_id_86f28561_fk_patient_p; Type: FK CONSTRAINT; Schema: public; Owner: postgres
--

ALTER TABLE ONLY public.patient_patient_personal_records
    ADD CONSTRAINT patient_patient_pers_personalrecord_id_86f28561_fk_patient_p FOREIGN KEY (personalrecord_id) REFERENCES public.patient_personalrecord(id) DEFERRABLE INITIALLY DEFERRED;


--
-- Name: patient_patient_profile_id_77e9389a_fk_patient_profileform_id; Type: FK CONSTRAINT; Schema: public; Owner: postgres
--

ALTER TABLE ONLY public.patient_patient
    ADD CONSTRAINT patient_patient_profile_id_77e9389a_fk_patient_profileform_id FOREIGN KEY (profile_id) REFERENCES public.patient_profileform(id) DEFERRABLE INITIALLY DEFERRED;


--
-- Name: patient_patient_reje_doctorschedule_id_43097324_fk_doctor_do; Type: FK CONSTRAINT; Schema: public; Owner: postgres
--

ALTER TABLE ONLY public.patient_patient_rejected_schedules
    ADD CONSTRAINT patient_patient_reje_doctorschedule_id_43097324_fk_doctor_do FOREIGN KEY (doctorschedule_id) REFERENCES public.doctor_doctorschedule(id) DEFERRABLE INITIALLY DEFERRED;


--
-- Name: patient_patient_reje_patient_id_d54c5b54_fk_patient_p; Type: FK CONSTRAINT; Schema: public; Owner: postgres
--

ALTER TABLE ONLY public.patient_patient_rejected_schedules
    ADD CONSTRAINT patient_patient_reje_patient_id_d54c5b54_fk_patient_p FOREIGN KEY (patient_id) REFERENCES public.patient_patient(icr_id) DEFERRABLE INITIALLY DEFERRED;


--
-- Name: patient_personalreco_note_id_3cd46a6f_fk_doctor_no; Type: FK CONSTRAINT; Schema: public; Owner: postgres
--

ALTER TABLE ONLY public.patient_personalrecord_comment
    ADD CONSTRAINT patient_personalreco_note_id_3cd46a6f_fk_doctor_no FOREIGN KEY (note_id) REFERENCES public.doctor_remark(id) DEFERRABLE INITIALLY DEFERRED;


--
-- Name: patient_personalreco_personalrecord_id_55891b3e_fk_patient_p; Type: FK CONSTRAINT; Schema: public; Owner: postgres
--

ALTER TABLE ONLY public.patient_personalrecord_comment
    ADD CONSTRAINT patient_personalreco_personalrecord_id_55891b3e_fk_patient_p FOREIGN KEY (personalrecord_id) REFERENCES public.patient_personalrecord(id) DEFERRABLE INITIALLY DEFERRED;


--
-- Name: patient_personalreco_personalrecord_id_eb52405c_fk_patient_p; Type: FK CONSTRAINT; Schema: public; Owner: postgres
--

ALTER TABLE ONLY public.patient_personalrecord_docs_viewed
    ADD CONSTRAINT patient_personalreco_personalrecord_id_eb52405c_fk_patient_p FOREIGN KEY (personalrecord_id) REFERENCES public.patient_personalrecord(id) DEFERRABLE INITIALLY DEFERRED;


--
-- Name: patient_personalreco_usersviewed_id_04da4031_fk_doctor_us; Type: FK CONSTRAINT; Schema: public; Owner: postgres
--

ALTER TABLE ONLY public.patient_personalrecord_docs_viewed
    ADD CONSTRAINT patient_personalreco_usersviewed_id_04da4031_fk_doctor_us FOREIGN KEY (usersviewed_id) REFERENCES public.doctor_usersviewed(id) DEFERRABLE INITIALLY DEFERRED;


--
-- Name: patient_profileform__note_id_d7c06bf2_fk_doctor_no; Type: FK CONSTRAINT; Schema: public; Owner: postgres
--

ALTER TABLE ONLY public.patient_profileform_doctor_remarks
    ADD CONSTRAINT patient_profileform__note_id_d7c06bf2_fk_doctor_no FOREIGN KEY (note_id) REFERENCES public.doctor_remark(id) DEFERRABLE INITIALLY DEFERRED;


--
-- Name: patient_profileform__profileform_id_205b4051_fk_patient_p; Type: FK CONSTRAINT; Schema: public; Owner: postgres
--

ALTER TABLE ONLY public.patient_profileform_docs_viewed
    ADD CONSTRAINT patient_profileform__profileform_id_205b4051_fk_patient_p FOREIGN KEY (profileform_id) REFERENCES public.patient_profileform(id) DEFERRABLE INITIALLY DEFERRED;


--
-- Name: patient_profileform__profileform_id_4bcc26d2_fk_patient_p; Type: FK CONSTRAINT; Schema: public; Owner: postgres
--

ALTER TABLE ONLY public.patient_profileform_doctor_remarks
    ADD CONSTRAINT patient_profileform__profileform_id_4bcc26d2_fk_patient_p FOREIGN KEY (profileform_id) REFERENCES public.patient_profileform(id) DEFERRABLE INITIALLY DEFERRED;


--
-- Name: patient_profileform__usersviewed_id_7a43db87_fk_doctor_us; Type: FK CONSTRAINT; Schema: public; Owner: postgres
--

ALTER TABLE ONLY public.patient_profileform_docs_viewed
    ADD CONSTRAINT patient_profileform__usersviewed_id_7a43db87_fk_doctor_us FOREIGN KEY (usersviewed_id) REFERENCES public.doctor_usersviewed(id) DEFERRABLE INITIALLY DEFERRED;


--
-- Name: SCHEMA public; Type: ACL; Schema: -; Owner: postgres
--

REVOKE ALL ON SCHEMA public FROM PUBLIC;
REVOKE ALL ON SCHEMA public FROM postgres;
GRANT ALL ON SCHEMA public TO postgres;
GRANT ALL ON SCHEMA public TO PUBLIC;


--
-- PostgreSQL database dump complete
--

