--
-- PostgreSQL database dump
--

-- Dumped from database version 10.10
-- Dumped by pg_dump version 10.10

SET statement_timeout = 0;
SET lock_timeout = 0;
SET idle_in_transaction_session_timeout = 0;
SET client_encoding = 'UTF8';
SET standard_conforming_strings = on;
SELECT pg_catalog.set_config('search_path', '', false);
SET check_function_bodies = false;
SET xmloption = content;
SET client_min_messages = warning;
SET row_security = off;

ALTER TABLE ONLY public.patient_profileform_docs_viewed DROP CONSTRAINT patient_profileform__usersviewed_id_7a43db87_fk_doctor_us;
ALTER TABLE ONLY public.patient_profileform_doctor_remarks DROP CONSTRAINT patient_profileform__remark_id_348e0f78_fk_doctor_re;
ALTER TABLE ONLY public.patient_profileform_doctor_remarks DROP CONSTRAINT patient_profileform__profileform_id_4bcc26d2_fk_patient_p;
ALTER TABLE ONLY public.patient_profileform_docs_viewed DROP CONSTRAINT patient_profileform__profileform_id_205b4051_fk_patient_p;
ALTER TABLE ONLY public.patient_personalrecord_docs_viewed DROP CONSTRAINT patient_personalreco_usersviewed_id_04da4031_fk_doctor_us;
ALTER TABLE ONLY public.patient_personalrecord_comment DROP CONSTRAINT patient_personalreco_remark_id_ff0016c0_fk_doctor_re;
ALTER TABLE ONLY public.patient_personalrecord_docs_viewed DROP CONSTRAINT patient_personalreco_personalrecord_id_eb52405c_fk_patient_p;
ALTER TABLE ONLY public.patient_personalrecord_comment DROP CONSTRAINT patient_personalreco_personalrecord_id_55891b3e_fk_patient_p;
ALTER TABLE ONLY public.patient_patient_rejected_schedules DROP CONSTRAINT patient_patient_reje_patient_id_d54c5b54_fk_patient_p;
ALTER TABLE ONLY public.patient_patient_rejected_schedules DROP CONSTRAINT patient_patient_reje_doctorschedule_id_43097324_fk_doctor_do;
ALTER TABLE ONLY public.patient_patient DROP CONSTRAINT patient_patient_profile_id_77e9389a_fk_patient_profileform_id;
ALTER TABLE ONLY public.patient_patient_personal_records DROP CONSTRAINT patient_patient_pers_personalrecord_id_86f28561_fk_patient_p;
ALTER TABLE ONLY public.patient_patient_personal_records DROP CONSTRAINT patient_patient_pers_patient_id_960c6c67_fk_patient_p;
ALTER TABLE ONLY public.patient_patient_pending_schedules DROP CONSTRAINT patient_patient_pend_patient_id_46eb596a_fk_patient_p;
ALTER TABLE ONLY public.patient_patient_pending_schedules DROP CONSTRAINT patient_patient_pend_doctorschedule_id_bf172319_fk_doctor_do;
ALTER TABLE ONLY public.patient_patient_patient_notifications DROP CONSTRAINT patient_patient_pati_patientnotification__c640c83e_fk_patient_p;
ALTER TABLE ONLY public.patient_patient_patient_new_notifications DROP CONSTRAINT patient_patient_pati_patientnotification__2e8bde8c_fk_patient_p;
ALTER TABLE ONLY public.patient_patient_patient_new_notifications DROP CONSTRAINT patient_patient_pati_patient_id_fd9c6f16_fk_patient_p;
ALTER TABLE ONLY public.patient_patient_patient_notifications DROP CONSTRAINT patient_patient_pati_patient_id_dc07c558_fk_patient_p;
ALTER TABLE ONLY public.patient_patient_my_doctors DROP CONSTRAINT patient_patient_my_d_patient_id_ffd62b7f_fk_patient_p;
ALTER TABLE ONLY public.patient_patient_my_doctors DROP CONSTRAINT patient_patient_my_d_doctor_id_2154af2b_fk_doctor_do;
ALTER TABLE ONLY public.patient_patient_meds DROP CONSTRAINT patient_patient_meds_patient_id_f63de01f_fk_patient_p;
ALTER TABLE ONLY public.patient_patient_meds DROP CONSTRAINT patient_patient_meds_medication_id_0f4fb49a_fk_patient_m;
ALTER TABLE ONLY public.patient_patient_medical_history DROP CONSTRAINT patient_patient_medi_patient_id_8f563ff3_fk_patient_p;
ALTER TABLE ONLY public.patient_patient_medical_history DROP CONSTRAINT patient_patient_medi_medhistform_id_8afe2e17_fk_patient_m;
ALTER TABLE ONLY public.patient_patient_location_details DROP CONSTRAINT patient_patient_loca_patientlocationdetai_b8b64cb2_fk_patient_p;
ALTER TABLE ONLY public.patient_patient_location_details DROP CONSTRAINT patient_patient_loca_patient_id_e3cb8e8e_fk_patient_p;
ALTER TABLE ONLY public.patient_patient DROP CONSTRAINT patient_patient_icr_id_b786c1eb_fk_patient_icrform_id;
ALTER TABLE ONLY public.patient_patient_finished_schedules DROP CONSTRAINT patient_patient_fini_patient_id_3f1271b6_fk_patient_p;
ALTER TABLE ONLY public.patient_patient_finished_schedules DROP CONSTRAINT patient_patient_fini_doctorschedule_id_941ede49_fk_doctor_do;
ALTER TABLE ONLY public.patient_patient_approved_schedules DROP CONSTRAINT patient_patient_appr_patient_id_df55b9aa_fk_patient_p;
ALTER TABLE ONLY public.patient_patient_approved_schedules DROP CONSTRAINT patient_patient_appr_doctorschedule_id_a029f022_fk_doctor_do;
ALTER TABLE ONLY public.patient_medhistform_docs_viewed DROP CONSTRAINT patient_medhistform__usersviewed_id_a03d8d0b_fk_doctor_us;
ALTER TABLE ONLY public.patient_medhistform_doctor_remarks DROP CONSTRAINT patient_medhistform__remark_id_0e0a4e16_fk_doctor_re;
ALTER TABLE ONLY public.patient_medhistform_doctor_remarks DROP CONSTRAINT patient_medhistform__medhistform_id_52bfc484_fk_patient_m;
ALTER TABLE ONLY public.patient_medhistform_docs_viewed DROP CONSTRAINT patient_medhistform__medhistform_id_1b3ed826_fk_patient_m;
ALTER TABLE ONLY public.patient_icrform_doctor_remarks DROP CONSTRAINT patient_icrform_doct_remark_id_3fa260db_fk_doctor_re;
ALTER TABLE ONLY public.patient_icrform_doctor_remarks DROP CONSTRAINT patient_icrform_doct_icrform_id_9accf06e_fk_patient_i;
ALTER TABLE ONLY public.patient_icrform_docs_viewed DROP CONSTRAINT patient_icrform_docs_usersviewed_id_449c9a1e_fk_doctor_us;
ALTER TABLE ONLY public.patient_icrform_docs_viewed DROP CONSTRAINT patient_icrform_docs_icrform_id_bc5c4eb2_fk_patient_i;
ALTER TABLE ONLY public.doctor_doctorstats_monthly_stats DROP CONSTRAINT doctor_doctorstats_m_monthlystatistics_id_f96d55e9_fk_doctor_mo;
ALTER TABLE ONLY public.doctor_doctorstats_monthly_stats DROP CONSTRAINT doctor_doctorstats_m_doctorstats_id_a1ea8317_fk_doctor_do;
ALTER TABLE ONLY public.doctor_doctorschedule_users_viewed DROP CONSTRAINT doctor_doctorschedul_usersviewed_id_a922325f_fk_doctor_us;
ALTER TABLE ONLY public.doctor_doctorschedule_doc_remark DROP CONSTRAINT doctor_doctorschedul_remark_id_6996e7e4_fk_doctor_re;
ALTER TABLE ONLY public.doctor_doctorschedule_users_viewed DROP CONSTRAINT doctor_doctorschedul_doctorschedule_id_6108b89e_fk_doctor_do;
ALTER TABLE ONLY public.doctor_doctorschedule_doc_remark DROP CONSTRAINT doctor_doctorschedul_doctorschedule_id_262fab1d_fk_doctor_do;
ALTER TABLE ONLY public.doctor_doctor_schedules DROP CONSTRAINT doctor_doctor_schedules_doctor_id_a1f225ee_fk_doctor_doctor_id;
ALTER TABLE ONLY public.doctor_doctor_schedules DROP CONSTRAINT doctor_doctor_schedu_doctorschedule_id_bfe582ab_fk_doctor_do;
ALTER TABLE ONLY public.doctor_doctor_rejected_scheds DROP CONSTRAINT doctor_doctor_reject_doctorschedule_id_7da8f6ef_fk_doctor_do;
ALTER TABLE ONLY public.doctor_doctor_rejected_scheds DROP CONSTRAINT doctor_doctor_reject_doctor_id_c647f336_fk_doctor_do;
ALTER TABLE ONLY public.doctor_doctor_pending_scheds DROP CONSTRAINT doctor_doctor_pendin_doctorschedule_id_0234c1cc_fk_doctor_do;
ALTER TABLE ONLY public.doctor_doctor_pending_scheds DROP CONSTRAINT doctor_doctor_pendin_doctor_id_a2ff7d64_fk_doctor_do;
ALTER TABLE ONLY public.doctor_doctor DROP CONSTRAINT doctor_doctor_p_handled_stats_id_cb809bf1_fk_doctor_do;
ALTER TABLE ONLY public.doctor_doctor_new_notifs DROP CONSTRAINT doctor_doctor_new_notifs_doctor_id_b8c08f74_fk_doctor_doctor_id;
ALTER TABLE ONLY public.doctor_doctor_new_notifs DROP CONSTRAINT doctor_doctor_new_no_doctornotification_i_33d72358_fk_doctor_do;
ALTER TABLE ONLY public.doctor_doctor_finished_scheds DROP CONSTRAINT doctor_doctor_finish_doctorschedule_id_9b55f20b_fk_doctor_do;
ALTER TABLE ONLY public.doctor_doctor_finished_scheds DROP CONSTRAINT doctor_doctor_finish_doctor_id_eb632f57_fk_doctor_do;
ALTER TABLE ONLY public."doctor_doctor_doctorNotifs" DROP CONSTRAINT doctor_doctor_doctor_doctornotification_i_f4f12d22_fk_doctor_do;
ALTER TABLE ONLY public."doctor_doctor_doctorNotifs" DROP CONSTRAINT doctor_doctor_doctor_doctor_id_6ba348a3_fk_doctor_do;
ALTER TABLE ONLY public.django_admin_log DROP CONSTRAINT django_admin_log_user_id_c564eba6_fk_auth_user_id;
ALTER TABLE ONLY public.django_admin_log DROP CONSTRAINT django_admin_log_content_type_id_c4bce8eb_fk_django_co;
ALTER TABLE ONLY public."cebuMap_cebubarangays_stage_2" DROP CONSTRAINT "cebuMap_cebubarangay_patient_id_cb0cbb0b_fk_patient_p";
ALTER TABLE ONLY public."cebuMap_cebubarangays_hiv_pop" DROP CONSTRAINT "cebuMap_cebubarangay_patient_id_6a8a4739_fk_patient_p";
ALTER TABLE ONLY public."cebuMap_cebubarangays_migrated" DROP CONSTRAINT "cebuMap_cebubarangay_patient_id_6855413c_fk_patient_p";
ALTER TABLE ONLY public."cebuMap_cebubarangays_deceased" DROP CONSTRAINT "cebuMap_cebubarangay_patient_id_39e2ce3c_fk_patient_p";
ALTER TABLE ONLY public."cebuMap_cebubarangays_stage_1" DROP CONSTRAINT "cebuMap_cebubarangay_patient_id_37ee7a3d_fk_patient_p";
ALTER TABLE ONLY public."cebuMap_cebubarangays_for_screening" DROP CONSTRAINT "cebuMap_cebubarangay_patient_id_1e0ba12b_fk_patient_p";
ALTER TABLE ONLY public."cebuMap_cebubarangays_stage_3" DROP CONSTRAINT "cebuMap_cebubarangay_patient_id_086f6297_fk_patient_p";
ALTER TABLE ONLY public."cebuMap_cebubarangays_stage_0" DROP CONSTRAINT "cebuMap_cebubarangay_patient_id_082728e3_fk_patient_p";
ALTER TABLE ONLY public."cebuMap_cebubarangays_migrated" DROP CONSTRAINT "cebuMap_cebubarangay_cebubarangays_id_fc7d6e87_fk_cebuMap_c";
ALTER TABLE ONLY public."cebuMap_cebubarangays_stage_2" DROP CONSTRAINT "cebuMap_cebubarangay_cebubarangays_id_ec506841_fk_cebuMap_c";
ALTER TABLE ONLY public."cebuMap_cebubarangays_stage_3" DROP CONSTRAINT "cebuMap_cebubarangay_cebubarangays_id_c0e46738_fk_cebuMap_c";
ALTER TABLE ONLY public."cebuMap_cebubarangays_for_screening" DROP CONSTRAINT "cebuMap_cebubarangay_cebubarangays_id_983e7734_fk_cebuMap_c";
ALTER TABLE ONLY public."cebuMap_cebubarangays_deceased" DROP CONSTRAINT "cebuMap_cebubarangay_cebubarangays_id_6c41d17b_fk_cebuMap_c";
ALTER TABLE ONLY public."cebuMap_cebubarangays_hiv_pop" DROP CONSTRAINT "cebuMap_cebubarangay_cebubarangays_id_5aad2c08_fk_cebuMap_c";
ALTER TABLE ONLY public."cebuMap_cebubarangays_stage_0" DROP CONSTRAINT "cebuMap_cebubarangay_cebubarangays_id_4631fb92_fk_cebuMap_c";
ALTER TABLE ONLY public."cebuMap_cebubarangays_stage_1" DROP CONSTRAINT "cebuMap_cebubarangay_cebubarangays_id_1467517c_fk_cebuMap_c";
ALTER TABLE ONLY public.auth_user_user_permissions DROP CONSTRAINT auth_user_user_permissions_user_id_a95ead1b_fk_auth_user_id;
ALTER TABLE ONLY public.auth_user_user_permissions DROP CONSTRAINT auth_user_user_permi_permission_id_1fbb5f2c_fk_auth_perm;
ALTER TABLE ONLY public.auth_user_groups DROP CONSTRAINT auth_user_groups_user_id_6a12ed8b_fk_auth_user_id;
ALTER TABLE ONLY public.auth_user_groups DROP CONSTRAINT auth_user_groups_group_id_97559544_fk_auth_group_id;
ALTER TABLE ONLY public.auth_permission DROP CONSTRAINT auth_permission_content_type_id_2f476e4b_fk_django_co;
ALTER TABLE ONLY public.auth_group_permissions DROP CONSTRAINT auth_group_permissions_group_id_b120cbf9_fk_auth_group_id;
ALTER TABLE ONLY public.auth_group_permissions DROP CONSTRAINT auth_group_permissio_permission_id_84c5c92e_fk_auth_perm;
DROP INDEX public.patient_profileform_docs_viewed_usersviewed_id_7a43db87;
DROP INDEX public.patient_profileform_docs_viewed_profileform_id_205b4051;
DROP INDEX public.patient_profileform_doc_remarks_profileform_id_c57d05e2;
DROP INDEX public.patient_profileform_doc_remarks_comment_id_9efaa491;
DROP INDEX public.patient_personalrecord_slug_bf7d5472_like;
DROP INDEX public.patient_personalrecord_slug_bf7d5472;
DROP INDEX public.patient_personalrecord_docs_viewed_usersviewed_id_04da4031;
DROP INDEX public.patient_personalrecord_docs_viewed_personalrecord_id_eb52405c;
DROP INDEX public.patient_personalrecord_comment_personalrecord_id_55891b3e;
DROP INDEX public.patient_personalrecord_comment_comment_id_c24321ec;
DROP INDEX public.patient_patient_slug_7f8cce32_like;
DROP INDEX public.patient_patient_slug_7f8cce32;
DROP INDEX public."patient_patient_rejectedScheds_patient_id_9df2451c";
DROP INDEX public."patient_patient_rejectedScheds_doctorschedule_id_05b469a5";
DROP INDEX public."patient_patient_personalRecord_personalrecord_id_42d4790b";
DROP INDEX public."patient_patient_personalRecord_patient_id_04758112";
DROP INDEX public."patient_patient_pendingScheds_patient_id_1d339a46";
DROP INDEX public."patient_patient_pendingScheds_doctorschedule_id_58dd819a";
DROP INDEX public."patient_patient_patientNotif_patientnotification_id_9d1276ca";
DROP INDEX public."patient_patient_patientNotif_patient_id_b48eb1f5";
DROP INDEX public.patient_patient_new_patient_notifications_patient_id_1f9c0e8e;
DROP INDEX public.patient_patient_new_patien_patientnotification_id_9d78158c;
DROP INDEX public."patient_patient_myDoctors_patient_id_3ee97e2d";
DROP INDEX public."patient_patient_myDoctors_doctor_id_510aef53";
DROP INDEX public.patient_patient_meds_patient_id_f63de01f;
DROP INDEX public.patient_patient_meds_medication_id_0f4fb49a;
DROP INDEX public.patient_patient_medical_history_patient_id_8f563ff3;
DROP INDEX public.patient_patient_medical_history_medhistform_id_8afe2e17;
DROP INDEX public.patient_patient_location_details_patient_id_e3cb8e8e;
DROP INDEX public.patient_patient_location_d_patientlocationdetails_id_b8b64cb2;
DROP INDEX public."patient_patient_finishedScheds_patient_id_78583ebc";
DROP INDEX public."patient_patient_finishedScheds_doctorschedule_id_226d4fad";
DROP INDEX public."patient_patient_approvedScheds_patient_id_ffd99c84";
DROP INDEX public."patient_patient_approvedScheds_doctorschedule_id_2a685fae";
DROP INDEX public.patient_medhistform_docs_viewed_usersviewed_id_a03d8d0b;
DROP INDEX public.patient_medhistform_docs_viewed_medhistform_id_1b3ed826;
DROP INDEX public.patient_medhistform_doc_remarks_medhistform_id_5eeb339b;
DROP INDEX public.patient_medhistform_doc_remarks_comment_id_8cbe0197;
DROP INDEX public.patient_icrform_docs_viewed_usersviewed_id_449c9a1e;
DROP INDEX public.patient_icrform_docs_viewed_icrform_id_bc5c4eb2;
DROP INDEX public.patient_icrform_doc_remarks_icrform_id_9651116f;
DROP INDEX public.patient_icrform_doc_remarks_comment_id_7c9769b2;
DROP INDEX public.doctor_doctorstats_monthly_stats_monthlystatistics_id_f96d55e9;
DROP INDEX public.doctor_doctorstats_monthly_stats_doctorstats_id_a1ea8317;
DROP INDEX public.doctor_doctorschedule_doc_views_details_usersviewed_id_5402743f;
DROP INDEX public.doctor_doctorschedule_doc_remark_note_id_c8ae6e6a;
DROP INDEX public.doctor_doctorschedule_doc_remark_doctorschedule_id_262fab1d;
DROP INDEX public.doctor_doctorschedule_doc__doctorschedule_id_29da9469;
DROP INDEX public.doctor_doctor_slug_7289a166_like;
DROP INDEX public.doctor_doctor_slug_7289a166;
DROP INDEX public.doctor_doctor_schedules_doctorschedule_id_bfe582ab;
DROP INDEX public.doctor_doctor_schedules_doctor_id_a1f225ee;
DROP INDEX public.doctor_doctor_rejected_scheds_doctorschedule_id_7da8f6ef;
DROP INDEX public.doctor_doctor_rejected_scheds_doctor_id_c647f336;
DROP INDEX public.doctor_doctor_pending_scheds_doctorschedule_id_0234c1cc;
DROP INDEX public.doctor_doctor_pending_scheds_doctor_id_a2ff7d64;
DROP INDEX public.doctor_doctor_new_notifs_doctornotification_id_33d72358;
DROP INDEX public.doctor_doctor_new_notifs_doctor_id_b8c08f74;
DROP INDEX public.doctor_doctor_finished_scheds_doctorschedule_id_9b55f20b;
DROP INDEX public.doctor_doctor_finished_scheds_doctor_id_eb632f57;
DROP INDEX public."doctor_doctor_doctorNotifs_doctornotification_id_f4f12d22";
DROP INDEX public."doctor_doctor_doctorNotifs_doctor_id_6ba348a3";
DROP INDEX public.django_session_session_key_c0390e0f_like;
DROP INDEX public.django_session_expire_date_a5c62663;
DROP INDEX public.django_admin_log_user_id_c564eba6;
DROP INDEX public.django_admin_log_content_type_id_c4bce8eb;
DROP INDEX public."cebuMap_incidence_location_id";
DROP INDEX public."cebuMap_cebumap_location_id";
DROP INDEX public."cebuMap_cebubarangays_stage_3_patient_id_086f6297";
DROP INDEX public."cebuMap_cebubarangays_stage_3_cebubarangays_id_c0e46738";
DROP INDEX public."cebuMap_cebubarangays_stage_2_patient_id_cb0cbb0b";
DROP INDEX public."cebuMap_cebubarangays_stage_2_cebubarangays_id_ec506841";
DROP INDEX public."cebuMap_cebubarangays_stage_1_patient_id_37ee7a3d";
DROP INDEX public."cebuMap_cebubarangays_stage_1_cebubarangays_id_1467517c";
DROP INDEX public."cebuMap_cebubarangays_stage_0_patient_id_082728e3";
DROP INDEX public."cebuMap_cebubarangays_stage_0_cebubarangays_id_4631fb92";
DROP INDEX public."cebuMap_cebubarangays_no_hiv_patient_id_148aea79";
DROP INDEX public."cebuMap_cebubarangays_no_hiv_cebubarangays_id_d91618c9";
DROP INDEX public."cebuMap_cebubarangays_migrated_patient_id_6855413c";
DROP INDEX public."cebuMap_cebubarangays_migrated_cebubarangays_id_fc7d6e87";
DROP INDEX public."cebuMap_cebubarangays_hiv_pop_patient_id_6a8a4739";
DROP INDEX public."cebuMap_cebubarangays_hiv_pop_cebubarangays_id_5aad2c08";
DROP INDEX public."cebuMap_cebubarangays_geom_id";
DROP INDEX public."cebuMap_cebubarangays_deceased_patient_id_39e2ce3c";
DROP INDEX public."cebuMap_cebubarangays_deceased_cebubarangays_id_6c41d17b";
DROP INDEX public.auth_user_username_6821ab7c_like;
DROP INDEX public.auth_user_user_permissions_user_id_a95ead1b;
DROP INDEX public.auth_user_user_permissions_permission_id_1fbb5f2c;
DROP INDEX public.auth_user_groups_user_id_6a12ed8b;
DROP INDEX public.auth_user_groups_group_id_97559544;
DROP INDEX public.auth_permission_content_type_id_2f476e4b;
DROP INDEX public.auth_group_permissions_permission_id_84c5c92e;
DROP INDEX public.auth_group_permissions_group_id_b120cbf9;
DROP INDEX public.auth_group_name_a6ea08ec_like;
ALTER TABLE ONLY public.portal_adminnotification DROP CONSTRAINT portal_adminnotification_pkey;
ALTER TABLE ONLY public.patient_profileform DROP CONSTRAINT patient_profileform_pkey;
ALTER TABLE ONLY public.patient_profileform_docs_viewed DROP CONSTRAINT patient_profileform_docs_viewed_pkey;
ALTER TABLE ONLY public.patient_profileform_docs_viewed DROP CONSTRAINT patient_profileform_docs_profileform_id_usersview_9accc661_uniq;
ALTER TABLE ONLY public.patient_profileform_doctor_remarks DROP CONSTRAINT patient_profileform_doc_remarks_pkey;
ALTER TABLE ONLY public.patient_profileform_doctor_remarks DROP CONSTRAINT patient_profileform_doc__profileform_id_comment_i_af395918_uniq;
ALTER TABLE ONLY public.patient_personalrecord DROP CONSTRAINT patient_personalrecord_pkey;
ALTER TABLE ONLY public.patient_personalrecord_docs_viewed DROP CONSTRAINT patient_personalrecord_docs_viewed_pkey;
ALTER TABLE ONLY public.patient_personalrecord_docs_viewed DROP CONSTRAINT patient_personalrecord_d_personalrecord_id_usersv_c376ec35_uniq;
ALTER TABLE ONLY public.patient_personalrecord_comment DROP CONSTRAINT patient_personalrecord_comment_pkey;
ALTER TABLE ONLY public.patient_personalrecord_comment DROP CONSTRAINT patient_personalrecord_c_personalrecord_id_commen_7452e830_uniq;
ALTER TABLE ONLY public.patient_patientsmonthlystatistics DROP CONSTRAINT patient_patientsmonthlystatistics_pkey;
ALTER TABLE ONLY public.patient_patientnotification DROP CONSTRAINT patient_patientnotification_pkey;
ALTER TABLE ONLY public.patient_patientlocationdetails DROP CONSTRAINT patient_patientlocationdetails_pkey;
ALTER TABLE ONLY public.patient_patient_rejected_schedules DROP CONSTRAINT patient_patient_rejected_patient_id_doctorschedul_8f9bd58f_uniq;
ALTER TABLE ONLY public.patient_patient_rejected_schedules DROP CONSTRAINT "patient_patient_rejectedScheds_pkey";
ALTER TABLE ONLY public.patient_patient DROP CONSTRAINT patient_patient_profile_id_key;
ALTER TABLE ONLY public.patient_patient DROP CONSTRAINT patient_patient_pkey;
ALTER TABLE ONLY public.patient_patient_personal_records DROP CONSTRAINT patient_patient_personal_patient_id_personalrecor_3f2eddfc_uniq;
ALTER TABLE ONLY public.patient_patient_personal_records DROP CONSTRAINT "patient_patient_personalRecord_pkey";
ALTER TABLE ONLY public.patient_patient_pending_schedules DROP CONSTRAINT "patient_patient_pendingScheds_pkey";
ALTER TABLE ONLY public.patient_patient_pending_schedules DROP CONSTRAINT "patient_patient_pendingS_patient_id_doctorschedul_195ccbe8_uniq";
ALTER TABLE ONLY public.patient_patient_patient_notifications DROP CONSTRAINT "patient_patient_patientNotif_pkey";
ALTER TABLE ONLY public.patient_patient_patient_notifications DROP CONSTRAINT "patient_patient_patientN_patient_id_patientnotifi_4d5e2983_uniq";
ALTER TABLE ONLY public.patient_patient_patient_new_notifications DROP CONSTRAINT patient_patient_new_patient_notifications_pkey;
ALTER TABLE ONLY public.patient_patient_patient_new_notifications DROP CONSTRAINT patient_patient_new_pati_patient_id_patientnotifi_ae3a5c17_uniq;
ALTER TABLE ONLY public.patient_patient_my_doctors DROP CONSTRAINT "patient_patient_myDoctors_pkey";
ALTER TABLE ONLY public.patient_patient_my_doctors DROP CONSTRAINT "patient_patient_myDoctors_patient_id_doctor_id_7b3d880a_uniq";
ALTER TABLE ONLY public.patient_patient_meds DROP CONSTRAINT patient_patient_meds_pkey;
ALTER TABLE ONLY public.patient_patient_meds DROP CONSTRAINT patient_patient_meds_patient_id_medication_id_b51b22bf_uniq;
ALTER TABLE ONLY public.patient_patient_medical_history DROP CONSTRAINT patient_patient_medical_history_pkey;
ALTER TABLE ONLY public.patient_patient_medical_history DROP CONSTRAINT patient_patient_medical__patient_id_medhistform_i_c31eb5be_uniq;
ALTER TABLE ONLY public.patient_patient_location_details DROP CONSTRAINT patient_patient_location_patient_id_patientlocati_57a8bbd8_uniq;
ALTER TABLE ONLY public.patient_patient_location_details DROP CONSTRAINT patient_patient_location_details_pkey;
ALTER TABLE ONLY public.patient_patient_finished_schedules DROP CONSTRAINT patient_patient_finished_patient_id_doctorschedul_7486cc01_uniq;
ALTER TABLE ONLY public.patient_patient_finished_schedules DROP CONSTRAINT "patient_patient_finishedScheds_pkey";
ALTER TABLE ONLY public.patient_patient_approved_schedules DROP CONSTRAINT patient_patient_approved_patient_id_doctorschedul_0d51c825_uniq;
ALTER TABLE ONLY public.patient_patient_approved_schedules DROP CONSTRAINT "patient_patient_approvedScheds_pkey";
ALTER TABLE ONLY public.patient_medication DROP CONSTRAINT patient_medication_pkey;
ALTER TABLE ONLY public.patient_medhistform DROP CONSTRAINT patient_medhistform_pkey;
ALTER TABLE ONLY public.patient_medhistform_docs_viewed DROP CONSTRAINT patient_medhistform_docs_viewed_pkey;
ALTER TABLE ONLY public.patient_medhistform_docs_viewed DROP CONSTRAINT patient_medhistform_docs_medhistform_id_usersview_07b03ec3_uniq;
ALTER TABLE ONLY public.patient_medhistform_doctor_remarks DROP CONSTRAINT patient_medhistform_doc_remarks_pkey;
ALTER TABLE ONLY public.patient_medhistform_doctor_remarks DROP CONSTRAINT patient_medhistform_doc__medhistform_id_comment_i_10de27ed_uniq;
ALTER TABLE ONLY public.patient_icrform DROP CONSTRAINT patient_icrform_pkey;
ALTER TABLE ONLY public.patient_icrform_docs_viewed DROP CONSTRAINT patient_icrform_docs_viewed_pkey;
ALTER TABLE ONLY public.patient_icrform_docs_viewed DROP CONSTRAINT patient_icrform_docs_vie_icrform_id_usersviewed_i_fd4f75c7_uniq;
ALTER TABLE ONLY public.patient_icrform_doctor_remarks DROP CONSTRAINT patient_icrform_doc_remarks_pkey;
ALTER TABLE ONLY public.patient_icrform_doctor_remarks DROP CONSTRAINT patient_icrform_doc_remarks_icrform_id_comment_id_9529ff62_uniq;
ALTER TABLE ONLY public.doctor_usersviewed DROP CONSTRAINT doctor_usersviewed_pkey;
ALTER TABLE ONLY public.doctor_remark DROP CONSTRAINT doctor_note_pkey;
ALTER TABLE ONLY public.doctor_monthlystatistics DROP CONSTRAINT doctor_monthlystatistics_pkey;
ALTER TABLE ONLY public.doctor_medicine DROP CONSTRAINT doctor_medicine_pkey;
ALTER TABLE ONLY public.doctor_doctorstats DROP CONSTRAINT doctor_doctorstats_pkey;
ALTER TABLE ONLY public.doctor_doctorstats_monthly_stats DROP CONSTRAINT doctor_doctorstats_monthly_stats_pkey;
ALTER TABLE ONLY public.doctor_doctorstats_monthly_stats DROP CONSTRAINT doctor_doctorstats_month_doctorstats_id_monthlyst_908ccdfd_uniq;
ALTER TABLE ONLY public.doctor_doctorschedule DROP CONSTRAINT doctor_doctorschedule_pkey;
ALTER TABLE ONLY public.doctor_doctorschedule_users_viewed DROP CONSTRAINT doctor_doctorschedule_doc_views_details_pkey;
ALTER TABLE ONLY public.doctor_doctorschedule_doc_remark DROP CONSTRAINT doctor_doctorschedule_doc_remark_pkey;
ALTER TABLE ONLY public.doctor_doctorschedule_users_viewed DROP CONSTRAINT doctor_doctorschedule_do_doctorschedule_id_usersv_ac687590_uniq;
ALTER TABLE ONLY public.doctor_doctorschedule_doc_remark DROP CONSTRAINT doctor_doctorschedule_do_doctorschedule_id_note_i_1fdf0288_uniq;
ALTER TABLE ONLY public.doctor_doctornotification DROP CONSTRAINT doctor_doctornotification_pkey;
ALTER TABLE ONLY public.doctor_doctor DROP CONSTRAINT doctor_doctor_weekly_stats_id_key;
ALTER TABLE ONLY public.doctor_doctor_schedules DROP CONSTRAINT doctor_doctor_schedules_pkey;
ALTER TABLE ONLY public.doctor_doctor_schedules DROP CONSTRAINT doctor_doctor_schedules_doctor_id_doctorschedule_d3adfdb5_uniq;
ALTER TABLE ONLY public.doctor_doctor_rejected_scheds DROP CONSTRAINT doctor_doctor_rejected_scheds_pkey;
ALTER TABLE ONLY public.doctor_doctor_rejected_scheds DROP CONSTRAINT doctor_doctor_rejected_s_doctor_id_doctorschedule_f99c2aae_uniq;
ALTER TABLE ONLY public.doctor_doctor DROP CONSTRAINT doctor_doctor_pkey;
ALTER TABLE ONLY public.doctor_doctor_pending_scheds DROP CONSTRAINT doctor_doctor_pending_scheds_pkey;
ALTER TABLE ONLY public.doctor_doctor_pending_scheds DROP CONSTRAINT doctor_doctor_pending_sc_doctor_id_doctorschedule_d9cd6807_uniq;
ALTER TABLE ONLY public.doctor_doctor_new_notifs DROP CONSTRAINT doctor_doctor_new_notifs_pkey;
ALTER TABLE ONLY public.doctor_doctor_new_notifs DROP CONSTRAINT doctor_doctor_new_notifs_doctor_id_doctornotifica_dcbc9409_uniq;
ALTER TABLE ONLY public.doctor_doctor_finished_scheds DROP CONSTRAINT doctor_doctor_finished_scheds_pkey;
ALTER TABLE ONLY public.doctor_doctor_finished_scheds DROP CONSTRAINT doctor_doctor_finished_s_doctor_id_doctorschedule_b90c794b_uniq;
ALTER TABLE ONLY public."doctor_doctor_doctorNotifs" DROP CONSTRAINT "doctor_doctor_doctorNotifs_pkey";
ALTER TABLE ONLY public."doctor_doctor_doctorNotifs" DROP CONSTRAINT "doctor_doctor_doctorNoti_doctor_id_doctornotifica_4aabd4ae_uniq";
ALTER TABLE ONLY public.django_session DROP CONSTRAINT django_session_pkey;
ALTER TABLE ONLY public.django_migrations DROP CONSTRAINT django_migrations_pkey;
ALTER TABLE ONLY public.django_content_type DROP CONSTRAINT django_content_type_pkey;
ALTER TABLE ONLY public.django_content_type DROP CONSTRAINT django_content_type_app_label_model_76bd3d3b_uniq;
ALTER TABLE ONLY public.django_admin_log DROP CONSTRAINT django_admin_log_pkey;
ALTER TABLE ONLY public."cebuMap_incidence" DROP CONSTRAINT "cebuMap_incidence_pkey";
ALTER TABLE ONLY public."cebuMap_cebumap" DROP CONSTRAINT "cebuMap_cebumap_pkey1";
ALTER TABLE ONLY public."cebuMap_cebubarangays_stage_3" DROP CONSTRAINT "cebuMap_cebubarangays_stage_3_pkey";
ALTER TABLE ONLY public."cebuMap_cebubarangays_stage_2" DROP CONSTRAINT "cebuMap_cebubarangays_stage_2_pkey";
ALTER TABLE ONLY public."cebuMap_cebubarangays_stage_1" DROP CONSTRAINT "cebuMap_cebubarangays_stage_1_pkey";
ALTER TABLE ONLY public."cebuMap_cebubarangays_stage_0" DROP CONSTRAINT "cebuMap_cebubarangays_stage_0_pkey";
ALTER TABLE ONLY public."cebuMap_cebubarangays_stage_1" DROP CONSTRAINT "cebuMap_cebubarangays_st_cebubarangays_id_patient_ebe059ae_uniq";
ALTER TABLE ONLY public."cebuMap_cebubarangays_stage_3" DROP CONSTRAINT "cebuMap_cebubarangays_st_cebubarangays_id_patient_965731ad_uniq";
ALTER TABLE ONLY public."cebuMap_cebubarangays_stage_2" DROP CONSTRAINT "cebuMap_cebubarangays_st_cebubarangays_id_patient_6247f3ec_uniq";
ALTER TABLE ONLY public."cebuMap_cebubarangays_stage_0" DROP CONSTRAINT "cebuMap_cebubarangays_st_cebubarangays_id_patient_0fa086c4_uniq";
ALTER TABLE ONLY public."cebuMap_cebubarangays" DROP CONSTRAINT "cebuMap_cebubarangays_pkey";
ALTER TABLE ONLY public."cebuMap_cebubarangays_for_screening" DROP CONSTRAINT "cebuMap_cebubarangays_no_hiv_pkey";
ALTER TABLE ONLY public."cebuMap_cebubarangays_for_screening" DROP CONSTRAINT "cebuMap_cebubarangays_no_cebubarangays_id_patient_d1fadfa2_uniq";
ALTER TABLE ONLY public."cebuMap_cebubarangays_migrated" DROP CONSTRAINT "cebuMap_cebubarangays_migrated_pkey";
ALTER TABLE ONLY public."cebuMap_cebubarangays_migrated" DROP CONSTRAINT "cebuMap_cebubarangays_mi_cebubarangays_id_patient_caebf437_uniq";
ALTER TABLE ONLY public."cebuMap_cebubarangays_hiv_pop" DROP CONSTRAINT "cebuMap_cebubarangays_hiv_pop_pkey";
ALTER TABLE ONLY public."cebuMap_cebubarangays_hiv_pop" DROP CONSTRAINT "cebuMap_cebubarangays_hi_cebubarangays_id_patient_cf6594d9_uniq";
ALTER TABLE ONLY public."cebuMap_cebubarangays_deceased" DROP CONSTRAINT "cebuMap_cebubarangays_deceased_pkey";
ALTER TABLE ONLY public."cebuMap_cebubarangays_deceased" DROP CONSTRAINT "cebuMap_cebubarangays_de_cebubarangays_id_patient_6ebfbd7b_uniq";
ALTER TABLE ONLY public.auth_user DROP CONSTRAINT auth_user_username_key;
ALTER TABLE ONLY public.auth_user_user_permissions DROP CONSTRAINT auth_user_user_permissions_user_id_permission_id_14a6b632_uniq;
ALTER TABLE ONLY public.auth_user_user_permissions DROP CONSTRAINT auth_user_user_permissions_pkey;
ALTER TABLE ONLY public.auth_user DROP CONSTRAINT auth_user_pkey;
ALTER TABLE ONLY public.auth_user_groups DROP CONSTRAINT auth_user_groups_user_id_group_id_94350c0c_uniq;
ALTER TABLE ONLY public.auth_user_groups DROP CONSTRAINT auth_user_groups_pkey;
ALTER TABLE ONLY public.auth_permission DROP CONSTRAINT auth_permission_pkey;
ALTER TABLE ONLY public.auth_permission DROP CONSTRAINT auth_permission_content_type_id_codename_01ab375a_uniq;
ALTER TABLE ONLY public.auth_group DROP CONSTRAINT auth_group_pkey;
ALTER TABLE ONLY public.auth_group_permissions DROP CONSTRAINT auth_group_permissions_pkey;
ALTER TABLE ONLY public.auth_group_permissions DROP CONSTRAINT auth_group_permissions_group_id_permission_id_0cd325b0_uniq;
ALTER TABLE ONLY public.auth_group DROP CONSTRAINT auth_group_name_key;
ALTER TABLE public.portal_adminnotification ALTER COLUMN id DROP DEFAULT;
ALTER TABLE public.patient_profileform_doctor_remarks ALTER COLUMN id DROP DEFAULT;
ALTER TABLE public.patient_profileform_docs_viewed ALTER COLUMN id DROP DEFAULT;
ALTER TABLE public.patient_profileform ALTER COLUMN id DROP DEFAULT;
ALTER TABLE public.patient_personalrecord_docs_viewed ALTER COLUMN id DROP DEFAULT;
ALTER TABLE public.patient_personalrecord_comment ALTER COLUMN id DROP DEFAULT;
ALTER TABLE public.patient_personalrecord ALTER COLUMN id DROP DEFAULT;
ALTER TABLE public.patient_patientsmonthlystatistics ALTER COLUMN id DROP DEFAULT;
ALTER TABLE public.patient_patientnotification ALTER COLUMN id DROP DEFAULT;
ALTER TABLE public.patient_patientlocationdetails ALTER COLUMN id DROP DEFAULT;
ALTER TABLE public.patient_patient_rejected_schedules ALTER COLUMN id DROP DEFAULT;
ALTER TABLE public.patient_patient_personal_records ALTER COLUMN id DROP DEFAULT;
ALTER TABLE public.patient_patient_pending_schedules ALTER COLUMN id DROP DEFAULT;
ALTER TABLE public.patient_patient_patient_notifications ALTER COLUMN id DROP DEFAULT;
ALTER TABLE public.patient_patient_patient_new_notifications ALTER COLUMN id DROP DEFAULT;
ALTER TABLE public.patient_patient_my_doctors ALTER COLUMN id DROP DEFAULT;
ALTER TABLE public.patient_patient_meds ALTER COLUMN id DROP DEFAULT;
ALTER TABLE public.patient_patient_medical_history ALTER COLUMN id DROP DEFAULT;
ALTER TABLE public.patient_patient_location_details ALTER COLUMN id DROP DEFAULT;
ALTER TABLE public.patient_patient_finished_schedules ALTER COLUMN id DROP DEFAULT;
ALTER TABLE public.patient_patient_approved_schedules ALTER COLUMN id DROP DEFAULT;
ALTER TABLE public.patient_medication ALTER COLUMN id DROP DEFAULT;
ALTER TABLE public.patient_medhistform_doctor_remarks ALTER COLUMN id DROP DEFAULT;
ALTER TABLE public.patient_medhistform_docs_viewed ALTER COLUMN id DROP DEFAULT;
ALTER TABLE public.patient_medhistform ALTER COLUMN id DROP DEFAULT;
ALTER TABLE public.patient_icrform_doctor_remarks ALTER COLUMN id DROP DEFAULT;
ALTER TABLE public.patient_icrform_docs_viewed ALTER COLUMN id DROP DEFAULT;
ALTER TABLE public.patient_icrform ALTER COLUMN id DROP DEFAULT;
ALTER TABLE public.doctor_usersviewed ALTER COLUMN id DROP DEFAULT;
ALTER TABLE public.doctor_remark ALTER COLUMN id DROP DEFAULT;
ALTER TABLE public.doctor_monthlystatistics ALTER COLUMN id DROP DEFAULT;
ALTER TABLE public.doctor_medicine ALTER COLUMN id DROP DEFAULT;
ALTER TABLE public.doctor_doctorstats_monthly_stats ALTER COLUMN id DROP DEFAULT;
ALTER TABLE public.doctor_doctorstats ALTER COLUMN id DROP DEFAULT;
ALTER TABLE public.doctor_doctorschedule_users_viewed ALTER COLUMN id DROP DEFAULT;
ALTER TABLE public.doctor_doctorschedule_doc_remark ALTER COLUMN id DROP DEFAULT;
ALTER TABLE public.doctor_doctorschedule ALTER COLUMN id DROP DEFAULT;
ALTER TABLE public.doctor_doctornotification ALTER COLUMN id DROP DEFAULT;
ALTER TABLE public.doctor_doctor_schedules ALTER COLUMN id DROP DEFAULT;
ALTER TABLE public.doctor_doctor_rejected_scheds ALTER COLUMN id DROP DEFAULT;
ALTER TABLE public.doctor_doctor_pending_scheds ALTER COLUMN id DROP DEFAULT;
ALTER TABLE public.doctor_doctor_new_notifs ALTER COLUMN id DROP DEFAULT;
ALTER TABLE public.doctor_doctor_finished_scheds ALTER COLUMN id DROP DEFAULT;
ALTER TABLE public."doctor_doctor_doctorNotifs" ALTER COLUMN id DROP DEFAULT;
ALTER TABLE public.doctor_doctor ALTER COLUMN id DROP DEFAULT;
ALTER TABLE public.django_migrations ALTER COLUMN id DROP DEFAULT;
ALTER TABLE public.django_content_type ALTER COLUMN id DROP DEFAULT;
ALTER TABLE public.django_admin_log ALTER COLUMN id DROP DEFAULT;
ALTER TABLE public."cebuMap_incidence" ALTER COLUMN id DROP DEFAULT;
ALTER TABLE public."cebuMap_cebumap" ALTER COLUMN id DROP DEFAULT;
ALTER TABLE public."cebuMap_cebubarangays_stage_3" ALTER COLUMN id DROP DEFAULT;
ALTER TABLE public."cebuMap_cebubarangays_stage_2" ALTER COLUMN id DROP DEFAULT;
ALTER TABLE public."cebuMap_cebubarangays_stage_1" ALTER COLUMN id DROP DEFAULT;
ALTER TABLE public."cebuMap_cebubarangays_stage_0" ALTER COLUMN id DROP DEFAULT;
ALTER TABLE public."cebuMap_cebubarangays_migrated" ALTER COLUMN id DROP DEFAULT;
ALTER TABLE public."cebuMap_cebubarangays_hiv_pop" ALTER COLUMN id DROP DEFAULT;
ALTER TABLE public."cebuMap_cebubarangays_for_screening" ALTER COLUMN id DROP DEFAULT;
ALTER TABLE public."cebuMap_cebubarangays_deceased" ALTER COLUMN id DROP DEFAULT;
ALTER TABLE public."cebuMap_cebubarangays" ALTER COLUMN id DROP DEFAULT;
ALTER TABLE public.auth_user_user_permissions ALTER COLUMN id DROP DEFAULT;
ALTER TABLE public.auth_user_groups ALTER COLUMN id DROP DEFAULT;
ALTER TABLE public.auth_user ALTER COLUMN id DROP DEFAULT;
ALTER TABLE public.auth_permission ALTER COLUMN id DROP DEFAULT;
ALTER TABLE public.auth_group_permissions ALTER COLUMN id DROP DEFAULT;
ALTER TABLE public.auth_group ALTER COLUMN id DROP DEFAULT;
DROP SEQUENCE public.portal_adminnotification_id_seq;
DROP TABLE public.portal_adminnotification;
DROP SEQUENCE public.patient_profileform_id_seq;
DROP SEQUENCE public.patient_profileform_docs_viewed_id_seq;
DROP TABLE public.patient_profileform_docs_viewed;
DROP SEQUENCE public.patient_profileform_doc_remarks_id_seq;
DROP TABLE public.patient_profileform_doctor_remarks;
DROP TABLE public.patient_profileform;
DROP SEQUENCE public.patient_personalrecord_id_seq;
DROP SEQUENCE public.patient_personalrecord_docs_viewed_id_seq;
DROP TABLE public.patient_personalrecord_docs_viewed;
DROP SEQUENCE public.patient_personalrecord_comment_id_seq;
DROP TABLE public.patient_personalrecord_comment;
DROP TABLE public.patient_personalrecord;
DROP SEQUENCE public.patient_patientsmonthlystatistics_id_seq;
DROP TABLE public.patient_patientsmonthlystatistics;
DROP SEQUENCE public.patient_patientnotification_id_seq;
DROP TABLE public.patient_patientnotification;
DROP SEQUENCE public.patient_patientlocationdetails_id_seq;
DROP TABLE public.patient_patientlocationdetails;
DROP SEQUENCE public."patient_patient_rejectedScheds_id_seq";
DROP TABLE public.patient_patient_rejected_schedules;
DROP SEQUENCE public."patient_patient_personalRecord_id_seq";
DROP TABLE public.patient_patient_personal_records;
DROP SEQUENCE public."patient_patient_pendingScheds_id_seq";
DROP TABLE public.patient_patient_pending_schedules;
DROP SEQUENCE public."patient_patient_patientNotif_id_seq";
DROP TABLE public.patient_patient_patient_notifications;
DROP SEQUENCE public.patient_patient_new_patient_notifications_id_seq;
DROP TABLE public.patient_patient_patient_new_notifications;
DROP SEQUENCE public."patient_patient_myDoctors_id_seq";
DROP TABLE public.patient_patient_my_doctors;
DROP SEQUENCE public.patient_patient_meds_id_seq;
DROP TABLE public.patient_patient_meds;
DROP SEQUENCE public.patient_patient_medical_history_id_seq;
DROP TABLE public.patient_patient_medical_history;
DROP SEQUENCE public.patient_patient_location_details_id_seq;
DROP TABLE public.patient_patient_location_details;
DROP SEQUENCE public."patient_patient_finishedScheds_id_seq";
DROP TABLE public.patient_patient_finished_schedules;
DROP SEQUENCE public."patient_patient_approvedScheds_id_seq";
DROP TABLE public.patient_patient_approved_schedules;
DROP TABLE public.patient_patient;
DROP SEQUENCE public.patient_medication_id_seq;
DROP TABLE public.patient_medication;
DROP SEQUENCE public.patient_medhistform_id_seq;
DROP SEQUENCE public.patient_medhistform_docs_viewed_id_seq;
DROP TABLE public.patient_medhistform_docs_viewed;
DROP SEQUENCE public.patient_medhistform_doc_remarks_id_seq;
DROP TABLE public.patient_medhistform_doctor_remarks;
DROP TABLE public.patient_medhistform;
DROP SEQUENCE public.patient_icrform_id_seq;
DROP SEQUENCE public.patient_icrform_docs_viewed_id_seq;
DROP TABLE public.patient_icrform_docs_viewed;
DROP SEQUENCE public.patient_icrform_doc_remarks_id_seq;
DROP TABLE public.patient_icrform_doctor_remarks;
DROP TABLE public.patient_icrform;
DROP SEQUENCE public.doctor_usersviewed_id_seq;
DROP TABLE public.doctor_usersviewed;
DROP SEQUENCE public.doctor_note_id_seq;
DROP TABLE public.doctor_remark;
DROP SEQUENCE public.doctor_monthlystatistics_id_seq;
DROP TABLE public.doctor_monthlystatistics;
DROP SEQUENCE public.doctor_medicine_id_seq;
DROP TABLE public.doctor_medicine;
DROP SEQUENCE public.doctor_doctorstats_monthly_stats_id_seq;
DROP TABLE public.doctor_doctorstats_monthly_stats;
DROP SEQUENCE public.doctor_doctorstats_id_seq;
DROP TABLE public.doctor_doctorstats;
DROP SEQUENCE public.doctor_doctorschedule_id_seq;
DROP SEQUENCE public.doctor_doctorschedule_doc_views_details_id_seq;
DROP TABLE public.doctor_doctorschedule_users_viewed;
DROP SEQUENCE public.doctor_doctorschedule_doc_remark_id_seq;
DROP TABLE public.doctor_doctorschedule_doc_remark;
DROP TABLE public.doctor_doctorschedule;
DROP SEQUENCE public.doctor_doctornotification_id_seq;
DROP TABLE public.doctor_doctornotification;
DROP SEQUENCE public.doctor_doctor_schedules_id_seq;
DROP TABLE public.doctor_doctor_schedules;
DROP SEQUENCE public.doctor_doctor_rejected_scheds_id_seq;
DROP TABLE public.doctor_doctor_rejected_scheds;
DROP SEQUENCE public.doctor_doctor_pending_scheds_id_seq;
DROP TABLE public.doctor_doctor_pending_scheds;
DROP SEQUENCE public.doctor_doctor_new_notifs_id_seq;
DROP TABLE public.doctor_doctor_new_notifs;
DROP SEQUENCE public.doctor_doctor_id_seq;
DROP SEQUENCE public.doctor_doctor_finished_scheds_id_seq;
DROP TABLE public.doctor_doctor_finished_scheds;
DROP SEQUENCE public."doctor_doctor_doctorNotifs_id_seq";
DROP TABLE public."doctor_doctor_doctorNotifs";
DROP TABLE public.doctor_doctor;
DROP TABLE public.django_session;
DROP SEQUENCE public.django_migrations_id_seq;
DROP TABLE public.django_migrations;
DROP SEQUENCE public.django_content_type_id_seq;
DROP TABLE public.django_content_type;
DROP SEQUENCE public.django_admin_log_id_seq;
DROP TABLE public.django_admin_log;
DROP SEQUENCE public."cebuMap_incidence_id_seq";
DROP TABLE public."cebuMap_incidence";
DROP SEQUENCE public."cebuMap_cebumap_id_seq1";
DROP TABLE public."cebuMap_cebumap";
DROP SEQUENCE public."cebuMap_cebubarangays_stage_3_id_seq";
DROP TABLE public."cebuMap_cebubarangays_stage_3";
DROP SEQUENCE public."cebuMap_cebubarangays_stage_2_id_seq";
DROP TABLE public."cebuMap_cebubarangays_stage_2";
DROP SEQUENCE public."cebuMap_cebubarangays_stage_1_id_seq";
DROP TABLE public."cebuMap_cebubarangays_stage_1";
DROP SEQUENCE public."cebuMap_cebubarangays_stage_0_id_seq";
DROP TABLE public."cebuMap_cebubarangays_stage_0";
DROP SEQUENCE public."cebuMap_cebubarangays_no_hiv_id_seq";
DROP SEQUENCE public."cebuMap_cebubarangays_migrated_id_seq";
DROP TABLE public."cebuMap_cebubarangays_migrated";
DROP SEQUENCE public."cebuMap_cebubarangays_id_seq";
DROP SEQUENCE public."cebuMap_cebubarangays_hiv_pop_id_seq";
DROP TABLE public."cebuMap_cebubarangays_hiv_pop";
DROP TABLE public."cebuMap_cebubarangays_for_screening";
DROP SEQUENCE public."cebuMap_cebubarangays_deceased_id_seq";
DROP TABLE public."cebuMap_cebubarangays_deceased";
DROP TABLE public."cebuMap_cebubarangays";
DROP SEQUENCE public.auth_user_user_permissions_id_seq;
DROP TABLE public.auth_user_user_permissions;
DROP SEQUENCE public.auth_user_id_seq;
DROP SEQUENCE public.auth_user_groups_id_seq;
DROP TABLE public.auth_user_groups;
DROP TABLE public.auth_user;
DROP SEQUENCE public.auth_permission_id_seq;
DROP TABLE public.auth_permission;
DROP SEQUENCE public.auth_group_permissions_id_seq;
DROP TABLE public.auth_group_permissions;
DROP SEQUENCE public.auth_group_id_seq;
DROP TABLE public.auth_group;
DROP EXTENSION postgis;
DROP EXTENSION plpgsql;
DROP SCHEMA public;
--
-- Name: public; Type: SCHEMA; Schema: -; Owner: postgres
--

CREATE SCHEMA public;


ALTER SCHEMA public OWNER TO postgres;

--
-- Name: SCHEMA public; Type: COMMENT; Schema: -; Owner: postgres
--

COMMENT ON SCHEMA public IS 'standard public schema';


--
-- Name: plpgsql; Type: EXTENSION; Schema: -; Owner: 
--

CREATE EXTENSION IF NOT EXISTS plpgsql WITH SCHEMA pg_catalog;


--
-- Name: EXTENSION plpgsql; Type: COMMENT; Schema: -; Owner: 
--

COMMENT ON EXTENSION plpgsql IS 'PL/pgSQL procedural language';


--
-- Name: postgis; Type: EXTENSION; Schema: -; Owner: 
--

CREATE EXTENSION IF NOT EXISTS postgis WITH SCHEMA public;


--
-- Name: EXTENSION postgis; Type: COMMENT; Schema: -; Owner: 
--

COMMENT ON EXTENSION postgis IS 'PostGIS geometry, geography, and raster spatial types and functions';


SET default_tablespace = '';

SET default_with_oids = false;

--
-- Name: auth_group; Type: TABLE; Schema: public; Owner: postgres
--

CREATE TABLE public.auth_group (
    id integer NOT NULL,
    name character varying(150) NOT NULL
);


ALTER TABLE public.auth_group OWNER TO postgres;

--
-- Name: auth_group_id_seq; Type: SEQUENCE; Schema: public; Owner: postgres
--

CREATE SEQUENCE public.auth_group_id_seq
    AS integer
    START WITH 1
    INCREMENT BY 1
    NO MINVALUE
    NO MAXVALUE
    CACHE 1;


ALTER TABLE public.auth_group_id_seq OWNER TO postgres;

--
-- Name: auth_group_id_seq; Type: SEQUENCE OWNED BY; Schema: public; Owner: postgres
--

ALTER SEQUENCE public.auth_group_id_seq OWNED BY public.auth_group.id;


--
-- Name: auth_group_permissions; Type: TABLE; Schema: public; Owner: postgres
--

CREATE TABLE public.auth_group_permissions (
    id integer NOT NULL,
    group_id integer NOT NULL,
    permission_id integer NOT NULL
);


ALTER TABLE public.auth_group_permissions OWNER TO postgres;

--
-- Name: auth_group_permissions_id_seq; Type: SEQUENCE; Schema: public; Owner: postgres
--

CREATE SEQUENCE public.auth_group_permissions_id_seq
    AS integer
    START WITH 1
    INCREMENT BY 1
    NO MINVALUE
    NO MAXVALUE
    CACHE 1;


ALTER TABLE public.auth_group_permissions_id_seq OWNER TO postgres;

--
-- Name: auth_group_permissions_id_seq; Type: SEQUENCE OWNED BY; Schema: public; Owner: postgres
--

ALTER SEQUENCE public.auth_group_permissions_id_seq OWNED BY public.auth_group_permissions.id;


--
-- Name: auth_permission; Type: TABLE; Schema: public; Owner: postgres
--

CREATE TABLE public.auth_permission (
    id integer NOT NULL,
    name character varying(255) NOT NULL,
    content_type_id integer NOT NULL,
    codename character varying(100) NOT NULL
);


ALTER TABLE public.auth_permission OWNER TO postgres;

--
-- Name: auth_permission_id_seq; Type: SEQUENCE; Schema: public; Owner: postgres
--

CREATE SEQUENCE public.auth_permission_id_seq
    AS integer
    START WITH 1
    INCREMENT BY 1
    NO MINVALUE
    NO MAXVALUE
    CACHE 1;


ALTER TABLE public.auth_permission_id_seq OWNER TO postgres;

--
-- Name: auth_permission_id_seq; Type: SEQUENCE OWNED BY; Schema: public; Owner: postgres
--

ALTER SEQUENCE public.auth_permission_id_seq OWNED BY public.auth_permission.id;


--
-- Name: auth_user; Type: TABLE; Schema: public; Owner: postgres
--

CREATE TABLE public.auth_user (
    id integer NOT NULL,
    password character varying(128) NOT NULL,
    last_login timestamp with time zone,
    is_superuser boolean NOT NULL,
    username character varying(150) NOT NULL,
    first_name character varying(30) NOT NULL,
    last_name character varying(150) NOT NULL,
    email character varying(254) NOT NULL,
    is_staff boolean NOT NULL,
    is_active boolean NOT NULL,
    date_joined timestamp with time zone NOT NULL
);


ALTER TABLE public.auth_user OWNER TO postgres;

--
-- Name: auth_user_groups; Type: TABLE; Schema: public; Owner: postgres
--

CREATE TABLE public.auth_user_groups (
    id integer NOT NULL,
    user_id integer NOT NULL,
    group_id integer NOT NULL
);


ALTER TABLE public.auth_user_groups OWNER TO postgres;

--
-- Name: auth_user_groups_id_seq; Type: SEQUENCE; Schema: public; Owner: postgres
--

CREATE SEQUENCE public.auth_user_groups_id_seq
    AS integer
    START WITH 1
    INCREMENT BY 1
    NO MINVALUE
    NO MAXVALUE
    CACHE 1;


ALTER TABLE public.auth_user_groups_id_seq OWNER TO postgres;

--
-- Name: auth_user_groups_id_seq; Type: SEQUENCE OWNED BY; Schema: public; Owner: postgres
--

ALTER SEQUENCE public.auth_user_groups_id_seq OWNED BY public.auth_user_groups.id;


--
-- Name: auth_user_id_seq; Type: SEQUENCE; Schema: public; Owner: postgres
--

CREATE SEQUENCE public.auth_user_id_seq
    AS integer
    START WITH 1
    INCREMENT BY 1
    NO MINVALUE
    NO MAXVALUE
    CACHE 1;


ALTER TABLE public.auth_user_id_seq OWNER TO postgres;

--
-- Name: auth_user_id_seq; Type: SEQUENCE OWNED BY; Schema: public; Owner: postgres
--

ALTER SEQUENCE public.auth_user_id_seq OWNED BY public.auth_user.id;


--
-- Name: auth_user_user_permissions; Type: TABLE; Schema: public; Owner: postgres
--

CREATE TABLE public.auth_user_user_permissions (
    id integer NOT NULL,
    user_id integer NOT NULL,
    permission_id integer NOT NULL
);


ALTER TABLE public.auth_user_user_permissions OWNER TO postgres;

--
-- Name: auth_user_user_permissions_id_seq; Type: SEQUENCE; Schema: public; Owner: postgres
--

CREATE SEQUENCE public.auth_user_user_permissions_id_seq
    AS integer
    START WITH 1
    INCREMENT BY 1
    NO MINVALUE
    NO MAXVALUE
    CACHE 1;


ALTER TABLE public.auth_user_user_permissions_id_seq OWNER TO postgres;

--
-- Name: auth_user_user_permissions_id_seq; Type: SEQUENCE OWNED BY; Schema: public; Owner: postgres
--

ALTER SEQUENCE public.auth_user_user_permissions_id_seq OWNED BY public.auth_user_user_permissions.id;


--
-- Name: cebuMap_cebubarangays; Type: TABLE; Schema: public; Owner: postgres
--

CREATE TABLE public."cebuMap_cebubarangays" (
    id integer NOT NULL,
    objectid integer NOT NULL,
    iso character varying(254) NOT NULL,
    name_0 character varying(254) NOT NULL,
    name_1 character varying(254) NOT NULL,
    varname_1 character varying(254) NOT NULL,
    nl_name_1 character varying(254) NOT NULL,
    hasc_1 character varying(254) NOT NULL,
    fips_1 character varying(254) NOT NULL,
    cc_1 character varying(254) NOT NULL,
    type_1 character varying(254) NOT NULL,
    engtype_1 character varying(254) NOT NULL,
    validfr_1 character varying(254) NOT NULL,
    validto_1 character varying(254) NOT NULL,
    remarks_1 character varying(254) NOT NULL,
    name_2 character varying(254) NOT NULL,
    varname_2 character varying(254) NOT NULL,
    nl_name_2 character varying(254) NOT NULL,
    hasc_2 character varying(254) NOT NULL,
    fips_2 character varying(254) NOT NULL,
    cc_2 character varying(254) NOT NULL,
    type_2 character varying(254) NOT NULL,
    engtype_2 character varying(254) NOT NULL,
    validfr_2 character varying(254) NOT NULL,
    validto_2 character varying(254) NOT NULL,
    remarks_2 character varying(254) NOT NULL,
    name_3 character varying(254) NOT NULL,
    varname_3 character varying(254) NOT NULL,
    nl_name_3 character varying(254) NOT NULL,
    hasc_3 character varying(254) NOT NULL,
    type_3 character varying(254) NOT NULL,
    engtype_3 character varying(254) NOT NULL,
    validfr_3 character varying(254) NOT NULL,
    validto_3 character varying(254) NOT NULL,
    remarks_3 character varying(254) NOT NULL,
    name_4 character varying(254) NOT NULL,
    varname_4 character varying(254) NOT NULL,
    type_4 character varying(254) NOT NULL,
    engtype_4 character varying(254) NOT NULL,
    validfr_4 character varying(254) NOT NULL,
    validto_4 character varying(254) NOT NULL,
    remarks_4 character varying(254) NOT NULL,
    name_5 character varying(254) NOT NULL,
    type_5 character varying(254) NOT NULL,
    engtype_5 character varying(254) NOT NULL,
    validfr_5 character varying(254) NOT NULL,
    validto_5 character varying(254) NOT NULL,
    shape_leng double precision NOT NULL,
    shape_area double precision NOT NULL,
    bngy character varying(30) NOT NULL,
    psgc_bgy character varying(15) NOT NULL,
    geom public.geometry(MultiPolygon,4326) NOT NULL
);


ALTER TABLE public."cebuMap_cebubarangays" OWNER TO postgres;

--
-- Name: cebuMap_cebubarangays_deceased; Type: TABLE; Schema: public; Owner: postgres
--

CREATE TABLE public."cebuMap_cebubarangays_deceased" (
    id integer NOT NULL,
    cebubarangays_id integer NOT NULL,
    patient_id integer NOT NULL
);


ALTER TABLE public."cebuMap_cebubarangays_deceased" OWNER TO postgres;

--
-- Name: cebuMap_cebubarangays_deceased_id_seq; Type: SEQUENCE; Schema: public; Owner: postgres
--

CREATE SEQUENCE public."cebuMap_cebubarangays_deceased_id_seq"
    AS integer
    START WITH 1
    INCREMENT BY 1
    NO MINVALUE
    NO MAXVALUE
    CACHE 1;


ALTER TABLE public."cebuMap_cebubarangays_deceased_id_seq" OWNER TO postgres;

--
-- Name: cebuMap_cebubarangays_deceased_id_seq; Type: SEQUENCE OWNED BY; Schema: public; Owner: postgres
--

ALTER SEQUENCE public."cebuMap_cebubarangays_deceased_id_seq" OWNED BY public."cebuMap_cebubarangays_deceased".id;


--
-- Name: cebuMap_cebubarangays_for_screening; Type: TABLE; Schema: public; Owner: postgres
--

CREATE TABLE public."cebuMap_cebubarangays_for_screening" (
    id integer NOT NULL,
    cebubarangays_id integer NOT NULL,
    patient_id integer NOT NULL
);


ALTER TABLE public."cebuMap_cebubarangays_for_screening" OWNER TO postgres;

--
-- Name: cebuMap_cebubarangays_hiv_pop; Type: TABLE; Schema: public; Owner: postgres
--

CREATE TABLE public."cebuMap_cebubarangays_hiv_pop" (
    id integer NOT NULL,
    cebubarangays_id integer NOT NULL,
    patient_id integer NOT NULL
);


ALTER TABLE public."cebuMap_cebubarangays_hiv_pop" OWNER TO postgres;

--
-- Name: cebuMap_cebubarangays_hiv_pop_id_seq; Type: SEQUENCE; Schema: public; Owner: postgres
--

CREATE SEQUENCE public."cebuMap_cebubarangays_hiv_pop_id_seq"
    AS integer
    START WITH 1
    INCREMENT BY 1
    NO MINVALUE
    NO MAXVALUE
    CACHE 1;


ALTER TABLE public."cebuMap_cebubarangays_hiv_pop_id_seq" OWNER TO postgres;

--
-- Name: cebuMap_cebubarangays_hiv_pop_id_seq; Type: SEQUENCE OWNED BY; Schema: public; Owner: postgres
--

ALTER SEQUENCE public."cebuMap_cebubarangays_hiv_pop_id_seq" OWNED BY public."cebuMap_cebubarangays_hiv_pop".id;


--
-- Name: cebuMap_cebubarangays_id_seq; Type: SEQUENCE; Schema: public; Owner: postgres
--

CREATE SEQUENCE public."cebuMap_cebubarangays_id_seq"
    AS integer
    START WITH 1
    INCREMENT BY 1
    NO MINVALUE
    NO MAXVALUE
    CACHE 1;


ALTER TABLE public."cebuMap_cebubarangays_id_seq" OWNER TO postgres;

--
-- Name: cebuMap_cebubarangays_id_seq; Type: SEQUENCE OWNED BY; Schema: public; Owner: postgres
--

ALTER SEQUENCE public."cebuMap_cebubarangays_id_seq" OWNED BY public."cebuMap_cebubarangays".id;


--
-- Name: cebuMap_cebubarangays_migrated; Type: TABLE; Schema: public; Owner: postgres
--

CREATE TABLE public."cebuMap_cebubarangays_migrated" (
    id integer NOT NULL,
    cebubarangays_id integer NOT NULL,
    patient_id integer NOT NULL
);


ALTER TABLE public."cebuMap_cebubarangays_migrated" OWNER TO postgres;

--
-- Name: cebuMap_cebubarangays_migrated_id_seq; Type: SEQUENCE; Schema: public; Owner: postgres
--

CREATE SEQUENCE public."cebuMap_cebubarangays_migrated_id_seq"
    AS integer
    START WITH 1
    INCREMENT BY 1
    NO MINVALUE
    NO MAXVALUE
    CACHE 1;


ALTER TABLE public."cebuMap_cebubarangays_migrated_id_seq" OWNER TO postgres;

--
-- Name: cebuMap_cebubarangays_migrated_id_seq; Type: SEQUENCE OWNED BY; Schema: public; Owner: postgres
--

ALTER SEQUENCE public."cebuMap_cebubarangays_migrated_id_seq" OWNED BY public."cebuMap_cebubarangays_migrated".id;


--
-- Name: cebuMap_cebubarangays_no_hiv_id_seq; Type: SEQUENCE; Schema: public; Owner: postgres
--

CREATE SEQUENCE public."cebuMap_cebubarangays_no_hiv_id_seq"
    AS integer
    START WITH 1
    INCREMENT BY 1
    NO MINVALUE
    NO MAXVALUE
    CACHE 1;


ALTER TABLE public."cebuMap_cebubarangays_no_hiv_id_seq" OWNER TO postgres;

--
-- Name: cebuMap_cebubarangays_no_hiv_id_seq; Type: SEQUENCE OWNED BY; Schema: public; Owner: postgres
--

ALTER SEQUENCE public."cebuMap_cebubarangays_no_hiv_id_seq" OWNED BY public."cebuMap_cebubarangays_for_screening".id;


--
-- Name: cebuMap_cebubarangays_stage_0; Type: TABLE; Schema: public; Owner: postgres
--

CREATE TABLE public."cebuMap_cebubarangays_stage_0" (
    id integer NOT NULL,
    cebubarangays_id integer NOT NULL,
    patient_id integer NOT NULL
);


ALTER TABLE public."cebuMap_cebubarangays_stage_0" OWNER TO postgres;

--
-- Name: cebuMap_cebubarangays_stage_0_id_seq; Type: SEQUENCE; Schema: public; Owner: postgres
--

CREATE SEQUENCE public."cebuMap_cebubarangays_stage_0_id_seq"
    AS integer
    START WITH 1
    INCREMENT BY 1
    NO MINVALUE
    NO MAXVALUE
    CACHE 1;


ALTER TABLE public."cebuMap_cebubarangays_stage_0_id_seq" OWNER TO postgres;

--
-- Name: cebuMap_cebubarangays_stage_0_id_seq; Type: SEQUENCE OWNED BY; Schema: public; Owner: postgres
--

ALTER SEQUENCE public."cebuMap_cebubarangays_stage_0_id_seq" OWNED BY public."cebuMap_cebubarangays_stage_0".id;


--
-- Name: cebuMap_cebubarangays_stage_1; Type: TABLE; Schema: public; Owner: postgres
--

CREATE TABLE public."cebuMap_cebubarangays_stage_1" (
    id integer NOT NULL,
    cebubarangays_id integer NOT NULL,
    patient_id integer NOT NULL
);


ALTER TABLE public."cebuMap_cebubarangays_stage_1" OWNER TO postgres;

--
-- Name: cebuMap_cebubarangays_stage_1_id_seq; Type: SEQUENCE; Schema: public; Owner: postgres
--

CREATE SEQUENCE public."cebuMap_cebubarangays_stage_1_id_seq"
    AS integer
    START WITH 1
    INCREMENT BY 1
    NO MINVALUE
    NO MAXVALUE
    CACHE 1;


ALTER TABLE public."cebuMap_cebubarangays_stage_1_id_seq" OWNER TO postgres;

--
-- Name: cebuMap_cebubarangays_stage_1_id_seq; Type: SEQUENCE OWNED BY; Schema: public; Owner: postgres
--

ALTER SEQUENCE public."cebuMap_cebubarangays_stage_1_id_seq" OWNED BY public."cebuMap_cebubarangays_stage_1".id;


--
-- Name: cebuMap_cebubarangays_stage_2; Type: TABLE; Schema: public; Owner: postgres
--

CREATE TABLE public."cebuMap_cebubarangays_stage_2" (
    id integer NOT NULL,
    cebubarangays_id integer NOT NULL,
    patient_id integer NOT NULL
);


ALTER TABLE public."cebuMap_cebubarangays_stage_2" OWNER TO postgres;

--
-- Name: cebuMap_cebubarangays_stage_2_id_seq; Type: SEQUENCE; Schema: public; Owner: postgres
--

CREATE SEQUENCE public."cebuMap_cebubarangays_stage_2_id_seq"
    AS integer
    START WITH 1
    INCREMENT BY 1
    NO MINVALUE
    NO MAXVALUE
    CACHE 1;


ALTER TABLE public."cebuMap_cebubarangays_stage_2_id_seq" OWNER TO postgres;

--
-- Name: cebuMap_cebubarangays_stage_2_id_seq; Type: SEQUENCE OWNED BY; Schema: public; Owner: postgres
--

ALTER SEQUENCE public."cebuMap_cebubarangays_stage_2_id_seq" OWNED BY public."cebuMap_cebubarangays_stage_2".id;


--
-- Name: cebuMap_cebubarangays_stage_3; Type: TABLE; Schema: public; Owner: postgres
--

CREATE TABLE public."cebuMap_cebubarangays_stage_3" (
    id integer NOT NULL,
    cebubarangays_id integer NOT NULL,
    patient_id integer NOT NULL
);


ALTER TABLE public."cebuMap_cebubarangays_stage_3" OWNER TO postgres;

--
-- Name: cebuMap_cebubarangays_stage_3_id_seq; Type: SEQUENCE; Schema: public; Owner: postgres
--

CREATE SEQUENCE public."cebuMap_cebubarangays_stage_3_id_seq"
    AS integer
    START WITH 1
    INCREMENT BY 1
    NO MINVALUE
    NO MAXVALUE
    CACHE 1;


ALTER TABLE public."cebuMap_cebubarangays_stage_3_id_seq" OWNER TO postgres;

--
-- Name: cebuMap_cebubarangays_stage_3_id_seq; Type: SEQUENCE OWNED BY; Schema: public; Owner: postgres
--

ALTER SEQUENCE public."cebuMap_cebubarangays_stage_3_id_seq" OWNED BY public."cebuMap_cebubarangays_stage_3".id;


--
-- Name: cebuMap_cebumap; Type: TABLE; Schema: public; Owner: postgres
--

CREATE TABLE public."cebuMap_cebumap" (
    id integer NOT NULL,
    location public.geometry(Point,4326)
);


ALTER TABLE public."cebuMap_cebumap" OWNER TO postgres;

--
-- Name: cebuMap_cebumap_id_seq1; Type: SEQUENCE; Schema: public; Owner: postgres
--

CREATE SEQUENCE public."cebuMap_cebumap_id_seq1"
    AS integer
    START WITH 1
    INCREMENT BY 1
    NO MINVALUE
    NO MAXVALUE
    CACHE 1;


ALTER TABLE public."cebuMap_cebumap_id_seq1" OWNER TO postgres;

--
-- Name: cebuMap_cebumap_id_seq1; Type: SEQUENCE OWNED BY; Schema: public; Owner: postgres
--

ALTER SEQUENCE public."cebuMap_cebumap_id_seq1" OWNED BY public."cebuMap_cebumap".id;


--
-- Name: cebuMap_incidence; Type: TABLE; Schema: public; Owner: postgres
--

CREATE TABLE public."cebuMap_incidence" (
    id integer NOT NULL,
    name character varying(100),
    address character varying(100),
    city character varying(50),
    location public.geometry(Point,4326)
);


ALTER TABLE public."cebuMap_incidence" OWNER TO postgres;

--
-- Name: cebuMap_incidence_id_seq; Type: SEQUENCE; Schema: public; Owner: postgres
--

CREATE SEQUENCE public."cebuMap_incidence_id_seq"
    AS integer
    START WITH 1
    INCREMENT BY 1
    NO MINVALUE
    NO MAXVALUE
    CACHE 1;


ALTER TABLE public."cebuMap_incidence_id_seq" OWNER TO postgres;

--
-- Name: cebuMap_incidence_id_seq; Type: SEQUENCE OWNED BY; Schema: public; Owner: postgres
--

ALTER SEQUENCE public."cebuMap_incidence_id_seq" OWNED BY public."cebuMap_incidence".id;


--
-- Name: django_admin_log; Type: TABLE; Schema: public; Owner: postgres
--

CREATE TABLE public.django_admin_log (
    id integer NOT NULL,
    action_time timestamp with time zone NOT NULL,
    object_id text,
    object_repr character varying(200) NOT NULL,
    action_flag smallint NOT NULL,
    change_message text NOT NULL,
    content_type_id integer,
    user_id integer NOT NULL,
    CONSTRAINT django_admin_log_action_flag_check CHECK ((action_flag >= 0))
);


ALTER TABLE public.django_admin_log OWNER TO postgres;

--
-- Name: django_admin_log_id_seq; Type: SEQUENCE; Schema: public; Owner: postgres
--

CREATE SEQUENCE public.django_admin_log_id_seq
    AS integer
    START WITH 1
    INCREMENT BY 1
    NO MINVALUE
    NO MAXVALUE
    CACHE 1;


ALTER TABLE public.django_admin_log_id_seq OWNER TO postgres;

--
-- Name: django_admin_log_id_seq; Type: SEQUENCE OWNED BY; Schema: public; Owner: postgres
--

ALTER SEQUENCE public.django_admin_log_id_seq OWNED BY public.django_admin_log.id;


--
-- Name: django_content_type; Type: TABLE; Schema: public; Owner: postgres
--

CREATE TABLE public.django_content_type (
    id integer NOT NULL,
    app_label character varying(100) NOT NULL,
    model character varying(100) NOT NULL
);


ALTER TABLE public.django_content_type OWNER TO postgres;

--
-- Name: django_content_type_id_seq; Type: SEQUENCE; Schema: public; Owner: postgres
--

CREATE SEQUENCE public.django_content_type_id_seq
    AS integer
    START WITH 1
    INCREMENT BY 1
    NO MINVALUE
    NO MAXVALUE
    CACHE 1;


ALTER TABLE public.django_content_type_id_seq OWNER TO postgres;

--
-- Name: django_content_type_id_seq; Type: SEQUENCE OWNED BY; Schema: public; Owner: postgres
--

ALTER SEQUENCE public.django_content_type_id_seq OWNED BY public.django_content_type.id;


--
-- Name: django_migrations; Type: TABLE; Schema: public; Owner: postgres
--

CREATE TABLE public.django_migrations (
    id integer NOT NULL,
    app character varying(255) NOT NULL,
    name character varying(255) NOT NULL,
    applied timestamp with time zone NOT NULL
);


ALTER TABLE public.django_migrations OWNER TO postgres;

--
-- Name: django_migrations_id_seq; Type: SEQUENCE; Schema: public; Owner: postgres
--

CREATE SEQUENCE public.django_migrations_id_seq
    AS integer
    START WITH 1
    INCREMENT BY 1
    NO MINVALUE
    NO MAXVALUE
    CACHE 1;


ALTER TABLE public.django_migrations_id_seq OWNER TO postgres;

--
-- Name: django_migrations_id_seq; Type: SEQUENCE OWNED BY; Schema: public; Owner: postgres
--

ALTER SEQUENCE public.django_migrations_id_seq OWNED BY public.django_migrations.id;


--
-- Name: django_session; Type: TABLE; Schema: public; Owner: postgres
--

CREATE TABLE public.django_session (
    session_key character varying(40) NOT NULL,
    session_data text NOT NULL,
    expire_date timestamp with time zone NOT NULL
);


ALTER TABLE public.django_session OWNER TO postgres;

--
-- Name: doctor_doctor; Type: TABLE; Schema: public; Owner: postgres
--

CREATE TABLE public.doctor_doctor (
    id integer NOT NULL,
    name character varying(100) NOT NULL,
    slug character varying(50) NOT NULL,
    birthdate date NOT NULL,
    email character varying(100) NOT NULL,
    hospital_name character varying(100) NOT NULL,
    hospital_address character varying(200) NOT NULL,
    password character varying(100) NOT NULL,
    p_handled_stats_id integer,
    last_log_in timestamp with time zone NOT NULL,
    last_log_out timestamp with time zone NOT NULL,
    login_flag boolean NOT NULL,
    field_specialty character varying(100) NOT NULL,
    phone_number character varying(20) NOT NULL,
    "position" character varying(100) NOT NULL,
    doc_image character varying(100) NOT NULL
);


ALTER TABLE public.doctor_doctor OWNER TO postgres;

--
-- Name: doctor_doctor_doctorNotifs; Type: TABLE; Schema: public; Owner: postgres
--

CREATE TABLE public."doctor_doctor_doctorNotifs" (
    id integer NOT NULL,
    doctor_id integer NOT NULL,
    doctornotification_id integer NOT NULL
);


ALTER TABLE public."doctor_doctor_doctorNotifs" OWNER TO postgres;

--
-- Name: doctor_doctor_doctorNotifs_id_seq; Type: SEQUENCE; Schema: public; Owner: postgres
--

CREATE SEQUENCE public."doctor_doctor_doctorNotifs_id_seq"
    AS integer
    START WITH 1
    INCREMENT BY 1
    NO MINVALUE
    NO MAXVALUE
    CACHE 1;


ALTER TABLE public."doctor_doctor_doctorNotifs_id_seq" OWNER TO postgres;

--
-- Name: doctor_doctor_doctorNotifs_id_seq; Type: SEQUENCE OWNED BY; Schema: public; Owner: postgres
--

ALTER SEQUENCE public."doctor_doctor_doctorNotifs_id_seq" OWNED BY public."doctor_doctor_doctorNotifs".id;


--
-- Name: doctor_doctor_finished_scheds; Type: TABLE; Schema: public; Owner: postgres
--

CREATE TABLE public.doctor_doctor_finished_scheds (
    id integer NOT NULL,
    doctor_id integer NOT NULL,
    doctorschedule_id integer NOT NULL
);


ALTER TABLE public.doctor_doctor_finished_scheds OWNER TO postgres;

--
-- Name: doctor_doctor_finished_scheds_id_seq; Type: SEQUENCE; Schema: public; Owner: postgres
--

CREATE SEQUENCE public.doctor_doctor_finished_scheds_id_seq
    AS integer
    START WITH 1
    INCREMENT BY 1
    NO MINVALUE
    NO MAXVALUE
    CACHE 1;


ALTER TABLE public.doctor_doctor_finished_scheds_id_seq OWNER TO postgres;

--
-- Name: doctor_doctor_finished_scheds_id_seq; Type: SEQUENCE OWNED BY; Schema: public; Owner: postgres
--

ALTER SEQUENCE public.doctor_doctor_finished_scheds_id_seq OWNED BY public.doctor_doctor_finished_scheds.id;


--
-- Name: doctor_doctor_id_seq; Type: SEQUENCE; Schema: public; Owner: postgres
--

CREATE SEQUENCE public.doctor_doctor_id_seq
    AS integer
    START WITH 1
    INCREMENT BY 1
    NO MINVALUE
    NO MAXVALUE
    CACHE 1;


ALTER TABLE public.doctor_doctor_id_seq OWNER TO postgres;

--
-- Name: doctor_doctor_id_seq; Type: SEQUENCE OWNED BY; Schema: public; Owner: postgres
--

ALTER SEQUENCE public.doctor_doctor_id_seq OWNED BY public.doctor_doctor.id;


--
-- Name: doctor_doctor_new_notifs; Type: TABLE; Schema: public; Owner: postgres
--

CREATE TABLE public.doctor_doctor_new_notifs (
    id integer NOT NULL,
    doctor_id integer NOT NULL,
    doctornotification_id integer NOT NULL
);


ALTER TABLE public.doctor_doctor_new_notifs OWNER TO postgres;

--
-- Name: doctor_doctor_new_notifs_id_seq; Type: SEQUENCE; Schema: public; Owner: postgres
--

CREATE SEQUENCE public.doctor_doctor_new_notifs_id_seq
    AS integer
    START WITH 1
    INCREMENT BY 1
    NO MINVALUE
    NO MAXVALUE
    CACHE 1;


ALTER TABLE public.doctor_doctor_new_notifs_id_seq OWNER TO postgres;

--
-- Name: doctor_doctor_new_notifs_id_seq; Type: SEQUENCE OWNED BY; Schema: public; Owner: postgres
--

ALTER SEQUENCE public.doctor_doctor_new_notifs_id_seq OWNED BY public.doctor_doctor_new_notifs.id;


--
-- Name: doctor_doctor_pending_scheds; Type: TABLE; Schema: public; Owner: postgres
--

CREATE TABLE public.doctor_doctor_pending_scheds (
    id integer NOT NULL,
    doctor_id integer NOT NULL,
    doctorschedule_id integer NOT NULL
);


ALTER TABLE public.doctor_doctor_pending_scheds OWNER TO postgres;

--
-- Name: doctor_doctor_pending_scheds_id_seq; Type: SEQUENCE; Schema: public; Owner: postgres
--

CREATE SEQUENCE public.doctor_doctor_pending_scheds_id_seq
    AS integer
    START WITH 1
    INCREMENT BY 1
    NO MINVALUE
    NO MAXVALUE
    CACHE 1;


ALTER TABLE public.doctor_doctor_pending_scheds_id_seq OWNER TO postgres;

--
-- Name: doctor_doctor_pending_scheds_id_seq; Type: SEQUENCE OWNED BY; Schema: public; Owner: postgres
--

ALTER SEQUENCE public.doctor_doctor_pending_scheds_id_seq OWNED BY public.doctor_doctor_pending_scheds.id;


--
-- Name: doctor_doctor_rejected_scheds; Type: TABLE; Schema: public; Owner: postgres
--

CREATE TABLE public.doctor_doctor_rejected_scheds (
    id integer NOT NULL,
    doctor_id integer NOT NULL,
    doctorschedule_id integer NOT NULL
);


ALTER TABLE public.doctor_doctor_rejected_scheds OWNER TO postgres;

--
-- Name: doctor_doctor_rejected_scheds_id_seq; Type: SEQUENCE; Schema: public; Owner: postgres
--

CREATE SEQUENCE public.doctor_doctor_rejected_scheds_id_seq
    AS integer
    START WITH 1
    INCREMENT BY 1
    NO MINVALUE
    NO MAXVALUE
    CACHE 1;


ALTER TABLE public.doctor_doctor_rejected_scheds_id_seq OWNER TO postgres;

--
-- Name: doctor_doctor_rejected_scheds_id_seq; Type: SEQUENCE OWNED BY; Schema: public; Owner: postgres
--

ALTER SEQUENCE public.doctor_doctor_rejected_scheds_id_seq OWNED BY public.doctor_doctor_rejected_scheds.id;


--
-- Name: doctor_doctor_schedules; Type: TABLE; Schema: public; Owner: postgres
--

CREATE TABLE public.doctor_doctor_schedules (
    id integer NOT NULL,
    doctor_id integer NOT NULL,
    doctorschedule_id integer NOT NULL
);


ALTER TABLE public.doctor_doctor_schedules OWNER TO postgres;

--
-- Name: doctor_doctor_schedules_id_seq; Type: SEQUENCE; Schema: public; Owner: postgres
--

CREATE SEQUENCE public.doctor_doctor_schedules_id_seq
    AS integer
    START WITH 1
    INCREMENT BY 1
    NO MINVALUE
    NO MAXVALUE
    CACHE 1;


ALTER TABLE public.doctor_doctor_schedules_id_seq OWNER TO postgres;

--
-- Name: doctor_doctor_schedules_id_seq; Type: SEQUENCE OWNED BY; Schema: public; Owner: postgres
--

ALTER SEQUENCE public.doctor_doctor_schedules_id_seq OWNED BY public.doctor_doctor_schedules.id;


--
-- Name: doctor_doctornotification; Type: TABLE; Schema: public; Owner: postgres
--

CREATE TABLE public.doctor_doctornotification (
    id integer NOT NULL,
    name character varying(100) NOT NULL,
    subject character varying(100) NOT NULL,
    user_type character varying(15) NOT NULL,
    notif character varying(2000) NOT NULL,
    created_on timestamp with time zone NOT NULL,
    patient_username character varying(100) NOT NULL,
    action_pk integer NOT NULL,
    action_type character varying(100) NOT NULL,
    action_taken integer NOT NULL,
    notif_status boolean NOT NULL
);


ALTER TABLE public.doctor_doctornotification OWNER TO postgres;

--
-- Name: doctor_doctornotification_id_seq; Type: SEQUENCE; Schema: public; Owner: postgres
--

CREATE SEQUENCE public.doctor_doctornotification_id_seq
    AS integer
    START WITH 1
    INCREMENT BY 1
    NO MINVALUE
    NO MAXVALUE
    CACHE 1;


ALTER TABLE public.doctor_doctornotification_id_seq OWNER TO postgres;

--
-- Name: doctor_doctornotification_id_seq; Type: SEQUENCE OWNED BY; Schema: public; Owner: postgres
--

ALTER SEQUENCE public.doctor_doctornotification_id_seq OWNED BY public.doctor_doctornotification.id;


--
-- Name: doctor_doctorschedule; Type: TABLE; Schema: public; Owner: postgres
--

CREATE TABLE public.doctor_doctorschedule (
    id integer NOT NULL,
    patient_username character varying(100) NOT NULL,
    patient_hiv_status character varying(100) NOT NULL,
    schedule_date timestamp with time zone NOT NULL,
    schedule_topic character varying(200) NOT NULL,
    schedule_notes text NOT NULL,
    doc_in_charge character varying(100) NOT NULL,
    status character varying(20) NOT NULL,
    created_on timestamp with time zone NOT NULL,
    new_notif_count integer NOT NULL,
    action_taken integer NOT NULL
);


ALTER TABLE public.doctor_doctorschedule OWNER TO postgres;

--
-- Name: doctor_doctorschedule_doc_remark; Type: TABLE; Schema: public; Owner: postgres
--

CREATE TABLE public.doctor_doctorschedule_doc_remark (
    id integer NOT NULL,
    doctorschedule_id integer NOT NULL,
    remark_id integer NOT NULL
);


ALTER TABLE public.doctor_doctorschedule_doc_remark OWNER TO postgres;

--
-- Name: doctor_doctorschedule_doc_remark_id_seq; Type: SEQUENCE; Schema: public; Owner: postgres
--

CREATE SEQUENCE public.doctor_doctorschedule_doc_remark_id_seq
    AS integer
    START WITH 1
    INCREMENT BY 1
    NO MINVALUE
    NO MAXVALUE
    CACHE 1;


ALTER TABLE public.doctor_doctorschedule_doc_remark_id_seq OWNER TO postgres;

--
-- Name: doctor_doctorschedule_doc_remark_id_seq; Type: SEQUENCE OWNED BY; Schema: public; Owner: postgres
--

ALTER SEQUENCE public.doctor_doctorschedule_doc_remark_id_seq OWNED BY public.doctor_doctorschedule_doc_remark.id;


--
-- Name: doctor_doctorschedule_users_viewed; Type: TABLE; Schema: public; Owner: postgres
--

CREATE TABLE public.doctor_doctorschedule_users_viewed (
    id integer NOT NULL,
    doctorschedule_id integer NOT NULL,
    usersviewed_id integer NOT NULL
);


ALTER TABLE public.doctor_doctorschedule_users_viewed OWNER TO postgres;

--
-- Name: doctor_doctorschedule_doc_views_details_id_seq; Type: SEQUENCE; Schema: public; Owner: postgres
--

CREATE SEQUENCE public.doctor_doctorschedule_doc_views_details_id_seq
    AS integer
    START WITH 1
    INCREMENT BY 1
    NO MINVALUE
    NO MAXVALUE
    CACHE 1;


ALTER TABLE public.doctor_doctorschedule_doc_views_details_id_seq OWNER TO postgres;

--
-- Name: doctor_doctorschedule_doc_views_details_id_seq; Type: SEQUENCE OWNED BY; Schema: public; Owner: postgres
--

ALTER SEQUENCE public.doctor_doctorschedule_doc_views_details_id_seq OWNED BY public.doctor_doctorschedule_users_viewed.id;


--
-- Name: doctor_doctorschedule_id_seq; Type: SEQUENCE; Schema: public; Owner: postgres
--

CREATE SEQUENCE public.doctor_doctorschedule_id_seq
    AS integer
    START WITH 1
    INCREMENT BY 1
    NO MINVALUE
    NO MAXVALUE
    CACHE 1;


ALTER TABLE public.doctor_doctorschedule_id_seq OWNER TO postgres;

--
-- Name: doctor_doctorschedule_id_seq; Type: SEQUENCE OWNED BY; Schema: public; Owner: postgres
--

ALTER SEQUENCE public.doctor_doctorschedule_id_seq OWNED BY public.doctor_doctorschedule.id;


--
-- Name: doctor_doctorstats; Type: TABLE; Schema: public; Owner: postgres
--

CREATE TABLE public.doctor_doctorstats (
    id integer NOT NULL,
    day_count integer NOT NULL,
    last_updated date NOT NULL,
    start_date date NOT NULL,
    week_count integer NOT NULL,
    doctor_name character varying(100) NOT NULL,
    neg_patients integer NOT NULL,
    stage_1 integer NOT NULL,
    stage_2 integer NOT NULL,
    stage_3 integer NOT NULL,
    all_patients_count integer NOT NULL,
    doc_patients_count integer NOT NULL,
    for_screening integer NOT NULL
);


ALTER TABLE public.doctor_doctorstats OWNER TO postgres;

--
-- Name: doctor_doctorstats_id_seq; Type: SEQUENCE; Schema: public; Owner: postgres
--

CREATE SEQUENCE public.doctor_doctorstats_id_seq
    AS integer
    START WITH 1
    INCREMENT BY 1
    NO MINVALUE
    NO MAXVALUE
    CACHE 1;


ALTER TABLE public.doctor_doctorstats_id_seq OWNER TO postgres;

--
-- Name: doctor_doctorstats_id_seq; Type: SEQUENCE OWNED BY; Schema: public; Owner: postgres
--

ALTER SEQUENCE public.doctor_doctorstats_id_seq OWNED BY public.doctor_doctorstats.id;


--
-- Name: doctor_doctorstats_monthly_stats; Type: TABLE; Schema: public; Owner: postgres
--

CREATE TABLE public.doctor_doctorstats_monthly_stats (
    id integer NOT NULL,
    doctorstats_id integer NOT NULL,
    monthlystatistics_id integer NOT NULL
);


ALTER TABLE public.doctor_doctorstats_monthly_stats OWNER TO postgres;

--
-- Name: doctor_doctorstats_monthly_stats_id_seq; Type: SEQUENCE; Schema: public; Owner: postgres
--

CREATE SEQUENCE public.doctor_doctorstats_monthly_stats_id_seq
    AS integer
    START WITH 1
    INCREMENT BY 1
    NO MINVALUE
    NO MAXVALUE
    CACHE 1;


ALTER TABLE public.doctor_doctorstats_monthly_stats_id_seq OWNER TO postgres;

--
-- Name: doctor_doctorstats_monthly_stats_id_seq; Type: SEQUENCE OWNED BY; Schema: public; Owner: postgres
--

ALTER SEQUENCE public.doctor_doctorstats_monthly_stats_id_seq OWNED BY public.doctor_doctorstats_monthly_stats.id;


--
-- Name: doctor_medicine; Type: TABLE; Schema: public; Owner: postgres
--

CREATE TABLE public.doctor_medicine (
    id integer NOT NULL,
    created_on timestamp with time zone NOT NULL,
    drug_name character varying(200) NOT NULL,
    unit_of_measure character varying(200) NOT NULL,
    content_per_bottle integer NOT NULL,
    availability boolean NOT NULL,
    stocks_on_hand integer NOT NULL,
    drug_group character varying(200) NOT NULL,
    medicine_type character varying(200) NOT NULL,
    patients_on_medication integer NOT NULL
);


ALTER TABLE public.doctor_medicine OWNER TO postgres;

--
-- Name: doctor_medicine_id_seq; Type: SEQUENCE; Schema: public; Owner: postgres
--

CREATE SEQUENCE public.doctor_medicine_id_seq
    AS integer
    START WITH 1
    INCREMENT BY 1
    NO MINVALUE
    NO MAXVALUE
    CACHE 1;


ALTER TABLE public.doctor_medicine_id_seq OWNER TO postgres;

--
-- Name: doctor_medicine_id_seq; Type: SEQUENCE OWNED BY; Schema: public; Owner: postgres
--

ALTER SEQUENCE public.doctor_medicine_id_seq OWNED BY public.doctor_medicine.id;


--
-- Name: doctor_monthlystatistics; Type: TABLE; Schema: public; Owner: postgres
--

CREATE TABLE public.doctor_monthlystatistics (
    id integer NOT NULL,
    year character varying(10) NOT NULL,
    january integer NOT NULL,
    february integer NOT NULL,
    march integer NOT NULL,
    april integer NOT NULL,
    may integer NOT NULL,
    june integer NOT NULL,
    july integer NOT NULL,
    august integer NOT NULL,
    september integer NOT NULL,
    october integer NOT NULL,
    november integer NOT NULL,
    december integer NOT NULL,
    doc_pk integer NOT NULL,
    doctor_name character varying(100) NOT NULL,
    created_on timestamp with time zone NOT NULL,
    patient_pk integer NOT NULL
);


ALTER TABLE public.doctor_monthlystatistics OWNER TO postgres;

--
-- Name: doctor_monthlystatistics_id_seq; Type: SEQUENCE; Schema: public; Owner: postgres
--

CREATE SEQUENCE public.doctor_monthlystatistics_id_seq
    AS integer
    START WITH 1
    INCREMENT BY 1
    NO MINVALUE
    NO MAXVALUE
    CACHE 1;


ALTER TABLE public.doctor_monthlystatistics_id_seq OWNER TO postgres;

--
-- Name: doctor_monthlystatistics_id_seq; Type: SEQUENCE OWNED BY; Schema: public; Owner: postgres
--

ALTER SEQUENCE public.doctor_monthlystatistics_id_seq OWNED BY public.doctor_monthlystatistics.id;


--
-- Name: doctor_remark; Type: TABLE; Schema: public; Owner: postgres
--

CREATE TABLE public.doctor_remark (
    id integer NOT NULL,
    author character varying(200) NOT NULL,
    text text NOT NULL,
    created_date timestamp with time zone NOT NULL,
    approved_comment boolean NOT NULL,
    remark_seen boolean NOT NULL,
    remark_parent_type character varying(100) NOT NULL,
    remark_receiver character varying(100) NOT NULL,
    seen_date timestamp with time zone NOT NULL
);


ALTER TABLE public.doctor_remark OWNER TO postgres;

--
-- Name: doctor_note_id_seq; Type: SEQUENCE; Schema: public; Owner: postgres
--

CREATE SEQUENCE public.doctor_note_id_seq
    AS integer
    START WITH 1
    INCREMENT BY 1
    NO MINVALUE
    NO MAXVALUE
    CACHE 1;


ALTER TABLE public.doctor_note_id_seq OWNER TO postgres;

--
-- Name: doctor_note_id_seq; Type: SEQUENCE OWNED BY; Schema: public; Owner: postgres
--

ALTER SEQUENCE public.doctor_note_id_seq OWNED BY public.doctor_remark.id;


--
-- Name: doctor_usersviewed; Type: TABLE; Schema: public; Owner: postgres
--

CREATE TABLE public.doctor_usersviewed (
    id integer NOT NULL,
    seen_flag boolean NOT NULL,
    seen_date timestamp with time zone NOT NULL,
    viewer_type character varying(100) NOT NULL,
    viewed_type character varying(100) NOT NULL,
    viewer_name character varying(100) NOT NULL,
    viewed_pk integer NOT NULL,
    file_owner character varying(100) NOT NULL
);


ALTER TABLE public.doctor_usersviewed OWNER TO postgres;

--
-- Name: doctor_usersviewed_id_seq; Type: SEQUENCE; Schema: public; Owner: postgres
--

CREATE SEQUENCE public.doctor_usersviewed_id_seq
    AS integer
    START WITH 1
    INCREMENT BY 1
    NO MINVALUE
    NO MAXVALUE
    CACHE 1;


ALTER TABLE public.doctor_usersviewed_id_seq OWNER TO postgres;

--
-- Name: doctor_usersviewed_id_seq; Type: SEQUENCE OWNED BY; Schema: public; Owner: postgres
--

ALTER SEQUENCE public.doctor_usersviewed_id_seq OWNED BY public.doctor_usersviewed.id;


--
-- Name: patient_icrform; Type: TABLE; Schema: public; Owner: postgres
--

CREATE TABLE public.patient_icrform (
    id integer NOT NULL,
    last_name character varying(100) NOT NULL,
    first_name character varying(100) NOT NULL,
    middle_name character varying(100) NOT NULL,
    date_of_visit character varying(100) NOT NULL,
    age character varying(100) NOT NULL,
    birthdate character varying(100) NOT NULL,
    sex character varying(100) NOT NULL,
    civil_status character varying(100) NOT NULL,
    phone_number character varying(100) NOT NULL,
    home_address character varying(100) NOT NULL,
    occupation character varying(100) NOT NULL,
    work_address character varying(100) NOT NULL,
    work_number character varying(100) NOT NULL,
    purpose_of_visit character varying(100) NOT NULL,
    symptoms character varying(100) NOT NULL,
    specification character varying(100) NOT NULL
);


ALTER TABLE public.patient_icrform OWNER TO postgres;

--
-- Name: patient_icrform_doctor_remarks; Type: TABLE; Schema: public; Owner: postgres
--

CREATE TABLE public.patient_icrform_doctor_remarks (
    id integer NOT NULL,
    icrform_id integer NOT NULL,
    remark_id integer NOT NULL
);


ALTER TABLE public.patient_icrform_doctor_remarks OWNER TO postgres;

--
-- Name: patient_icrform_doc_remarks_id_seq; Type: SEQUENCE; Schema: public; Owner: postgres
--

CREATE SEQUENCE public.patient_icrform_doc_remarks_id_seq
    AS integer
    START WITH 1
    INCREMENT BY 1
    NO MINVALUE
    NO MAXVALUE
    CACHE 1;


ALTER TABLE public.patient_icrform_doc_remarks_id_seq OWNER TO postgres;

--
-- Name: patient_icrform_doc_remarks_id_seq; Type: SEQUENCE OWNED BY; Schema: public; Owner: postgres
--

ALTER SEQUENCE public.patient_icrform_doc_remarks_id_seq OWNED BY public.patient_icrform_doctor_remarks.id;


--
-- Name: patient_icrform_docs_viewed; Type: TABLE; Schema: public; Owner: postgres
--

CREATE TABLE public.patient_icrform_docs_viewed (
    id integer NOT NULL,
    icrform_id integer NOT NULL,
    usersviewed_id integer NOT NULL
);


ALTER TABLE public.patient_icrform_docs_viewed OWNER TO postgres;

--
-- Name: patient_icrform_docs_viewed_id_seq; Type: SEQUENCE; Schema: public; Owner: postgres
--

CREATE SEQUENCE public.patient_icrform_docs_viewed_id_seq
    AS integer
    START WITH 1
    INCREMENT BY 1
    NO MINVALUE
    NO MAXVALUE
    CACHE 1;


ALTER TABLE public.patient_icrform_docs_viewed_id_seq OWNER TO postgres;

--
-- Name: patient_icrform_docs_viewed_id_seq; Type: SEQUENCE OWNED BY; Schema: public; Owner: postgres
--

ALTER SEQUENCE public.patient_icrform_docs_viewed_id_seq OWNED BY public.patient_icrform_docs_viewed.id;


--
-- Name: patient_icrform_id_seq; Type: SEQUENCE; Schema: public; Owner: postgres
--

CREATE SEQUENCE public.patient_icrform_id_seq
    AS integer
    START WITH 1
    INCREMENT BY 1
    NO MINVALUE
    NO MAXVALUE
    CACHE 1;


ALTER TABLE public.patient_icrform_id_seq OWNER TO postgres;

--
-- Name: patient_icrform_id_seq; Type: SEQUENCE OWNED BY; Schema: public; Owner: postgres
--

ALTER SEQUENCE public.patient_icrform_id_seq OWNED BY public.patient_icrform.id;


--
-- Name: patient_medhistform; Type: TABLE; Schema: public; Owner: postgres
--

CREATE TABLE public.patient_medhistform (
    id integer NOT NULL,
    name character varying(100) NOT NULL,
    exposure character varying(100) NOT NULL,
    other_conditions character varying(100) NOT NULL,
    date_diagnosed date,
    created_on timestamp with time zone NOT NULL,
    parent_pk integer NOT NULL,
    username character varying(100) NOT NULL
);


ALTER TABLE public.patient_medhistform OWNER TO postgres;

--
-- Name: patient_medhistform_doctor_remarks; Type: TABLE; Schema: public; Owner: postgres
--

CREATE TABLE public.patient_medhistform_doctor_remarks (
    id integer NOT NULL,
    medhistform_id integer NOT NULL,
    remark_id integer NOT NULL
);


ALTER TABLE public.patient_medhistform_doctor_remarks OWNER TO postgres;

--
-- Name: patient_medhistform_doc_remarks_id_seq; Type: SEQUENCE; Schema: public; Owner: postgres
--

CREATE SEQUENCE public.patient_medhistform_doc_remarks_id_seq
    AS integer
    START WITH 1
    INCREMENT BY 1
    NO MINVALUE
    NO MAXVALUE
    CACHE 1;


ALTER TABLE public.patient_medhistform_doc_remarks_id_seq OWNER TO postgres;

--
-- Name: patient_medhistform_doc_remarks_id_seq; Type: SEQUENCE OWNED BY; Schema: public; Owner: postgres
--

ALTER SEQUENCE public.patient_medhistform_doc_remarks_id_seq OWNED BY public.patient_medhistform_doctor_remarks.id;


--
-- Name: patient_medhistform_docs_viewed; Type: TABLE; Schema: public; Owner: postgres
--

CREATE TABLE public.patient_medhistform_docs_viewed (
    id integer NOT NULL,
    medhistform_id integer NOT NULL,
    usersviewed_id integer NOT NULL
);


ALTER TABLE public.patient_medhistform_docs_viewed OWNER TO postgres;

--
-- Name: patient_medhistform_docs_viewed_id_seq; Type: SEQUENCE; Schema: public; Owner: postgres
--

CREATE SEQUENCE public.patient_medhistform_docs_viewed_id_seq
    AS integer
    START WITH 1
    INCREMENT BY 1
    NO MINVALUE
    NO MAXVALUE
    CACHE 1;


ALTER TABLE public.patient_medhistform_docs_viewed_id_seq OWNER TO postgres;

--
-- Name: patient_medhistform_docs_viewed_id_seq; Type: SEQUENCE OWNED BY; Schema: public; Owner: postgres
--

ALTER SEQUENCE public.patient_medhistform_docs_viewed_id_seq OWNED BY public.patient_medhistform_docs_viewed.id;


--
-- Name: patient_medhistform_id_seq; Type: SEQUENCE; Schema: public; Owner: postgres
--

CREATE SEQUENCE public.patient_medhistform_id_seq
    AS integer
    START WITH 1
    INCREMENT BY 1
    NO MINVALUE
    NO MAXVALUE
    CACHE 1;


ALTER TABLE public.patient_medhistform_id_seq OWNER TO postgres;

--
-- Name: patient_medhistform_id_seq; Type: SEQUENCE OWNED BY; Schema: public; Owner: postgres
--

ALTER SEQUENCE public.patient_medhistform_id_seq OWNED BY public.patient_medhistform.id;


--
-- Name: patient_medication; Type: TABLE; Schema: public; Owner: postgres
--

CREATE TABLE public.patient_medication (
    id integer NOT NULL,
    created_on timestamp with time zone NOT NULL,
    username character varying(200) NOT NULL,
    drug_name character varying(200) NOT NULL,
    unit_of_measure character varying(200) NOT NULL,
    content_per_bottle integer NOT NULL,
    administered boolean NOT NULL,
    administered_by character varying(200) NOT NULL,
    patient_pk character varying(200) NOT NULL,
    doc_notes text NOT NULL,
    drug_group character varying(200) NOT NULL,
    medicine_type character varying(200) NOT NULL
);


ALTER TABLE public.patient_medication OWNER TO postgres;

--
-- Name: patient_medication_id_seq; Type: SEQUENCE; Schema: public; Owner: postgres
--

CREATE SEQUENCE public.patient_medication_id_seq
    AS integer
    START WITH 1
    INCREMENT BY 1
    NO MINVALUE
    NO MAXVALUE
    CACHE 1;


ALTER TABLE public.patient_medication_id_seq OWNER TO postgres;

--
-- Name: patient_medication_id_seq; Type: SEQUENCE OWNED BY; Schema: public; Owner: postgres
--

ALTER SEQUENCE public.patient_medication_id_seq OWNED BY public.patient_medication.id;


--
-- Name: patient_patient; Type: TABLE; Schema: public; Owner: postgres
--

CREATE TABLE public.patient_patient (
    first_name character varying(100) NOT NULL,
    last_name character varying(100) NOT NULL,
    username character varying(100) NOT NULL,
    birthdate date NOT NULL,
    age integer NOT NULL,
    present_address character varying(100) NOT NULL,
    work character varying(100) NOT NULL,
    work_address character varying(100) NOT NULL,
    call_number character varying(100) NOT NULL,
    email character varying(100) NOT NULL,
    password character varying(100),
    "HIV_status" character varying(100) NOT NULL,
    icr_id integer NOT NULL,
    profile_id integer,
    last_log_in timestamp with time zone NOT NULL,
    last_log_out timestamp with time zone NOT NULL,
    login_flag boolean NOT NULL,
    date_created timestamp with time zone NOT NULL,
    home_address character varying(100) NOT NULL,
    tel_number character varying(100) NOT NULL,
    status character varying(100) NOT NULL,
    slug character varying(50) NOT NULL
);


ALTER TABLE public.patient_patient OWNER TO postgres;

--
-- Name: patient_patient_approved_schedules; Type: TABLE; Schema: public; Owner: postgres
--

CREATE TABLE public.patient_patient_approved_schedules (
    id integer NOT NULL,
    patient_id integer NOT NULL,
    doctorschedule_id integer NOT NULL
);


ALTER TABLE public.patient_patient_approved_schedules OWNER TO postgres;

--
-- Name: patient_patient_approvedScheds_id_seq; Type: SEQUENCE; Schema: public; Owner: postgres
--

CREATE SEQUENCE public."patient_patient_approvedScheds_id_seq"
    AS integer
    START WITH 1
    INCREMENT BY 1
    NO MINVALUE
    NO MAXVALUE
    CACHE 1;


ALTER TABLE public."patient_patient_approvedScheds_id_seq" OWNER TO postgres;

--
-- Name: patient_patient_approvedScheds_id_seq; Type: SEQUENCE OWNED BY; Schema: public; Owner: postgres
--

ALTER SEQUENCE public."patient_patient_approvedScheds_id_seq" OWNED BY public.patient_patient_approved_schedules.id;


--
-- Name: patient_patient_finished_schedules; Type: TABLE; Schema: public; Owner: postgres
--

CREATE TABLE public.patient_patient_finished_schedules (
    id integer NOT NULL,
    patient_id integer NOT NULL,
    doctorschedule_id integer NOT NULL
);


ALTER TABLE public.patient_patient_finished_schedules OWNER TO postgres;

--
-- Name: patient_patient_finishedScheds_id_seq; Type: SEQUENCE; Schema: public; Owner: postgres
--

CREATE SEQUENCE public."patient_patient_finishedScheds_id_seq"
    AS integer
    START WITH 1
    INCREMENT BY 1
    NO MINVALUE
    NO MAXVALUE
    CACHE 1;


ALTER TABLE public."patient_patient_finishedScheds_id_seq" OWNER TO postgres;

--
-- Name: patient_patient_finishedScheds_id_seq; Type: SEQUENCE OWNED BY; Schema: public; Owner: postgres
--

ALTER SEQUENCE public."patient_patient_finishedScheds_id_seq" OWNED BY public.patient_patient_finished_schedules.id;


--
-- Name: patient_patient_location_details; Type: TABLE; Schema: public; Owner: postgres
--

CREATE TABLE public.patient_patient_location_details (
    id integer NOT NULL,
    patient_id integer NOT NULL,
    patientlocationdetails_id integer NOT NULL
);


ALTER TABLE public.patient_patient_location_details OWNER TO postgres;

--
-- Name: patient_patient_location_details_id_seq; Type: SEQUENCE; Schema: public; Owner: postgres
--

CREATE SEQUENCE public.patient_patient_location_details_id_seq
    AS integer
    START WITH 1
    INCREMENT BY 1
    NO MINVALUE
    NO MAXVALUE
    CACHE 1;


ALTER TABLE public.patient_patient_location_details_id_seq OWNER TO postgres;

--
-- Name: patient_patient_location_details_id_seq; Type: SEQUENCE OWNED BY; Schema: public; Owner: postgres
--

ALTER SEQUENCE public.patient_patient_location_details_id_seq OWNED BY public.patient_patient_location_details.id;


--
-- Name: patient_patient_medical_history; Type: TABLE; Schema: public; Owner: postgres
--

CREATE TABLE public.patient_patient_medical_history (
    id integer NOT NULL,
    patient_id integer NOT NULL,
    medhistform_id integer NOT NULL
);


ALTER TABLE public.patient_patient_medical_history OWNER TO postgres;

--
-- Name: patient_patient_medical_history_id_seq; Type: SEQUENCE; Schema: public; Owner: postgres
--

CREATE SEQUENCE public.patient_patient_medical_history_id_seq
    AS integer
    START WITH 1
    INCREMENT BY 1
    NO MINVALUE
    NO MAXVALUE
    CACHE 1;


ALTER TABLE public.patient_patient_medical_history_id_seq OWNER TO postgres;

--
-- Name: patient_patient_medical_history_id_seq; Type: SEQUENCE OWNED BY; Schema: public; Owner: postgres
--

ALTER SEQUENCE public.patient_patient_medical_history_id_seq OWNED BY public.patient_patient_medical_history.id;


--
-- Name: patient_patient_meds; Type: TABLE; Schema: public; Owner: postgres
--

CREATE TABLE public.patient_patient_meds (
    id integer NOT NULL,
    patient_id integer NOT NULL,
    medication_id integer NOT NULL
);


ALTER TABLE public.patient_patient_meds OWNER TO postgres;

--
-- Name: patient_patient_meds_id_seq; Type: SEQUENCE; Schema: public; Owner: postgres
--

CREATE SEQUENCE public.patient_patient_meds_id_seq
    AS integer
    START WITH 1
    INCREMENT BY 1
    NO MINVALUE
    NO MAXVALUE
    CACHE 1;


ALTER TABLE public.patient_patient_meds_id_seq OWNER TO postgres;

--
-- Name: patient_patient_meds_id_seq; Type: SEQUENCE OWNED BY; Schema: public; Owner: postgres
--

ALTER SEQUENCE public.patient_patient_meds_id_seq OWNED BY public.patient_patient_meds.id;


--
-- Name: patient_patient_my_doctors; Type: TABLE; Schema: public; Owner: postgres
--

CREATE TABLE public.patient_patient_my_doctors (
    id integer NOT NULL,
    patient_id integer NOT NULL,
    doctor_id integer NOT NULL
);


ALTER TABLE public.patient_patient_my_doctors OWNER TO postgres;

--
-- Name: patient_patient_myDoctors_id_seq; Type: SEQUENCE; Schema: public; Owner: postgres
--

CREATE SEQUENCE public."patient_patient_myDoctors_id_seq"
    AS integer
    START WITH 1
    INCREMENT BY 1
    NO MINVALUE
    NO MAXVALUE
    CACHE 1;


ALTER TABLE public."patient_patient_myDoctors_id_seq" OWNER TO postgres;

--
-- Name: patient_patient_myDoctors_id_seq; Type: SEQUENCE OWNED BY; Schema: public; Owner: postgres
--

ALTER SEQUENCE public."patient_patient_myDoctors_id_seq" OWNED BY public.patient_patient_my_doctors.id;


--
-- Name: patient_patient_patient_new_notifications; Type: TABLE; Schema: public; Owner: postgres
--

CREATE TABLE public.patient_patient_patient_new_notifications (
    id integer NOT NULL,
    patient_id integer NOT NULL,
    patientnotification_id integer NOT NULL
);


ALTER TABLE public.patient_patient_patient_new_notifications OWNER TO postgres;

--
-- Name: patient_patient_new_patient_notifications_id_seq; Type: SEQUENCE; Schema: public; Owner: postgres
--

CREATE SEQUENCE public.patient_patient_new_patient_notifications_id_seq
    AS integer
    START WITH 1
    INCREMENT BY 1
    NO MINVALUE
    NO MAXVALUE
    CACHE 1;


ALTER TABLE public.patient_patient_new_patient_notifications_id_seq OWNER TO postgres;

--
-- Name: patient_patient_new_patient_notifications_id_seq; Type: SEQUENCE OWNED BY; Schema: public; Owner: postgres
--

ALTER SEQUENCE public.patient_patient_new_patient_notifications_id_seq OWNED BY public.patient_patient_patient_new_notifications.id;


--
-- Name: patient_patient_patient_notifications; Type: TABLE; Schema: public; Owner: postgres
--

CREATE TABLE public.patient_patient_patient_notifications (
    id integer NOT NULL,
    patient_id integer NOT NULL,
    patientnotification_id integer NOT NULL
);


ALTER TABLE public.patient_patient_patient_notifications OWNER TO postgres;

--
-- Name: patient_patient_patientNotif_id_seq; Type: SEQUENCE; Schema: public; Owner: postgres
--

CREATE SEQUENCE public."patient_patient_patientNotif_id_seq"
    AS integer
    START WITH 1
    INCREMENT BY 1
    NO MINVALUE
    NO MAXVALUE
    CACHE 1;


ALTER TABLE public."patient_patient_patientNotif_id_seq" OWNER TO postgres;

--
-- Name: patient_patient_patientNotif_id_seq; Type: SEQUENCE OWNED BY; Schema: public; Owner: postgres
--

ALTER SEQUENCE public."patient_patient_patientNotif_id_seq" OWNED BY public.patient_patient_patient_notifications.id;


--
-- Name: patient_patient_pending_schedules; Type: TABLE; Schema: public; Owner: postgres
--

CREATE TABLE public.patient_patient_pending_schedules (
    id integer NOT NULL,
    patient_id integer NOT NULL,
    doctorschedule_id integer NOT NULL
);


ALTER TABLE public.patient_patient_pending_schedules OWNER TO postgres;

--
-- Name: patient_patient_pendingScheds_id_seq; Type: SEQUENCE; Schema: public; Owner: postgres
--

CREATE SEQUENCE public."patient_patient_pendingScheds_id_seq"
    AS integer
    START WITH 1
    INCREMENT BY 1
    NO MINVALUE
    NO MAXVALUE
    CACHE 1;


ALTER TABLE public."patient_patient_pendingScheds_id_seq" OWNER TO postgres;

--
-- Name: patient_patient_pendingScheds_id_seq; Type: SEQUENCE OWNED BY; Schema: public; Owner: postgres
--

ALTER SEQUENCE public."patient_patient_pendingScheds_id_seq" OWNED BY public.patient_patient_pending_schedules.id;


--
-- Name: patient_patient_personal_records; Type: TABLE; Schema: public; Owner: postgres
--

CREATE TABLE public.patient_patient_personal_records (
    id integer NOT NULL,
    patient_id integer NOT NULL,
    personalrecord_id integer NOT NULL
);


ALTER TABLE public.patient_patient_personal_records OWNER TO postgres;

--
-- Name: patient_patient_personalRecord_id_seq; Type: SEQUENCE; Schema: public; Owner: postgres
--

CREATE SEQUENCE public."patient_patient_personalRecord_id_seq"
    AS integer
    START WITH 1
    INCREMENT BY 1
    NO MINVALUE
    NO MAXVALUE
    CACHE 1;


ALTER TABLE public."patient_patient_personalRecord_id_seq" OWNER TO postgres;

--
-- Name: patient_patient_personalRecord_id_seq; Type: SEQUENCE OWNED BY; Schema: public; Owner: postgres
--

ALTER SEQUENCE public."patient_patient_personalRecord_id_seq" OWNED BY public.patient_patient_personal_records.id;


--
-- Name: patient_patient_rejected_schedules; Type: TABLE; Schema: public; Owner: postgres
--

CREATE TABLE public.patient_patient_rejected_schedules (
    id integer NOT NULL,
    patient_id integer NOT NULL,
    doctorschedule_id integer NOT NULL
);


ALTER TABLE public.patient_patient_rejected_schedules OWNER TO postgres;

--
-- Name: patient_patient_rejectedScheds_id_seq; Type: SEQUENCE; Schema: public; Owner: postgres
--

CREATE SEQUENCE public."patient_patient_rejectedScheds_id_seq"
    AS integer
    START WITH 1
    INCREMENT BY 1
    NO MINVALUE
    NO MAXVALUE
    CACHE 1;


ALTER TABLE public."patient_patient_rejectedScheds_id_seq" OWNER TO postgres;

--
-- Name: patient_patient_rejectedScheds_id_seq; Type: SEQUENCE OWNED BY; Schema: public; Owner: postgres
--

ALTER SEQUENCE public."patient_patient_rejectedScheds_id_seq" OWNED BY public.patient_patient_rejected_schedules.id;


--
-- Name: patient_patientlocationdetails; Type: TABLE; Schema: public; Owner: postgres
--

CREATE TABLE public.patient_patientlocationdetails (
    id integer NOT NULL,
    lat character varying(200) NOT NULL,
    lon character varying(200) NOT NULL,
    location character varying(200) NOT NULL,
    patient_name character varying(200) NOT NULL,
    username character varying(200) NOT NULL,
    work character varying(200) NOT NULL,
    hiv_level character varying(200) NOT NULL,
    created_on timestamp with time zone NOT NULL,
    patient_pk integer NOT NULL,
    status character varying(200) NOT NULL,
    general_location character varying(100) NOT NULL
);


ALTER TABLE public.patient_patientlocationdetails OWNER TO postgres;

--
-- Name: patient_patientlocationdetails_id_seq; Type: SEQUENCE; Schema: public; Owner: postgres
--

CREATE SEQUENCE public.patient_patientlocationdetails_id_seq
    AS integer
    START WITH 1
    INCREMENT BY 1
    NO MINVALUE
    NO MAXVALUE
    CACHE 1;


ALTER TABLE public.patient_patientlocationdetails_id_seq OWNER TO postgres;

--
-- Name: patient_patientlocationdetails_id_seq; Type: SEQUENCE OWNED BY; Schema: public; Owner: postgres
--

ALTER SEQUENCE public.patient_patientlocationdetails_id_seq OWNED BY public.patient_patientlocationdetails.id;


--
-- Name: patient_patientnotification; Type: TABLE; Schema: public; Owner: postgres
--

CREATE TABLE public.patient_patientnotification (
    id integer NOT NULL,
    doctor_name character varying(100) NOT NULL,
    subject character varying(100) NOT NULL,
    user_type character varying(15) NOT NULL,
    notification character varying(2000) NOT NULL,
    created_on timestamp with time zone NOT NULL,
    patient_username character varying(100) NOT NULL,
    action_type character varying(15) NOT NULL,
    action_pk integer NOT NULL,
    status boolean NOT NULL,
    notif_status boolean NOT NULL
);


ALTER TABLE public.patient_patientnotification OWNER TO postgres;

--
-- Name: patient_patientnotification_id_seq; Type: SEQUENCE; Schema: public; Owner: postgres
--

CREATE SEQUENCE public.patient_patientnotification_id_seq
    AS integer
    START WITH 1
    INCREMENT BY 1
    NO MINVALUE
    NO MAXVALUE
    CACHE 1;


ALTER TABLE public.patient_patientnotification_id_seq OWNER TO postgres;

--
-- Name: patient_patientnotification_id_seq; Type: SEQUENCE OWNED BY; Schema: public; Owner: postgres
--

ALTER SEQUENCE public.patient_patientnotification_id_seq OWNED BY public.patient_patientnotification.id;


--
-- Name: patient_patientsmonthlystatistics; Type: TABLE; Schema: public; Owner: postgres
--

CREATE TABLE public.patient_patientsmonthlystatistics (
    id integer NOT NULL,
    created_on timestamp with time zone NOT NULL,
    patient_pk integer NOT NULL,
    year character varying(10) NOT NULL,
    january integer NOT NULL,
    february integer NOT NULL,
    march integer NOT NULL,
    april integer NOT NULL,
    may integer NOT NULL,
    june integer NOT NULL,
    july integer NOT NULL,
    august integer NOT NULL,
    september integer NOT NULL,
    october integer NOT NULL,
    november integer NOT NULL,
    december integer NOT NULL,
    patient_username character varying(100) NOT NULL
);


ALTER TABLE public.patient_patientsmonthlystatistics OWNER TO postgres;

--
-- Name: patient_patientsmonthlystatistics_id_seq; Type: SEQUENCE; Schema: public; Owner: postgres
--

CREATE SEQUENCE public.patient_patientsmonthlystatistics_id_seq
    AS integer
    START WITH 1
    INCREMENT BY 1
    NO MINVALUE
    NO MAXVALUE
    CACHE 1;


ALTER TABLE public.patient_patientsmonthlystatistics_id_seq OWNER TO postgres;

--
-- Name: patient_patientsmonthlystatistics_id_seq; Type: SEQUENCE OWNED BY; Schema: public; Owner: postgres
--

ALTER SEQUENCE public.patient_patientsmonthlystatistics_id_seq OWNED BY public.patient_patientsmonthlystatistics.id;


--
-- Name: patient_personalrecord; Type: TABLE; Schema: public; Owner: postgres
--

CREATE TABLE public.patient_personalrecord (
    id integer NOT NULL,
    author character varying(200) NOT NULL,
    title character varying(200) NOT NULL,
    slug character varying(200) NOT NULL,
    updated_on timestamp with time zone NOT NULL,
    content text NOT NULL,
    created_on timestamp with time zone NOT NULL,
    status integer NOT NULL
);


ALTER TABLE public.patient_personalrecord OWNER TO postgres;

--
-- Name: patient_personalrecord_comment; Type: TABLE; Schema: public; Owner: postgres
--

CREATE TABLE public.patient_personalrecord_comment (
    id integer NOT NULL,
    personalrecord_id integer NOT NULL,
    remark_id integer NOT NULL
);


ALTER TABLE public.patient_personalrecord_comment OWNER TO postgres;

--
-- Name: patient_personalrecord_comment_id_seq; Type: SEQUENCE; Schema: public; Owner: postgres
--

CREATE SEQUENCE public.patient_personalrecord_comment_id_seq
    AS integer
    START WITH 1
    INCREMENT BY 1
    NO MINVALUE
    NO MAXVALUE
    CACHE 1;


ALTER TABLE public.patient_personalrecord_comment_id_seq OWNER TO postgres;

--
-- Name: patient_personalrecord_comment_id_seq; Type: SEQUENCE OWNED BY; Schema: public; Owner: postgres
--

ALTER SEQUENCE public.patient_personalrecord_comment_id_seq OWNED BY public.patient_personalrecord_comment.id;


--
-- Name: patient_personalrecord_docs_viewed; Type: TABLE; Schema: public; Owner: postgres
--

CREATE TABLE public.patient_personalrecord_docs_viewed (
    id integer NOT NULL,
    personalrecord_id integer NOT NULL,
    usersviewed_id integer NOT NULL
);


ALTER TABLE public.patient_personalrecord_docs_viewed OWNER TO postgres;

--
-- Name: patient_personalrecord_docs_viewed_id_seq; Type: SEQUENCE; Schema: public; Owner: postgres
--

CREATE SEQUENCE public.patient_personalrecord_docs_viewed_id_seq
    AS integer
    START WITH 1
    INCREMENT BY 1
    NO MINVALUE
    NO MAXVALUE
    CACHE 1;


ALTER TABLE public.patient_personalrecord_docs_viewed_id_seq OWNER TO postgres;

--
-- Name: patient_personalrecord_docs_viewed_id_seq; Type: SEQUENCE OWNED BY; Schema: public; Owner: postgres
--

ALTER SEQUENCE public.patient_personalrecord_docs_viewed_id_seq OWNED BY public.patient_personalrecord_docs_viewed.id;


--
-- Name: patient_personalrecord_id_seq; Type: SEQUENCE; Schema: public; Owner: postgres
--

CREATE SEQUENCE public.patient_personalrecord_id_seq
    AS integer
    START WITH 1
    INCREMENT BY 1
    NO MINVALUE
    NO MAXVALUE
    CACHE 1;


ALTER TABLE public.patient_personalrecord_id_seq OWNER TO postgres;

--
-- Name: patient_personalrecord_id_seq; Type: SEQUENCE OWNED BY; Schema: public; Owner: postgres
--

ALTER SEQUENCE public.patient_personalrecord_id_seq OWNED BY public.patient_personalrecord.id;


--
-- Name: patient_profileform; Type: TABLE; Schema: public; Owner: postgres
--

CREATE TABLE public.patient_profileform (
    id integer NOT NULL,
    uid character varying(100) NOT NULL,
    code_name character varying(100) NOT NULL,
    real_name character varying(100) NOT NULL,
    mother_maiden_name character varying(100) NOT NULL,
    address character varying(100) NOT NULL,
    province character varying(100) NOT NULL,
    age character varying(3) NOT NULL,
    sex character varying(100) NOT NULL,
    status character varying(100) NOT NULL,
    birthdate character varying(100) NOT NULL,
    pdate character varying(100) NOT NULL,
    nation character varying(100) NOT NULL,
    ed character varying(100) NOT NULL,
    occupation character varying(100) NOT NULL,
    contact character varying(100) NOT NULL,
    "philNum" character varying(100) NOT NULL
);


ALTER TABLE public.patient_profileform OWNER TO postgres;

--
-- Name: patient_profileform_doctor_remarks; Type: TABLE; Schema: public; Owner: postgres
--

CREATE TABLE public.patient_profileform_doctor_remarks (
    id integer NOT NULL,
    profileform_id integer NOT NULL,
    remark_id integer NOT NULL
);


ALTER TABLE public.patient_profileform_doctor_remarks OWNER TO postgres;

--
-- Name: patient_profileform_doc_remarks_id_seq; Type: SEQUENCE; Schema: public; Owner: postgres
--

CREATE SEQUENCE public.patient_profileform_doc_remarks_id_seq
    AS integer
    START WITH 1
    INCREMENT BY 1
    NO MINVALUE
    NO MAXVALUE
    CACHE 1;


ALTER TABLE public.patient_profileform_doc_remarks_id_seq OWNER TO postgres;

--
-- Name: patient_profileform_doc_remarks_id_seq; Type: SEQUENCE OWNED BY; Schema: public; Owner: postgres
--

ALTER SEQUENCE public.patient_profileform_doc_remarks_id_seq OWNED BY public.patient_profileform_doctor_remarks.id;


--
-- Name: patient_profileform_docs_viewed; Type: TABLE; Schema: public; Owner: postgres
--

CREATE TABLE public.patient_profileform_docs_viewed (
    id integer NOT NULL,
    profileform_id integer NOT NULL,
    usersviewed_id integer NOT NULL
);


ALTER TABLE public.patient_profileform_docs_viewed OWNER TO postgres;

--
-- Name: patient_profileform_docs_viewed_id_seq; Type: SEQUENCE; Schema: public; Owner: postgres
--

CREATE SEQUENCE public.patient_profileform_docs_viewed_id_seq
    AS integer
    START WITH 1
    INCREMENT BY 1
    NO MINVALUE
    NO MAXVALUE
    CACHE 1;


ALTER TABLE public.patient_profileform_docs_viewed_id_seq OWNER TO postgres;

--
-- Name: patient_profileform_docs_viewed_id_seq; Type: SEQUENCE OWNED BY; Schema: public; Owner: postgres
--

ALTER SEQUENCE public.patient_profileform_docs_viewed_id_seq OWNED BY public.patient_profileform_docs_viewed.id;


--
-- Name: patient_profileform_id_seq; Type: SEQUENCE; Schema: public; Owner: postgres
--

CREATE SEQUENCE public.patient_profileform_id_seq
    AS integer
    START WITH 1
    INCREMENT BY 1
    NO MINVALUE
    NO MAXVALUE
    CACHE 1;


ALTER TABLE public.patient_profileform_id_seq OWNER TO postgres;

--
-- Name: patient_profileform_id_seq; Type: SEQUENCE OWNED BY; Schema: public; Owner: postgres
--

ALTER SEQUENCE public.patient_profileform_id_seq OWNED BY public.patient_profileform.id;


--
-- Name: portal_adminnotification; Type: TABLE; Schema: public; Owner: postgres
--

CREATE TABLE public.portal_adminnotification (
    id integer NOT NULL,
    name character varying(100) NOT NULL,
    user_type character varying(15) NOT NULL,
    notif character varying(100) NOT NULL,
    created_on timestamp with time zone NOT NULL
);


ALTER TABLE public.portal_adminnotification OWNER TO postgres;

--
-- Name: portal_adminnotification_id_seq; Type: SEQUENCE; Schema: public; Owner: postgres
--

CREATE SEQUENCE public.portal_adminnotification_id_seq
    AS integer
    START WITH 1
    INCREMENT BY 1
    NO MINVALUE
    NO MAXVALUE
    CACHE 1;


ALTER TABLE public.portal_adminnotification_id_seq OWNER TO postgres;

--
-- Name: portal_adminnotification_id_seq; Type: SEQUENCE OWNED BY; Schema: public; Owner: postgres
--

ALTER SEQUENCE public.portal_adminnotification_id_seq OWNED BY public.portal_adminnotification.id;


--
-- Name: auth_group id; Type: DEFAULT; Schema: public; Owner: postgres
--

ALTER TABLE ONLY public.auth_group ALTER COLUMN id SET DEFAULT nextval('public.auth_group_id_seq'::regclass);


--
-- Name: auth_group_permissions id; Type: DEFAULT; Schema: public; Owner: postgres
--

ALTER TABLE ONLY public.auth_group_permissions ALTER COLUMN id SET DEFAULT nextval('public.auth_group_permissions_id_seq'::regclass);


--
-- Name: auth_permission id; Type: DEFAULT; Schema: public; Owner: postgres
--

ALTER TABLE ONLY public.auth_permission ALTER COLUMN id SET DEFAULT nextval('public.auth_permission_id_seq'::regclass);


--
-- Name: auth_user id; Type: DEFAULT; Schema: public; Owner: postgres
--

ALTER TABLE ONLY public.auth_user ALTER COLUMN id SET DEFAULT nextval('public.auth_user_id_seq'::regclass);


--
-- Name: auth_user_groups id; Type: DEFAULT; Schema: public; Owner: postgres
--

ALTER TABLE ONLY public.auth_user_groups ALTER COLUMN id SET DEFAULT nextval('public.auth_user_groups_id_seq'::regclass);


--
-- Name: auth_user_user_permissions id; Type: DEFAULT; Schema: public; Owner: postgres
--

ALTER TABLE ONLY public.auth_user_user_permissions ALTER COLUMN id SET DEFAULT nextval('public.auth_user_user_permissions_id_seq'::regclass);


--
-- Name: cebuMap_cebubarangays id; Type: DEFAULT; Schema: public; Owner: postgres
--

ALTER TABLE ONLY public."cebuMap_cebubarangays" ALTER COLUMN id SET DEFAULT nextval('public."cebuMap_cebubarangays_id_seq"'::regclass);


--
-- Name: cebuMap_cebubarangays_deceased id; Type: DEFAULT; Schema: public; Owner: postgres
--

ALTER TABLE ONLY public."cebuMap_cebubarangays_deceased" ALTER COLUMN id SET DEFAULT nextval('public."cebuMap_cebubarangays_deceased_id_seq"'::regclass);


--
-- Name: cebuMap_cebubarangays_for_screening id; Type: DEFAULT; Schema: public; Owner: postgres
--

ALTER TABLE ONLY public."cebuMap_cebubarangays_for_screening" ALTER COLUMN id SET DEFAULT nextval('public."cebuMap_cebubarangays_no_hiv_id_seq"'::regclass);


--
-- Name: cebuMap_cebubarangays_hiv_pop id; Type: DEFAULT; Schema: public; Owner: postgres
--

ALTER TABLE ONLY public."cebuMap_cebubarangays_hiv_pop" ALTER COLUMN id SET DEFAULT nextval('public."cebuMap_cebubarangays_hiv_pop_id_seq"'::regclass);


--
-- Name: cebuMap_cebubarangays_migrated id; Type: DEFAULT; Schema: public; Owner: postgres
--

ALTER TABLE ONLY public."cebuMap_cebubarangays_migrated" ALTER COLUMN id SET DEFAULT nextval('public."cebuMap_cebubarangays_migrated_id_seq"'::regclass);


--
-- Name: cebuMap_cebubarangays_stage_0 id; Type: DEFAULT; Schema: public; Owner: postgres
--

ALTER TABLE ONLY public."cebuMap_cebubarangays_stage_0" ALTER COLUMN id SET DEFAULT nextval('public."cebuMap_cebubarangays_stage_0_id_seq"'::regclass);


--
-- Name: cebuMap_cebubarangays_stage_1 id; Type: DEFAULT; Schema: public; Owner: postgres
--

ALTER TABLE ONLY public."cebuMap_cebubarangays_stage_1" ALTER COLUMN id SET DEFAULT nextval('public."cebuMap_cebubarangays_stage_1_id_seq"'::regclass);


--
-- Name: cebuMap_cebubarangays_stage_2 id; Type: DEFAULT; Schema: public; Owner: postgres
--

ALTER TABLE ONLY public."cebuMap_cebubarangays_stage_2" ALTER COLUMN id SET DEFAULT nextval('public."cebuMap_cebubarangays_stage_2_id_seq"'::regclass);


--
-- Name: cebuMap_cebubarangays_stage_3 id; Type: DEFAULT; Schema: public; Owner: postgres
--

ALTER TABLE ONLY public."cebuMap_cebubarangays_stage_3" ALTER COLUMN id SET DEFAULT nextval('public."cebuMap_cebubarangays_stage_3_id_seq"'::regclass);


--
-- Name: cebuMap_cebumap id; Type: DEFAULT; Schema: public; Owner: postgres
--

ALTER TABLE ONLY public."cebuMap_cebumap" ALTER COLUMN id SET DEFAULT nextval('public."cebuMap_cebumap_id_seq1"'::regclass);


--
-- Name: cebuMap_incidence id; Type: DEFAULT; Schema: public; Owner: postgres
--

ALTER TABLE ONLY public."cebuMap_incidence" ALTER COLUMN id SET DEFAULT nextval('public."cebuMap_incidence_id_seq"'::regclass);


--
-- Name: django_admin_log id; Type: DEFAULT; Schema: public; Owner: postgres
--

ALTER TABLE ONLY public.django_admin_log ALTER COLUMN id SET DEFAULT nextval('public.django_admin_log_id_seq'::regclass);


--
-- Name: django_content_type id; Type: DEFAULT; Schema: public; Owner: postgres
--

ALTER TABLE ONLY public.django_content_type ALTER COLUMN id SET DEFAULT nextval('public.django_content_type_id_seq'::regclass);


--
-- Name: django_migrations id; Type: DEFAULT; Schema: public; Owner: postgres
--

ALTER TABLE ONLY public.django_migrations ALTER COLUMN id SET DEFAULT nextval('public.django_migrations_id_seq'::regclass);


--
-- Name: doctor_doctor id; Type: DEFAULT; Schema: public; Owner: postgres
--

ALTER TABLE ONLY public.doctor_doctor ALTER COLUMN id SET DEFAULT nextval('public.doctor_doctor_id_seq'::regclass);


--
-- Name: doctor_doctor_doctorNotifs id; Type: DEFAULT; Schema: public; Owner: postgres
--

ALTER TABLE ONLY public."doctor_doctor_doctorNotifs" ALTER COLUMN id SET DEFAULT nextval('public."doctor_doctor_doctorNotifs_id_seq"'::regclass);


--
-- Name: doctor_doctor_finished_scheds id; Type: DEFAULT; Schema: public; Owner: postgres
--

ALTER TABLE ONLY public.doctor_doctor_finished_scheds ALTER COLUMN id SET DEFAULT nextval('public.doctor_doctor_finished_scheds_id_seq'::regclass);


--
-- Name: doctor_doctor_new_notifs id; Type: DEFAULT; Schema: public; Owner: postgres
--

ALTER TABLE ONLY public.doctor_doctor_new_notifs ALTER COLUMN id SET DEFAULT nextval('public.doctor_doctor_new_notifs_id_seq'::regclass);


--
-- Name: doctor_doctor_pending_scheds id; Type: DEFAULT; Schema: public; Owner: postgres
--

ALTER TABLE ONLY public.doctor_doctor_pending_scheds ALTER COLUMN id SET DEFAULT nextval('public.doctor_doctor_pending_scheds_id_seq'::regclass);


--
-- Name: doctor_doctor_rejected_scheds id; Type: DEFAULT; Schema: public; Owner: postgres
--

ALTER TABLE ONLY public.doctor_doctor_rejected_scheds ALTER COLUMN id SET DEFAULT nextval('public.doctor_doctor_rejected_scheds_id_seq'::regclass);


--
-- Name: doctor_doctor_schedules id; Type: DEFAULT; Schema: public; Owner: postgres
--

ALTER TABLE ONLY public.doctor_doctor_schedules ALTER COLUMN id SET DEFAULT nextval('public.doctor_doctor_schedules_id_seq'::regclass);


--
-- Name: doctor_doctornotification id; Type: DEFAULT; Schema: public; Owner: postgres
--

ALTER TABLE ONLY public.doctor_doctornotification ALTER COLUMN id SET DEFAULT nextval('public.doctor_doctornotification_id_seq'::regclass);


--
-- Name: doctor_doctorschedule id; Type: DEFAULT; Schema: public; Owner: postgres
--

ALTER TABLE ONLY public.doctor_doctorschedule ALTER COLUMN id SET DEFAULT nextval('public.doctor_doctorschedule_id_seq'::regclass);


--
-- Name: doctor_doctorschedule_doc_remark id; Type: DEFAULT; Schema: public; Owner: postgres
--

ALTER TABLE ONLY public.doctor_doctorschedule_doc_remark ALTER COLUMN id SET DEFAULT nextval('public.doctor_doctorschedule_doc_remark_id_seq'::regclass);


--
-- Name: doctor_doctorschedule_users_viewed id; Type: DEFAULT; Schema: public; Owner: postgres
--

ALTER TABLE ONLY public.doctor_doctorschedule_users_viewed ALTER COLUMN id SET DEFAULT nextval('public.doctor_doctorschedule_doc_views_details_id_seq'::regclass);


--
-- Name: doctor_doctorstats id; Type: DEFAULT; Schema: public; Owner: postgres
--

ALTER TABLE ONLY public.doctor_doctorstats ALTER COLUMN id SET DEFAULT nextval('public.doctor_doctorstats_id_seq'::regclass);


--
-- Name: doctor_doctorstats_monthly_stats id; Type: DEFAULT; Schema: public; Owner: postgres
--

ALTER TABLE ONLY public.doctor_doctorstats_monthly_stats ALTER COLUMN id SET DEFAULT nextval('public.doctor_doctorstats_monthly_stats_id_seq'::regclass);


--
-- Name: doctor_medicine id; Type: DEFAULT; Schema: public; Owner: postgres
--

ALTER TABLE ONLY public.doctor_medicine ALTER COLUMN id SET DEFAULT nextval('public.doctor_medicine_id_seq'::regclass);


--
-- Name: doctor_monthlystatistics id; Type: DEFAULT; Schema: public; Owner: postgres
--

ALTER TABLE ONLY public.doctor_monthlystatistics ALTER COLUMN id SET DEFAULT nextval('public.doctor_monthlystatistics_id_seq'::regclass);


--
-- Name: doctor_remark id; Type: DEFAULT; Schema: public; Owner: postgres
--

ALTER TABLE ONLY public.doctor_remark ALTER COLUMN id SET DEFAULT nextval('public.doctor_note_id_seq'::regclass);


--
-- Name: doctor_usersviewed id; Type: DEFAULT; Schema: public; Owner: postgres
--

ALTER TABLE ONLY public.doctor_usersviewed ALTER COLUMN id SET DEFAULT nextval('public.doctor_usersviewed_id_seq'::regclass);


--
-- Name: patient_icrform id; Type: DEFAULT; Schema: public; Owner: postgres
--

ALTER TABLE ONLY public.patient_icrform ALTER COLUMN id SET DEFAULT nextval('public.patient_icrform_id_seq'::regclass);


--
-- Name: patient_icrform_docs_viewed id; Type: DEFAULT; Schema: public; Owner: postgres
--

ALTER TABLE ONLY public.patient_icrform_docs_viewed ALTER COLUMN id SET DEFAULT nextval('public.patient_icrform_docs_viewed_id_seq'::regclass);


--
-- Name: patient_icrform_doctor_remarks id; Type: DEFAULT; Schema: public; Owner: postgres
--

ALTER TABLE ONLY public.patient_icrform_doctor_remarks ALTER COLUMN id SET DEFAULT nextval('public.patient_icrform_doc_remarks_id_seq'::regclass);


--
-- Name: patient_medhistform id; Type: DEFAULT; Schema: public; Owner: postgres
--

ALTER TABLE ONLY public.patient_medhistform ALTER COLUMN id SET DEFAULT nextval('public.patient_medhistform_id_seq'::regclass);


--
-- Name: patient_medhistform_docs_viewed id; Type: DEFAULT; Schema: public; Owner: postgres
--

ALTER TABLE ONLY public.patient_medhistform_docs_viewed ALTER COLUMN id SET DEFAULT nextval('public.patient_medhistform_docs_viewed_id_seq'::regclass);


--
-- Name: patient_medhistform_doctor_remarks id; Type: DEFAULT; Schema: public; Owner: postgres
--

ALTER TABLE ONLY public.patient_medhistform_doctor_remarks ALTER COLUMN id SET DEFAULT nextval('public.patient_medhistform_doc_remarks_id_seq'::regclass);


--
-- Name: patient_medication id; Type: DEFAULT; Schema: public; Owner: postgres
--

ALTER TABLE ONLY public.patient_medication ALTER COLUMN id SET DEFAULT nextval('public.patient_medication_id_seq'::regclass);


--
-- Name: patient_patient_approved_schedules id; Type: DEFAULT; Schema: public; Owner: postgres
--

ALTER TABLE ONLY public.patient_patient_approved_schedules ALTER COLUMN id SET DEFAULT nextval('public."patient_patient_approvedScheds_id_seq"'::regclass);


--
-- Name: patient_patient_finished_schedules id; Type: DEFAULT; Schema: public; Owner: postgres
--

ALTER TABLE ONLY public.patient_patient_finished_schedules ALTER COLUMN id SET DEFAULT nextval('public."patient_patient_finishedScheds_id_seq"'::regclass);


--
-- Name: patient_patient_location_details id; Type: DEFAULT; Schema: public; Owner: postgres
--

ALTER TABLE ONLY public.patient_patient_location_details ALTER COLUMN id SET DEFAULT nextval('public.patient_patient_location_details_id_seq'::regclass);


--
-- Name: patient_patient_medical_history id; Type: DEFAULT; Schema: public; Owner: postgres
--

ALTER TABLE ONLY public.patient_patient_medical_history ALTER COLUMN id SET DEFAULT nextval('public.patient_patient_medical_history_id_seq'::regclass);


--
-- Name: patient_patient_meds id; Type: DEFAULT; Schema: public; Owner: postgres
--

ALTER TABLE ONLY public.patient_patient_meds ALTER COLUMN id SET DEFAULT nextval('public.patient_patient_meds_id_seq'::regclass);


--
-- Name: patient_patient_my_doctors id; Type: DEFAULT; Schema: public; Owner: postgres
--

ALTER TABLE ONLY public.patient_patient_my_doctors ALTER COLUMN id SET DEFAULT nextval('public."patient_patient_myDoctors_id_seq"'::regclass);


--
-- Name: patient_patient_patient_new_notifications id; Type: DEFAULT; Schema: public; Owner: postgres
--

ALTER TABLE ONLY public.patient_patient_patient_new_notifications ALTER COLUMN id SET DEFAULT nextval('public.patient_patient_new_patient_notifications_id_seq'::regclass);


--
-- Name: patient_patient_patient_notifications id; Type: DEFAULT; Schema: public; Owner: postgres
--

ALTER TABLE ONLY public.patient_patient_patient_notifications ALTER COLUMN id SET DEFAULT nextval('public."patient_patient_patientNotif_id_seq"'::regclass);


--
-- Name: patient_patient_pending_schedules id; Type: DEFAULT; Schema: public; Owner: postgres
--

ALTER TABLE ONLY public.patient_patient_pending_schedules ALTER COLUMN id SET DEFAULT nextval('public."patient_patient_pendingScheds_id_seq"'::regclass);


--
-- Name: patient_patient_personal_records id; Type: DEFAULT; Schema: public; Owner: postgres
--

ALTER TABLE ONLY public.patient_patient_personal_records ALTER COLUMN id SET DEFAULT nextval('public."patient_patient_personalRecord_id_seq"'::regclass);


--
-- Name: patient_patient_rejected_schedules id; Type: DEFAULT; Schema: public; Owner: postgres
--

ALTER TABLE ONLY public.patient_patient_rejected_schedules ALTER COLUMN id SET DEFAULT nextval('public."patient_patient_rejectedScheds_id_seq"'::regclass);


--
-- Name: patient_patientlocationdetails id; Type: DEFAULT; Schema: public; Owner: postgres
--

ALTER TABLE ONLY public.patient_patientlocationdetails ALTER COLUMN id SET DEFAULT nextval('public.patient_patientlocationdetails_id_seq'::regclass);


--
-- Name: patient_patientnotification id; Type: DEFAULT; Schema: public; Owner: postgres
--

ALTER TABLE ONLY public.patient_patientnotification ALTER COLUMN id SET DEFAULT nextval('public.patient_patientnotification_id_seq'::regclass);


--
-- Name: patient_patientsmonthlystatistics id; Type: DEFAULT; Schema: public; Owner: postgres
--

ALTER TABLE ONLY public.patient_patientsmonthlystatistics ALTER COLUMN id SET DEFAULT nextval('public.patient_patientsmonthlystatistics_id_seq'::regclass);


--
-- Name: patient_personalrecord id; Type: DEFAULT; Schema: public; Owner: postgres
--

ALTER TABLE ONLY public.patient_personalrecord ALTER COLUMN id SET DEFAULT nextval('public.patient_personalrecord_id_seq'::regclass);


--
-- Name: patient_personalrecord_comment id; Type: DEFAULT; Schema: public; Owner: postgres
--

ALTER TABLE ONLY public.patient_personalrecord_comment ALTER COLUMN id SET DEFAULT nextval('public.patient_personalrecord_comment_id_seq'::regclass);


--
-- Name: patient_personalrecord_docs_viewed id; Type: DEFAULT; Schema: public; Owner: postgres
--

ALTER TABLE ONLY public.patient_personalrecord_docs_viewed ALTER COLUMN id SET DEFAULT nextval('public.patient_personalrecord_docs_viewed_id_seq'::regclass);


--
-- Name: patient_profileform id; Type: DEFAULT; Schema: public; Owner: postgres
--

ALTER TABLE ONLY public.patient_profileform ALTER COLUMN id SET DEFAULT nextval('public.patient_profileform_id_seq'::regclass);


--
-- Name: patient_profileform_docs_viewed id; Type: DEFAULT; Schema: public; Owner: postgres
--

ALTER TABLE ONLY public.patient_profileform_docs_viewed ALTER COLUMN id SET DEFAULT nextval('public.patient_profileform_docs_viewed_id_seq'::regclass);


--
-- Name: patient_profileform_doctor_remarks id; Type: DEFAULT; Schema: public; Owner: postgres
--

ALTER TABLE ONLY public.patient_profileform_doctor_remarks ALTER COLUMN id SET DEFAULT nextval('public.patient_profileform_doc_remarks_id_seq'::regclass);


--
-- Name: portal_adminnotification id; Type: DEFAULT; Schema: public; Owner: postgres
--

ALTER TABLE ONLY public.portal_adminnotification ALTER COLUMN id SET DEFAULT nextval('public.portal_adminnotification_id_seq'::regclass);


--
-- Data for Name: auth_group; Type: TABLE DATA; Schema: public; Owner: postgres
--

COPY public.auth_group (id, name) FROM stdin;
\.


--
-- Data for Name: auth_group_permissions; Type: TABLE DATA; Schema: public; Owner: postgres
--

COPY public.auth_group_permissions (id, group_id, permission_id) FROM stdin;
\.


--
-- Data for Name: auth_permission; Type: TABLE DATA; Schema: public; Owner: postgres
--

COPY public.auth_permission (id, name, content_type_id, codename) FROM stdin;
1	Can add log entry	1	add_logentry
2	Can change log entry	1	change_logentry
3	Can delete log entry	1	delete_logentry
4	Can view log entry	1	view_logentry
5	Can add permission	2	add_permission
6	Can change permission	2	change_permission
7	Can delete permission	2	delete_permission
8	Can view permission	2	view_permission
9	Can add group	3	add_group
10	Can change group	3	change_group
11	Can delete group	3	delete_group
12	Can view group	3	view_group
13	Can add user	4	add_user
14	Can change user	4	change_user
15	Can delete user	4	delete_user
16	Can view user	4	view_user
17	Can add content type	5	add_contenttype
18	Can change content type	5	change_contenttype
19	Can delete content type	5	delete_contenttype
20	Can view content type	5	view_contenttype
21	Can add session	6	add_session
22	Can change session	6	change_session
23	Can delete session	6	delete_session
24	Can view session	6	view_session
25	Can add admin notification	7	add_adminnotification
26	Can change admin notification	7	change_adminnotification
27	Can delete admin notification	7	delete_adminnotification
28	Can view admin notification	7	view_adminnotification
29	Can add doctor schedule	8	add_doctorschedule
30	Can change doctor schedule	8	change_doctorschedule
31	Can delete doctor schedule	8	delete_doctorschedule
32	Can view doctor schedule	8	view_doctorschedule
33	Can add doctor	9	add_doctor
34	Can change doctor	9	change_doctor
35	Can delete doctor	9	delete_doctor
36	Can view doctor	9	view_doctor
37	Can add note	10	add_note
38	Can change note	10	change_note
39	Can delete note	10	delete_note
40	Can view note	10	view_note
41	Can add doctor notification	11	add_doctornotification
42	Can change doctor notification	11	change_doctornotification
43	Can delete doctor notification	11	delete_doctornotification
44	Can view doctor notification	11	view_doctornotification
45	Can add doctor stats	12	add_doctorstats
46	Can change doctor stats	12	change_doctorstats
47	Can delete doctor stats	12	delete_doctorstats
48	Can view doctor stats	12	view_doctorstats
49	Can add patient notification	13	add_patientnotification
50	Can change patient notification	13	change_patientnotification
51	Can delete patient notification	13	delete_patientnotification
52	Can view patient notification	13	view_patientnotification
53	Can add med hist form	14	add_medhistform
54	Can change med hist form	14	change_medhistform
55	Can delete med hist form	14	delete_medhistform
56	Can view med hist form	14	view_medhistform
57	Can add profile form	15	add_profileform
58	Can change profile form	15	change_profileform
59	Can delete profile form	15	delete_profileform
60	Can view profile form	15	view_profileform
61	Can add icr form	16	add_icrform
62	Can change icr form	16	change_icrform
63	Can delete icr form	16	delete_icrform
64	Can view icr form	16	view_icrform
65	Can add pending doctor	17	add_pendingdoctor
66	Can change pending doctor	17	change_pendingdoctor
67	Can delete pending doctor	17	delete_pendingdoctor
68	Can view pending doctor	17	view_pendingdoctor
69	Can add comment	18	add_comment
70	Can change comment	18	change_comment
71	Can delete comment	18	delete_comment
72	Can view comment	18	view_comment
73	Can add patient	19	add_patient
74	Can change patient	19	change_patient
75	Can delete patient	19	delete_patient
76	Can view patient	19	view_patient
77	Can add personal record	20	add_personalrecord
78	Can change personal record	20	change_personalrecord
79	Can delete personal record	20	delete_personalrecord
80	Can view personal record	20	view_personalrecord
81	Can add patient location details	21	add_patientlocationdetails
82	Can change patient location details	21	change_patientlocationdetails
83	Can delete patient location details	21	delete_patientlocationdetails
84	Can view patient location details	21	view_patientlocationdetails
85	Can add cebu map	22	add_cebumap
86	Can change cebu map	22	change_cebumap
87	Can delete cebu map	22	delete_cebumap
88	Can view cebu map	22	view_cebumap
89	Can add incidence	23	add_incidence
90	Can change incidence	23	change_incidence
91	Can delete incidence	23	delete_incidence
92	Can view incidence	23	view_incidence
93	Can add cebu brgys	22	add_cebubrgys
94	Can change cebu brgys	22	change_cebubrgys
95	Can delete cebu brgys	22	delete_cebubrgys
96	Can view cebu brgys	22	view_cebubrgys
97	Can add cebu map	24	add_cebumap
98	Can change cebu map	24	change_cebumap
99	Can delete cebu map	24	delete_cebumap
100	Can view cebu map	24	view_cebumap
101	Can add remark	10	add_remark
102	Can change remark	10	change_remark
103	Can delete remark	10	delete_remark
104	Can view remark	10	view_remark
105	Can add users viewed	25	add_usersviewed
106	Can change users viewed	25	change_usersviewed
107	Can delete users viewed	25	delete_usersviewed
108	Can view users viewed	25	view_usersviewed
109	Can add cebu barangays	26	add_cebubarangays
110	Can change cebu barangays	26	change_cebubarangays
111	Can delete cebu barangays	26	delete_cebubarangays
112	Can view cebu barangays	26	view_cebubarangays
113	Can add medication	27	add_medication
114	Can change medication	27	change_medication
115	Can delete medication	27	delete_medication
116	Can view medication	27	view_medication
117	Can add medicine	28	add_medicine
118	Can change medicine	28	change_medicine
119	Can delete medicine	28	delete_medicine
120	Can view medicine	28	view_medicine
121	Can add monthly statistics	29	add_monthlystatistics
122	Can change monthly statistics	29	change_monthlystatistics
123	Can delete monthly statistics	29	delete_monthlystatistics
124	Can view monthly statistics	29	view_monthlystatistics
125	Can add monthly statistics	30	add_monthlystatistics
126	Can change monthly statistics	30	change_monthlystatistics
127	Can delete monthly statistics	30	delete_monthlystatistics
128	Can view monthly statistics	30	view_monthlystatistics
129	Can add patients monthly statistics	31	add_patientsmonthlystatistics
130	Can change patients monthly statistics	31	change_patientsmonthlystatistics
131	Can delete patients monthly statistics	31	delete_patientsmonthlystatistics
132	Can view patients monthly statistics	31	view_patientsmonthlystatistics
\.


--
-- Data for Name: auth_user; Type: TABLE DATA; Schema: public; Owner: postgres
--

COPY public.auth_user (id, password, last_login, is_superuser, username, first_name, last_name, email, is_staff, is_active, date_joined) FROM stdin;
2	pbkdf2_sha256$150000$kY9o2HJdI6ba$GdP12UAn3qI7E0rP+VGSs8pBBoC70Haso04TR1pqe+Y=	\N	t	exit			exit@gmail.com	t	t	2019-11-04 15:45:25.38838+08
1	pbkdf2_sha256$150000$jLE2IBc4Wzsi$mFw2T/5aPTN0d2kWwuBq5fQ+aed2uhy0kEqrWh/r5eI=	2020-01-23 14:18:55.601326+08	t	denden			dendenvelcu@gmail.com	t	t	2019-11-04 08:20:24.861421+08
\.


--
-- Data for Name: auth_user_groups; Type: TABLE DATA; Schema: public; Owner: postgres
--

COPY public.auth_user_groups (id, user_id, group_id) FROM stdin;
\.


--
-- Data for Name: auth_user_user_permissions; Type: TABLE DATA; Schema: public; Owner: postgres
--

COPY public.auth_user_user_permissions (id, user_id, permission_id) FROM stdin;
\.


--
-- Data for Name: cebuMap_cebubarangays; Type: TABLE DATA; Schema: public; Owner: postgres
--

COPY public."cebuMap_cebubarangays" (id, objectid, iso, name_0, name_1, varname_1, nl_name_1, hasc_1, fips_1, cc_1, type_1, engtype_1, validfr_1, validto_1, remarks_1, name_2, varname_2, nl_name_2, hasc_2, fips_2, cc_2, type_2, engtype_2, validfr_2, validto_2, remarks_2, name_3, varname_3, nl_name_3, hasc_3, type_3, engtype_3, validfr_3, validto_3, remarks_3, name_4, varname_4, type_4, engtype_4, validfr_4, validto_4, remarks_4, name_5, type_5, engtype_5, validfr_5, validto_5, shape_leng, shape_area, bngy, psgc_bgy, geom) FROM stdin;
11	68443	PHL	Pilipinas	Cebu			PH.CB	RP21		Lalawigan|Probinsya	Province	Unknown	Present		Cebu City			PH.CB.CB			Lungsod|Siyudad	City	Unknown	Present		Adlaon	adlaon			Barangay	Village	Unknown	Present														0.103584839564	0.00062178357372099995	Adlaon	072217001	0106000020E61000000100000001030000000100000027000000966626BFD0F85E405A66EFA975E72440DEF72500C7F85E4053E16732F8E62440426F73DFBBF85E40BE58E16CC2E62440C4E99B7CBEF85E40EC524F8151E624403D66B95BBCF85E40735C411510E62440EFDF68E0C0F85E4030A35DA5BAE52440B04C745DCFF85E40944E219087E5244084537E1BD4F85E4051BB06F116E524404CC153E2CAF85E40C332802BE1E4244020ABD080C0F85E40DB034AB17DE4244040BA8EA0C6F85E400D14165102E424404C8A0BBDCFF85E409EFC524A7BE32440D8EE6B7CC7F85E40B22546EB2DE3244046A6BB04B7F85E4009C97B3CE3E22440C2002EA4B1F85E405D3F041F71E22440B8A39EDBA7F85E405129F5A53BE22440471F91C292F85E40D9BB918FDAE12440945AC67C83F85E4074C2BAAD60E1244013EC804179F85E40C5E60CBBDEE024409D47277D71F85E4016EA48D381E024409B52D6426CF85E40EAE0C9E12DE02440EBE1E04167F85E401A7079C5E9DF2440B03A192366F85E4027996C669CDF244033A16E2459F85E4074864AF349DF2440116A741F49F85E405B0A30254BDF2440FE393F5C3DF85E4071685ECE3CDF2440E514B95E2CF85E40675C1667B0DE244067A6732322F85E406F6FFA8E2DDE2440B82CC49E1DF85E40A23DFB9E91DD2440011299241EF85E4016FC539F1BDD2440D5C3FC439DF65E401E4A6796C8DD24405F869AE35CF65E40425B0C9230E024403EF1DFDED9F65E40EC524F8151E62440000962C0C9F75E402CA1BD1E10E9244083B7A9A4CEF75E4043C2D313EBE82440E95374DDE9F75E40344BCD7B8BE82440836C0BC418F85E40ECAF244303E824401A54AC413EF85E40F46D59B3E2E72440966626BFD0F85E405A66EFA975E72440
10	68400	PHL	Pilipinas	Cebu			PH.CB	RP21		Lalawigan|Probinsya	Province	Unknown	Present		Cebu City			PH.CB.CB			Lungsod|Siyudad	City	Unknown	Present		Mabini	mabini			Barangay	Village	Unknown	Present														0.0635591231186	0.000221601412243	Mabini	072217045	0106000020E6100000010000000103000000010000000A0000000EFA5C1B3EFB5E40FE46E2347AEC2440341D84843EFB5E401AA345A961E824405CDF31A13EFB5E408CDF40023CE724402757F861F4F95E408C8AE05C5EE724403FAAB53C2BFA5E407942ECDA01EF2440CB7E44C43EFA5E4004023633C8EE2440DAC24C235AFA5E40A855315D14EE24404BE83F847FFA5E40FE47232061ED24402C47253DAFFA5E40989017CE07ED24400EFA5C1B3EFB5E40FE46E2347AEC2440
22	68926	PHL	Pilipinas	Cebu			PH.CB	RP21		Lalawigan|Probinsya	Province	Unknown	Present		Cebu City			PH.CB.CB			Lungsod|Siyudad	City	Unknown	Present		Pamutan	pamutan			Barangay	Village	Unknown	Present														0.10461578996199999	0.00070527931596599995	Pamutan	072217052	0106000020E6100000010000000103000000010000000E00000098A9DD7E87F65E402054922062AD2440BEFF5F24F8F55E405B9BF0F093A72440876094BDBAF45E402AFA9DD041A9244013ED3062BCF45E4004AB800415AA2440E8F663FEB9F45E40C310CAA4B3AA2440F3FD2840BEF45E40CCB33D413EAB2440D00E211EC0F45E40C77CC9C06DAB244060A7A024BAF45E40D45E8E89A0AB24400BC4C0E0B4F45E409EC15DC6C6AB2440FEE76062B3F45E4044003C5004AC244054A0DBE2B5F45E4085F093402AAC24403C55916141F45E406260CE1FE7B22440C81A7B21B7F55E403DF2168129B8244098A9DD7E87F65E402054922062AD2440
9	68386	PHL	Pilipinas	Cebu			PH.CB	RP21		Lalawigan|Probinsya	Province	Unknown	Present		Cebu City			PH.CB.CB			Lungsod|Siyudad	City	Unknown	Present		Tagbao	tagbao			Barangay	Village	Unknown	Present														0.13116621875199999	0.00082888227882300003	Tagbao	072217080	0106000020E6100000010000000103000000010000000F000000000962C0C9F75E402CA1BD1E10E924403EF1DFDED9F65E40E4524F8151E624405F869AE35CF65E40425B0C9230E024404778937FFFF55E40E615C23FB4DB2440FC74869CF3F45E4016F4A1A1A3E42440EDE0180104F55E40B6D542DA2BE5244045FE128427F55E404153C223BCE5244099DE333C49F55E40507519047EE62440DF1FCE406BF55E407E138BB23EE7244096CADD808EF55E4024A859DF00E82440C2A918BD9DF55E403DD5B73B68E824400AEDA703BBF55E40BA6381DA4EE9244056FFE64237F75E409F803FC67BF224409954D1C3BDF75E40FDAC867B2AEF2440000962C0C9F75E402CA1BD1E10E92440
8	68362	PHL	Pilipinas	Cebu			PH.CB	RP21		Lalawigan|Probinsya	Province	Unknown	Present		Cebu City			PH.CB.CB			Lungsod|Siyudad	City	Unknown	Present		Paril	paril			Barangay	Village	Unknown	Present														0.058054261370399998	0.000188297468543	Paril	072217055	0106000020E6100000010000000103000000010000001800000099198A8307FB5E404FE5968DF3F12440713467DD1BFB5E4080170920FAF124401EC512DC28FB5E4005E25A7550F22440FED2E1DB31FB5E40E4186E9B8BF224402516BF423AFB5E406B30E10E68F22440D14F6C1E44FB5E40BA3BABC022F2244076EDBB2447FB5E40BCDD2C8486F12440E26214C240FB5E40D64A858780F02440143A5FC438FB5E404E8E1CA14BEE24400EFA5C1B3EFB5E40FE46E2347AEC24402C47253DAFFA5E40989017CE07ED24404BE83F847FFA5E40FE47232061ED2440DAC24C235AFA5E40A855315D14EE2440CB7E44C43EFA5E4004023633C8EE24403FAAB53C2BFA5E407942ECDA01EF244044FB61A33CFA5E406F0BC1B86DF12440E4B5A81B64FA5E40FD7916A8F5F22440B9606A3B9CFA5E40485551F80CF424408C622A7ED7FA5E40B95293953BF524405EDFB4C0E9FA5E40899A58A0D0F3244003529F03EAFA5E407668967A1FF32440F913929CEAFA5E40458BD39FB6F22440B2C29404EFFA5E4002F8B80046F2244099198A8307FB5E404FE5968DF3F12440
7	68341	PHL	Pilipinas	Cebu			PH.CB	RP21		Lalawigan|Probinsya	Province	Unknown	Present		Cebu City			PH.CB.CB			Lungsod|Siyudad	City	Unknown	Present		Cambinocot	cambinocot			Barangay	Village	Unknown	Present														0.12724856533600001	0.000679036063218	Cambinocot	072217019	0106000020E610000001000000010300000001000000130000008C622A7ED7FA5E40B95293953BF52440B9606A3B9CFA5E40485551F80CF42440E4B5A81B64FA5E40FD7916A8F5F2244044FB61A33CFA5E406F0BC1B86DF124403FAAB53C2BFA5E407942ECDA01EF24402757F861F4F95E408C8AE05C5EE72440AE4AF6BCD2F95E407C00F69C81E72440966626BFD0F85E405A66EFA975E724401A54AC413EF85E40F46D59B3E2E72440836C0BC418F85E40ECAF244303E82440E95374DDE9F75E40344BCD7B8BE8244083B7A9A4CEF75E4043C2D313EBE82440000962C0C9F75E402CA1BD1E10E92440054A35C33FF95E4020DF91FF17F22440B77A254188FA5E40014C527B5CF82440E756379F9EFA5E402249890524F824402C47253DAFFA5E401EBC24E2CEF72440B112FA40C3FA5E40F604DB44A0F624408C622A7ED7FA5E40B95293953BF52440
5	65268	PHL	Pilipinas	Cebu			PH.CB	RP21		Lalawigan|Probinsya	Province	Unknown	Present		Cebu City			PH.CB.CB			Lungsod|Siyudad	City	Unknown	Present		Tisa	tisa			Barangay	Village	Unknown	Present														0.076563613477299994	0.00025913082006799999	Tisa	072217085	0106000020E6100000010000000103000000010000001900000026C8E0BF7AF85E40B8D452A09D992440F21E245F7EF85E40C11B32665D992440CD3ACB027BF85E40DB8E7DAF5D982440A942095D7DF85E405DDF4E09DC972440D338D6C07FF85E40D4DCF8350E9724408A8A49607AF85E4009F17EA307972440465B236357F85E40050F6BC81497244071A47EE126F85E40226D99710697244004CAA6410CF85E408C26DE3BF19624400B18173CE5F75E40AF7E199FDC962440A8335A20B8F75E40D5D46A9CF69624405BFD6EE190F75E40FFE5772762972440A527FADD6AF75E40AB4E8A3D39982440384D223E50F75E40C044250710992440081A12BD36F75E40DECF01A0139A24402ECAE17F22F75E40A8F6F9130A9B24401B5E9D3BFDF65E40F0B3483F149C2440A1DB8464E3F65E40844A50E4679C24401512A5A2CAF65E40A1871986BE9C2440A3203BDBBCF65E4060480524019D2440117F97FEADF65E40EB913ABD8E9D24400CE7BCBF1CF75E400D35A8A595A024401DCF7C806BF75E40F41F485BCE9C24405AB3817D2DF85E401CDF1E112A9D244026C8E0BF7AF85E40B8D452A09D992440
4	65250	PHL	Pilipinas	Cebu			PH.CB	RP21		Lalawigan|Probinsya	Province	Unknown	Present		Cebu City			PH.CB.CB			Lungsod|Siyudad	City	Unknown	Present		Hippodromo	hippodromo			Barangay	Village	Unknown	Present														0.029490770441599999	4.6265556052000002e-005	Hippodromo	072217031	0106000020E6100000010000000103000000010000000E000000BB0428DC25FA5E40F86EE59B9EA02440D07C4F8243FA5E40BD84E880829E2440BD1BBA0319FA5E40B1BB13A3169C2440F5BCF07C13FA5E4016B5EA84909C2440C7929A7FF9F95E4051D23F77889D244046D07FFFE4F95E407E7E3205679E244095B87D63DEF95E40A83A90D8349F244001F78DDBDCF95E4095031C58649F244053BAB721DAF95E40D4BA1562E89F24400F0A367FD9F95E40E0E449EE81A02440C15A7582D6F95E40944D0DF298A124403316CBC0E6F95E40A2C4629CB8A12440C3DFAA82FFF95E40B7BAFD658FA22440BB0428DC25FA5E40F86EE59B9EA02440
3	65237	PHL	Pilipinas	Cebu			PH.CB	RP21		Lalawigan|Probinsya	Province	Unknown	Present		Cebu City			PH.CB.CB			Lungsod|Siyudad	City	Unknown	Present		Capitol Site	capitol-site			Barangay	Village	Unknown	Present														0.039705926382699999	6.4081647796199995e-005	Capitol Site (Pob.)	072217020	0106000020E61000000100000001030000000100000019000000252E0B0098F95E400B5583630D9D2440F84ED0C388F95E40C2FB56A8E59C2440865D66FC7AF95E40A853CFD5BB9C24403972967E5EF95E4017A769A5729C24409B50DBC11AF95E40538EF2109A9B24404B8A889D24F95E404EAD1F218E9C24407BA9C5822EF95E4040E89D027E9D24405CBABD6030F95E4036C224C5439E2440B647D31D30F95E40C10B5A5ED19E24400E3796C32DF95E404271E0C85A9F2440E54983E32AF95E408DF62A76ED9F24405CBABD6030F95E40E78F9A36E4A024400B2BB36135F95E40BB95DD0F95A12440EB3BAB3F37F95E40ACD05BF184A2244081D2350436F95E40298818311EA32440900A5B0159F95E40D82F7C739DA324407C17695B64F95E40C29D031AA9A324404C82154462F95E405BAC09E406A32440F3E950C167F95E40617F0CE234A22440448D2E5C72F95E409F4A938E20A1244050743DA06EF95E4063C5F9CECDA02440CE4430C476F95E40516451C263A024406F77185E7CF95E403766D94CB59F244037CB321F87F95E40609FE79FAC9E2440252E0B0098F95E400B5583630D9D2440
1	62308	PHL	Pilipinas	Cebu			PH.CB	RP21		Lalawigan|Probinsya	Province	Unknown	Present		Cebu City			PH.CB.CB			Lungsod|Siyudad	City	Unknown	Present		Inayawan	inayawan			Barangay	Village	Unknown	Present														0.049654735362100001	0.00013214965875300001	Inayawan	072217032	0106000020E61000000100000001030000000100000010000000F1490C422CF85E4089EB09FE41872440D90DF41C28F85E409C30FF5D30872440CD3D77001FF85E40CB3604EC0B8724408D42DA9C13F85E4076FB1268B18624407D46C4200AF85E40A00BDF0736862440210914A0DEF75E407DA522C52C86244046F89EE187F75E402023527B1286244060AD8CC467F75E409A03516E1E862440DEBF0C8150F75E40860EA87D6E862440DD771A9E3EF75E402C4D8607AC862440779B4DBC28F75E40281CB6BA2187244032125782DFF65E4063B01145798824403FFA16432EF75E40CC7A4B9E768B2440126CF2BF45F75E402DE070AE6A8C2440DC9D5B02F7F75E4025DEA57960882440F1490C422CF85E4089EB09FE41872440
13	68461	PHL	Pilipinas	Cebu			PH.CB	RP21		Lalawigan|Probinsya	Province	Unknown	Present		Cebu City			PH.CB.CB			Lungsod|Siyudad	City	Unknown	Present		Agsungot	agsungot			Barangay	Village	Unknown	Present														0.10213744737200001	0.00052605110073800001	Agsungot	072217002	0106000020E6100000010000000103000000010000000C0000002757F861F4F95E408C8AE05C5EE724405CDF31A13EFB5E408CDF40023CE72440D730EABC39FB5E408D0124D661DE24402547A21D04FB5E403169441312DE24402EA36DDB7BFA5E409D0D6C3DEEDE24405922E3219FF95E401A44E1125FD8244005E33D5F78F95E40309B379BA6E324403C7BCDE2B2F95E40288106C5F8E4244088491041C0F95E40AB61B6A544E524402ED987A3CFF95E402A7A6A0408E62440AE4AF6BCD2F95E407C00F69C81E724402757F861F4F95E408C8AE05C5EE72440
14	68480	PHL	Pilipinas	Cebu			PH.CB	RP21		Lalawigan|Probinsya	Province	Unknown	Present		Cebu City			PH.CB.CB			Lungsod|Siyudad	City	Unknown	Present		Tabunan	tabunan			Barangay	Village	Unknown	Present														0.133189915194	0.00090392564874199998	Tabunan	072217079	0106000020E610000001000000010300000001000000220000004778937FFFF55E40E615C23FB4DB244025F005E173F55E40D217196822D62440B95D20246BF55E4001FC77037CD5244082F0F56333F55E4082FC02A23FD2244038F7D061CEF45E40C1DE4675E4CC2440C2153480AFF45E403664D4CC2FD224404B36985E38F35E404B99EB700EDA2440C2D1379F40F35E40952C06107FDA244078F51C9D3FF35E40036DBCB7B8DA2440208594FF4EF35E40F69878CEA3DA24402CD774025EF35E40D61C5E00A5DA2440756E6F3B70F35E4093C4C14224DB2440ED88498485F35E40BD801F16F2DB24406110807B93F35E4061A1117B22DC24407615507B9CF35E40780A4821A4DC2440DBD48F3DA3F35E40C64539A5FEDC24405877F4BFAFF35E40BC06E87856DD2440953E72DCB8F35E40241EAB7FDDDD24400730DCA3C6F35E401D592961CDDE24404736921FE2F35E401AC5287D87DF244057835402FDF35E4084A0133AF4DF24402BC9961F14F45E407438CF6C99E02440E35424FE2CF45E40B812C9D1C9E0244076F39EFC42F45E404A28B4BA54E12440D8FDF97F54F45E40C2FDAB31BBE124408F5BF9BC71F45E403F739DE133E224407BC980637DF45E40C3A06EE005E2244062239FC08EF45E404BAA116204E22440D1C0334392F45E40C669AB4D75E224405CC94B64BDF45E40ABF1FB3A2BE3244065D60B9EDDF45E405ACDA92DADE32440B7D86D43EDF45E40E416DFC63AE42440FC74869CF3F45E4016F4A1A1A3E424404778937FFFF55E40E615C23FB4DB2440
62	69152	PHL	Pilipinas	Cebu			PH.CB	RP21		Lalawigan|Probinsya	Province	Unknown	Present		Cebu City			PH.CB.CB			Lungsod|Siyudad	City	Unknown	Present		San Antonio	san-antonio			Barangay	Village	Unknown	Present														0.017954453850299999	1.9358415032999999e-005	San Antonio (Pob.)	072217066	0106000020E6100000010000000103000000010000000600000095B87D63DEF95E400708CF0724982440B970C07F8CF95E40C8AB77FB43972440BB3188207AF95E40A673AA9333992440AC6188E4C5F95E40F2C4AA90C399244006EC74C3CCF95E40F8CC382ADB99244095B87D63DEF95E400708CF0724982440
20	68613	PHL	Pilipinas	Cebu			PH.CB	RP21		Lalawigan|Probinsya	Province	Unknown	Present		Cebu City			PH.CB.CB			Lungsod|Siyudad	City	Unknown	Present		Pulangbato	pulangbato			Barangay	Village	Unknown	Present														0.10797834986099999	0.00054237139857199999	Pulangbato	072217059	0106000020E61000000100000001030000000100000015000000788647E02AFB5E40E1EC728EBECF2440DB1C17212AFB5E40E9FE15CB54CE2440F69A3FFEB9FA5E4084FD18DFC6CB2440371D8AC394FA5E40B561BA591BC724404F88103C7EF95E4054E5FB86CEC224406AD5D85DEFF85E40FEA8F4C5ECC824400489F041FDF85E40C55B5F8411C92440746FAB4310F95E40C55B5F8411C924408253FBFB28F95E406DE11CD40EC92440C97708E13BF95E40913F4B7D00C924404D0FBE9D4DF95E40B07437737FC92440C0AA5DDE55F95E409AE3FF0472CA24402876800255F95E4077D3E4522DCB24404E6393E257F95E40919D1218D9CB24409F06717D62F95E40B2BCEF9422CC2440448D2E5C72F95E409D2A773B2ECC2440EEF140FB7EF95E40B2BCEF9422CC2440C46CD6FB95F95E40ABF0394525CC2440DD78E2DEA1FA5E408676839D17D32440FF348FC42FFB5E40CE671C7924D42440788647E02AFB5E40E1EC728EBECF2440
19	68602	PHL	Pilipinas	Cebu			PH.CB	RP21		Lalawigan|Probinsya	Province	Unknown	Present		Cebu City			PH.CB.CB			Lungsod|Siyudad	City	Unknown	Present		Pung-Ol-Sibugay	pung-ol-sibugay			Barangay	Village	Unknown	Present														0.15513794476199999	0.00115780626252	Pung-ol-Sibugay	072217060	0106000020E61000000100000001030000000100000019000000F6D8323C14F75E40127CBAE276D12440EB22974176F75E405CCC3096E3CE24408A464D7F0BF75E407F9F9AA22ACB24405BEAD2BB40F65E40E31EC6DA6CC32440BF67943DD5F35E409C52B5E45DC124406D7C41A00DF45E409FBD9EC390C824403BF7D061CEF45E40C1DE4675E4CC244082F0F56333F55E4082FC02A23FD22440B95D20246BF55E4009FC77037CD5244007C56B1EB1F55E40BEFE96C0E2D32440A422B97BB9F55E40AD69A40376D324406F76D33CC4F55E405EA5082A3BD3244041C8F8BBD3F55E407F6802BEF9D22440292DC6DEDFF55E406D15DB90ADD22440BE8C087EE3F55E4055E0EE9A2ED22440A0E5F23EF7F55E405974A06CB4D1244029BDAAA403F65E40490B6AC632D124407E4106DE03F65E403A94632ED3D0244087674D8112F65E4025579A8C7CD02440BF4D4DFF25F65E40A17E784548D024407CD1EAA327F65E40B85DC3AA02D0244093D6BAA330F65E40EBD61403C9CF24409EF1528144F65E40AAE6BC12A3CF2440624762844AF65E404C64ECC888CF2440F6D8323C14F75E40127CBAE276D12440
18	68574	PHL	Pilipinas	Cebu			PH.CB	RP21		Lalawigan|Probinsya	Province	Unknown	Present		Cebu City			PH.CB.CB			Lungsod|Siyudad	City	Unknown	Present		Sirao	sirao			Barangay	Village	Unknown	Present														0.11933459864	0.00088019536114699996	Sirao	072217074	0106000020E6100000010000000103000000010000001F000000C46CD6FB95F95E40ABF0394525CC2440EEF140FB7EF95E40B2BCEF9422CC2440448D2E5C72F95E409D2A773B2ECC24409F06717D62F95E40B2BCEF9422CC24404E6393E257F95E40919D1218D9CB24402876800255F95E4077D3E4522DCB2440C0AA5DDE55F95E409AE3FF0472CA24404D0FBE9D4DF95E40B07437737FC92440C97708E13BF95E40913F4B7D00C924408253FBFB28F95E406DE11CD40EC92440746FAB4310F95E40C55B5F8411C924400489F041FDF85E40C55B5F8411C924406AD5D85DEFF85E40FEA8F4C5ECC82440EB22974176F75E405CCC3096E3CE2440F6D8323C14F75E40127CBAE276D1244059C3D7C11DF75E405A17631BFFD1244043CFB17F2BF75E4077FF7C05B8D22440001F30DD2AF75E409BB34C3F6ED32440F31442BD2DF75E40AEB7B7FA22D42440441ACD4036F75E4097D86C9568D42440F55C34A03FF75E4036174B1FA6D42440FE7AF55B4CF75E4011980681D9D42440E8BD173F55F75E40356D3BC22AD52440CB022F6459F75E405BA227B8A9D52440D1003A225EF75E40CF61C1A31AD62440F1D8AF1C69F75E4033691965B2D62440DF9E895F9EF85E4085BB5A4D29D824405922E3219FF95E401A44E1125FD82440A11B8B43AFF95E40F85CDD652DD12440FCA8A000AFF95E4013C2A7CF0FD02440C46CD6FB95F95E40ABF0394525CC2440
17	68562	PHL	Pilipinas	Cebu			PH.CB	RP21		Lalawigan|Probinsya	Province	Unknown	Present		Cebu City			PH.CB.CB			Lungsod|Siyudad	City	Unknown	Present		Sudlon II	sudlon-II			Barangay	Village	Unknown	Present														0.131879165386	0.000937333011527	Sudlon II	072217088	0106000020E6100000010000000103000000010000000F0000003BF7D061CEF45E40C1DE4675E4CC24406D7C41A00DF45E409FBD9EC390C82440ACE4B35C95F15E403922DE8EAFCA24400BC17AFF54F25E40C5DC57DC79D0244057C40A020CF35E406603D0C413D624408A640DDF08F35E40A2BCB33469D6244008EAE44106F35E4097BF2D98E1D624402BA0AFFC0DF35E40A5E1D38A63D7244034C91F7E15F35E4085BB5A4D29D82440B743481B18F35E40DB7FF62664D82440EC37203D1FF35E40D6BF883EF3D824405E298A042DF35E40A107E6B984D924404B36985E38F35E405299EB700EDA2440C2153480AFF45E403664D4CC2FD224403BF7D061CEF45E40C1DE4675E4CC2440
36	68894	PHL	Pilipinas	Cebu			PH.CB	RP21		Lalawigan|Probinsya	Province	Unknown	Present		Cebu City			PH.CB.CB			Lungsod|Siyudad	City	Unknown	Present		Sapangdaku	sapangdaku			Barangay	Village	Unknown	Present														0.101781058521	0.00057599330031799997	Sapangdaku	072217077	0106000020E61000000100000001030000000100000012000000BDC74ADB52F75E40A960CDB5B5A824408B8067BE29F75E405ADEFC6B9BA82440D7311DFD27F75E40855E82F54EA92440101222831FF75E4027DDF2961BAA244016C83A5E12F75E40D9F7A2A385AA24402665627D01F75E403B07D810F5AA2440D3981461EFF65E40C6A5BC6120AB24402A099DFEDFF65E40624FA82EF1AA244033EA1A9DD5F65E405C7B6445DCAA2440A5682DBECEF65E40969F06E604AB24407D3CE27EB9F65E409990DC8BFCAB2440223C751BA5F65E40007CE37B98AC244098A9DD7E87F65E402054922062AD2440C81A7B21B7F55E403DF2168129B8244002B10F24A0F65E4090F7CEBB16BC2440AF506A5F72F75E4028930EFB69B424400F04C7BF80F75E4022E1ADE57AAB2440BDC74ADB52F75E40A960CDB5B5A82440
35	68888	PHL	Pilipinas	Cebu			PH.CB	RP21		Lalawigan|Probinsya	Province	Unknown	Present		Cebu City			PH.CB.CB			Lungsod|Siyudad	City	Unknown	Present		Kalunasan	kalunasan			Barangay	Village	Unknown	Present														0.12938511233399999	0.00080724549859299995	Kalunasan	072217034	0106000020E6100000010000000103000000010000000A0000008AC4E07FEDF85E40A8B32545E5AD2440541B241FF1F85E40B81344082CAB2440BDC74ADB52F75E40A960CDB5B5A824400F04C7BF80F75E4022E1ADE57AAB2440AF506A5F72F75E4028930EFB69B4244002B10F24A0F65E4090F7CEBB16BC244083B7A9A4CEF75E401CC361FC53BD24405FBAC39F86F85E409CC9477021B82440FC42F3A0E6F85E4055DA05BD82B124408AC4E07FEDF85E40A8B32545E5AD2440
34	68860	PHL	Pilipinas	Cebu			PH.CB	RP21		Lalawigan|Probinsya	Province	Unknown	Present		Cebu City			PH.CB.CB			Lungsod|Siyudad	City	Unknown	Present		Talamban	talamban			Barangay	Village	Unknown	Present														0.090742456759900003	0.00043565542828300001	Talamban	072217081	0106000020E6100000010000000103000000010000000C0000002F5C3F03FCFA5E4017EEDC2758BC2440173AE2E3E3FA5E40E44A26E114B72440F7FFBE00DBFA5E407B8F5F405CB52440D62A72E4C8FA5E4052BC199875B124407911EB439DF95E40D6D2DE5DCEB524404C2CC89DB1F95E40335E169DE3B82440A15D95BCE4F95E404B79D1BCB4BA2440808848A0D2F95E40CA01408691BD2440A369F5FE31FA5E40A66FC72C9DBD2440B309C3DC6EFA5E40F8522887C8C024405885616418FB5E40CAB5F7C3EEC024402F5C3F03FCFA5E4017EEDC2758BC2440
33	68857	PHL	Pilipinas	Cebu			PH.CB	RP21		Lalawigan|Probinsya	Province	Unknown	Present		Cebu City			PH.CB.CB			Lungsod|Siyudad	City	Unknown	Present		Sinsin	sinsin			Barangay	Village	Unknown	Present														0.130011456356	0.00096527908597700003	Sinsin	072217073	0106000020E6100000010000000103000000010000001D0000003C55916141F45E406260CE1FE7B2244056107A3C3DF45E40ED536228B0B22440C4651CDC2EF45E4054E9C78787B2244040CE661F1DF45E4024758A6560B224404D8D397E0FF45E40F9A5486A15B2244061815FC001F45E40187712F0B1B124409B0B9ABFF3F35E40AC288C569AB124408008BF01E6F35E409C6AA6F87AB124401E35ACA3CFF35E400ACCC1A74FB124409869D79FBBF35E40B9517FF74CB12440BB19A762A7F35E40925E5E91EEB024405585CC63A3F35E40265E3A0144B124403F4CDD1C98F35E40FAEC764295B124406C03722188F35E40A315F740DDB1244091AA876074F35E40EC7C55C962B22440BB83C7A467F35E40394140B55DB22440C6429A035AF35E403C2BE22968B22440A48AE31F6FF15E40E4F4845050B6244040F608216BF15E4025985393ECB8244033C4DE1B64F15E400A8979CC8EBA24400C0BEB8263F15E40426E62B10BBD24408F5AAE5C63F15E4003015A41BCBE2440D747E7E3B7F35E409644340540C1244035DEB624B7F35E40059EC11AFDC02440AD511A80B5F35E40D46A0E9D0FC02440C809DA7CB8F35E409160ED653FBF244024F67344BDF35E40CCC659159EBE244047053264C3F35E401645BFA303BE24403C55916141F45E406260CE1FE7B22440
31	68829	PHL	Pilipinas	Cebu			PH.CB	RP21		Lalawigan|Probinsya	Province	Unknown	Present		Cebu City			PH.CB.CB			Lungsod|Siyudad	City	Unknown	Present		Bonbon	bonbon			Barangay	Village	Unknown	Present														0.12592395093799999	0.00092373780758999997	Bonbon	072217011	0106000020E6100000010000000103000000010000000C00000002B10F24A0F65E4090F7CEBB16BC2440C81A7B21B7F55E403DF2168129B824403C55916141F45E406260CE1FE7B2244047053264C3F35E401645BFA303BE244024F67344BDF35E40CCC659159EBE2440C809DA7CB8F35E409160ED653FBF2440AD511A80B5F35E40D46A0E9D0FC0244035DEB624B7F35E40059EC11AFDC02440D747E7E3B7F35E409644340540C12440BF67943DD5F35E409C52B5E45DC124405BEAD2BB40F65E40E31EC6DA6CC3244002B10F24A0F65E4090F7CEBB16BC2440
29	68788	PHL	Pilipinas	Cebu			PH.CB	RP21		Lalawigan|Probinsya	Province	Unknown	Present		Cebu City			PH.CB.CB			Lungsod|Siyudad	City	Unknown	Present		San Jose	san-jose			Barangay	Village	Unknown	Present														0.056022360654099997	0.000178069744303	San Jose	072217067	0106000020E61000000100000001030000000100000006000000B309C3DC6EFA5E40F8522887C8C02440A369F5FE31FA5E40A66FC72C9DBD2440808848A0D2F95E40CA01408691BD24404F88103C7EF95E4054E5FB86CEC22440371D8AC394FA5E40B561BA591BC72440B309C3DC6EFA5E40F8522887C8C02440
28	68773	PHL	Pilipinas	Cebu			PH.CB	RP21		Lalawigan|Probinsya	Province	Unknown	Present		Cebu City			PH.CB.CB			Lungsod|Siyudad	City	Unknown	Present		Budla-An	budla-an			Barangay	Village	Unknown	Present														0.089850159033800003	0.00040756002872000002	Budla-an (Pob.)	072217013	0106000020E610000001000000010300000001000000090000004F88103C7EF95E4054E5FB86CEC22440808848A0D2F95E40CA01408691BD2440A15D95BCE4F95E404B79D1BCB4BA24404C2CC89DB1F95E40335E169DE3B824407911EB439DF95E40D6D2DE5DCEB5244050BFDB8024F95E40FEFB14A939BA24401C850CFD5CF85E4051CE5C10F2C124406AD5D85DEFF85E40FEA8F4C5ECC824404F88103C7EF95E4054E5FB86CEC22440
27	68755	PHL	Pilipinas	Cebu			PH.CB	RP21		Lalawigan|Probinsya	Province	Unknown	Present		Cebu City			PH.CB.CB			Lungsod|Siyudad	City	Unknown	Present		Sudlon I	sudlon-I			Barangay	Village	Unknown	Present														0.11741812430199999	0.00075557779052499996	Sudlon I	072217076	0106000020E6100000010000000103000000010000000C0000006D7C41A00DF45E409FBD9EC390C82440BF67943DD5F35E409C52B5E45DC12440D747E7E3B7F35E409644340540C124408F5AAE5C63F15E4003015A41BCBE24409B61739E67F15E40F0FDC7E1EAC024408A7C599C66F15E40644D405429C2244039A233DC60F15E40A4A2FB9F18C42440239D63DC57F15E40C7EE860C74C524409852BE224CF15E40DB06C8C8CCC62440D7D1495C43F15E4025F083F801C82440ACE4B35C95F15E403922DE8EAFCA24406D7C41A00DF45E409FBD9EC390C82440
26	68746	PHL	Pilipinas	Cebu			PH.CB	RP21		Lalawigan|Probinsya	Province	Unknown	Present		Cebu City			PH.CB.CB			Lungsod|Siyudad	City	Unknown	Present		Babag	babag			Barangay	Village	Unknown	Present														0.085872405733099996	0.00049608794500200003	Babag	072217004	0106000020E61000000100000001030000000100000007000000DCA084E0EFF75E40098722A420C0244083B7A9A4CEF75E401CC361FC53BD244002B10F24A0F65E4090F7CEBB16BC24405BEAD2BB40F65E40E31EC6DA6CC324408A464D7F0BF75E407F9F9AA22ACB24402C5B77C298F75E40259AE2673DC72440DCA084E0EFF75E40098722A420C02440
25	68716	PHL	Pilipinas	Cebu			PH.CB	RP21		Lalawigan|Probinsya	Province	Unknown	Present		Cebu City			PH.CB.CB			Lungsod|Siyudad	City	Unknown	Present		Pit-Os	pit-os			Barangay	Village	Unknown	Present														0.046108252177500003	0.00012075553684600001	Pit-os	072217057	0106000020E61000000100000001030000000100000008000000DD595A3E41FB5E400654DD7E4BCB2440DB1C17212AFB5E40727F4BD816C52440371D8AC394FA5E40B561BA591BC72440F69A3FFEB9FA5E4084FD18DFC6CB2440DB1C17212AFB5E40E9FE15CB54CE244062954A7C31FB5E40F2EF530050CD2440C37FEF013BFB5E40DA38BB5061CC2440DD595A3E41FB5E400654DD7E4BCB2440
24	68708	PHL	Pilipinas	Cebu			PH.CB	RP21		Lalawigan|Probinsya	Province	Unknown	Present		Cebu City			PH.CB.CB			Lungsod|Siyudad	City	Unknown	Present		Malubog	malubog			Barangay	Village	Unknown	Present														0.085818987342899999	0.00039951699797899999	Malubog	072217048	0106000020E610000001000000010300000001000000070000006AD5D85DEFF85E40FEA8F4C5ECC824401C850CFD5CF85E4051CE5C10F2C12440DCA084E0EFF75E40098722A420C024402C5B77C298F75E40259AE2673DC724408A464D7F0BF75E407F9F9AA22ACB2440EB22974176F75E405CCC3096E3CE24406AD5D85DEFF85E40FEA8F4C5ECC82440
23	69202	PHL	Pilipinas	Cebu			PH.CB	RP21		Lalawigan|Probinsya	Province	Unknown	Present		Cebu City			PH.CB.CB			Lungsod|Siyudad	City	Unknown	Present		Basak San Nicolas	basak-san-nicolas			Barangay	Village	Unknown	Present														0.0420946059838	9.9739476334500003e-005	Basak San Nicolas	072217008	0106000020E6100000010000000103000000010000000B0000002613FC8085F85E40A73F9DC4D48F2440E23F9B0284F85E4045448D6AC98F2440DA44B92278F85E4017DA656C0B8F2440468FACFC6EF85E40D3A97B64568E2440EDB67B7E64F85E40E3DD7581AE8D24406A6AE1825DF85E404F004004DB8D2440ECBB9FDDAEF75E409A1ED02D36922440B6D27681A2F75E4077ED9E8616932440B188891D3FF85E40E874CC640C952440110E2C817CF85E40BBE0D7E8CD9024402613FC8085F85E40A73F9DC4D48F2440
15	68513	PHL	Pilipinas	Cebu			PH.CB	RP21		Lalawigan|Probinsya	Province	Unknown	Present		Cebu City			PH.CB.CB			Lungsod|Siyudad	City	Unknown	Present		Taptap	taptap			Barangay	Village	Unknown	Present														0.11910880312700001	0.00068975356004699997	Taptap	072217082	0106000020E61000000100000001030000000100000037000000011299241EF85E4016FC539F1BDD244024CB8CBD1EF85E4004A19ED8B7DC2440743AE1BE11F85E4006E87D9E77DC2440485BA68202F85E40F9133AB562DC24400C35A45BF4F75E4010D21F1382DC24407FEAFEA1E8F75E402664986C76DC244045ED6CFCE1F75E40EF29984058DC244058BEB362D3F75E40F268E96C00DC2440C9330C00CDF75E4027218CF16EDB244024A29F5BC2F75E40758F863AE5DA2440F8B681BDBAF75E40FCFBA8655FDA2440B3EF03A1B1F75E402AE8959AD0D924408EDAB4DBA4F75E40B1C5CB17A4D924402C5B77C298F75E40045EFAECB3D92440E280510293F75E4091F450A4C7D9244051FF63238CF75E4081E07AA323D92440E72A877B8DF75E40943261E588D82440B876B10281F75E407EEFA4FD2BD8244044B0ACFE75F75E40D669E7AD2ED824408E41AC3F6CF75E4002E33806F5D724400FBCD4DC6EF75E407E65B9BC64D72440C44167C36BF75E40D75A25E329D72440F1D8AF1C69F75E4033691965B2D62440D1003A225EF75E40CF61C1A31AD62440CB022F6459F75E405BA227B8A9D52440E8BD173F55F75E40356D3BC22AD52440FE7AF55B4CF75E4011980681D9D42440F55C34A03FF75E4036174B1FA6D42440441ACD4036F75E4097D86C9568D42440F31442BD2DF75E40AEB7B7FA22D42440001F30DD2AF75E409BB34C3F6ED3244043CFB17F2BF75E4077FF7C05B8D2244059C3D7C11DF75E405A17631BFFD12440F6D8323C14F75E40127CBAE276D12440624762844AF65E404C64ECC888CF24409EF1528144F65E40AAE6BC12A3CF244093D6BAA330F65E40EBD61403C9CF24407CD1EAA327F65E40B85DC3AA02D02440BF4D4DFF25F65E40A17E784548D0244087674D8112F65E4025579A8C7CD024407E4106DE03F65E403A94632ED3D0244029BDAAA403F65E40490B6AC632D12440A0E5F23EF7F55E405974A06CB4D12440BE8C087EE3F55E4055E0EE9A2ED22440292DC6DEDFF55E406D15DB90ADD2244041C8F8BBD3F55E407F6802BEF9D224406F76D33CC4F55E405EA5082A3BD32440A422B97BB9F55E40AD69A40376D3244007C56B1EB1F55E40BEFE96C0E2D32440B95D20246BF55E4009FC77037CD5244025F005E173F55E40D917196822D624404778937FFFF55E40E615C23FB4DB24405F869AE35CF65E40425B0C9230E02440D5C3FC439DF65E401E4A6796C8DD2440011299241EF85E4016FC539F1BDD2440
46	69098	PHL	Pilipinas	Cebu			PH.CB	RP21		Lalawigan|Probinsya	Province	Unknown	Present		Cebu City			PH.CB.CB			Lungsod|Siyudad	City	Unknown	Present		Zapatera	zapatera			Barangay	Village	Unknown	Present														0.026705187359400001	3.8077005132699998e-005	Zapatera	072217087	0106000020E6100000010000000103000000010000000F000000BD1BBA0319FA5E40B1BB13A3169C24401A7E6AFD15FA5E4018517902EE9B24402788581D13FA5E40803300804B9B2440B2E98FFE11FA5E40E907B70BCB9A244044A2C50214FA5E4080817B06FC99244006EC74C3CCF95E40F8CC382ADB992440DAF8D03DC3F95E4036F59498789A2440942570BFC1F95E402F86B40A2D9C2440BA09C91BC5F95E400681F067389D24409D4EE040C9F95E40A7412C99259E244095B87D63DEF95E40A83A90D8349F244046D07FFFE4F95E407E7E3205679E2440C7929A7FF9F95E4051D23F77889D2440F5BCF07C13FA5E4016B5EA84909C2440BD1BBA0319FA5E40B1BB13A3169C2440
45	69092	PHL	Pilipinas	Cebu			PH.CB	RP21		Lalawigan|Probinsya	Province	Unknown	Present		Cebu City			PH.CB.CB			Lungsod|Siyudad	City	Unknown	Present		Luz	luz			Barangay	Village	Unknown	Present														0.024693660556600001	3.6261918185299999e-005	Luz	072217044	0106000020E61000000100000001030000000100000007000000EAA1D57F54FA5E40B8B361A59EA324406583726173FA5E40BB402E58F7A12440BB0428DC25FA5E40F86EE59B9EA02440C3DFAA82FFF95E40B7BAFD658FA2244021C7907C25FA5E404DCD07DD88A52440CB7E44C43EFA5E40595338CFF0A42440EAA1D57F54FA5E40B8B361A59EA32440
43	69053	PHL	Pilipinas	Cebu			PH.CB	RP21		Lalawigan|Probinsya	Province	Unknown	Present		Cebu City			PH.CB.CB			Lungsod|Siyudad	City	Unknown	Present		To-Ong Pardo	to-ong-pardo			Barangay	Village	Unknown	Present														0.107492719647	0.000686113919251	To-ong Pardo	072217086	0106000020E6100000010000000103000000010000001A000000BEFF5F24F8F55E405B9BF0F093A724401D9F533B0CF65E405B5F80367DA524401E4CC5203FF65E40678F0F9820A424407CD1EAA327F65E40334763DE849C2440762FA56444F65E40C9372E71159C2440FAF73DFC1FF65E406854B51A919B2440C2113E7E0CF65E4028B9BDCF489B2440E8B5ADFEAAF55E407DEC88498F9924406D3B8BA0FEF45E405329F744D4972440170A41A176F45E40A7B740585E9D244058D1BEBD7FF45E40613B761D0A9E24406ED68EBD88F45E4053CBA3B6979E2440EC6F39BC95F45E404271E0C85A9F24409E099F3EA2F45E400BC1CBDD03A02440457C8981A2F45E40D6A5F8C1D9A0244014A53E7FAAF45E4035845DE2BEA124405CC94B64BDF45E4047B61F0870A224409959815BCBF45E40EA82A3A0E9A32440AC4A7EBFC4F45E40F9A4FA80ABA4244021A154FBB3F45E40ECEA805F2BA6244044E97BDD85F45E40277FDCE982A72440D76A69BC8CF45E407B170BBF92A72440E89A9E7F98F45E40C894C7D20DA824405F5FAE41A8F45E400ED0B85668A82440876094BDBAF45E402AFA9DD041A92440BEFF5F24F8F55E405B9BF0F093A72440
40	69013	PHL	Pilipinas	Cebu			PH.CB	RP21		Lalawigan|Probinsya	Province	Unknown	Present		Cebu City			PH.CB.CB			Lungsod|Siyudad	City	Unknown	Present		Buhisan	buhisan			Barangay	Village	Unknown	Present														0.0909698236183	0.000421897679323	Buhisan	072217014	0106000020E6100000010000000103000000010000001A0000008B8067BE29F75E405ADEFC6B9BA82440962D5CC307F75E4010C0B5A07CA62440AFE8449E03F75E40D0C1DCD038A62440E0B3AC3E03F75E40D09F36DEB6A5244060593A9F08F75E40B4626D3C60A524402971C2BF4EF75E406596AB5811A324400CE7BCBF1CF75E400D35A8A595A02440117F97FEADF65E40EB913ABD8E9D24408D432AE068F65E40BD4144957E9B2440762FA56444F65E40C9372E71159C24407CD1EAA327F65E40334763DE849C24401E4CC5203FF65E40678F0F9820A424401D9F533B0CF65E405B5F80367DA52440BEFF5F24F8F55E405B9BF0F093A7244098A9DD7E87F65E402054922062AD2440223C751BA5F65E40007CE37B98AC24407D3CE27EB9F65E409990DC8BFCAB2440A5682DBECEF65E40969F06E604AB244033EA1A9DD5F65E405C7B6445DCAA24402A099DFEDFF65E40624FA82EF1AA2440D3981461EFF65E40C6A5BC6120AB24402665627D01F75E403B07D810F5AA244016C83A5E12F75E40D9F7A2A385AA2440101222831FF75E4027DDF2961BAA2440D7311DFD27F75E40855E82F54EA924408B8067BE29F75E405ADEFC6B9BA82440
38	68948	PHL	Pilipinas	Cebu			PH.CB	RP21		Lalawigan|Probinsya	Province	Unknown	Present		Cebu City			PH.CB.CB			Lungsod|Siyudad	City	Unknown	Present		Banilad	banilad			Barangay	Village	Unknown	Present														0.056425324396200002	0.00012776083407800001	Banilad	072217007	0106000020E6100000010000000103000000010000000A000000D62A72E4C8FA5E4052BC199875B12440D0C7E723A3FA5E40219A7F0DFBAB2440976B672182FA5E40E9A28B5CE4AC24405AD8F5BD3BFA5E407B640879B8AE2440F29380FB0BFA5E40A384D7CE28B0244032DF829BEBF95E40FE58765E4FB22440F7F8821DD8F95E408D2F101B32B324406F5813DDC6F95E40E72B616024B424407911EB439DF95E40D6D2DE5DCEB52440D62A72E4C8FA5E4052BC199875B12440
41	69018	PHL	Pilipinas	Cebu			PH.CB	RP21		Lalawigan|Probinsya	Province	Unknown	Present		Cebu City			PH.CB.CB			Lungsod|Siyudad	City	Unknown	Present		Kasambagan	kasambagan			Barangay	Village	Unknown	Present														0.048556295130800002	0.000122418431327	Kasambagan	072217037	0106000020E6100000010000000103000000010000000F000000D0C7E723A3FA5E40219A7F0DFBAB2440D0AD2C1EB7FA5E4006FA85D4E8AB2440CB2084C4CBFA5E4062FAF87653AB244047860F7CD6FA5E408A4188A968AA2440AC992483E7FA5E408509D33DB1A924404F20E261F7FA5E40DE616FFB31A924406B17DABD0CFB5E409CE138843EA82440912F526112FB5E4002DACE7AD1A72440EAA1D57F54FA5E40B8B361A59EA32440CB7E44C43EFA5E40595338CFF0A4244021C7907C25FA5E404DCD07DD88A52440724245C065FA5E40354DC5FD8DA92440549080BB7EFA5E405C7B6445DCAA2440976B672182FA5E40E9A28B5CE4AC2440D0C7E723A3FA5E40219A7F0DFBAB2440
12	68460	PHL	Pilipinas	Cebu			PH.CB	RP21		Lalawigan|Probinsya	Province	Unknown	Present		Cebu City			PH.CB.CB			Lungsod|Siyudad	City	Unknown	Present		Guba	guba			Barangay	Village	Unknown	Present														0.130374387073	0.00062934202634500004	Guba	072217030	0106000020E6100000010000000103000000010000003C0000005922E3219FF95E401A44E1125FD82440DF9E895F9EF85E4085BB5A4D29D82440F1D8AF1C69F75E4033691965B2D62440C44167C36BF75E40D75A25E329D724400FBCD4DC6EF75E407E65B9BC64D724408E41AC3F6CF75E4002E33806F5D7244044B0ACFE75F75E40D669E7AD2ED82440B876B10281F75E407EEFA4FD2BD82440E72A877B8DF75E40943261E588D8244051FF63238CF75E4081E07AA323D92440E280510293F75E4091F450A4C7D924402C5B77C298F75E40045EFAECB3D924408EDAB4DBA4F75E40B1C5CB17A4D92440B3EF03A1B1F75E402AE8959AD0D92440F8B681BDBAF75E40FCFBA8655FDA244024A29F5BC2F75E40758F863AE5DA2440C9330C00CDF75E4027218CF16EDB244058BEB362D3F75E40F268E96C00DC244045ED6CFCE1F75E40EF29984058DC24407FEAFEA1E8F75E402664986C76DC24400C35A45BF4F75E4010D21F1382DC2440485BA68202F85E40F9133AB562DC2440743AE1BE11F85E4006E87D9E77DC244024CB8CBD1EF85E4004A19ED8B7DC2440011299241EF85E4016FC539F1BDD2440B82CC49E1DF85E40A23DFB9E91DD244067A6732322F85E406F6FFA8E2DDE2440E514B95E2CF85E40675C1667B0DE2440FE393F5C3DF85E4071685ECE3CDF2440116A741F49F85E405B0A30254BDF244033A16E2459F85E4074864AF349DF2440B03A192366F85E4027996C669CDF2440EBE1E04167F85E401A7079C5E9DF24409B52D6426CF85E40EAE0C9E12DE024409D47277D71F85E4016EA48D381E0244013EC804179F85E40C5E60CBBDEE02440945AC67C83F85E4074C2BAAD60E12440471F91C292F85E40D9BB918FDAE12440B8A39EDBA7F85E405129F5A53BE22440C2002EA4B1F85E405D3F041F71E2244046A6BB04B7F85E4009C97B3CE3E22440D8EE6B7CC7F85E40B22546EB2DE324404C8A0BBDCFF85E409EFC524A7BE3244040BA8EA0C6F85E400D14165102E4244020ABD080C0F85E40DB034AB17DE424404CC153E2CAF85E40C332802BE1E4244084537E1BD4F85E4051BB06F116E52440B04C745DCFF85E40944E219087E52440EFDF68E0C0F85E4030A35DA5BAE524403D66B95BBCF85E40735C411510E62440C4E99B7CBEF85E40EC524F8151E62440426F73DFBBF85E40BE58E16CC2E62440DEF72500C7F85E4053E16732F8E62440966626BFD0F85E405A66EFA975E72440AE4AF6BCD2F95E407C00F69C81E724402ED987A3CFF95E402A7A6A0408E6244088491041C0F95E40AB61B6A544E524403C7BCDE2B2F95E40288106C5F8E4244005E33D5F78F95E40309B379BA6E324405922E3219FF95E401A44E1125FD82440
60	69150	PHL	Pilipinas	Cebu			PH.CB	RP21		Lalawigan|Probinsya	Province	Unknown	Present		Cebu City			PH.CB.CB			Lungsod|Siyudad	City	Unknown	Present		Day-As	day-as			Barangay	Village	Unknown	Present														0.016495263720699999	1.39820457124e-005	Day-as	072217025	0106000020E610000001000000010300000001000000090000003C8D281D1CFA5E4091FB6210ED972440E18397E3F2F95E406F95A6CDE397244095B87D63DEF95E400708CF072498244006EC74C3CCF95E40F8CC382ADB99244044A2C50214FA5E4080817B06FC9924403864B89B14FA5E404EF967E330992440B720D8230DFA5E4070DDC67E8A982440F29380FB0BFA5E402684E9D5229824403C8D281D1CFA5E4091FB6210ED972440
59	69147	PHL	Pilipinas	Cebu			PH.CB	RP21		Lalawigan|Probinsya	Province	Unknown	Present		Cebu City			PH.CB.CB			Lungsod|Siyudad	City	Unknown	Present		Sambag II	sambag-II			Barangay	Village	Unknown	Present														0.024882292400299998	3.5773675368099998e-005	Sambag II (Pob.)	072217065	0106000020E6100000010000000103000000010000000D000000BB3188207AF95E40A673AA9333992440B970C07F8CF95E40C8AB77FB4397244094FFAB3B5EF95E406D4793D636972440C36E4E5D3CF95E4082D90B302B97244031682B7E0CF95E407A708677E996244075F0703B03F95E40740D56E02D972440641411BD01F95E40BB82845A91972440296D499E00F95E40F55177431C982440ADF02BBF02F95E401DE85A58C5982440CE80C2643BF95E40FFED9D3176992440FD886D2252F95E4034A781A1CB992440448D2E5C72F95E403934E6C4209A2440BB3188207AF95E40A673AA9333992440
58	69139	PHL	Pilipinas	Cebu			PH.CB	RP21		Lalawigan|Probinsya	Province	Unknown	Present		Cebu City			PH.CB.CB			Lungsod|Siyudad	City	Unknown	Present		Labangon	labangon			Barangay	Village	Unknown	Present														0.030849113211399999	4.5479784991200002e-005	Labangon	072217040	0106000020E6100000010000000103000000010000000F0000002FB295C2C4F85E404AA6A7C4FD9524403AD0D99D7CF85E4098621D94249424409F44FE9E78F85E405915394089942440BD2A4C3D77F85E4051C0D89AAB94244031D2CEDF77F85E40CE7795DA4495244046B7E8E178F85E409E1C30A78B952440BB55B1007AF85E40F22B6514FB9524409B66A9DE7BF85E40EFEC13E852962440D338D6C07FF85E40D4DCF8350E972440A942095D7DF85E405DDF4E09DC972440CD3ACB027BF85E40DB8E7DAF5D982440F21E245F7EF85E40C11B32665D99244026C8E0BF7AF85E40B8D452A09D9924404CC153E2CAF85E409E6107579D9A24402FB295C2C4F85E404AA6A7C4FD952440
57	69137	PHL	Pilipinas	Cebu			PH.CB	RP21		Lalawigan|Probinsya	Province	Unknown	Present		Cebu City			PH.CB.CB			Lungsod|Siyudad	City	Unknown	Present		Pardo	pardo			Barangay	Village	Unknown	Present														0.081665526306899994	0.000202754441076	Pardo (Pob.)	072217053	0106000020E610000001000000010300000001000000110000003B394FA240F75E40B86516020F8F24402053010442F75E409DA9691C818E2440E97EDFDF42F75E405B164F7D108E2440C2BC31C342F75E4015BAF770308D2440126CF2BF45F75E402DE070AE6A8C24403FFA16432EF75E40CC7A4B9E768B244062FD7420E7F65E4067B697C8E28D24401512A5A2CAF65E4015F6672B478F2440A3EFDA1F9EF65E40D5FFB46517912440C22E487E70F65E40732CF0B2BE922440DAC37F6348F65E40B8A9ACC6399324404A2D78BEF4F55E40E3B45E7C9B952440E8B5ADFEAAF55E407DEC88498F992440C2113E7E0CF65E4028B9BDCF489B2440567DE05F5DF65E4000893AD6AC972440CBF97A1FB0F65E40573E7BF3FB9324403B394FA240F75E40B86516020F8F2440
55	69134	PHL	Pilipinas	Cebu			PH.CB	RP21		Lalawigan|Probinsya	Province	Unknown	Present		Cebu City			PH.CB.CB			Lungsod|Siyudad	City	Unknown	Present		Calamba	calamba			Barangay	Village	Unknown	Present														0.028980171146099999	3.5411733231399998e-005	Calamba	072217018	0106000020E61000000100000001030000000100000011000000ADF02BBF02F95E401DE85A58C5982440296D499E00F95E40F55177431C982440641411BD01F95E40BB82845A9197244075F0703B03F95E40740D56E02D97244031682B7E0CF95E407A708677E99624407827B960FEF85E402AB47837C6962440342C1CFDF2F85E4025ACEA9DAE9624402FB295C2C4F85E404AA6A7C4FD9524404CC153E2CAF85E409E6107579D9A24409B50DBC11AF95E40538EF2109A9B24408442513E12F95E40DCDEC36A189B24404979DEDF0DF95E40579D1C6BA29A2440DED8207F11F95E400F0274321A9A2440DBFACBBE14F95E4034A781A1CB992440753B8CFC0DF95E40B3556F5C669924408B01249D04F95E40C42639E202992440ADF02BBF02F95E401DE85A58C5982440
54	69131	PHL	Pilipinas	Cebu			PH.CB	RP21		Lalawigan|Probinsya	Province	Unknown	Present		Cebu City			PH.CB.CB			Lungsod|Siyudad	City	Unknown	Present		Kinasang-An Pardo	kinasang-an-pardo			Barangay	Village	Unknown	Present														0.108064458335	0.00024937673701100002	Kinasang-an Pardo	072217038	0106000020E610000001000000010300000001000000180000008D432AE068F65E40BD4144957E9B24404F35E83DF5F65E40A72FC5BC4895244081AD3EA47CF75E402B90068F4F912440F8754EDD56F85E404BC749AD3C8C24405179E41E64F85E4038742280F08B24405276BB406BF85E40F97BEDE3F28B2440876A936272F85E40EC3ED52FDC8B244013EC804179F85E40EC3ED52FDC8B2440B88016C47CF85E40594B9039D38B2440180C373F81F85E405271590AB88B2440A66D6E2080F85E402C3C6D14398B2440B88016C47CF85E40E5DAB2BFF98A24408A8A49607AF85E4022A77A57CC8A2440FC085C8173F85E4059990BC0838A2440DDEEEE9B72F85E40769458E4798A2440CFDE058459F85E401CED674465892440F827610229F85E40B6E1ED25558A24403B394FA240F75E40B86516020F8F2440CBF97A1FB0F65E40573E7BF3FB932440567DE05F5DF65E4000893AD6AC972440C2113E7E0CF65E4028B9BDCF489B2440FAF73DFC1FF65E406854B51A919B2440762FA56444F65E40C9372E71159C24408D432AE068F65E40BD4144957E9B2440
53	69130	PHL	Pilipinas	Cebu			PH.CB	RP21		Lalawigan|Probinsya	Province	Unknown	Present		Cebu City			PH.CB.CB			Lungsod|Siyudad	City	Unknown	Present		Lorega (Lorega San Miguel)	lorega			Barangay	Village	Unknown	Present														0.0171719771955	1.6884416113100001e-005	Lorega (Lorega San Miguel)	072217042	0106000020E61000000100000001030000000100000009000000774BFF4365FA5E40E19F723E709B24403B31E07E4FFA5E408C7765E2929A24400393D2E34DFA5E40CBD1892A6599244044A2C50214FA5E4080817B06FC992440B2E98FFE11FA5E40E907B70BCB9A24402788581D13FA5E40803300804B9B24401A7E6AFD15FA5E4018517902EE9B2440BD1BBA0319FA5E40B1BB13A3169C2440774BFF4365FA5E40E19F723E709B2440
50	69117	PHL	Pilipinas	Cebu			PH.CB	RP21		Lalawigan|Probinsya	Province	Unknown	Present		Cebu City			PH.CB.CB			Lungsod|Siyudad	City	Unknown	Present		Cogon Ramos	cogon-ramos			Barangay	Village	Unknown	Present														0.0180897633154	1.20682043031e-005	Cogon Ramos (Pob.)	072217023	0106000020E6100000010000000103000000010000000800000006EC74C3CCF95E40F8CC382ADB992440AC6188E4C5F95E40F2C4AA90C3992440F84ED0C388F95E40C2FB56A8E59C2440252E0B0098F95E400B5583630D9D2440BA09C91BC5F95E400681F067389D2440942570BFC1F95E402F86B40A2D9C2440DAF8D03DC3F95E4036F59498789A244006EC74C3CCF95E40F8CC382ADB992440
49	69114	PHL	Pilipinas	Cebu			PH.CB	RP21		Lalawigan|Probinsya	Province	Unknown	Present		Cebu City			PH.CB.CB			Lungsod|Siyudad	City	Unknown	Present		Punta Princesa	punta-princesa			Barangay	Village	Unknown	Present														0.076602839558500002	0.000164522100833	Punta Princesa	072217062	0106000020E61000000100000001030000000100000018000000D338D6C07FF85E40D4DCF8350E9724409B66A9DE7BF85E40EFEC13E852962440BB55B1007AF85E40F22B6514FB952440B188891D3FF85E40E874CC640C952440B6D27681A2F75E4077ED9E8616932440CD08AD7B20F75E4078EF69BB209724402D7C77C49FF65E40A4E7CFB9019C2440117F97FEADF65E40EB913ABD8E9D2440A3203BDBBCF65E4060480524019D24401512A5A2CAF65E40A1871986BE9C2440A1DB8464E3F65E40844A50E4679C24401B5E9D3BFDF65E40F0B3483F149C24402ECAE17F22F75E40A8F6F9130A9B2440081A12BD36F75E40DECF01A0139A2440384D223E50F75E40C044250710992440A527FADD6AF75E40AB4E8A3D399824405BFD6EE190F75E40FFE5772762972440A8335A20B8F75E40D5D46A9CF69624400B18173CE5F75E40AF7E199FDC96244004CAA6410CF85E408C26DE3BF196244071A47EE126F85E40226D997106972440465B236357F85E40050F6BC8149724408A8A49607AF85E4009F17EA307972440D338D6C07FF85E40D4DCF8350E972440
48	69113	PHL	Pilipinas	Cebu			PH.CB	RP21		Lalawigan|Probinsya	Province	Unknown	Present		Cebu City			PH.CB.CB			Lungsod|Siyudad	City	Unknown	Present		Quiot Pardo	quiot-pardo			Barangay	Village	Unknown	Present														0.064128081227700001	0.000107024017317	Quiot Pardo	072217063	0106000020E6100000010000000103000000010000000A000000B6D27681A2F75E4077ED9E8616932440ECBB9FDDAEF75E409A1ED02D36922440F8669FA091F75E407707D05CC491244081AD3EA47CF75E402B90068F4F9124404F35E83DF5F65E40A72FC5BC489524408D432AE068F65E40BD4144957E9B2440117F97FEADF65E40EB913ABD8E9D24402D7C77C49FF65E40A4E7CFB9019C2440CD08AD7B20F75E4078EF69BB20972440B6D27681A2F75E4077ED9E8616932440
52	69127	PHL	Pilipinas	Cebu			PH.CB	RP21		Lalawigan|Probinsya	Province	Unknown	Present		Cebu City			PH.CB.CB			Lungsod|Siyudad	City	Unknown	Present		Sambag I	sambag-I			Barangay	Village	Unknown	Present														0.022518422341900001	2.67431519364e-005	Sambag I (Pob.)	072217064	0106000020E6100000010000000103000000010000000D000000448D2E5C72F95E402A34E6C4209A2440FA886D2252F95E402DA781A1CB992440CE80C2643BF95E40F8ED9D3176992440ADF02BBF02F95E401DE85A58C59824408801249D04F95E40BD2639E202992440753B8CFC0DF95E40B3556F5C66992440DBFACBBE14F95E402DA781A1CB992440DED8207F11F95E400F0274321A9A24404979DEDF0DF95E40579D1C6BA29A24408442513E12F95E40D5DEC36A189B24409B50DBC11AF95E40538EF2109A9B24403972967E5EF95E4010A769A5729C2440448D2E5C72F95E402A34E6C4209A2440
74	69192	PHL	Pilipinas	Cebu			PH.CB	RP21		Lalawigan|Probinsya	Province	Unknown	Present		Cebu City			PH.CB.CB			Lungsod|Siyudad	City	Unknown	Present		Duljo	duljo			Barangay	Village	Unknown	Present														0.014595617954799999	8.9778516145199995e-006	Duljo (Pob.)	072217027	0106000020E610000001000000010300000001000000140000001DD63544C3F85E402A86895CCD9424406653CC3BBFF85E40DA1E2BD447942440686A5E63B2F85E40CC4AE7EA329424405F41EEE1AAF85E403F937A3E4494244078078682A1F85E40066FD89D1B942440DF9E895F9EF85E40E36BFDDF0D942440511D9C8097F85E40D591C6B0F293244073E13EDF92F85E40A30A438BCE93244010561E648EF85E40E79CCD2C9893244064DA799D8EF85E40D9C8894383932440054F59228AF85E40BD3611EA8E932440638F5EDC83F85E4016D7CD58B69324405BBCB8E181F85E4093AFEF9FEA9324403AD0D99D7CF85E4098621D94249424402FB295C2C4F85E404AA6A7C4FD952440863FAB7FC4F85E405DA3DE4EC595244022D44002C8F85E4077A015D98C9524400DEEF263C9F85E40C0E51C8150952440F7DD739EC5F85E40E26C3ECBF49424401DD63544C3F85E402A86895CCD942440
73	69189	PHL	Pilipinas	Cebu			PH.CB	RP21		Lalawigan|Probinsya	Province	Unknown	Present		Cebu City			PH.CB.CB			Lungsod|Siyudad	City	Unknown	Present		Ermita	ermita			Barangay	Village	Unknown	Present														0.0240943600179	2.4216320169999999e-005	Ermita (Pob.)	072217028	0106000020E6100000010000000103000000010000002100000031CED8DDD4F95E4039D5DD3E619624407E5FD81ECBF95E40EAC2DF5BB9952440FABC739CBEF95E4092E47A3BD494244047829224B7F95E40BF008F42E59424406512163CB0F95E40DF829C56EA94244077FA581CAAF95E40AAD7EAB3F2942440FF5D853FA4F95E40AAD7EAB3F2942440E3831A039EF95E40AEED483FE89424402937C58397F95E40ABFDB384D79424400B54A0C391F95E4035CB7EBCBB9424408FAE12638CF95E40B4791D659694244032C2789B87F95E401F25E14F639424402BC46DDD82F95E40A72ED3E321942440B45333607DF95E40BE0D1E49DC932440846815C275F95E400CED2BE4AB9324406A5A8B3E6DF95E40297FA43DA09324403A6F6DA065F95E40297FA43DA0932440239502645FF95E40C33E9F83A69324404359A5C25AF95E4008110B4FBF9324400E90326456F95E40EF0553E5D9932440B4A3989C51F95E40C1F7BFBDE6932440A9A58DDE4CF95E40439E81BAE9932440530DC95B52F95E4086BA46AF3A942440900A5B0159F95E40DBF53733959424407A2541FF57F95E40AA6E16E9F0942440EB78EE5C4EF95E401E34A31A68952440FA7FB39E52F95E401FD17283AC952440CBBFFAC34DF95E40BC7A0F3EBD9524409925F3DE6CF95E4094DDDE7AE3952440DCF52A7F75F95E40EF41C39FF0952440AA69FB3D88F95E400ECC5E4D0D962440DF018BC1C2F95E40048D0D216596244031CED8DDD4F95E4039D5DD3E61962440
72	69182	PHL	Pilipinas	Cebu			PH.CB	RP21		Lalawigan|Probinsya	Province	Unknown	Present		Cebu City			PH.CB.CB			Lungsod|Siyudad	City	Unknown	Present		Pahina San Nicolas	pahina-san-nicolas			Barangay	Village	Unknown	Present														0.0092782466116399995	4.0206024413199997e-006	Pahina San Nicolas	072217051	0106000020E61000000100000001030000000100000006000000CBBFFAC34DF95E40BC7A0F3EBD952440E632F1BB37F95E40ABBC29E09D952440C43DEEA11DF95E406ACCD1EF779524404D6B063C1AF95E404A309305C5962440D753685F3DF95E40731AE5E624962440CBBFFAC34DF95E40BC7A0F3EBD952440
71	69181	PHL	Pilipinas	Cebu			PH.CB	RP21		Lalawigan|Probinsya	Province	Unknown	Present		Cebu City			PH.CB.CB			Lungsod|Siyudad	City	Unknown	Present		Kalubihan	kalubihan			Barangay	Village	Unknown	Present														0.012081688112600001	4.19425321941e-006	Kalubihan (Pob.)	072217033	0106000020E6100000010000000103000000010000000600000031CED8DDD4F95E4039D5DD3E61962440DF018BC1C2F95E40048D0D2165962440AA69FB3D88F95E400ECC5E4D0D96244058AF8B7B8AF95E40E6A53422939624405BB8C2DFDEF95E408802FFD0DD96244031CED8DDD4F95E4039D5DD3E61962440
70	69180	PHL	Pilipinas	Cebu			PH.CB	RP21		Lalawigan|Probinsya	Province	Unknown	Present		Cebu City			PH.CB.CB			Lungsod|Siyudad	City	Unknown	Present		Central	central			Barangay	Village	Unknown	Present														0.0129392471579	9.1903127938199999e-006	Central (Pob.)	072217022	0106000020E6100000010000000103000000010000000C00000064E13261E6F95E40CFBEC3B2C4942440D65F4582DFF95E40D019179EA894244024C4EABDD7F95E4001E3B465AD942440B5284B7DCFF95E407E103752BF9424406F5813DDC6F95E403FB52031C6942440FABC739CBEF95E4092E47A3BD49424407E5FD81ECBF95E40EAC2DF5BB995244031CED8DDD4F95E4039D5DD3E619624405BB8C2DFDEF95E408802FFD0DD9624406FFCCA3EFAF95E4061BA2EB3E196244060F505FDF5F95E408AD8CA444496244064E13261E6F95E40CFBEC3B2C4942440
69	69178	PHL	Pilipinas	Cebu			PH.CB	RP21		Lalawigan|Probinsya	Province	Unknown	Present		Cebu City			PH.CB.CB			Lungsod|Siyudad	City	Unknown	Present		San Nicolas Central	san-nicolas-central			Barangay	Village	Unknown	Present														0.0163021837856	1.43448864918e-005	San Nicolas Central	072217068	0106000020E6100000010000000103000000010000000E0000004D6B063C1AF95E404A309305C5962440C43DEEA11DF95E406ACCD1EF77952440E7D62B3D16F95E4059167A2B709524405377E99D12F95E40F0EBD2FC6B9524401DD63544C3F85E402A86895CCD942440F7DD739EC5F85E40E26C3ECBF49424400DEEF263C9F85E40C0E51C815095244022D44002C8F85E4077A015D98C952440863FAB7FC4F85E405DA3DE4EC59524402FB295C2C4F85E404AA6A7C4FD952440342C1CFDF2F85E4025ACEA9DAE9624407827B960FEF85E402AB47837C696244031682B7E0CF95E407A708677E99624404D6B063C1AF95E404A309305C5962440
68	69177	PHL	Pilipinas	Cebu			PH.CB	RP21		Lalawigan|Probinsya	Province	Unknown	Present		Cebu City			PH.CB.CB			Lungsod|Siyudad	City	Unknown	Present		San Roque (Ciudad)	san-roque			Barangay	Village	Unknown	Present														0.0171884343343	1.55056377809e-005	San Roque (Ciudad)	072217069	0106000020E6100000010000000103000000010000001B0000008BC0EA7D4AFA5E407A708677E996244043467D6447FA5E402AB47837C6962440F735431B44FA5E40170CF1649C9624403D1D0DE33FFA5E4085D0ED986C9624408AAC17E23AFA5E40986A439E38962440E70EC8DB37FA5E4057AE355E15962440230F835F37FA5E4073A38F3C0596244055E3A48336FA5E40B4F617C4E695244093B8FA4333FA5E40B9F94194B49524404AB17A7E2FFA5E402E8FA7F38B9524403FAAB53C2BFA5E402F8126146E95244004E142DE26FA5E40923A6BDE58952440D4208A0322FA5E4061D4AE9B4F952440F3DB72DE1DFA5E40D959A9B537952440436B7DDD18FA5E40900EFED92D95244092FA87DC13FA5E403C0DFB391C952440515E6F830DFA5E40784A2536089524409DB95A3B06FA5E4021C854ECED9424406B273002FDF95E4087085AA6E79424404D19A67EF4F95E406F58F527E6942440C6A07223EDF95E403EBDAECADD94244064E13261E6F95E40CFBEC3B2C494244060F505FDF5F95E408AD8CA44449624406FFCCA3EFAF95E4061BA2EB3E19624404B94ED5E20FA5E408C26DE3BF19624405FE1AF413BFA5E40E39A2DA6ED9624408BC0EA7D4AFA5E407A708677E9962440
67	69173	PHL	Pilipinas	Cebu			PH.CB	RP21		Lalawigan|Probinsya	Province	Unknown	Present		Cebu City			PH.CB.CB			Lungsod|Siyudad	City	Unknown	Present		Pahina Central	pahina-central			Barangay	Village	Unknown	Present														0.018493061382800002	1.48909670169e-005	Pahina Central (Pob.)	072217050	0106000020E6100000010000000103000000010000000C00000058AF8B7B8AF95E40E6A5342293962440AA69FB3D88F95E400ECC5E4D0D962440DCF52A7F75F95E40EF41C39FF09524409925F3DE6CF95E4094DDDE7AE3952440CBBFFAC34DF95E40BC7A0F3EBD952440D753685F3DF95E40731AE5E6249624404D6B063C1AF95E404A309305C596244031682B7E0CF95E407A708677E9962440C36E4E5D3CF95E4082D90B302B97244094FFAB3B5EF95E406D4793D636972440B970C07F8CF95E40C8AB77FB4397244058AF8B7B8AF95E40E6A5342293962440
66	69169	PHL	Pilipinas	Cebu			PH.CB	RP21		Lalawigan|Probinsya	Province	Unknown	Present		Cebu City			PH.CB.CB			Lungsod|Siyudad	City	Unknown	Present		Pari-An	pari-an			Barangay	Village	Unknown	Present														0.0107993934847	6.3955923699700001e-006	Pari-an	072217054	0106000020E610000001000000010300000001000000060000004B94ED5E20FA5E408C26DE3BF19624406FFCCA3EFAF95E4061BA2EB3E19624405BB8C2DFDEF95E408802FFD0DD962440E18397E3F2F95E406F95A6CDE39724403C8D281D1CFA5E4091FB6210ED9724404B94ED5E20FA5E408C26DE3BF1962440
65	69168	PHL	Pilipinas	Cebu			PH.CB	RP21		Lalawigan|Probinsya	Province	Unknown	Present		Cebu City			PH.CB.CB			Lungsod|Siyudad	City	Unknown	Present		Tinago	tinago			Barangay	Village	Unknown	Present														0.0103528392386	6.0363149922999999e-006	Tinago	072217084	0106000020E6100000010000000103000000010000000D00000045630A8456FA5E40CD6CD7BCDB972440FD5B8ABE52FA5E40F9824790A6972440CA67B29C4BFA5E40671EA0358497244042E4CF7B49FA5E40AABEABB66B972440ACDA57634BFA5E40B36E5F472D97244005686D204BFA5E40E2A8AE850B9724408BC0EA7D4AFA5E407A708677E99624405FE1AF413BFA5E40E39A2DA6ED9624404B94ED5E20FA5E408C26DE3BF19624403C8D281D1CFA5E4091FB6210ED9724403814535F40FA5E40CF01198C0898244095BEF53B4FFA5E40BB611F53F697244045630A8456FA5E40CD6CD7BCDB972440
64	69166	PHL	Pilipinas	Cebu			PH.CB	RP21		Lalawigan|Probinsya	Province	Unknown	Present		Cebu City			PH.CB.CB			Lungsod|Siyudad	City	Unknown	Present		Kamagayan	kamagayan			Barangay	Village	Unknown	Present														0.0155058033018	1.12346779808e-005	Kamagayan (Pob.)	072217035	0106000020E61000000100000001030000000100000006000000E18397E3F2F95E406F95A6CDE39724405BB8C2DFDEF95E408802FFD0DD96244058AF8B7B8AF95E40E6A5342293962440B970C07F8CF95E40C8AB77FB4397244095B87D63DEF95E400708CF0724982440E18397E3F2F95E406F95A6CDE3972440
63	69155	PHL	Pilipinas	Cebu			PH.CB	RP21		Lalawigan|Probinsya	Province	Unknown	Present		Cebu City			PH.CB.CB			Lungsod|Siyudad	City	Unknown	Present		Bulacao	bulacao			Barangay	Village	Unknown	Present														0.099081196535699995	0.00033960003914100003	Bulacao	072217015	0106000020E6100000010000000103000000010000001A0000003FFA16432EF75E40CC7A4B9E768B244032125782DFF65E4063B0114579882440FC7CF0DC9DF65E40DC7E6DFBEE892440C9BC370299F65E404B8BD9F2258A244092F3C4A394F65E403A86C5BC868A2440DE79151F90F65E4034082364368B2440FA1448FC83F65E40918B3499378C24402619ED037AF65E4090785071BA8C24404C87C5DB6FF65E403820B4B3398D2440C31A75E260F65E408C9D70C7B48D2440641CFDC047F65E402A323FF4768E2440E665C5A22BF65E4046434C7FE28E2440079A833B03F65E405A179068F78E24406113C65CF3F55E40B23C23615C8F244050CFBDFDD7F55E40E46E46E1A28F24408C708A24BDF55E40F9E68D64E9902440100D644019F55E4028968C12B99624406D3B8BA0FEF45E405329F744D4972440E8B5ADFEAAF55E407DEC88498F9924404A2D78BEF4F55E40E3B45E7C9B952440DAC37F6348F65E40B8A9ACC639932440C22E487E70F65E40732CF0B2BE922440A3EFDA1F9EF65E40D5FFB465179124401512A5A2CAF65E4015F6672B478F244062FD7420E7F65E4067B697C8E28D24403FFA16432EF75E40CC7A4B9E768B2440
6	68300	PHL	Pilipinas	Cebu			PH.CB	RP21		Lalawigan|Probinsya	Province	Unknown	Present		Cebu City			PH.CB.CB			Lungsod|Siyudad	City	Unknown	Present		Lusaran	lusaran			Barangay	Village	Unknown	Present														0.136887280818	0.00077236575332300002	Lusaran	072217043	0106000020E61000000100000001030000000100000018000000B77A254188FA5E40014C527B5CF82440054A35C33FF95E4020DF91FF17F22440000962C0C9F75E402CA1BD1E10E924409954D1C3BDF75E40FDAC867B2AEF244056FFE64237F75E409F803FC67BF22440ED3B2E5FE2F85E4038969EBBA2FC2440F42D56BBEEF85E406398E97B09FC2440E599E81FFFF85E4073002E4964FB24408C1EB1BC13F95E40E5CC563BCCFA2440CF44B3E321F95E40813C051294FA2440100C31002BF95E40B2A2C1549DFA244096D705043FF95E40AB19C8ECFCFA2440035E085F4FF95E404BC62D1D46FB2440711B53DF5AF95E403CFA77CD48FB2440715896FC71F95E407731FE95EEFA244033CB321F87F95E40BE9FF8DE64FA24408ECB9F829BF95E40296C21D1CCF92440319D7822B6F95E40962A7AD156F92440EE459320DEF95E40772FCBD1E0F82440FAA81DE103FA5E407C604C0CABF82440EC45100133FA5E407C2C025CA8F82440B6B6B7E14CFA5E40D88265A197F8244012AC757F66FA5E40F06C0716A2F82440B77A254188FA5E40014C527B5CF82440
79	69232	PHL	Pilipinas	Cebu			PH.CB	RP21		Lalawigan|Probinsya	Province	Unknown	Present		Cebu City			PH.CB.CB			Lungsod|Siyudad	City	Unknown	Present		Basak Pardo	basak-pardo			Barangay	Village	Unknown	Present														0.039443656113900001	4.7436049549900002e-005	Basak Pardo	072217005	0106000020E6100000010000000103000000010000000D000000EDB67B7E64F85E40E3DD7581AE8D244059829EA263F85E405F4D1210A18D2440B6ED082060F85E405FAFB2A9B58C24402B8CD13E61F85E40E80D05E3518C2440446FF6FE66F85E40850C5155008C24405276BB406BF85E40F97BEDE3F28B24405179E41E64F85E4038742280F08B2440F8754EDD56F85E404BC749AD3C8C244081AD3EA47CF75E402B90068F4F912440F8669FA091F75E407707D05CC4912440ECBB9FDDAEF75E409A1ED02D369224406A6AE1825DF85E404F004004DB8D2440EDB67B7E64F85E40E3DD7581AE8D2440
78	69199	PHL	Pilipinas	Cebu			PH.CB	RP21		Lalawigan|Probinsya	Province	Unknown	Present		Cebu City			PH.CB.CB			Lungsod|Siyudad	City	Unknown	Present		Sawang Calero	sawang-calero			Barangay	Village	Unknown	Present														0.0156384698786	1.1138183106600001e-005	Sawang Calero (Pob.)	072217071	0106000020E6100000010000000103000000010000000F000000296D499E00F95E40E79CCD2C98932440BDAFFE1DF5F85E40E79CCD2C9893244079E88001ECF85E4080901223A1932440C74E1B7FDFF85E40A9D00595C593244099584E1BDDF85E402EFE8781D793244009D7603CD6F85E40573E7BF3FB9324400107E41FCDF85E402F3876652094244070654043BEF85E40AD9F35483B942440686A5E63B2F85E40CC4AE7EA329424406653CC3BBFF85E40DA1E2BD4479424401DD63544C3F85E402A86895CCD9424405377E99D12F95E40F0EBD2FC6B95244009A67D610CF95E404420DF61999424405460ED230AF95E40F8A8C68164942440296D499E00F95E40E79CCD2C98932440
80	69262	PHL	Pilipinas	Cebu			PH.CB	RP21		Lalawigan|Probinsya	Province	Unknown	Present		Cebu City			PH.CB.CB			Lungsod|Siyudad	City	Unknown	Present		Cogon Pardo	cogon-pardo			Barangay	Village	Unknown	Present														0.047977223880299999	8.5885229905600005e-005	Cogon Pardo	072217024	0106000020E61000000100000001030000000100000011000000CFDE058459F85E401CED674465892440CDE12E6252F85E40119A401719892440AAC9B6BE4CF85E406871C018D1882440CA8D591D48F85E40BAC90DC491882440B188891D3FF85E40423CD422528824406EE3B64039F85E4094CE5EC41B8824404AFF5DE435F85E4053336779D38724400924777E32F85E40CECBF6A878872440F1490C422CF85E4089EB09FE41872440DC9D5B02F7F75E4025DEA57960882440126CF2BF45F75E402DE070AE6A8C2440C2BC31C342F75E4015BAF770308D2440E97EDFDF42F75E405B164F7D108E24402053010442F75E409DA9691C818E24403B394FA240F75E40B86516020F8F2440F827610229F85E40B6E1ED25558A2440CFDE058459F85E401CED674465892440
77	69198	PHL	Pilipinas	Cebu			PH.CB	RP21		Lalawigan|Probinsya	Province	Unknown	Present		Cebu City			PH.CB.CB			Lungsod|Siyudad	City	Unknown	Present		Suba Pob. (Suba San Nicolas)	suba-pob			Barangay	Village	Unknown	Present														0.012838254321300001	8.2138063804700007e-006	Suba Pob. (Suba San Nicolas)	072217075	0106000020E61000000100000001030000000100000014000000A894E32036F95E40439E81BAE993244088B08AC432F95E4093AFEF9FEA932440C451C13D2DF95E408C8058CBF19324408E91086328F95E40573E7BF3FB93244032D0D35E26F95E406FEEDF71FD932440B055ABC123F95E4030F6AAD5FF932440A957A0031FF95E40EE13D4C4F79324401FA09E9B1AF95E40C1F7BFBDE69324408F49168016F95E4012A64C1EEC932440E7E1DA0211F95E40BE0D1E49DC932440F595FE9B08F95E40400940EBBC932440296D499E00F95E40E79CCD2C989324405460ED230AF95E40F8A8C6816494244009A67D610CF95E404420DF61999424405377E99D12F95E40F0EBD2FC6B952440E7D62B3D16F95E4059167A2B70952440C43DEEA11DF95E406ACCD1EF77952440E632F1BB37F95E40ABBC29E09D9524407594289D36F95E40F8A8C68164942440A894E32036F95E40439E81BAE9932440
76	69195	PHL	Pilipinas	Cebu			PH.CB	RP21		Lalawigan|Probinsya	Province	Unknown	Present		Cebu City			PH.CB.CB			Lungsod|Siyudad	City	Unknown	Present		Pasil	pasil			Barangay	Village	Unknown	Present														0.010277422799099999	6.0643468908899997e-006	Pasil	072217056	0106000020E6100000010000000103000000010000000F000000A9A58DDE4CF95E40439E81BAE99324409D9EC89C48F95E40439E81BAE9932440CC97BEDE43F95E40439E81BAE9932440C5A26DA43EF95E40439E81BAE9932440FC170BBE38F95E4023B99221E9932440A894E32036F95E40439E81BAE99324407594289D36F95E40F8A8C68164942440E632F1BB37F95E40ABBC29E09D952440CBBFFAC34DF95E40BC7A0F3EBD952440FA7FB39E52F95E401FD17283AC952440EB78EE5C4EF95E401E34A31A689524407A2541FF57F95E40AA6E16E9F0942440900A5B0159F95E40DBF5373395942440530DC95B52F95E4086BA46AF3A942440A9A58DDE4CF95E40439E81BAE9932440
75	69193	PHL	Pilipinas	Cebu			PH.CB	RP21		Lalawigan|Probinsya	Province	Unknown	Present		Cebu City			PH.CB.CB			Lungsod|Siyudad	City	Unknown	Present		Mambaling	mambaling			Barangay	Village	Unknown	Present														0.034762272797100001	4.4787708991599997e-005	Mambaling	072217049	0106000020E610000001000000010300000001000000230000003AD0D99D7CF85E4098621D94249424405BBCB8E181F85E4093AFEF9FEA932440638F5EDC83F85E4016D7CD58B6932440054F59228AF85E40BD3611EA8E93244064DA799D8EF85E40D9C88943839324404EFDE5828FF85E409261DCA83D932440AC8806FE93F85E4076FB1F6634932440511D9C8097F85E40246995C46A932440E47CDE1F9BF85E400E6E48A074932440DF9E895F9EF85E4038098FFD7C932440DF9E895F9EF85E40BD3611EA8E932440D08BE1BBA1F85E4009038A6FA193244082059140A6F85E405CA93924CF9324407D2413A2B0F85E405CA93924CF932440CFF060BEC2F85E40B515FBF4B39324405D724E9DC9F85E40CBFCD3F3859324408C681B01CCF85E40246995C46A9324406AA478A2D0F85E40E3CD9D79229324406AA478A2D0F85E403660281BEC92244018EA08E0D2F85E40E738ABBCB59224408D88D1FED3F85E40BEBE7A54889224408D88D1FED3F85E406997FDF5519224407C589C3BC8F85E40C9BB00F10F92244017CD7BC0C3F85E40FFC1057FEB912440540FC4DCA3F85E400B00C7ADEC902440540FC4DCA3F85E406B324B88C89024402613FC8085F85E40A73F9DC4D48F2440110E2C817CF85E40BBE0D7E8CD902440B188891D3FF85E40E874CC640C952440BB55B1007AF85E40F22B6514FB95244046B7E8E178F85E409E1C30A78B95244031D2CEDF77F85E40CE7795DA44952440BD2A4C3D77F85E4051C0D89AAB9424409F44FE9E78F85E4059153940899424403AD0D99D7CF85E4098621D9424942440
61	69151	PHL	Pilipinas	Cebu			PH.CB	RP21		Lalawigan|Probinsya	Province	Unknown	Present		Cebu City			PH.CB.CB			Lungsod|Siyudad	City	Unknown	Present		T. Padilla	t-padilla			Barangay	Village	Unknown	Present														0.0134828772396	1.1240926915199999e-005	T. Padilla	072217078	0106000020E610000001000000010300000001000000080000000393D2E34DFA5E40CBD1892A659924403814535F40FA5E40CF01198C089824403C8D281D1CFA5E4091FB6210ED972440F29380FB0BFA5E402684E9D522982440B720D8230DFA5E4070DDC67E8A9824403864B89B14FA5E404EF967E33099244044A2C50214FA5E4080817B06FC9924400393D2E34DFA5E40CBD1892A65992440
56	69136	PHL	Pilipinas	Cebu			PH.CB	RP21		Lalawigan|Probinsya	Province	Unknown	Present		Cebu City			PH.CB.CB			Lungsod|Siyudad	City	Unknown	Present		Tejero (Villa Gonzalo)	tejero			Barangay	Village	Unknown	Present														0.0198180350539	1.62619043119e-005	Tejero (Villa Gonzalo)	072217083	0106000020E6100000010000000103000000010000001E000000A6AF6F809DFA5E40311381BD859A24406DDD429E99FA5E403E4AF53D569A244077C451E295FA5E4090A8352F1D9A24400BFC579C8FFA5E4006A76F59F69924409994D7A289FA5E40145FB183CF99244034CCDD5C83FA5E40C8F51983B8992440875BE85B7EFA5E40A9089D50A09924408266972179FA5E4080A2E00D97992440DF2AF50374FA5E406B36318587992440A4FFD4BC71FA5E403AD074427E992440823E5B3C6FFA5E40CE584A1A7499244025B33AC16AFA5E40A96BCDE75B99244012AC757F66FA5E406399611C43992440A1E2479D62FA5E402C93ABA027992440862A88A05FFA5E4014D5C54208992440A61990C25DFA5E408D208366E798244087FF22DD5CFA5E40FBB5E8C5BE9824407B2C7DE25AFA5E40B2C590D598982440641BCA8059FA5E40F212261774982440216B48DE58FA5E4087F64EDA4D982440F5A89AC158FA5E400708CF0724982440ACCC7FBF57FA5E4091FB6210ED97244045630A8456FA5E40CD6CD7BCDB97244095BEF53B4FFA5E40BB611F53F69724403814535F40FA5E40CF01198C089824400393D2E34DFA5E40CBD1892A659924403B31E07E4FFA5E408C7765E2929A2440774BFF4365FA5E40E19F723E709B2440F335C0FB98FA5E4023810864919A2440A6AF6F809DFA5E40311381BD859A2440
16	68523	PHL	Pilipinas	Cebu			PH.CB	RP21		Lalawigan|Probinsya	Province	Unknown	Present		Cebu City			PH.CB.CB			Lungsod|Siyudad	City	Unknown	Present		Binaliw	binaliw			Barangay	Village	Unknown	Present														0.104627935176	0.00056036668877099995	Binaliw	072217010	0106000020E6100000010000000103000000010000000C000000D730EABC39FB5E408D0124D661DE244008FC515D39FB5E40BCFEC16E42DB244036FE012334FB5E403C7CAE7A6FD62440FF348FC42FFB5E40CE671C7924D42440DD78E2DEA1FA5E408676839D17D32440C46CD6FB95F95E40ABF0394525CC2440FCA8A000AFF95E4013C2A7CF0FD02440A11B8B43AFF95E40F85CDD652DD124405922E3219FF95E401A44E1125FD824402EA36DDB7BFA5E409D0D6C3DEEDE24402547A21D04FB5E403169441312DE2440D730EABC39FB5E408D0124D661DE2440
47	69107	PHL	Pilipinas	Cebu			PH.CB	RP21		Lalawigan|Probinsya	Province	Unknown	Present		Cebu City			PH.CB.CB			Lungsod|Siyudad	City	Unknown	Present		Carreta	carreta			Barangay	Village	Unknown	Present														0.027588867273100001	3.6452679511599999e-005	Carreta	072217021	0106000020E610000001000000010300000001000000130000002DB887A1C8FA5E40D14A1299929B24407334EAFCC6FA5E409315C5487E9B24408A504C24C3FA5E4052EB2F624F9B244025910C62BCFA5E40E9C088334B9B2440273B42DBB6FA5E402F85731F469B24407623403FB0FA5E40F17EBDA32A9B244040638764ABFA5E40F9703CC40C9B2440B8DFA443A9FA5E4085903DD1009B24408EE9D7DFA6FA5E408A7251ACF39A244090BE721CA4FA5E4083C7B151D19A24403E0FB21FA1FA5E40B264E214AB9A2440A6AF6F809DFA5E40311381BD859A2440F335C0FB98FA5E4023810864919A2440774BFF4365FA5E40E19F723E709B2440BD1BBA0319FA5E40B1BB13A3169C2440D07C4F8243FA5E40BD84E880829E2440B112FA40C3FA5E40A72621E6A99B2440358D22DEC5FA5E4053C23CC19C9B24402DB887A1C8FA5E40D14A1299929B2440
37	68940	PHL	Pilipinas	Cebu			PH.CB	RP21		Lalawigan|Probinsya	Province	Unknown	Present		Cebu City			PH.CB.CB			Lungsod|Siyudad	City	Unknown	Present		Buot-Taup Pardo	buot-taup-pardo			Barangay	Village	Unknown	Present														0.15593782984400001	0.00116614022453	Buot-Taup Pardo	072217016	0106000020E6100000010000000103000000010000003A0000003C55916141F45E406260CE1FE7B2244054A0DBE2B5F45E4085F093402AAC2440FEE76062B3F45E4044003C5004AC24400BC4C0E0B4F45E409EC15DC6C6AB244060A7A024BAF45E40D45E8E89A0AB2440D00E211EC0F45E40C77CC9C06DAB2440F3FD2840BEF45E40CCB33D413EAB2440E8F663FEB9F45E40C310CAA4B3AA244013ED3062BCF45E4004AB800415AA2440876094BDBAF45E402AFA9DD041A924405F5FAE41A8F45E400ED0B85668A82440E89A9E7F98F45E40C894C7D20DA82440D76A69BC8CF45E407B170BBF92A7244044E97BDD85F45E40277FDCE982A7244004FAC1DB72F45E409762554007A8244006DA0BDE6AF45E409B44691BFAA72440983C775B67F45E40F30D192BD4A72440C409D43D62F45E40C55435BB7EA724401DA3CC5C5AF45E40AF88CE7D41A724404D85C6244DF45E409FCA990D62A72440AEF3598042F45E40A95FDBDC8EA72440B1946B2328F45E400D67339E26A824400D2E644220F45E40C894C7D20DA82440F14A3F821AF45E402B408BBDDAA7244016C4C61F0BF45E40FF44DCBD64A72440DF063723FFF35E40BF46B4DB60A7244020BAE1A3F8F35E40A95FDBDC8EA72440F24C3A036CF35E4024EAE92C16A72440C11B2503A4F25E40DF1E63802AA82440A6E235BC98F25E400D61405820A82440A7F9C7E38BF25E407EE63A7208A82440083DF67B7EF25E40D1A75CE8CAA72440CBD1C0FD41F25E40CC6FA77C13A7244073F98F7F37F25E40994B05DCEAA624408CAE7D6217F25E40D3900C84AEA62440A04ECE5FFFF15E401B47277ECBA62440941B76FD50F15E40C03E264249A7244058913BFE5EF15E402D96C4BE9BAA2440799416BC6CF15E404B08625A18AE2440BE986DA377F15E40245A18A4CBB22440A48AE31F6FF15E40E4F4845050B62440C6429A035AF35E403C2BE22968B22440BB83C7A467F35E40394140B55DB2244091AA876074F35E40EC7C55C962B224406C03722188F35E40A315F740DDB124403F4CDD1C98F35E40FAEC764295B124405585CC63A3F35E40265E3A0144B12440BB19A762A7F35E40925E5E91EEB024409869D79FBBF35E40B9517FF74CB124401E35ACA3CFF35E400ACCC1A74FB124408008BF01E6F35E409C6AA6F87AB124409B0B9ABFF3F35E40AC288C569AB1244061815FC001F45E40187712F0B1B124404D8D397E0FF45E40F9A5486A15B2244040CE661F1DF45E4024758A6560B22440C4651CDC2EF45E4054E9C78787B2244056107A3C3DF45E40ED536228B0B224403C55916141F45E406260CE1FE7B22440
21	68662	PHL	Pilipinas	Cebu			PH.CB	RP21		Lalawigan|Probinsya	Province	Unknown	Present		Cebu City			PH.CB.CB			Lungsod|Siyudad	City	Unknown	Present		Apas	apas			Barangay	Village	Unknown	Present														0.026487321466	4.2274510082100001e-005	Apas	072217003	0106000020E6100000010000000103000000010000000E000000976B672182FA5E40E9A28B5CE4AC2440549080BB7EFA5E405C7B6445DCAA2440724245C065FA5E40354DC5FD8DA92440317BC7A35CFA5E4024D1AA2F8FA924406527ADE251FA5E40E06DB762BEA924404B19235F49FA5E406064C5CEFFA92440CB7395FE43FA5E40ADD300035DAA24402237BF4441FA5E40F2584BB0EFAA2440F74CD54237FA5E40C6A5BC6120AB24403EA4BA440FFA5E409411F947C5AB2440B720D8230DFA5E400A87EAF73DAC2440794B826310FA5E40DA2B85C484AC24405AD8F5BD3BFA5E407B640879B8AE2440976B672182FA5E40E9A28B5CE4AC2440
51	69121	PHL	Pilipinas	Cebu			PH.CB	RP21		Lalawigan|Probinsya	Province	Unknown	Present		Cebu City			PH.CB.CB			Lungsod|Siyudad	City	Unknown	Present		Santa Cruz	santa-cruz			Barangay	Village	Unknown	Present														0.021207181143199999	2.50521086824e-005	Santa Cruz (Pob.)	072217070	0106000020E61000000100000001030000000100000007000000AC6188E4C5F95E40F2C4AA90C3992440BB3188207AF95E40A673AA9333992440448D2E5C72F95E403934E6C4209A24403972967E5EF95E4017A769A5729C2440865D66FC7AF95E40A853CFD5BB9C2440F84ED0C388F95E40C2FB56A8E59C2440AC6188E4C5F95E40F2C4AA90C3992440
32	68849	PHL	Pilipinas	Cebu			PH.CB	RP21		Lalawigan|Probinsya	Province	Unknown	Present		Cebu City			PH.CB.CB			Lungsod|Siyudad	City	Unknown	Present		Busay	busay			Barangay	Village	Unknown	Present														0.10661292617199999	0.00047559271475599999	Busay (Pob.)	072217017	0106000020E6100000010000000103000000010000000C0000007911EB439DF95E40D6D2DE5DCEB524406F5813DDC6F95E40E72B616024B42440F7F8821DD8F95E408D2F101B32B3244032DF829BEBF95E40FE58765E4FB224408AC4E07FEDF85E40A8B32545E5AD2440FC42F3A0E6F85E4055DA05BD82B124405FBAC39F86F85E409CC9477021B8244083B7A9A4CEF75E401CC361FC53BD2440DCA084E0EFF75E40098722A420C024401C850CFD5CF85E4051CE5C10F2C1244050BFDB8024F95E40FEFB14A939BA24407911EB439DF95E40D6D2DE5DCEB52440
2	65236	PHL	Pilipinas	Cebu			PH.CB	RP21		Lalawigan|Probinsya	Province	Unknown	Present		Cebu City			PH.CB.CB			Lungsod|Siyudad	City	Unknown	Present		Camputhaw	camputhaw			Barangay	Village	Unknown	Present														0.034896390421199998	6.9484269913399995e-005	Camputhaw (Pob.)	072217036	0106000020E61000000100000001030000000100000017000000C15A7582D6F95E40944D0DF298A124400F0A367FD9F95E40E0E449EE81A0244053BAB721DAF95E40D4BA1562E89F244001F78DDBDCF95E4095031C58649F244095B87D63DEF95E40A83A90D8349F24409D4EE040C9F95E40A7412C99259E2440BA09C91BC5F95E400681F067389D2440252E0B0098F95E400B5583630D9D244037CB321F87F95E40609FE79FAC9E24406F77185E7CF95E403766D94CB59F2440CE4430C476F95E40516451C263A0244050743DA06EF95E4063C5F9CECDA02440448D2E5C72F95E409F4A938E20A12440F3E950C167F95E40617F0CE234A224404C82154462F95E405BAC09E406A324407C17695B64F95E40C29D031AA9A32440778CB54374F95E4058180900C1A3244078DAA21EA2F95E4067E4BE4FBEA32440E7B7A39CB5F95E40367E020DB5A32440C3F0D75FC1F95E409C9C61D42CA32440D5ECEDDBCAF95E40CF3618348EA2244047B3F2DFD5F95E40B56CEA6EE2A12440C15A7582D6F95E40944D0DF298A12440
44	69070	PHL	Pilipinas	Cebu			PH.CB	RP21		Lalawigan|Probinsya	Province	Unknown	Present		Cebu City			PH.CB.CB			Lungsod|Siyudad	City	Unknown	Present		Mabolo	mabolo			Barangay	Village	Unknown	Present														0.069401322247700001	0.00022647667726399999	Mabolo	072217046	0106000020E61000000100000001030000000100000036000000464A7DDB11FB5E40A59DEB1D50A62440E3BE5C600DFB5E409302061BDDA52440FB98C79C13FB5E406F8873D72FA52440C6ECE15D1EFB5E4003C3E6A5B8A42440C70C985B26FB5E40E4D70346C7A3244023A3679C25FB5E40650DB2F070A3244018C7071E24FB5E40875F9832D6A224400BF4612322FB5E40DE1DF13260A22440FCE9730325FB5E4040607E77ABA1244051A5176220FB5E4063C5F9CECDA02440EAB084BC19FB5E402FCA4ACF57A024409B2D5D1F17FB5E4015DFB70211A02440E6E7CCE114FB5E4087B45FE6CC9F2440FDC1371E1BFB5E406FB3BDA0509F24409E1F857B23FB5E4045D6FAC5E79E24409B4AEA3E26FB5E4088D9E7CBCA9E244003E87EC129FB5E400FF15A3FA79E244012E6897F2EFB5E40D2532A7CCD9E244042D1A71D36FB5E40514A38E80E9F2440A465821C3AFB5E400FE4695D309F2440D35B4F803CFB5E40834D13A61C9F24400C25C2DE40FB5E40AE00A2F4EB9E2440085027A243FB5E40C1FDD87EB39E2440B397AC2141FB5E40D21661DA769E24402516BF423AFB5E40550AF5E23F9E24401011EF4231FB5E404FC2360D199E2440F20265BF28FB5E405751D4A8FF9D2440BD0E8D9D21FB5E40F99AB9AEE29D2440A63422611BFB5E4056E84EF0BD9D2440E0B279FE14FB5E404DBCE1EB929D2440C9D80EC20EFB5E407685CEC5579D24407B2A826109FB5E4060480524019D2440CEB98C6004FB5E4069215D43B59C24401640DDDBFFFA5E4054BBA000AC9C24405E27A7A3FBFA5E40516377E5959C2440013B0DDCF6FA5E40928768987E9C244042191D20F3FA5E4017448820779C24401F01A57CEDFA5E404B8940B67A9C244003529F03EAFA5E40A74D2BA2759C2440163AE2E3E3FA5E4045B5FCCC659C24409B69EFBFDBFA5E405BA2C8113E9C24405290FD9BD3FA5E405AD06E8EFA9B2440E2FD17DFCAFA5E4080DE50C8AD9B24402DB887A1C8FA5E40CA4A1299929B2440358D22DEC5FA5E4053C23CC19C9B2440B112FA40C3FA5E40982621E6A99B2440D07C4F8243FA5E40BD84E880829E2440BB0428DC25FA5E40F16EE59B9EA024406583726173FA5E40B4402E58F7A12440EAA1D57F54FA5E40B8B361A59EA32440912F526112FB5E4002DACE7AD1A72440CE017F4316FB5E4085565CEB3AA72440E6E7CCE114FB5E409492E4A1AAA62440464A7DDB11FB5E40A59DEB1D50A62440
42	69042	PHL	Pilipinas	Cebu			PH.CB	RP21		Lalawigan|Probinsya	Province	Unknown	Present		Cebu City			PH.CB.CB			Lungsod|Siyudad	City	Unknown	Present		Guadalupe	guadalupe			Barangay	Village	Unknown	Present														0.119042897671	0.000833221896392	Guadalupe	072217029	0106000020E6100000010000000103000000010000002600000081D2350436F95E40228818311EA32440EB3BAB3F37F95E40A5D05BF184A224400B2BB36135F95E40AD95DD0F95A124405CBABD6030F95E40E78F9A36E4A02440E54983E32AF95E4086F62A76ED9F24400E3796C32DF95E404271E0C85A9F2440B647D31D30F95E40C10B5A5ED19E24405CBABD6030F95E4036C224C5439E24407BA9C5822EF95E4038E89D027E9D24404B8A889D24F95E4047AD1F218E9C24409B50DBC11AF95E40538EF2109A9B244048C153E2CAF85E409E6107579D9A244026C8E0BF7AF85E40B8D452A09D9924405AB3817D2DF85E401CDF1E112A9D24401DCF7C806BF75E40F41F485BCE9C24400CE7BCBF1CF75E400D35A8A595A024402971C2BF4EF75E406596AB5811A3244060593A9F08F75E40B4626D3C60A52440E0B3AC3E03F75E40D09F36DEB6A52440AFE8449E03F75E40C9C1DCD038A62440962D5CC307F75E4009C0B5A07CA624408B8067BE29F75E405ADEFC6B9BA82440BDC74ADB52F75E40A960CDB5B5A82440541B241FF1F85E40B81344082CAB244088BB26FCEDF85E40A2BDA27767AA24405724DEA2F0F85E40026BEEEC85A92440F2A3D63FFCF85E40FFF01EDFEDA824408C0CD362FFF85E4078830ADB4CA82440E3D62B3D16F95E40FD4C6A577CA72440F0FF9BBE1DF95E409492E4A1AAA62440B653B67F28F95E407FBEA0B895A6244044AA3E9B2CF95E40749FC33B4CA6244047D5A35E2FF95E40E461D6094BA6244047D5A35E2FF95E40D400DFEA20A6244072CB70C231F95E40ABE1508097A52440C55A7BC12CF95E404E69965AE6A4244095BA78E42FF95E40ECAE10A514A4244081D2350436F95E40228818311EA32440
30	68789	PHL	Pilipinas	Cebu			PH.CB	RP21		Lalawigan|Probinsya	Province	Unknown	Present		Cebu City			PH.CB.CB			Lungsod|Siyudad	City	Unknown	Present		Bacayan	bacayan			Barangay	Village	Unknown	Present														0.041038710427899999	0.000102698655937	Bacayan	072217006	0106000020E61000000100000001030000000100000005000000DB1C17212AFB5E40727F4BD816C524405885616418FB5E40CAB5F7C3EEC02440B309C3DC6EFA5E40F8522887C8C02440371D8AC394FA5E40B561BA591BC72440DB1C17212AFB5E40727F4BD816C52440
39	68980	PHL	Pilipinas	Cebu			PH.CB	RP21		Lalawigan|Probinsya	Province	Unknown	Present		Cebu City			PH.CB.CB			Lungsod|Siyudad	City	Unknown	Present		Lahug	lahug			Barangay	Village	Unknown	Present														0.094035014050599997	0.00046374225179600002	Lahug (Pob.)	072217041	0106000020E6100000010000000103000000010000002A0000005AD8F5BD3BFA5E406C640879B8AE2440794B826310FA5E40DA2B85C484AC2440B720D8230DFA5E400387EAF73DAC24403EA4BA440FFA5E409411F947C5AB2440F74CD54237FA5E40C6A5BC6120AB24402237BF4441FA5E40F2584BB0EFAA2440C87395FE43FA5E40ADD300035DAA24404B19235F49FA5E405964C5CEFFA924406227ADE251FA5E40D96DB762BEA92440317BC7A35CFA5E4024D1AA2F8FA92440724245C065FA5E402E4DC5FD8DA9244021C7907C25FA5E404DCD07DD88A52440C3DFAA82FFF95E40A8BAFD658FA224403316CBC0E6F95E40A2C4629CB8A12440C15A7582D6F95E407F4D0DF298A1244047B3F2DFD5F95E40B56CEA6EE2A12440D5ECEDDBCAF95E40C83618348EA22440C3F0D75FC1F95E409C9C61D42CA32440E7B7A39CB5F95E40367E020DB5A3244078DAA21EA2F95E4067E4BE4FBEA32440778CB54374F95E4051180900C1A324407C17695B64F95E40C29D031AA9A32440900A5B0159F95E40D12F7C739DA3244081D2350436F95E40228818311EA3244095BA78E42FF95E40ECAE10A514A42440C55A7BC12CF95E404E69965AE6A4244072CB70C231F95E40ABE1508097A5244047D5A35E2FF95E40D400DFEA20A6244047D5A35E2FF95E40E461D6094BA6244044AA3E9B2CF95E40749FC33B4CA62440B653B67F28F95E407FBEA0B895A62440F0FF9BBE1DF95E409492E4A1AAA62440E3D62B3D16F95E40FD4C6A577CA724408C0CD362FFF85E4078830ADB4CA82440F2A3D63FFCF85E40FFF01EDFEDA824405724DEA2F0F85E40026BEEEC85A9244088BB26FCEDF85E40A2BDA27767AA2440541B241FF1F85E40B81344082CAB24408AC4E07FEDF85E40A8B32545E5AD244032DF829BEBF95E40FE58765E4FB22440F29380FB0BFA5E40A384D7CE28B024405AD8F5BD3BFA5E406C640879B8AE2440
\.


--
-- Data for Name: cebuMap_cebubarangays_deceased; Type: TABLE DATA; Schema: public; Owner: postgres
--

COPY public."cebuMap_cebubarangays_deceased" (id, cebubarangays_id, patient_id) FROM stdin;
\.


--
-- Data for Name: cebuMap_cebubarangays_for_screening; Type: TABLE DATA; Schema: public; Owner: postgres
--

COPY public."cebuMap_cebubarangays_for_screening" (id, cebubarangays_id, patient_id) FROM stdin;
5	42	80
6	39	88
7	30	93
9	52	94
\.


--
-- Data for Name: cebuMap_cebubarangays_hiv_pop; Type: TABLE DATA; Schema: public; Owner: postgres
--

COPY public."cebuMap_cebubarangays_hiv_pop" (id, cebubarangays_id, patient_id) FROM stdin;
37	52	83
41	42	80
42	39	89
43	44	92
49	44	77
50	44	78
\.


--
-- Data for Name: cebuMap_cebubarangays_migrated; Type: TABLE DATA; Schema: public; Owner: postgres
--

COPY public."cebuMap_cebubarangays_migrated" (id, cebubarangays_id, patient_id) FROM stdin;
\.


--
-- Data for Name: cebuMap_cebubarangays_stage_0; Type: TABLE DATA; Schema: public; Owner: postgres
--

COPY public."cebuMap_cebubarangays_stage_0" (id, cebubarangays_id, patient_id) FROM stdin;
\.


--
-- Data for Name: cebuMap_cebubarangays_stage_1; Type: TABLE DATA; Schema: public; Owner: postgres
--

COPY public."cebuMap_cebubarangays_stage_1" (id, cebubarangays_id, patient_id) FROM stdin;
11	52	83
16	44	77
\.


--
-- Data for Name: cebuMap_cebubarangays_stage_2; Type: TABLE DATA; Schema: public; Owner: postgres
--

COPY public."cebuMap_cebubarangays_stage_2" (id, cebubarangays_id, patient_id) FROM stdin;
15	39	89
16	44	92
17	44	78
\.


--
-- Data for Name: cebuMap_cebubarangays_stage_3; Type: TABLE DATA; Schema: public; Owner: postgres
--

COPY public."cebuMap_cebubarangays_stage_3" (id, cebubarangays_id, patient_id) FROM stdin;
\.


--
-- Data for Name: cebuMap_cebumap; Type: TABLE DATA; Schema: public; Owner: postgres
--

COPY public."cebuMap_cebumap" (id, location) FROM stdin;
10	0101000020E6100000C45BE7DF2EF85E40AB92C83EC89A2440
\.


--
-- Data for Name: cebuMap_incidence; Type: TABLE DATA; Schema: public; Owner: postgres
--

COPY public."cebuMap_incidence" (id, name, address, city, location) FROM stdin;
\.


--
-- Data for Name: django_admin_log; Type: TABLE DATA; Schema: public; Owner: postgres
--

COPY public.django_admin_log (id, action_time, object_id, object_repr, action_flag, change_message, content_type_id, user_id) FROM stdin;
1	2019-11-04 19:45:00.146074+08	1	Dr. Robot	1	[{"added": {}}]	18	1
2	2019-11-04 19:45:02.353019+08	1	cali	1	[{"added": {}}]	16	1
3	2019-11-04 19:45:07.770146+08	1	cali	1	[{"added": {}}]	19	1
4	2019-11-04 22:00:47.288835+08	4	rina	2	[{"changed": {"fields": ["password"]}}]	19	1
5	2019-11-05 23:02:18.847644+08	1	salvador dala	2	[]	21	1
6	2019-11-06 17:51:25.354842+08	1	CebuMap object (1)	1	[{"added": {}}]	24	1
7	2019-11-06 17:51:53.366782+08	1	CebuMap object (1)	2	[{"changed": {"fields": ["ceb_map"]}}]	24	1
8	2019-11-06 18:07:52.795624+08	2	CebuMap object (2)	1	[{"added": {}}]	24	1
9	2019-11-06 18:20:26.424112+08	3	CebuMap object (3)	1	[{"added": {}}]	24	1
10	2019-11-06 18:21:30.957891+08	4	CebuMap object (4)	1	[{"added": {}}]	24	1
11	2019-11-06 18:27:08.626258+08	5	CebuMap object (5)	1	[{"added": {}}]	24	1
12	2019-11-06 18:33:13.259222+08	6	CebuMap object (6)	1	[{"added": {}}]	24	1
13	2019-11-06 18:37:50.705953+08	7	CebuMap object (7)	1	[{"added": {}}]	24	1
14	2019-11-06 18:42:20.607077+08	6	CebuMap object (6)	2	[{"changed": {"fields": ["location"]}}]	24	1
15	2019-11-06 18:42:38.070109+08	8	CebuMap object (8)	1	[{"added": {}}]	24	1
16	2019-11-06 18:53:51.264931+08	8	CebuMap object (8)	2	[{"changed": {"fields": ["ceb_map"]}}]	24	1
17	2019-11-06 19:06:57.916876+08	http://localhost:8000	CebuMap object (http://localhost:8000)	1	[{"added": {}}]	24	1
18	2019-11-06 19:17:06.078608+08	10	CebuMap object (10)	1	[{"added": {}}]	24	1
19	2019-11-06 19:22:05.015088+08	9	CebuMap object (9)	3		24	1
20	2019-11-06 19:22:05.055044+08	8	CebuMap object (8)	3		24	1
21	2019-11-06 19:22:05.060031+08	7	CebuMap object (7)	3		24	1
22	2019-11-06 19:22:05.063837+08	6	CebuMap object (6)	3		24	1
23	2019-11-06 19:22:05.066377+08	5	CebuMap object (5)	3		24	1
24	2019-11-06 19:22:05.069953+08	4	CebuMap object (4)	3		24	1
25	2019-11-06 19:22:05.073415+08	3	CebuMap object (3)	3		24	1
26	2019-11-06 19:22:05.076598+08	2	CebuMap object (2)	3		24	1
27	2019-11-06 19:22:05.079472+08	1	CebuMap object (1)	3		24	1
28	2019-11-07 17:22:17.568186+08	10	shem	2	[{"changed": {"fields": ["username"]}}]	19	1
29	2019-11-10 17:29:53.603707+08	8	kalin	3		8	1
30	2019-11-10 17:29:53.616067+08	7	kalin	3		8	1
31	2019-11-10 17:29:53.617075+08	6	kalin	3		8	1
32	2019-11-11 14:59:47.251929+08	19	Patient	3		11	1
33	2019-11-11 14:59:47.267481+08	18	Patient	3		11	1
34	2019-11-11 14:59:47.270393+08	17	Patient	3		11	1
35	2019-11-11 14:59:47.272394+08	16	Patient	3		11	1
36	2019-11-11 14:59:47.275391+08	15	Patient	3		11	1
37	2019-11-11 14:59:47.277454+08	14	Patient	3		11	1
38	2019-11-11 14:59:47.280171+08	13	Patient	3		11	1
39	2019-11-11 14:59:47.282196+08	12	Patient	3		11	1
40	2019-11-11 14:59:47.28419+08	11	Patient	3		11	1
41	2019-11-11 14:59:47.286194+08	10	Patient	3		11	1
42	2019-11-11 14:59:47.288193+08	9	Patient	3		11	1
43	2019-11-11 14:59:47.291192+08	8	Patient	3		11	1
44	2019-11-11 14:59:47.293353+08	7	Patient	3		11	1
45	2019-11-11 14:59:47.29513+08	6	Patient	3		11	1
46	2019-11-11 14:59:47.296991+08	5	Patient	3		11	1
47	2019-11-11 14:59:47.298259+08	4	Patient	3		11	1
48	2019-11-11 14:59:47.300046+08	3	Patient	3		11	1
49	2019-11-11 14:59:47.30205+08	2	Patient	3		11	1
50	2019-11-11 14:59:47.303987+08	1	Patient	3		11	1
51	2019-11-11 15:00:01.115071+08	2	nelia calderon	3		9	1
52	2019-11-11 15:00:34.223561+08	13	rina	3		8	1
53	2019-11-11 15:00:34.231936+08	12	kalin	3		8	1
54	2019-11-11 15:00:34.233936+08	11	kalin	3		8	1
55	2019-11-11 15:00:34.236933+08	10	kalin	3		8	1
56	2019-11-11 15:00:34.238944+08	9	kalin	3		8	1
57	2019-11-11 15:00:34.241943+08	5	kalin	3		8	1
58	2019-11-11 15:00:34.244004+08	4	rina	3		8	1
59	2019-11-11 15:00:34.246027+08	3	rina	3		8	1
60	2019-11-11 15:00:34.248025+08	2	rina	3		8	1
61	2019-11-11 15:00:34.250098+08	1	rina	3		8	1
62	2019-11-11 15:00:56.214447+08	86	nelia calderon	3		10	1
63	2019-11-11 15:00:56.222665+08	85	nelia calderon	3		10	1
64	2019-11-11 15:00:56.225355+08	84	nelia calderon	3		10	1
65	2019-11-11 15:00:56.227348+08	83	nelia calderon	3		10	1
66	2019-11-11 15:00:56.23012+08	82	nelia calderon	3		10	1
67	2019-11-11 15:00:56.232144+08	81	nelia calderon	3		10	1
68	2019-11-11 15:00:56.233962+08	80	nelia calderon	3		10	1
69	2019-11-11 15:00:56.235671+08	79	nelia calderon	3		10	1
70	2019-11-11 15:00:56.237793+08	78	nelia calderon	3		10	1
71	2019-11-11 15:00:56.239657+08	77	nelia calderon	3		10	1
72	2019-11-11 15:00:56.241791+08	76	nelia calderon	3		10	1
73	2019-11-11 15:00:56.24366+08	75	nelia calderon	3		10	1
74	2019-11-11 15:00:56.245791+08	74	nelia calderon	3		10	1
75	2019-11-11 15:00:56.247704+08	73	nelia calderon	3		10	1
76	2019-11-11 15:00:56.249733+08	72	nelia calderon	3		10	1
77	2019-11-11 15:00:56.251655+08	71	nelia calderon	3		10	1
78	2019-11-11 15:00:56.253008+08	70	nelia calderon	3		10	1
79	2019-11-11 15:00:56.25497+08	69	nelia calderon	3		10	1
80	2019-11-11 15:00:56.256659+08	68	nelia calderon	3		10	1
81	2019-11-11 15:00:56.258699+08	67	nelia calderon	3		10	1
82	2019-11-11 15:00:56.260657+08	66	nelia calderon	3		10	1
83	2019-11-11 15:00:56.262655+08	65	nelia calderon	3		10	1
84	2019-11-11 15:00:56.264698+08	64	nelia calderon	3		10	1
85	2019-11-11 15:00:56.266769+08	63	nelia calderon	3		10	1
86	2019-11-11 15:00:56.268713+08	62	nelia calderon	3		10	1
87	2019-11-11 15:00:56.270673+08	61	nelia calderon	3		10	1
88	2019-11-11 15:00:56.272661+08	60	nelia calderon	3		10	1
89	2019-11-11 15:00:56.274689+08	59	nelia calderon	3		10	1
90	2019-11-11 15:00:56.276657+08	58	nelia calderon	3		10	1
91	2019-11-11 15:00:56.278656+08	57	nelia calderon	3		10	1
92	2019-11-11 15:00:56.279907+08	56	nelia calderon	3		10	1
93	2019-11-11 15:00:56.281856+08	55	nelia calderon	3		10	1
94	2019-11-11 15:00:56.283864+08	54	nelia calderon	3		10	1
95	2019-11-11 15:00:56.285914+08	53	nelia calderon	3		10	1
96	2019-11-11 15:00:56.287857+08	52	nelia calderon	3		10	1
97	2019-11-11 15:00:56.288916+08	51	nelia calderon	3		10	1
98	2019-11-11 15:00:56.290912+08	50	nelia calderon	3		10	1
99	2019-11-11 15:00:56.29294+08	49	nelia calderon	3		10	1
100	2019-11-11 15:00:56.29486+08	48	nelia calderon	3		10	1
101	2019-11-11 15:00:56.296926+08	47	nelia calderon	3		10	1
102	2019-11-11 15:00:56.298404+08	46	nelia calderon	3		10	1
103	2019-11-11 15:00:56.300409+08	45	nelia calderon	3		10	1
104	2019-11-11 15:00:56.302357+08	44	nelia calderon	3		10	1
105	2019-11-11 15:00:56.30441+08	43	nelia calderon	3		10	1
106	2019-11-11 15:00:56.309404+08	42	nelia calderon	3		10	1
107	2019-11-11 15:00:56.311658+08	41	nelia calderon	3		10	1
108	2019-11-11 15:00:56.313383+08	40	nelia calderon	3		10	1
109	2019-11-11 15:00:56.315133+08	39	nelia calderon	3		10	1
110	2019-11-11 15:00:56.317092+08	38	nelia calderon	3		10	1
111	2019-11-11 15:00:56.319114+08	37	nelia calderon	3		10	1
112	2019-11-11 15:00:56.321078+08	36	nelia calderon	3		10	1
113	2019-11-11 15:00:56.32235+08	35	nelia calderon	3		10	1
114	2019-11-11 15:00:56.325084+08	34	nelia calderon	3		10	1
115	2019-11-11 15:00:56.327118+08	33	nelia calderon	3		10	1
116	2019-11-11 15:00:56.329077+08	32	nelia calderon	3		10	1
117	2019-11-11 15:00:56.330867+08	31	nelia calderon	3		10	1
118	2019-11-11 15:00:56.332808+08	30	nelia calderon	3		10	1
119	2019-11-11 15:00:56.334569+08	29	nelia calderon	3		10	1
120	2019-11-11 15:00:56.336908+08	28	nelia calderon	3		10	1
121	2019-11-11 15:00:56.338862+08	27	nelia calderon	3		10	1
122	2019-11-11 15:00:56.340922+08	26	nelia calderon	3		10	1
123	2019-11-11 15:00:56.342339+08	25	nelia calderon	3		10	1
124	2019-11-11 15:00:56.34412+08	24	nelia calderon	3		10	1
125	2019-11-11 15:00:56.346164+08	23	nelia calderon	3		10	1
126	2019-11-11 15:00:56.348164+08	22	nelia calderon	3		10	1
127	2019-11-11 15:00:56.350217+08	21	nelia calderon	3		10	1
128	2019-11-11 15:00:56.351162+08	20	nelia calderon	3		10	1
129	2019-11-11 15:00:56.353157+08	19	nelia calderon	3		10	1
130	2019-11-11 15:00:56.355164+08	18	nelia calderon	3		10	1
131	2019-11-11 15:00:56.357162+08	17	nelia calderon	3		10	1
132	2019-11-11 15:00:56.359166+08	16	nelia calderon	3		10	1
133	2019-11-11 15:00:56.361692+08	15	nelia calderon	3		10	1
134	2019-11-11 15:00:56.363576+08	14	nelia calderon	3		10	1
135	2019-11-11 15:00:56.365532+08	13	nelia calderon	3		10	1
136	2019-11-11 15:00:56.366951+08	12	nelia calderon	3		10	1
137	2019-11-11 15:00:56.368971+08	11	nelia calderon	3		10	1
138	2019-11-11 15:00:56.370976+08	10	nelia calderon	3		10	1
139	2019-11-11 15:00:56.372977+08	9	nelia calderon	3		10	1
140	2019-11-11 15:00:56.374976+08	8	nelia calderon	3		10	1
141	2019-11-11 15:00:56.377031+08	7	nelia calderon	3		10	1
142	2019-11-11 15:00:56.378184+08	6	nelia calderon	3		10	1
143	2019-11-11 15:00:56.38003+08	5	nelia calderon	3		10	1
144	2019-11-11 15:00:56.382059+08	4	nelia calderon	3		10	1
145	2019-11-11 15:00:56.384036+08	3	nelia calderon	3		10	1
146	2019-11-11 15:00:56.386032+08	2	nelia calderon	3		10	1
147	2019-11-11 15:00:56.387974+08	1	nelia calderon	3		10	1
148	2019-11-11 15:01:11.571682+08	2	nelia calderon	3		12	1
149	2019-11-11 15:01:11.583855+08	1	juan luna	3		12	1
150	2019-11-11 15:03:26.604645+08	13	helena	3		19	1
151	2019-11-11 15:03:26.617889+08	12	dyosa	3		19	1
152	2019-11-11 15:03:26.621951+08	11	salvador	3		19	1
153	2019-11-11 15:03:26.625326+08	10	shem	3		19	1
154	2019-11-11 15:03:26.62871+08	9	sanna	3		19	1
155	2019-11-11 15:03:26.631736+08	8	dyanne	3		19	1
156	2019-11-11 15:03:26.634841+08	4	rina	3		19	1
157	2019-11-11 15:03:26.63766+08	1	cali	3		19	1
158	2019-11-11 15:03:38.312261+08	13	helena	3		16	1
159	2019-11-11 15:03:38.328212+08	12	dyosa	3		16	1
160	2019-11-11 15:03:38.332213+08	11	salvador	3		16	1
161	2019-11-11 15:03:38.335209+08	10	shem	3		16	1
162	2019-11-11 15:03:38.338362+08	9	sanna	3		16	1
163	2019-11-11 15:03:38.341452+08	8	dyanne	3		16	1
164	2019-11-11 15:03:38.34512+08	7	dyanne	3		16	1
165	2019-11-11 15:03:38.347869+08	4	rina	3		16	1
166	2019-11-11 15:03:38.350866+08	3	rina	3		16	1
167	2019-11-11 15:03:38.353869+08	2	rina	3		16	1
168	2019-11-11 15:03:38.356931+08	1	cali	3		16	1
169	2019-11-11 15:03:51.696046+08	13	helena	3		14	1
170	2019-11-11 15:03:51.704737+08	12	kalin	3		14	1
171	2019-11-11 15:03:51.706665+08	11	None	3		14	1
172	2019-11-11 15:03:51.709577+08	10	None	3		14	1
173	2019-11-11 15:03:51.711581+08	9	None	3		14	1
174	2019-11-11 15:03:51.714582+08	8	None	3		14	1
175	2019-11-11 15:03:51.718576+08	7	rina	3		14	1
176	2019-11-11 15:03:51.720573+08	6	None	3		14	1
177	2019-11-11 15:03:51.723579+08	5	None	3		14	1
178	2019-11-11 15:03:51.72558+08	4	None	3		14	1
179	2019-11-11 15:03:51.727577+08	3	None	3		14	1
180	2019-11-11 15:03:51.73059+08	2	None	3		14	1
181	2019-11-11 15:03:51.734591+08	1	None	3		14	1
182	2019-11-11 15:04:04.929625+08	3	helena samka	3		21	1
183	2019-11-11 15:04:04.935892+08	2	dyosa kalin	3		21	1
184	2019-11-11 15:04:04.93896+08	1	salvador dala	3		21	1
185	2019-11-11 15:04:36.074325+08	68	Doctor	3		13	1
186	2019-11-11 15:04:36.088154+08	62	Doctor	3		13	1
187	2019-11-11 15:04:36.09161+08	61	Doctor	3		13	1
188	2019-11-11 15:04:36.095213+08	60	Doctor	3		13	1
189	2019-11-11 15:04:36.098845+08	56	Doctor	3		13	1
190	2019-11-11 15:04:36.101678+08	55	Doctor	3		13	1
191	2019-11-11 15:04:36.105832+08	51	Doctor	3		13	1
192	2019-11-11 15:04:36.108839+08	50	Doctor	3		13	1
193	2019-11-11 15:04:36.111797+08	49	Doctor	3		13	1
194	2019-11-11 15:04:36.114781+08	48	Doctor	3		13	1
195	2019-11-11 15:04:36.118187+08	47	Doctor	3		13	1
196	2019-11-11 15:04:36.12078+08	46	Doctor	3		13	1
197	2019-11-11 15:04:36.123906+08	45	Doctor	3		13	1
198	2019-11-11 15:04:36.127111+08	44	Doctor	3		13	1
199	2019-11-11 15:04:36.129965+08	43	Doctor	3		13	1
200	2019-11-11 15:04:36.132721+08	42	Doctor	3		13	1
201	2019-11-11 15:04:36.135773+08	41	Doctor	3		13	1
202	2019-11-11 15:04:36.137724+08	40	Doctor	3		13	1
203	2019-11-11 15:04:36.140911+08	39	Doctor	3		13	1
204	2019-11-11 15:04:36.143959+08	38	Doctor	3		13	1
205	2019-11-11 15:04:36.146731+08	37	Doctor	3		13	1
206	2019-11-11 15:04:36.14978+08	36	Doctor	3		13	1
207	2019-11-11 15:04:36.152027+08	35	Doctor	3		13	1
208	2019-11-11 15:04:36.15507+08	34	Doctor	3		13	1
209	2019-11-11 15:04:36.158065+08	33	Doctor	3		13	1
210	2019-11-11 15:04:36.161066+08	32	Doctor	3		13	1
211	2019-11-11 15:04:36.164125+08	31	Doctor	3		13	1
212	2019-11-11 15:04:36.166565+08	30	Doctor	3		13	1
213	2019-11-11 15:04:36.16948+08	29	Doctor	3		13	1
214	2019-11-11 15:04:36.172485+08	28	Doctor	3		13	1
215	2019-11-11 15:04:36.17548+08	27	Doctor	3		13	1
216	2019-11-11 15:04:36.179075+08	26	Doctor	3		13	1
217	2019-11-11 15:04:36.182544+08	25	Doctor	3		13	1
218	2019-11-11 15:04:36.18504+08	24	Doctor	3		13	1
219	2019-11-11 15:04:36.187821+08	23	Doctor	3		13	1
220	2019-11-11 15:04:36.191577+08	22	Doctor	3		13	1
221	2019-11-11 15:04:36.194586+08	21	Doctor	3		13	1
222	2019-11-11 15:04:36.196609+08	20	Doctor	3		13	1
223	2019-11-11 15:04:36.199575+08	19	Doctor	3		13	1
224	2019-11-11 15:04:36.203596+08	18	Doctor	3		13	1
225	2019-11-11 15:04:36.207056+08	17	Doctor	3		13	1
226	2019-11-11 15:04:36.211581+08	16	Doctor	3		13	1
227	2019-11-11 15:04:36.214632+08	15	Doctor	3		13	1
228	2019-11-11 15:04:36.217981+08	14	Doctor	3		13	1
229	2019-11-11 15:04:36.220735+08	13	Doctor	3		13	1
230	2019-11-11 15:04:36.223734+08	12	Doctor	3		13	1
231	2019-11-11 15:04:36.22674+08	11	Doctor	3		13	1
232	2019-11-11 15:04:36.229962+08	10	Doctor	3		13	1
233	2019-11-11 15:04:36.232788+08	9	Doctor	3		13	1
234	2019-11-11 15:04:36.235733+08	8	Doctor	3		13	1
235	2019-11-11 15:04:36.238735+08	7	Doctor	3		13	1
236	2019-11-11 15:04:36.242745+08	6	Doctor	3		13	1
237	2019-11-11 15:04:36.245995+08	5	Doctor	3		13	1
238	2019-11-11 15:04:36.248738+08	4	Doctor	3		13	1
239	2019-11-11 15:04:36.251065+08	3	Doctor	3		13	1
240	2019-11-11 15:04:36.253735+08	2	Doctor	3		13	1
241	2019-11-11 15:04:36.257332+08	1	Doctor	3		13	1
242	2019-11-11 15:04:48.007881+08	2	sample 2	3		20	1
243	2019-11-11 15:04:48.016887+08	1	sample 1	3		20	1
244	2019-11-11 15:05:07.71107+08	14	helena	3		15	1
245	2019-11-11 15:05:07.722078+08	13	dyosa  kalin	3		15	1
246	2019-11-11 15:05:07.726063+08	12	salvador	3		15	1
247	2019-11-11 15:05:07.730095+08	11	shem	3		15	1
248	2019-11-11 15:05:07.734066+08	10	sanna	3		15	1
249	2019-11-11 15:05:07.738367+08	9	dyanne	3		15	1
250	2019-11-11 15:05:07.742065+08	7	rina  san	3		15	1
251	2019-11-11 15:05:07.745122+08	6	rina	3		15	1
252	2019-11-11 15:05:07.747473+08	5	rina	3		15	1
253	2019-11-11 15:05:07.750342+08	4	rina	3		15	1
254	2019-11-11 15:05:07.753242+08	3	rina	3		15	1
255	2019-11-11 15:05:07.757063+08	2	rina	3		15	1
256	2019-11-11 15:05:07.76021+08	1	rina	3		15	1
257	2019-11-11 15:15:20.250608+08	3	juan de la cruz	2	[{"changed": {"fields": ["name"]}}]	9	1
258	2019-11-12 01:15:33.206907+08	15	lito	3		19	1
259	2019-11-12 01:16:17.209098+08	15	lito	3		16	1
260	2019-11-12 01:16:36.194937+08	15	lam lam	3		14	1
261	2019-11-12 01:17:23.17223+08	5	lito carami	3		21	1
262	2019-11-12 01:17:34.477063+08	16	lito	3		15	1
263	2019-11-18 13:34:50.469536+08	95	consultation schedule remark	2	[{"changed": {"fields": ["subject", "action_type"]}}]	13	1
264	2019-11-18 13:35:12.279687+08	94	Medical History Edit	2	[{"changed": {"fields": ["action_type"]}}]	13	1
265	2019-11-18 13:35:24.600729+08	93	Medical History Edit	2	[{"changed": {"fields": ["action_type"]}}]	13	1
266	2019-11-18 13:35:36.905585+08	91	Medical History Edit	2	[{"changed": {"fields": ["action_type"]}}]	13	1
267	2019-11-18 13:35:45.938623+08	89	Medical History Edit	2	[{"changed": {"fields": ["action_type"]}}]	13	1
268	2019-11-18 13:35:59.294309+08	88	ICR Remark	2	[{"changed": {"fields": ["action_type"]}}]	13	1
269	2019-11-18 13:36:16.608256+08	87	consultation schedule	2	[{"changed": {"fields": ["action_type"]}}]	13	1
270	2019-11-18 13:36:26.895567+08	87	consultation schedule	2	[{"changed": {"fields": ["action_type"]}}]	13	1
271	2019-11-18 14:02:35.19678+08	95	Consultation Schedule	2	[{"changed": {"fields": ["subject", "action_type"]}}]	13	1
272	2019-11-18 14:03:00.399172+08	94	Medical History	2	[{"changed": {"fields": ["subject", "action_type"]}}]	13	1
273	2019-11-18 14:03:16.641866+08	93	Medical History	2	[{"changed": {"fields": ["subject", "action_type"]}}]	13	1
274	2019-11-18 14:03:38.232359+08	91	Medical History	2	[{"changed": {"fields": ["subject", "action_type"]}}]	13	1
275	2019-11-18 14:04:18.758716+08	90	Medical History	2	[{"changed": {"fields": ["subject", "action_type"]}}]	13	1
276	2019-11-18 14:05:52.460938+08	95	Consultation Schedule	2	[{"changed": {"fields": ["notification"]}}]	13	1
277	2019-11-18 14:06:11.838748+08	95	Consultation Schedule	2	[{"changed": {"fields": ["notification"]}}]	13	1
278	2019-11-18 22:36:15.254474+08	54	Patient Consultation	3		11	1
279	2019-11-18 22:36:15.266184+08	53	Patient Consultation	3		11	1
280	2019-11-19 01:26:46.030217+08	46	lena	3		8	1
281	2019-11-19 01:26:46.048067+08	45	lena	3		8	1
282	2019-11-19 01:26:46.051564+08	44	lena	3		8	1
283	2019-11-19 01:26:46.054814+08	43	lena	3		8	1
284	2019-11-19 01:26:46.058166+08	42	lena	3		8	1
285	2019-11-19 01:26:46.062204+08	41	lena	3		8	1
286	2019-11-19 01:26:46.065225+08	40	lena	3		8	1
287	2019-11-19 01:26:46.068792+08	39	lena	3		8	1
288	2019-11-19 01:26:46.071561+08	38	lena	3		8	1
289	2019-11-19 01:26:46.07455+08	37	lena	3		8	1
290	2019-11-19 01:26:46.076646+08	36	lena	3		8	1
291	2019-11-19 01:26:46.080599+08	35	lena	3		8	1
292	2019-11-19 01:26:46.082554+08	34	lena	3		8	1
293	2019-11-19 01:26:46.085552+08	33	lena	3		8	1
294	2019-11-19 01:26:46.089362+08	32	lena	3		8	1
295	2019-11-19 01:26:46.091781+08	31	lena	3		8	1
296	2019-11-19 01:26:46.094552+08	30	lena	3		8	1
297	2019-11-19 09:53:37.625391+08	49	marray	3		8	1
298	2019-11-19 09:53:37.63987+08	48	marray	3		8	1
299	2019-11-19 09:53:52.285922+08	75	Schedule Request	3		11	1
300	2019-11-19 09:53:52.293921+08	74	Schedule Request	3		11	1
301	2019-11-19 10:09:41.531565+08	76	Schedule Request	3		11	1
302	2019-11-19 10:10:25.759027+08	50	marray	3		8	1
303	2019-11-19 10:46:59.158304+08	146	Consultation Schedule	3		13	1
304	2019-11-19 10:46:59.174603+08	145	Consultation Schedule	3		13	1
305	2019-11-19 10:46:59.177519+08	144	Consultation Schedule	3		13	1
306	2019-11-19 10:46:59.181548+08	143	Consultation Schedule	3		13	1
307	2019-11-19 10:46:59.184554+08	142	Consultation Schedule	3		13	1
308	2019-11-19 10:46:59.187726+08	141	Consultation Schedule	3		13	1
309	2019-11-19 10:46:59.191075+08	140	Consultation Schedule	3		13	1
310	2019-11-19 10:47:52.15188+08	62	marray	3		8	1
311	2019-11-19 10:47:52.163823+08	61	marray	3		8	1
312	2019-11-19 10:47:52.167256+08	60	marray	3		8	1
313	2019-11-19 10:47:52.170059+08	59	marray	3		8	1
314	2019-11-19 10:47:52.174055+08	58	marray	3		8	1
315	2019-11-19 10:47:52.177079+08	57	marray	3		8	1
316	2019-11-19 10:47:52.180998+08	56	marray	3		8	1
317	2019-11-19 10:47:52.183996+08	55	marray	3		8	1
318	2019-11-19 10:47:52.18706+08	54	marray	3		8	1
319	2019-11-19 10:47:52.193001+08	53	marray	3		8	1
320	2019-11-19 10:47:52.196039+08	52	marray	3		8	1
321	2019-11-19 10:47:52.198876+08	51	marray	3		8	1
322	2019-11-19 10:48:52.070772+08	88	Schedule Request	3		11	1
323	2019-11-19 10:48:52.078959+08	87	Schedule Request	3		11	1
324	2019-11-19 10:48:52.080771+08	86	Schedule Request	3		11	1
325	2019-11-19 10:48:52.082771+08	85	Schedule Request	3		11	1
326	2019-11-19 10:48:52.08477+08	84	Schedule Request	3		11	1
327	2019-11-19 10:48:52.086771+08	83	Schedule Request	3		11	1
328	2019-11-19 10:48:52.088768+08	82	Schedule Request	3		11	1
329	2019-11-19 10:48:52.090101+08	81	Schedule Request	3		11	1
330	2019-11-19 10:48:52.091768+08	80	Schedule Request	3		11	1
331	2019-11-19 10:48:52.092767+08	79	Schedule Request	3		11	1
332	2019-11-19 10:48:52.09413+08	78	Schedule Request	3		11	1
333	2019-11-19 10:48:52.09577+08	77	Schedule Request	3		11	1
334	2019-11-19 11:12:43.937096+08	14	maria	2	[{"changed": {"fields": ["pending_schedules"]}}]	19	1
335	2019-11-19 11:29:22.510159+08	152	Consultation Schedule	3		13	1
336	2019-11-19 11:29:39.241257+08	71	marray	3		8	1
337	2019-11-19 11:29:39.252578+08	70	marray	3		8	1
338	2019-11-19 11:29:52.4279+08	97	Schedule Request	3		11	1
339	2019-11-19 11:29:52.434503+08	96	Schedule Request	3		11	1
340	2019-11-19 11:30:51.322556+08	72	marray	3		8	1
341	2019-11-19 11:31:05.833445+08	98	Schedule Request	3		11	1
342	2019-11-20 02:17:00.233489+08	2	martin boran	3		25	1
343	2019-11-20 02:17:00.262387+08	1	martin boran	3		25	1
344	2019-11-20 02:20:25.988885+08	3	martin boran	3		25	1
345	2019-11-20 02:24:13.816606+08	5	martin boran	3		25	1
346	2019-11-20 02:24:13.831612+08	4	martin boran	3		25	1
347	2019-11-20 02:26:08.015978+08	6	martin boran	3		25	1
348	2019-11-20 02:55:14.493755+08	7	martin boran	3		25	1
349	2019-11-20 03:24:48.119525+08	9	martin boran	3		25	1
350	2019-11-20 03:41:48.596678+08	12	martin boran	3		25	1
351	2019-11-20 03:43:30.676841+08	14	martin boran	3		25	1
352	2019-11-20 03:43:30.681903+08	13	martin boran	3		25	1
353	2019-11-20 15:34:03.883273+08	114	martin boran	2	[{"changed": {"fields": ["remark_parent_type", "remark_receiver"]}}]	10	1
354	2019-11-22 13:35:42.328775+08	91	Adlaon	3		22	1
355	2019-11-22 13:40:10.338497+08	93	Agsungot	3		22	1
356	2019-11-22 13:46:43.065112+08	160	Cogon Pardo	3		22	1
357	2019-11-22 13:46:43.072734+08	159	Basak Pardo	3		22	1
358	2019-11-22 13:46:43.075729+08	158	Sawang Calero	3		22	1
359	2019-11-22 13:46:43.076883+08	157	Suba Pob. (Suba San Nicolas)	3		22	1
360	2019-11-22 13:46:43.078891+08	156	Pasil	3		22	1
361	2019-11-22 13:46:43.079891+08	155	Mambaling	3		22	1
362	2019-11-22 13:46:43.080892+08	154	Duljo	3		22	1
363	2019-11-22 13:46:43.081891+08	153	Ermita	3		22	1
364	2019-11-22 13:46:43.082891+08	152	Pahina San Nicolas	3		22	1
365	2019-11-22 13:46:43.084892+08	151	Kalubihan	3		22	1
366	2019-11-22 13:46:43.085891+08	150	Central	3		22	1
367	2019-11-22 13:46:43.086892+08	149	San Nicolas Central	3		22	1
368	2019-11-22 13:46:43.088891+08	148	San Roque (Ciudad)	3		22	1
369	2019-11-22 13:46:43.089891+08	147	Pahina Central	3		22	1
370	2019-11-22 13:46:43.089891+08	146	Pari-An	3		22	1
371	2019-11-22 13:46:43.090891+08	145	Tinago	3		22	1
372	2019-11-22 13:46:43.091894+08	144	Kamagayan	3		22	1
373	2019-11-22 13:46:43.093394+08	143	Bulacao	3		22	1
374	2019-11-22 13:46:43.094405+08	142	San Antonio	3		22	1
375	2019-11-22 13:46:43.095402+08	141	T. Padilla	3		22	1
376	2019-11-22 13:46:43.096404+08	140	Day-As	3		22	1
377	2019-11-22 13:46:43.097404+08	139	Sambag II	3		22	1
378	2019-11-22 13:46:43.098405+08	138	Labangon	3		22	1
379	2019-11-22 13:46:43.099404+08	137	Pardo	3		22	1
380	2019-11-22 13:46:43.100403+08	136	Tejero (Villa Gonzalo)	3		22	1
381	2019-11-22 13:46:43.101405+08	135	Calamba	3		22	1
382	2019-11-22 13:46:43.102407+08	134	Kinasang-An Pardo	3		22	1
383	2019-11-22 13:46:43.104404+08	133	Lorega (Lorega San Miguel)	3		22	1
384	2019-11-22 13:46:43.105404+08	132	Sambag I	3		22	1
385	2019-11-22 13:46:43.106403+08	131	Santa Cruz	3		22	1
386	2019-11-22 13:46:43.111006+08	130	Cogon Ramos	3		22	1
387	2019-11-22 13:46:43.113005+08	129	Punta Princesa	3		22	1
388	2019-11-22 13:46:43.114047+08	128	Quiot Pardo	3		22	1
389	2019-11-22 13:46:43.115003+08	127	Carreta	3		22	1
390	2019-11-22 13:46:43.116043+08	126	Zapatera	3		22	1
391	2019-11-22 13:46:43.117002+08	125	Luz	3		22	1
392	2019-11-22 13:46:43.118006+08	124	Mabolo	3		22	1
393	2019-11-22 13:46:43.119003+08	123	To-Ong Pardo	3		22	1
394	2019-11-22 13:46:43.120002+08	122	Guadalupe	3		22	1
395	2019-11-22 13:46:43.121003+08	121	Kasambagan	3		22	1
396	2019-11-22 13:46:43.122001+08	120	Buhisan	3		22	1
397	2019-11-22 13:46:43.122001+08	119	Lahug	3		22	1
398	2019-11-22 13:46:43.123004+08	118	Banilad	3		22	1
399	2019-11-22 13:46:43.124041+08	117	Buot-Taup Pardo	3		22	1
400	2019-11-22 13:46:43.125027+08	116	Sapangdaku	3		22	1
401	2019-11-22 13:46:43.126419+08	115	Kalunasan	3		22	1
402	2019-11-22 13:46:43.127428+08	114	Talamban	3		22	1
403	2019-11-22 13:46:43.128429+08	113	Sinsin	3		22	1
404	2019-11-22 13:46:43.13043+08	112	Busay	3		22	1
405	2019-11-22 13:46:43.13143+08	111	Bonbon	3		22	1
406	2019-11-22 13:46:43.133444+08	110	Bacayan	3		22	1
407	2019-11-22 13:46:43.134431+08	109	San Jose	3		22	1
408	2019-11-22 13:46:43.135429+08	108	Budla-An	3		22	1
409	2019-11-22 13:46:43.138429+08	107	Sudlon I	3		22	1
410	2019-11-22 13:46:43.140428+08	106	Babag	3		22	1
411	2019-11-22 13:46:43.141428+08	105	Pit-Os	3		22	1
412	2019-11-22 13:46:43.142432+08	104	Malubog	3		22	1
413	2019-11-22 13:46:43.143729+08	103	Basak San Nicolas	3		22	1
414	2019-11-22 13:46:43.14474+08	102	Pamutan	3		22	1
415	2019-11-22 13:46:43.145738+08	101	Apas	3		22	1
416	2019-11-22 13:46:43.14674+08	100	Pulangbato	3		22	1
417	2019-11-22 13:46:43.149739+08	99	Pung-Ol-Sibugay	3		22	1
418	2019-11-22 13:46:43.15074+08	98	Sirao	3		22	1
419	2019-11-22 13:46:43.151739+08	97	Sudlon II	3		22	1
420	2019-11-22 13:46:43.152738+08	96	Binaliw	3		22	1
421	2019-11-22 13:46:43.15374+08	95	Taptap	3		22	1
422	2019-11-22 13:46:43.15474+08	94	Tabunan	3		22	1
423	2019-11-22 13:46:43.155739+08	92	Guba	3		22	1
424	2019-11-22 13:46:43.15674+08	90	Mabini	3		22	1
425	2019-11-22 13:46:43.15774+08	89	Tagbao	3		22	1
426	2019-11-22 13:46:43.158755+08	88	Paril	3		22	1
427	2019-11-22 13:46:43.160145+08	87	Cambinocot	3		22	1
428	2019-11-22 13:46:43.161155+08	86	Lusaran	3		22	1
429	2019-11-22 13:46:43.16216+08	85	Tisa	3		22	1
430	2019-11-22 13:46:43.163155+08	84	Hippodromo	3		22	1
431	2019-11-22 13:46:43.164155+08	83	Capitol Site	3		22	1
432	2019-11-22 13:46:43.166157+08	82	Camputhaw	3		22	1
433	2019-11-22 13:46:43.168154+08	81	Inayawan	3		22	1
434	2019-11-22 13:46:43.169155+08	80	Cogon Pardo	3		22	1
435	2019-11-22 13:46:43.170157+08	79	Basak Pardo	3		22	1
436	2019-11-22 13:46:43.172161+08	78	Sawang Calero	3		22	1
437	2019-11-22 13:46:43.173155+08	77	Suba Pob. (Suba San Nicolas)	3		22	1
438	2019-11-22 13:46:43.174154+08	76	Pasil	3		22	1
439	2019-11-22 13:46:43.175155+08	75	Mambaling	3		22	1
440	2019-11-22 13:46:43.176155+08	74	Duljo	3		22	1
441	2019-11-22 13:46:43.177114+08	73	Ermita	3		22	1
442	2019-11-22 13:46:43.178125+08	72	Pahina San Nicolas	3		22	1
443	2019-11-22 13:46:43.179124+08	71	Kalubihan	3		22	1
444	2019-11-22 13:46:43.180125+08	70	Central	3		22	1
445	2019-11-22 13:46:43.182124+08	69	San Nicolas Central	3		22	1
446	2019-11-22 13:46:43.18313+08	68	San Roque (Ciudad)	3		22	1
447	2019-11-22 13:46:43.185126+08	67	Pahina Central	3		22	1
448	2019-11-22 13:46:43.186127+08	66	Pari-An	3		22	1
449	2019-11-22 13:46:43.187141+08	65	Tinago	3		22	1
450	2019-11-22 13:46:43.188131+08	64	Kamagayan	3		22	1
451	2019-11-22 13:46:43.189166+08	63	Bulacao	3		22	1
452	2019-11-22 13:46:43.190124+08	62	San Antonio	3		22	1
453	2019-11-22 13:46:43.191124+08	61	T. Padilla	3		22	1
454	2019-11-22 13:46:43.194552+08	60	Day-As	3		22	1
455	2019-11-22 13:46:43.195572+08	59	Sambag II	3		22	1
456	2019-11-22 13:51:20.580318+08	58	Labangon	3		22	1
457	2019-11-22 13:51:20.586316+08	57	Pardo	3		22	1
458	2019-11-22 13:51:20.587316+08	56	Tejero (Villa Gonzalo)	3		22	1
459	2019-11-22 13:51:20.588316+08	55	Calamba	3		22	1
460	2019-11-22 13:51:20.589316+08	54	Kinasang-An Pardo	3		22	1
461	2019-11-22 13:51:20.590317+08	53	Lorega (Lorega San Miguel)	3		22	1
462	2019-11-22 13:51:20.591317+08	52	Sambag I	3		22	1
463	2019-11-22 13:51:20.592316+08	51	Santa Cruz	3		22	1
464	2019-11-22 13:51:20.593317+08	50	Cogon Ramos	3		22	1
465	2019-11-22 13:51:20.594357+08	49	Punta Princesa	3		22	1
466	2019-11-22 13:51:20.595317+08	48	Quiot Pardo	3		22	1
467	2019-11-22 13:51:20.596317+08	47	Carreta	3		22	1
468	2019-11-22 13:51:20.598316+08	46	Zapatera	3		22	1
469	2019-11-22 13:51:20.599321+08	45	Luz	3		22	1
470	2019-11-22 13:51:20.60032+08	44	Mabolo	3		22	1
471	2019-11-22 13:51:20.602318+08	43	To-Ong Pardo	3		22	1
472	2019-11-22 13:51:20.604319+08	42	Guadalupe	3		22	1
473	2019-11-22 13:51:20.605321+08	41	Kasambagan	3		22	1
474	2019-11-22 13:51:20.607316+08	40	Buhisan	3		22	1
475	2019-11-22 13:51:20.608317+08	39	Lahug	3		22	1
476	2019-11-22 13:51:20.609316+08	38	Banilad	3		22	1
477	2019-11-22 13:51:20.610316+08	37	Buot-Taup Pardo	3		22	1
478	2019-11-22 13:51:20.611321+08	36	Sapangdaku	3		22	1
479	2019-11-22 13:51:20.612321+08	35	Kalunasan	3		22	1
480	2019-11-22 13:51:20.613368+08	34	Talamban	3		22	1
481	2019-11-22 13:51:20.614316+08	33	Sinsin	3		22	1
482	2019-11-22 13:51:20.615316+08	32	Busay	3		22	1
483	2019-11-22 13:51:20.616316+08	31	Bonbon	3		22	1
484	2019-11-22 13:51:20.617316+08	30	Bacayan	3		22	1
485	2019-11-22 13:51:20.618316+08	29	San Jose	3		22	1
486	2019-11-22 13:51:20.618316+08	28	Budla-An	3		22	1
487	2019-11-22 13:51:20.619319+08	27	Sudlon I	3		22	1
488	2019-11-22 13:51:20.620318+08	26	Babag	3		22	1
489	2019-11-22 13:51:20.621356+08	25	Pit-Os	3		22	1
490	2019-11-22 13:51:20.62432+08	24	Malubog	3		22	1
491	2019-11-22 13:51:20.626316+08	23	Basak San Nicolas	3		22	1
492	2019-11-22 13:51:20.627315+08	22	Pamutan	3		22	1
493	2019-11-22 13:51:20.628318+08	21	Apas	3		22	1
494	2019-11-22 13:51:20.629318+08	20	Pulangbato	3		22	1
495	2019-11-22 13:51:20.630316+08	19	Pung-Ol-Sibugay	3		22	1
496	2019-11-22 13:51:20.631315+08	18	Sirao	3		22	1
497	2019-11-22 13:51:20.632315+08	17	Sudlon II	3		22	1
498	2019-11-22 13:51:20.633317+08	16	Binaliw	3		22	1
499	2019-11-22 13:51:20.634315+08	15	Taptap	3		22	1
500	2019-11-22 13:51:20.635315+08	14	Tabunan	3		22	1
501	2019-11-22 13:51:20.636316+08	13	Agsungot	3		22	1
502	2019-11-22 13:51:20.637315+08	12	Guba	3		22	1
503	2019-11-22 13:51:20.638315+08	11	Adlaon	3		22	1
504	2019-11-22 13:51:20.639315+08	10	Mabini	3		22	1
505	2019-11-22 13:51:20.640315+08	9	Tagbao	3		22	1
506	2019-11-22 13:51:20.641315+08	8	Paril	3		22	1
507	2019-11-22 13:51:20.641315+08	7	Cambinocot	3		22	1
508	2019-11-22 13:51:20.642315+08	6	Lusaran	3		22	1
509	2019-11-22 13:51:20.644319+08	5	Tisa	3		22	1
510	2019-11-22 13:51:20.645319+08	4	Hippodromo	3		22	1
511	2019-11-22 13:51:20.646361+08	3	Capitol Site	3		22	1
512	2019-11-22 13:51:20.647318+08	2	Camputhaw	3		22	1
513	2019-11-22 13:51:20.648354+08	1	Inayawan	3		22	1
514	2019-11-25 13:00:48.643904+08	108	marray	3		8	1
515	2019-11-26 11:05:31.004052+08	7	helen manay	2	[{"changed": {"fields": ["hiv_level"]}}]	21	1
516	2019-11-26 11:05:39.543842+08	8	jerman sheepherd	2	[{"changed": {"fields": ["hiv_level"]}}]	21	1
517	2019-11-26 11:05:47.594775+08	6	darren wan	2	[{"changed": {"fields": ["hiv_level"]}}]	21	1
518	2019-11-26 11:05:55.811734+08	4	maria lastimar	2	[{"changed": {"fields": ["hiv_level"]}}]	21	1
519	2019-11-29 09:39:32.128992+08	128	marray	2	[{"changed": {"fields": ["action_taken"]}}]	8	1
520	2019-11-29 09:39:54.419614+08	127	marray	2	[{"changed": {"fields": ["schedule_topic", "action_taken"]}}]	8	1
521	2019-11-29 09:41:29.280791+08	124	marray	2	[{"changed": {"fields": ["action_taken"]}}]	8	1
522	2019-11-29 09:41:42.256336+08	107	marray	2	[{"changed": {"fields": ["action_taken"]}}]	8	1
523	2019-11-29 09:42:32.942848+08	86	marray	2	[{"changed": {"fields": ["action_taken"]}}]	8	1
524	2019-11-29 09:43:27.357629+08	75	marray	2	[{"changed": {"fields": ["action_taken"]}}]	8	1
525	2019-11-29 09:43:27.70258+08	75	marray	2	[]	8	1
526	2019-11-29 09:43:40.631518+08	77	marray	2	[{"changed": {"fields": ["action_taken"]}}]	8	1
527	2019-11-29 09:44:09.495933+08	29	lena	2	[{"changed": {"fields": ["action_taken"]}}]	8	1
528	2019-11-29 09:44:20.087916+08	28	lena	2	[{"changed": {"fields": ["action_taken"]}}]	8	1
529	2019-11-29 09:44:36.642356+08	27	lena	2	[{"changed": {"fields": ["action_taken"]}}]	8	1
530	2019-11-29 09:44:52.502047+08	26	lena	2	[{"changed": {"fields": ["action_taken"]}}]	8	1
531	2019-11-29 09:45:06.706146+08	25	lena	2	[{"changed": {"fields": ["action_taken"]}}]	8	1
532	2019-11-29 09:46:22.86876+08	23	lena	2	[{"changed": {"fields": ["action_taken"]}}]	8	1
695	2019-12-21 02:27:05.07232+08	2	vincent tomoto	3		29	1
533	2019-11-29 09:46:39.4894+08	20	lena	2	[{"changed": {"fields": ["action_taken"]}}]	8	1
534	2019-11-29 09:46:53.421692+08	19	lena	2	[{"changed": {"fields": ["action_taken"]}}]	8	1
535	2019-11-29 09:47:04.818077+08	18	lena	2	[{"changed": {"fields": ["action_taken"]}}]	8	1
536	2019-11-29 09:47:31.936283+08	25	lena	2	[]	8	1
537	2019-11-29 09:48:09.844488+08	125	marray	2	[{"changed": {"fields": ["action_taken"]}}]	8	1
538	2019-11-29 09:48:23.536181+08	123	marray	2	[{"changed": {"fields": ["action_taken"]}}]	8	1
539	2019-11-29 09:48:37.691002+08	112	marray	2	[{"changed": {"fields": ["action_taken"]}}]	8	1
540	2019-11-29 09:48:47.714495+08	78	marray	2	[{"changed": {"fields": ["action_taken"]}}]	8	1
541	2019-11-29 09:48:57.838482+08	73	marray	2	[{"changed": {"fields": ["action_taken"]}}]	8	1
542	2019-11-29 09:49:07.321683+08	78	marray	2	[]	8	1
543	2019-11-29 09:49:15.001453+08	73	marray	2	[]	8	1
544	2019-11-29 09:49:22.772783+08	78	marray	2	[]	8	1
545	2019-11-29 09:49:41.087863+08	126	marray	2	[{"changed": {"fields": ["action_taken"]}}]	8	1
546	2019-11-29 09:49:51.884693+08	111	marray	2	[{"changed": {"fields": ["action_taken"]}}]	8	1
547	2019-11-29 09:50:13.629933+08	85	marray	2	[{"changed": {"fields": ["action_taken"]}}]	8	1
548	2019-11-29 09:50:21.983732+08	85	marray	2	[]	8	1
549	2019-11-29 09:50:31.939437+08	84	marray	2	[{"changed": {"fields": ["action_taken"]}}]	8	1
550	2019-11-29 09:50:42.969069+08	83	marray	2	[{"changed": {"fields": ["action_taken"]}}]	8	1
551	2019-11-29 09:50:54.744199+08	82	marray	2	[{"changed": {"fields": ["action_taken"]}}]	8	1
552	2019-11-29 09:51:35.817534+08	80	marray	2	[]	8	1
553	2019-11-29 09:51:49.244739+08	80	marray	3		8	1
554	2019-11-29 09:52:07.334539+08	76	marray	2	[{"changed": {"fields": ["action_taken"]}}]	8	1
555	2019-11-29 09:52:23.098124+08	74	marray	2	[{"changed": {"fields": ["action_taken"]}}]	8	1
556	2019-11-29 09:52:36.40904+08	24	lena	2	[{"changed": {"fields": ["action_taken"]}}]	8	1
557	2019-11-29 09:52:50.115459+08	74	marray	2	[]	8	1
558	2019-11-29 09:52:59.214738+08	24	lena	2	[]	8	1
559	2019-11-29 09:53:11.679381+08	17	lena	2	[{"changed": {"fields": ["action_taken"]}}]	8	1
560	2019-11-29 09:54:21.795937+08	84	marray	2	[]	8	1
561	2019-11-29 09:54:40.982816+08	76	marray	2	[]	8	1
562	2019-11-29 13:00:24.117516+08	18	germ	2	[{"changed": {"fields": ["HIV_status"]}}]	19	1
563	2019-11-29 13:00:37.025483+08	17	lena	2	[{"changed": {"fields": ["HIV_status"]}}]	19	1
564	2019-11-29 13:00:45.470655+08	16	derran	2	[]	19	1
565	2019-11-29 13:00:55.080654+08	14	marray	2	[{"changed": {"fields": ["HIV_status"]}}]	19	1
566	2019-11-29 22:39:23.017768+08	17	lena	2	[{"changed": {"fields": ["login_flag"]}}]	19	1
567	2019-12-06 15:11:27.221753+08	160	New Patient	3		11	1
568	2019-12-06 15:11:27.237756+08	159	New Patient	3		11	1
569	2019-12-06 15:11:27.239752+08	158	New Patient	3		11	1
570	2019-12-06 15:11:27.240753+08	157	New Patient	3		11	1
571	2019-12-06 15:11:27.241752+08	156	New Patient	3		11	1
572	2019-12-10 16:23:13.970415+08	26	dahlia	2	[]	16	1
573	2019-12-13 16:22:34.19184+08	44	Mabolo	2	[{"changed": {"fields": ["hiv_pop"]}}]	26	1
574	2019-12-13 16:34:36.027052+08	44	Mabolo	2	[]	26	1
575	2019-12-14 23:53:51.47046+08	25	khalil kal	2	[{"changed": {"fields": ["lon"]}}]	21	1
576	2019-12-14 23:54:00.185773+08	20	carl clinton	2	[{"changed": {"fields": ["lon"]}}]	21	1
577	2019-12-14 23:54:23.300248+08	19	bart colin	2	[{"changed": {"fields": ["lon"]}}]	21	1
578	2019-12-14 23:54:31.526783+08	18	kail lande	2	[{"changed": {"fields": ["lon"]}}]	21	1
579	2019-12-14 23:56:21.069103+08	20	carl clinton	2	[]	21	1
580	2019-12-14 23:56:29.189701+08	19	bart colin	2	[]	21	1
581	2019-12-14 23:56:41.025354+08	18	kail lande	2	[]	21	1
582	2019-12-15 13:44:55.145282+08	80	Cogon Pardo	2	[{"changed": {"fields": ["varname_3"]}}]	26	1
583	2019-12-15 13:45:15.934468+08	79	Basak Pardo	2	[{"changed": {"fields": ["varname_3"]}}]	26	1
584	2019-12-15 13:45:33.005287+08	78	Sawang Calero	2	[{"changed": {"fields": ["varname_3"]}}]	26	1
585	2019-12-15 13:45:49.749413+08	77	Suba Pob. (Suba San Nicolas)	2	[{"changed": {"fields": ["varname_3"]}}]	26	1
586	2019-12-15 13:46:10.21146+08	76	Pasil	2	[{"changed": {"fields": ["varname_3"]}}]	26	1
587	2019-12-15 13:46:23.963188+08	75	Mambaling	2	[{"changed": {"fields": ["varname_3"]}}]	26	1
588	2019-12-15 13:46:35.107609+08	74	Duljo	2	[{"changed": {"fields": ["varname_3"]}}]	26	1
589	2019-12-15 13:46:46.760197+08	73	Ermita	2	[{"changed": {"fields": ["varname_3"]}}]	26	1
590	2019-12-15 13:47:02.743722+08	72	Pahina San Nicolas	2	[{"changed": {"fields": ["varname_3"]}}]	26	1
591	2019-12-15 13:47:27.216554+08	71	Kalubihan	2	[{"changed": {"fields": ["varname_3"]}}]	26	1
592	2019-12-15 13:47:40.601012+08	70	Central	2	[{"changed": {"fields": ["varname_3"]}}]	26	1
593	2019-12-15 13:48:05.647602+08	69	San Nicolas Central	2	[{"changed": {"fields": ["varname_3"]}}]	26	1
594	2019-12-15 13:48:31.671501+08	68	San Roque (Ciudad)	2	[{"changed": {"fields": ["varname_3"]}}]	26	1
595	2019-12-15 13:48:53.07485+08	67	Pahina Central	2	[{"changed": {"fields": ["varname_3"]}}]	26	1
596	2019-12-15 13:49:09.565027+08	66	Pari-An	2	[{"changed": {"fields": ["varname_3"]}}]	26	1
597	2019-12-15 13:49:21.155474+08	65	Tinago	2	[{"changed": {"fields": ["varname_3"]}}]	26	1
598	2019-12-15 13:49:35.541554+08	64	Kamagayan	2	[{"changed": {"fields": ["varname_3"]}}]	26	1
599	2019-12-15 13:49:49.739956+08	63	Bulacao	2	[{"changed": {"fields": ["varname_3"]}}]	26	1
600	2019-12-15 13:50:06.541135+08	62	San Antonio	2	[{"changed": {"fields": ["varname_3"]}}]	26	1
601	2019-12-15 13:50:25.64605+08	61	T. Padilla	2	[{"changed": {"fields": ["varname_3"]}}]	26	1
602	2019-12-15 13:50:39.974411+08	60	Day-As	2	[{"changed": {"fields": ["varname_3"]}}]	26	1
603	2019-12-15 13:50:58.073706+08	59	Sambag II	2	[{"changed": {"fields": ["varname_3"]}}]	26	1
604	2019-12-15 13:51:12.73508+08	58	Labangon	2	[{"changed": {"fields": ["varname_3"]}}]	26	1
605	2019-12-15 13:51:25.605274+08	57	Pardo	2	[{"changed": {"fields": ["varname_3"]}}]	26	1
606	2019-12-15 13:51:40.863813+08	56	Tejero (Villa Gonzalo)	2	[{"changed": {"fields": ["varname_3"]}}]	26	1
607	2019-12-15 13:52:01.561146+08	55	Calamba	2	[{"changed": {"fields": ["varname_3"]}}]	26	1
608	2019-12-15 13:52:28.282556+08	54	Kinasang-An Pardo	2	[{"changed": {"fields": ["varname_3"]}}]	26	1
609	2019-12-15 13:52:43.040533+08	53	Lorega (Lorega San Miguel)	2	[{"changed": {"fields": ["varname_3"]}}]	26	1
610	2019-12-15 13:53:03.742072+08	6	Lusaran	2	[{"changed": {"fields": ["varname_3"]}}]	26	1
611	2019-12-15 13:53:38.845704+08	52	Sambag I	2	[{"changed": {"fields": ["varname_3"]}}]	26	1
612	2019-12-15 13:53:57.883433+08	51	Santa Cruz	2	[{"changed": {"fields": ["varname_3"]}}]	26	1
613	2019-12-15 13:54:13.229413+08	50	Cogon Ramos	2	[{"changed": {"fields": ["varname_3"]}}]	26	1
614	2019-12-15 13:54:32.177034+08	49	Punta Princesa	2	[{"changed": {"fields": ["varname_3"]}}]	26	1
615	2019-12-15 13:54:50.889256+08	48	Quiot Pardo	2	[{"changed": {"fields": ["varname_3"]}}]	26	1
616	2019-12-15 13:55:10.51071+08	47	Carreta	2	[{"changed": {"fields": ["varname_3"]}}]	26	1
617	2019-12-15 13:55:25.393055+08	46	Zapatera	2	[{"changed": {"fields": ["varname_3"]}}]	26	1
618	2019-12-15 13:55:44.505996+08	45	Luz	2	[{"changed": {"fields": ["varname_3"]}}]	26	1
619	2019-12-15 13:55:57.119772+08	44	Mabolo	2	[{"changed": {"fields": ["varname_3"]}}]	26	1
620	2019-12-15 13:56:16.775574+08	43	To-Ong Pardo	2	[{"changed": {"fields": ["varname_3"]}}]	26	1
621	2019-12-15 13:56:38.609565+08	42	Guadalupe	2	[{"changed": {"fields": ["varname_3"]}}]	26	1
622	2019-12-15 13:56:52.771058+08	41	Kasambagan	2	[{"changed": {"fields": ["varname_3"]}}]	26	1
623	2019-12-15 13:57:12.947879+08	40	Buhisan	2	[{"changed": {"fields": ["varname_3"]}}]	26	1
624	2019-12-15 13:57:28.972689+08	39	Lahug	2	[{"changed": {"fields": ["varname_3"]}}]	26	1
625	2019-12-15 13:57:43.126496+08	38	Banilad	2	[{"changed": {"fields": ["varname_3"]}}]	26	1
626	2019-12-15 13:58:02.780612+08	37	Buot-Taup Pardo	2	[{"changed": {"fields": ["varname_3"]}}]	26	1
627	2019-12-15 13:58:22.280129+08	36	Sapangdaku	2	[{"changed": {"fields": ["varname_3"]}}]	26	1
628	2019-12-15 13:58:41.04408+08	35	Kalunasan	2	[{"changed": {"fields": ["varname_3"]}}]	26	1
629	2019-12-15 13:59:04.372532+08	34	Talamban	2	[{"changed": {"fields": ["varname_3"]}}]	26	1
630	2019-12-15 13:59:24.475011+08	33	Sinsin	2	[{"changed": {"fields": ["varname_3"]}}]	26	1
631	2019-12-15 13:59:43.377436+08	32	Busay	2	[{"changed": {"fields": ["varname_3"]}}]	26	1
632	2019-12-15 14:00:01.428395+08	31	Bonbon	2	[{"changed": {"fields": ["varname_3"]}}]	26	1
633	2019-12-15 14:00:15.898426+08	30	Bacayan	2	[{"changed": {"fields": ["varname_3"]}}]	26	1
634	2019-12-15 14:00:31.390423+08	29	San Jose	2	[{"changed": {"fields": ["varname_3"]}}]	26	1
635	2019-12-15 14:00:46.253178+08	28	Budla-An	2	[{"changed": {"fields": ["varname_3"]}}]	26	1
636	2019-12-15 14:01:03.80747+08	27	Sudlon I	2	[{"changed": {"fields": ["varname_3"]}}]	26	1
637	2019-12-15 14:01:22.16482+08	26	Babag	2	[{"changed": {"fields": ["varname_3"]}}]	26	1
638	2019-12-15 14:01:38.156484+08	25	Pit-Os	2	[{"changed": {"fields": ["varname_3"]}}]	26	1
639	2019-12-15 14:01:51.332231+08	24	Malubog	2	[{"changed": {"fields": ["varname_3"]}}]	26	1
640	2019-12-15 14:02:12.941574+08	23	Basak San Nicolas	2	[{"changed": {"fields": ["varname_3"]}}]	26	1
641	2019-12-15 14:02:26.337802+08	22	Pamutan	2	[{"changed": {"fields": ["varname_3"]}}]	26	1
642	2019-12-15 14:02:44.247627+08	21	Apas	2	[{"changed": {"fields": ["varname_3"]}}]	26	1
643	2019-12-15 14:02:59.259945+08	20	Pulangbato	2	[{"changed": {"fields": ["varname_3"]}}]	26	1
644	2019-12-15 14:03:24.88957+08	19	Pung-Ol-Sibugay	2	[{"changed": {"fields": ["varname_3"]}}]	26	1
645	2019-12-15 14:03:37.308786+08	18	Sirao	2	[{"changed": {"fields": ["varname_3"]}}]	26	1
646	2019-12-15 14:03:53.761817+08	17	Sudlon II	2	[{"changed": {"fields": ["varname_3"]}}]	26	1
647	2019-12-15 14:04:12.169303+08	16	Binaliw	2	[{"changed": {"fields": ["varname_3"]}}]	26	1
648	2019-12-15 14:05:40.09995+08	15	Taptap	2	[{"changed": {"fields": ["varname_3"]}}]	26	1
649	2019-12-15 14:05:52.362262+08	14	Tabunan	2	[{"changed": {"fields": ["varname_3"]}}]	26	1
650	2019-12-15 14:06:06.105917+08	13	Agsungot	2	[{"changed": {"fields": ["varname_3"]}}]	26	1
651	2019-12-15 14:06:16.81225+08	12	Guba	2	[{"changed": {"fields": ["varname_3"]}}]	26	1
652	2019-12-15 14:06:30.718101+08	14	Tabunan	2	[]	26	1
653	2019-12-15 14:06:46.368039+08	11	Adlaon	2	[{"changed": {"fields": ["varname_3"]}}]	26	1
654	2019-12-15 14:06:59.261081+08	10	Mabini	2	[{"changed": {"fields": ["varname_3"]}}]	26	1
655	2019-12-15 14:07:09.226473+08	9	Tagbao	2	[{"changed": {"fields": ["varname_3"]}}]	26	1
656	2019-12-15 14:07:27.820038+08	9	Tagbao	2	[]	26	1
657	2019-12-15 14:07:35.85671+08	8	Paril	2	[{"changed": {"fields": ["varname_3"]}}]	26	1
658	2019-12-15 14:07:48.710496+08	7	Cambinocot	2	[{"changed": {"fields": ["varname_3"]}}]	26	1
659	2019-12-15 14:08:02.12221+08	6	Lusaran	2	[]	26	1
660	2019-12-15 14:08:10.736764+08	5	Tisa	2	[{"changed": {"fields": ["varname_3"]}}]	26	1
661	2019-12-15 14:08:29.567718+08	4	Hippodromo	2	[{"changed": {"fields": ["varname_3"]}}]	26	1
662	2019-12-15 14:08:40.352884+08	3	Capitol Site	2	[{"changed": {"fields": ["varname_3"]}}]	26	1
663	2019-12-15 14:08:53.218935+08	2	Camputhaw	2	[{"changed": {"fields": ["varname_3"]}}]	26	1
664	2019-12-15 14:09:04.78281+08	1	Inayawan	2	[{"changed": {"fields": ["varname_3"]}}]	26	1
665	2019-12-16 00:46:45.561718+08	17	lena	2	[{"changed": {"fields": ["medical_history"]}}]	19	1
666	2019-12-16 00:47:48.368609+08	17	lena	2	[{"changed": {"fields": ["username"]}}]	14	1
667	2019-12-16 01:22:17.910706+08	17	lena	2	[]	19	1
668	2019-12-16 02:34:58.687323+08	28	 	3		14	1
669	2019-12-16 02:34:58.692274+08	27	 	3		14	1
670	2019-12-16 02:34:58.693273+08	26	 	3		14	1
671	2019-12-16 02:34:58.694316+08	25	 	3		14	1
672	2019-12-16 13:21:24.266297+08	48	chen	3		19	1
673	2019-12-16 13:22:54.022164+08	27	chen chaon	3		21	1
674	2019-12-16 13:22:54.034157+08	26	chen cahon	3		21	1
675	2019-12-16 13:24:42.547696+08	39	khalil	3		19	1
676	2019-12-16 13:24:42.559684+08	32	kail	3		19	1
677	2019-12-16 13:25:02.8112+08	25	khalil kal	3		21	1
678	2019-12-16 13:25:02.822173+08	18	kail lande	3		21	1
679	2019-12-16 13:25:57.662098+08	20	carl clinton	2	[{"changed": {"fields": ["lat"]}}]	21	1
680	2019-12-16 13:26:53.802499+08	16	 	3		21	1
681	2019-12-16 13:26:53.813594+08	15	 	3		21	1
682	2019-12-16 13:26:53.8165+08	14	 	3		21	1
683	2019-12-16 13:26:53.819551+08	13	 	3		21	1
684	2019-12-16 13:27:34.249705+08	4	maria lastimar	2	[{"changed": {"fields": ["lon"]}}]	21	1
685	2019-12-16 13:58:07.769077+08	1	Lamivudine 150mg / Zidovudine 300mg tablet	1	[{"added": {}}]	28	1
686	2019-12-18 18:46:38.627696+08	2	Lamivudine 300mg / Tenofovir 300mg / Efavirenz 600mg tablet	1	[{"added": {}}]	28	1
687	2019-12-18 18:47:34.786553+08	3	Lamivudine 300mg / Tenofovir 300mg tablet	1	[{"added": {}}]	28	1
688	2019-12-18 20:42:12.160445+08	2	cora	3		27	1
689	2019-12-18 20:42:12.165437+08	1	cora	3		27	1
690	2019-12-18 20:42:27.748164+08	346	ART Medication	3		13	1
691	2019-12-19 16:37:40.624238+08	28	cora corzo	2	[{"changed": {"fields": ["patient_name"]}}]	21	1
692	2019-12-19 16:38:07.645867+08	51	cora	2	[{"changed": {"fields": ["location_details"]}}]	19	1
693	2019-12-19 16:46:56.506454+08	29	cora corze	3		21	1
694	2019-12-21 02:27:05.049374+08	3	vincent tomoto	3		29	1
696	2019-12-21 02:27:05.077523+08	1	vincent tomoto	3		29	1
697	2019-12-21 02:28:56.08178+08	197	New Patient	3		11	1
698	2019-12-21 02:29:38.073888+08	4	vincent tomoto	2	[{"changed": {"fields": ["december"]}}]	29	1
699	2019-12-21 03:03:20.297255+08	5	vincent tomoto	3		29	1
700	2019-12-21 03:03:20.307254+08	4	vincent tomoto	3		29	1
701	2019-12-21 03:10:14.849682+08	7	vincent tomoto	3		29	1
702	2019-12-21 03:18:47.59226+08	6	vincent tomoto	3		29	1
703	2019-12-21 03:19:02.283469+08	8	vincent tomoto	3		29	1
704	2019-12-21 03:33:27.789481+08	10	vincent tomoto	3		29	1
705	2019-12-21 03:33:27.799134+08	9	vincent tomoto	3		29	1
706	2019-12-21 03:40:24.929905+08	11	vincent tomoto	3		29	1
707	2019-12-21 03:46:19.808603+08	12	vincent tomoto	3		29	1
708	2019-12-21 03:53:19.112029+08	14	vincent tomoto	3		29	1
709	2019-12-21 03:53:19.123165+08	13	vincent tomoto	3		29	1
710	2019-12-21 03:56:35.944003+08	17	vincent tomoto	3		29	1
711	2019-12-21 03:56:35.953471+08	16	vincent tomoto	3		29	1
712	2019-12-21 03:56:35.956513+08	15	vincent tomoto	3		29	1
713	2020-01-02 12:17:06.20132+08	70	vincent tomoto	3		29	1
714	2020-01-02 12:17:06.212285+08	69	vincent tomoto	3		29	1
715	2020-01-02 12:17:06.214284+08	68	vincent tomoto	3		29	1
716	2020-01-02 12:17:06.215283+08	67	vincent tomoto	3		29	1
717	2020-01-02 12:17:06.216282+08	66	vincent tomoto	3		29	1
718	2020-01-02 12:17:06.217281+08	65	vincent tomoto	3		29	1
719	2020-01-02 12:17:06.218281+08	64	vincent tomoto	3		29	1
720	2020-01-02 12:17:06.219282+08	63	vincent tomoto	3		29	1
721	2020-01-02 12:17:06.219282+08	62	vincent tomoto	3		29	1
722	2020-01-02 12:17:06.222284+08	61	vincent tomoto	3		29	1
723	2020-01-02 12:17:06.223281+08	60	vincent tomoto	3		29	1
724	2020-01-02 12:17:06.224281+08	59	vincent tomoto	3		29	1
725	2020-01-02 12:17:06.225281+08	58	vincent tomoto	3		29	1
726	2020-01-02 12:17:06.226281+08	57	vincent tomoto	3		29	1
727	2020-01-02 12:17:06.227281+08	56	vincent tomoto	3		29	1
728	2020-01-02 12:17:06.228281+08	55	vincent tomoto	3		29	1
729	2020-01-02 12:17:06.229281+08	54	vincent tomoto	3		29	1
730	2020-01-02 12:17:06.230281+08	53	vincent tomoto	3		29	1
731	2020-01-02 12:17:06.231281+08	52	vincent tomoto	3		29	1
732	2020-01-02 12:17:06.232281+08	51	vincent tomoto	3		29	1
733	2020-01-02 12:17:06.233281+08	50	vincent tomoto	3		29	1
734	2020-01-02 12:17:06.234281+08	49	vincent tomoto	3		29	1
735	2020-01-02 12:17:06.235281+08	48	vincent tomoto	3		29	1
736	2020-01-02 12:17:06.236281+08	47	vincent tomoto	3		29	1
737	2020-01-02 12:17:06.237281+08	46	vincent tomoto	3		29	1
738	2020-01-02 12:17:06.238283+08	45	vincent tomoto	3		29	1
739	2020-01-02 12:17:06.239286+08	44	vincent tomoto	3		29	1
740	2020-01-02 12:17:06.240283+08	43	vincent tomoto	3		29	1
741	2020-01-02 12:17:06.241282+08	42	vincent tomoto	3		29	1
742	2020-01-02 12:17:06.242282+08	41	vincent tomoto	3		29	1
743	2020-01-02 12:17:06.243281+08	40	vincent tomoto	3		29	1
744	2020-01-02 12:17:06.244281+08	39	vincent tomoto	3		29	1
745	2020-01-02 12:17:06.245281+08	38	vincent tomoto	3		29	1
746	2020-01-02 12:17:06.246281+08	37	vincent tomoto	3		29	1
747	2020-01-02 12:17:06.247281+08	36	vincent tomoto	3		29	1
748	2020-01-02 12:17:06.248281+08	35	vincent tomoto	3		29	1
749	2020-01-02 12:17:06.249281+08	34	vincent tomoto	3		29	1
750	2020-01-02 12:17:06.249281+08	33	vincent tomoto	3		29	1
751	2020-01-02 12:17:06.250281+08	32	vincent tomoto	3		29	1
752	2020-01-02 12:17:06.251282+08	31	vincent tomoto	3		29	1
753	2020-01-02 12:17:06.252282+08	30	vincent tomoto	3		29	1
754	2020-01-02 12:17:06.253281+08	29	vincent tomoto	3		29	1
755	2020-01-02 12:17:06.255284+08	28	vincent tomoto	3		29	1
756	2020-01-02 12:17:06.256282+08	27	vincent tomoto	3		29	1
757	2020-01-02 12:17:06.257281+08	26	vincent tomoto	3		29	1
758	2020-01-02 12:17:06.258282+08	25	vincent tomoto	3		29	1
759	2020-01-02 12:17:06.260281+08	24	vincent tomoto	3		29	1
760	2020-01-02 12:17:06.261321+08	23	vincent tomoto	3		29	1
761	2020-01-02 12:17:06.262318+08	22	vincent tomoto	3		29	1
762	2020-01-02 12:17:06.263282+08	21	vincent tomoto	3		29	1
763	2020-01-02 12:17:06.264282+08	20	vincent tomoto	3		29	1
764	2020-01-02 12:17:06.265282+08	19	vincent tomoto	3		29	1
765	2020-01-02 12:17:06.266283+08	18	vincent tomoto	3		29	1
766	2020-01-03 11:46:59.009489+08	104	vincent tomoto	3		29	1
767	2020-01-03 11:46:59.020518+08	103	vincent tomoto	3		29	1
768	2020-01-03 11:46:59.021488+08	102	vincent tomoto	3		29	1
769	2020-01-03 11:46:59.025486+08	101	vincent tomoto	3		29	1
770	2020-01-03 11:46:59.027486+08	100	vincent tomoto	3		29	1
771	2020-01-03 11:46:59.029488+08	99	vincent tomoto	3		29	1
772	2020-01-03 11:46:59.030488+08	98	vincent tomoto	3		29	1
773	2020-01-03 11:46:59.032491+08	97	vincent tomoto	3		29	1
774	2020-01-03 11:46:59.03349+08	96	vincent tomoto	3		29	1
775	2020-01-03 11:46:59.035491+08	95	vincent tomoto	3		29	1
776	2020-01-03 11:46:59.03649+08	94	vincent tomoto	3		29	1
777	2020-01-03 11:46:59.03749+08	93	vincent tomoto	3		29	1
778	2020-01-03 11:46:59.038489+08	92	vincent tomoto	3		29	1
779	2020-01-03 11:46:59.038489+08	91	vincent tomoto	3		29	1
780	2020-01-03 11:46:59.039489+08	90	vincent tomoto	3		29	1
781	2020-01-03 11:46:59.041488+08	89	vincent tomoto	3		29	1
782	2020-01-03 11:46:59.042487+08	88	vincent tomoto	3		29	1
783	2020-01-03 11:46:59.043492+08	87	vincent tomoto	3		29	1
784	2020-01-03 11:46:59.044487+08	86	vincent tomoto	3		29	1
785	2020-01-03 11:46:59.045488+08	85	vincent tomoto	3		29	1
786	2020-01-03 11:46:59.046488+08	84	vincent tomoto	3		29	1
787	2020-01-03 11:46:59.046488+08	83	vincent tomoto	3		29	1
788	2020-01-03 11:46:59.047489+08	82	vincent tomoto	3		29	1
789	2020-01-03 11:46:59.048489+08	81	vincent tomoto	3		29	1
790	2020-01-03 11:46:59.04949+08	80	vincent tomoto	3		29	1
791	2020-01-03 11:46:59.050488+08	79	vincent tomoto	3		29	1
792	2020-01-03 11:46:59.050488+08	78	vincent tomoto	3		29	1
793	2020-01-03 11:46:59.051488+08	77	vincent tomoto	3		29	1
794	2020-01-03 11:46:59.052488+08	76	vincent tomoto	3		29	1
795	2020-01-03 11:46:59.05349+08	75	vincent tomoto	3		29	1
796	2020-01-03 11:46:59.054489+08	74	vincent tomoto	3		29	1
797	2020-01-03 11:46:59.055489+08	73	vincent tomoto	3		29	1
798	2020-01-03 11:46:59.05649+08	72	vincent tomoto	3		29	1
799	2020-01-03 11:46:59.058489+08	71	vincent tomoto	3		29	1
800	2020-01-03 12:12:33.069123+08	34	leia coran	3		21	1
801	2020-01-03 12:12:33.08309+08	33	leia coran	3		21	1
802	2020-01-03 12:12:33.085789+08	32	leia coran	3		21	1
803	2020-01-03 12:12:33.089785+08	31	leia coran	3		21	1
804	2020-01-03 12:12:33.092311+08	36	leia salas	3		21	1
805	2020-01-03 12:12:33.0953+08	30	cora correy	3		21	1
806	2020-01-03 12:12:33.097443+08	35	none	3		21	1
807	2020-01-03 12:12:33.099336+08	11	none none	3		21	1
808	2020-01-03 12:50:07.306673+08	25	none	3		19	1
809	2020-01-06 11:56:55.511192+08	230	New Patient	3		11	1
810	2020-01-06 11:56:55.522191+08	229	New Patient	3		11	1
811	2020-01-06 11:56:55.523192+08	228	New Patient	3		11	1
812	2020-01-06 11:56:55.524192+08	227	New Patient	3		11	1
813	2020-01-06 11:56:55.525192+08	226	New Patient	3		11	1
814	2020-01-06 12:07:00.96171+08	114	None	3		29	1
815	2020-01-08 00:13:38.227769+08	67	None	2	[{"changed": {"fields": ["date_diagnosed"]}}]	14	1
816	2020-01-08 00:13:46.259768+08	66	None	2	[{"changed": {"fields": ["date_diagnosed"]}}]	14	1
817	2020-01-08 00:13:54.63271+08	65	None	2	[{"changed": {"fields": ["date_diagnosed"]}}]	14	1
818	2020-01-08 00:14:01.387418+08	64	None	2	[{"changed": {"fields": ["date_diagnosed"]}}]	14	1
819	2020-01-08 00:14:09.495743+08	63	None	2	[{"changed": {"fields": ["date_diagnosed"]}}]	14	1
820	2020-01-08 00:14:21.607654+08	52	cora	2	[{"changed": {"fields": ["date_diagnosed"]}}]	14	1
821	2020-01-08 00:15:28.53088+08	48	None	3		14	1
822	2020-01-08 00:15:28.53684+08	47	None	3		14	1
823	2020-01-08 00:15:28.537866+08	46	None	3		14	1
824	2020-01-08 00:15:28.538839+08	45	None	3		14	1
825	2020-01-08 00:15:28.539838+08	44	None	3		14	1
826	2020-01-08 00:15:28.540838+08	43	None	3		14	1
827	2020-01-08 00:15:28.541839+08	42	None	3		14	1
828	2020-01-08 00:15:28.542838+08	41	None	3		14	1
829	2020-01-08 00:15:28.543838+08	40	None	3		14	1
830	2020-01-08 00:15:28.544839+08	39	None	3		14	1
831	2020-01-08 00:15:28.546839+08	38	None	3		14	1
832	2020-01-08 00:15:28.54784+08	37	None	3		14	1
833	2020-01-08 00:15:28.548838+08	36	None	3		14	1
834	2020-01-08 00:15:28.549838+08	35	None	3		14	1
835	2020-01-08 00:15:28.550838+08	34	None	3		14	1
836	2020-01-08 00:15:28.551838+08	33	None	3		14	1
837	2020-01-08 00:15:28.552837+08	32	None	3		14	1
838	2020-01-08 00:15:28.553838+08	31	None	3		14	1
839	2020-01-08 00:15:28.554836+08	30	None	3		14	1
840	2020-01-08 00:15:28.555838+08	29	None	3		14	1
841	2020-01-08 00:15:28.556843+08	24	None	3		14	1
842	2020-01-08 00:15:28.55784+08	23	None	3		14	1
843	2020-01-08 00:15:28.558838+08	22	None	3		14	1
844	2020-01-08 00:15:28.558838+08	21	None	3		14	1
845	2020-01-08 00:15:28.560839+08	20	None	3		14	1
846	2020-01-08 00:15:28.562855+08	19	None	3		14	1
847	2020-01-08 00:15:28.563839+08	18	None	3		14	1
848	2020-01-08 00:15:28.565876+08	16	None	3		14	1
849	2020-01-08 00:15:41.380837+08	17	lena	2	[{"changed": {"fields": ["date_diagnosed"]}}]	14	1
850	2020-01-08 00:27:47.73676+08	30		3		16	1
851	2020-01-08 00:27:47.741764+08	29		3		16	1
852	2020-01-08 00:27:47.743723+08	28		3		16	1
853	2020-01-08 00:27:47.744722+08	27		3		16	1
854	2020-01-17 16:43:16.208917+08	112	vincent tomoto	2	[{"changed": {"fields": ["october", "november", "december"]}}]	29	1
855	2020-01-17 16:44:27.194869+08	111	vincent tomoto	2	[{"changed": {"fields": ["october", "november", "december"]}}]	29	1
856	2020-01-17 16:45:26.607188+08	113	vincent tomoto	2	[{"changed": {"fields": ["january"]}}]	29	1
857	2020-01-17 16:51:49.909825+08	110	vincent tomoto	3		29	1
858	2020-01-21 16:50:06.988334+08	112	vincent tomoto	3		29	1
859	2020-01-21 16:50:06.999336+08	111	vincent tomoto	3		29	1
860	2020-01-21 16:50:07.001336+08	105	vincent tomoto	3		29	1
861	2020-01-21 16:50:07.002343+08	106	vincent tomoto	3		29	1
862	2020-01-21 16:50:07.003337+08	107	vincent tomoto	3		29	1
863	2020-01-21 16:50:07.005336+08	108	vincent tomoto	3		29	1
864	2020-01-21 16:50:07.007335+08	109	vincent tomoto	3		29	1
865	2020-01-21 16:50:07.008334+08	113	vincent tomoto	3		29	1
866	2020-01-21 16:50:07.009334+08	115	karen silam	3		29	1
867	2020-01-21 16:50:07.010334+08	116	karen silam	3		29	1
868	2020-01-21 17:23:58.178081+08	120	vincent tomoto	2	[{"changed": {"fields": ["january"]}}]	29	1
869	2020-01-21 17:25:06.65552+08	119	vincent tomoto	2	[{"changed": {"fields": ["january"]}}]	29	1
870	2020-01-21 17:25:18.135015+08	120	vincent tomoto	3		29	1
871	2020-01-21 17:25:18.141013+08	119	vincent tomoto	3		29	1
872	2020-01-21 17:25:18.142014+08	118	vincent tomoto	3		29	1
873	2020-01-21 17:25:18.143014+08	117	vincent tomoto	3		29	1
874	2020-01-21 17:25:18.144014+08	116	vincent tomoto	3		29	1
875	2020-01-21 19:52:36.051461+08	43	none	3		21	1
876	2020-01-21 19:52:36.064462+08	42	none	3		21	1
877	2020-01-22 01:02:39.457076+08	100	None	3		14	1
878	2020-01-22 01:02:52.136303+08	97	None	3		14	1
879	2020-01-22 01:02:52.147254+08	95	None	3		14	1
880	2020-01-22 01:12:11.054063+08	90	None	3		14	1
881	2020-01-22 01:12:11.061063+08	88	None	3		14	1
882	2020-01-22 01:12:11.062065+08	87	None	3		14	1
883	2020-01-22 01:12:11.064062+08	86	None	3		14	1
884	2020-01-22 01:12:11.065062+08	83	None	3		14	1
885	2020-01-22 01:12:11.066062+08	81	None	3		14	1
886	2020-01-22 01:12:11.067062+08	80	None	3		14	1
887	2020-01-22 01:12:11.069063+08	79	None	3		14	1
888	2020-01-22 01:12:11.070081+08	77	None	3		14	1
889	2020-01-22 01:12:11.071078+08	76	None	3		14	1
890	2020-01-22 01:12:11.072063+08	74	None	3		14	1
891	2020-01-22 01:12:11.073062+08	73	None	3		14	1
892	2020-01-22 01:12:11.074063+08	72	None	3		14	1
893	2020-01-22 01:12:11.076064+08	71	None	3		14	1
894	2020-01-22 01:12:11.077064+08	70	None	3		14	1
895	2020-01-22 01:12:11.079065+08	69	shel	3		14	1
896	2020-01-22 01:12:11.082063+08	68	None	3		14	1
897	2020-01-22 01:12:11.083062+08	67	None	3		14	1
898	2020-01-22 01:12:11.084062+08	66	None	3		14	1
899	2020-01-22 01:12:11.085061+08	65	None	3		14	1
900	2020-01-22 01:12:11.086061+08	64	None	3		14	1
901	2020-01-22 01:12:11.08707+08	63	None	3		14	1
902	2020-01-22 14:13:29.171608+08	52	mary lenox	3		21	1
903	2020-01-22 14:13:46.724066+08	105	mary	3		14	1
904	2020-01-22 14:14:01.293856+08	71	mary	3		15	1
905	2020-01-22 14:14:11.395867+08	70	mary	3		16	1
906	2020-01-22 15:19:15.096021+08	55	lyssa carter	2	[{"changed": {"fields": ["lon"]}}]	21	1
907	2020-01-22 15:37:59.34191+08	58	bran concepcion	3		21	1
908	2020-01-22 15:40:08.090597+08	76	bran	3		19	1
909	2020-01-23 14:20:41.37734+08	75	bran	3		19	1
910	2020-01-23 14:20:41.388733+08	74	selena	3		19	1
911	2020-01-23 14:20:41.393652+08	73	lyssa	3		19	1
912	2020-01-23 14:20:41.39539+08	72	shiela	3		19	1
913	2020-01-23 14:20:41.399453+08	71	mary	3		19	1
914	2020-01-23 14:20:41.402505+08	69	mei	3		19	1
915	2020-01-23 14:20:41.404456+08	68	mai	3		19	1
916	2020-01-23 14:20:41.407363+08	66	karlo	3		19	1
917	2020-01-23 14:20:41.40933+08	65	belle	3		19	1
918	2020-01-23 14:20:41.411331+08	64	kate	3		19	1
919	2020-01-23 14:20:41.413419+08	63	hannah	3		19	1
920	2020-01-23 14:20:41.415329+08	62	shel	3		19	1
921	2020-01-23 14:20:41.417585+08	61	sheryl	3		19	1
922	2020-01-23 14:20:41.419589+08	60	luna	3		19	1
923	2020-01-23 14:20:41.421582+08	59	clara	3		19	1
924	2020-01-23 14:20:41.423581+08	58	susan	3		19	1
925	2020-01-23 14:20:41.425621+08	57	leia	3		19	1
926	2020-01-23 14:20:41.428119+08	51	cora	3		19	1
927	2020-01-23 14:20:41.429646+08	38	dara	3		19	1
928	2020-01-23 14:20:41.431653+08	37	sal	3		19	1
929	2020-01-23 14:20:41.433651+08	36	san	3		19	1
930	2020-01-23 14:20:41.435799+08	35	tal	3		19	1
931	2020-01-23 14:20:41.437661+08	34	carl	3		19	1
932	2020-01-23 14:20:41.439809+08	33	bart	3		19	1
933	2020-01-23 14:20:41.441737+08	31	carry	3		19	1
934	2020-01-23 14:20:41.443771+08	26	dolly	3		19	1
935	2020-01-23 14:20:41.445653+08	23	shem	3		19	1
936	2020-01-23 14:20:41.447355+08	18	germ	3		19	1
937	2020-01-23 14:20:41.45032+08	17	lena	3		19	1
938	2020-01-23 14:20:41.452319+08	16	derran	3		19	1
939	2020-01-23 14:20:41.454311+08	14	marray	3		19	1
940	2020-01-23 14:20:58.448457+08	414	Medical History	3		13	1
941	2020-01-23 14:20:58.454733+08	413	Medical History	3		13	1
942	2020-01-23 14:20:58.456508+08	412	Medical History	3		13	1
943	2020-01-23 14:20:58.458508+08	411	Profile	3		13	1
944	2020-01-23 14:20:58.460507+08	410	Medical History	3		13	1
945	2020-01-23 14:20:58.461613+08	409	Medical History	3		13	1
946	2020-01-23 14:20:58.463508+08	408	Medical History	3		13	1
947	2020-01-23 14:20:58.464506+08	407	Medical History	3		13	1
948	2020-01-23 14:20:58.466509+08	406	Medical History	3		13	1
949	2020-01-23 14:20:58.468028+08	405	Medical History	3		13	1
950	2020-01-23 14:20:58.497211+08	404	Medical History	3		13	1
951	2020-01-23 14:20:58.49821+08	403	Medical History	3		13	1
952	2020-01-23 14:20:58.501208+08	402	Medical History	3		13	1
953	2020-01-23 14:20:58.502208+08	401	Medical History	3		13	1
954	2020-01-23 14:20:58.503427+08	400	Medical History	3		13	1
955	2020-01-23 14:20:58.505211+08	399	Medical History	3		13	1
956	2020-01-23 14:20:58.506212+08	398	Medical History	3		13	1
957	2020-01-23 14:20:58.507689+08	397	Medical History	3		13	1
958	2020-01-23 14:20:58.508746+08	396	Medical History	3		13	1
959	2020-01-23 14:20:58.509977+08	395	Medical History	3		13	1
960	2020-01-23 14:20:58.511143+08	394	Medical History	3		13	1
961	2020-01-23 14:20:58.511906+08	393	Medical History	3		13	1
962	2020-01-23 14:20:58.512698+08	392	Medical History	3		13	1
963	2020-01-23 14:20:58.513768+08	391	Medical History	3		13	1
964	2020-01-23 14:20:58.5147+08	390	Medical History	3		13	1
965	2020-01-23 14:20:58.515775+08	389	Medical History	3		13	1
966	2020-01-23 14:20:58.516768+08	388	Medical History	3		13	1
967	2020-01-23 14:20:58.517296+08	387	Medical History	3		13	1
968	2020-01-23 14:20:58.518284+08	386	Medical History	3		13	1
969	2020-01-23 14:20:58.519869+08	385	Medical History	3		13	1
970	2020-01-23 14:20:58.52129+08	384	Medical History	3		13	1
971	2020-01-23 14:20:58.522812+08	383	Medical History	3		13	1
972	2020-01-23 14:20:58.524414+08	382	Medical History	3		13	1
973	2020-01-23 14:20:58.525581+08	381	Medical History	3		13	1
974	2020-01-23 14:20:58.526343+08	380	Medical History	3		13	1
975	2020-01-23 14:20:58.527675+08	379	Medical History	3		13	1
976	2020-01-23 14:20:58.528684+08	378	Medical History	3		13	1
977	2020-01-23 14:20:58.529753+08	377	Medical History	3		13	1
978	2020-01-23 14:20:58.530744+08	376	Medical History	3		13	1
979	2020-01-23 14:20:58.531793+08	375	Medical History	3		13	1
980	2020-01-23 14:20:58.532764+08	374	Medical History	3		13	1
981	2020-01-23 14:20:58.534023+08	373	Medical History	3		13	1
982	2020-01-23 14:20:58.535054+08	372	Medical History	3		13	1
983	2020-01-23 14:20:58.536093+08	371	Medical History	3		13	1
984	2020-01-23 14:20:58.537684+08	370	Medical History	3		13	1
985	2020-01-23 14:20:58.538686+08	369	Medical History	3		13	1
986	2020-01-23 14:20:58.540131+08	368	Medical History	3		13	1
987	2020-01-23 14:20:58.540685+08	367	Medical History	3		13	1
988	2020-01-23 14:20:58.541685+08	366	Medical History	3		13	1
989	2020-01-23 14:20:58.542684+08	365	Profile	3		13	1
990	2020-01-23 14:20:58.543684+08	364	ART Medication	3		13	1
991	2020-01-23 14:20:58.545268+08	363	ART Medication	3		13	1
992	2020-01-23 14:20:58.546685+08	362	Profile	3		13	1
993	2020-01-23 14:20:58.547498+08	361	ART Medication	3		13	1
994	2020-01-23 14:20:58.548873+08	360	Profile	3		13	1
995	2020-01-23 14:20:58.550051+08	359	Profile	3		13	1
996	2020-01-23 14:20:58.551672+08	358	Profile	3		13	1
997	2020-01-23 14:20:58.552617+08	357	Profile	3		13	1
998	2020-01-23 14:20:58.553651+08	356	Profile	3		13	1
999	2020-01-23 14:20:58.555572+08	355	Profile	3		13	1
1000	2020-01-23 14:20:58.556614+08	354	Profile	3		13	1
1001	2020-01-23 14:20:58.557528+08	353	Profile	3		13	1
1002	2020-01-23 14:20:58.55874+08	352	Profile	3		13	1
1003	2020-01-23 14:20:58.560102+08	351	Profile	3		13	1
1004	2020-01-23 14:20:58.56156+08	350	ART Medication	3		13	1
1005	2020-01-23 14:20:58.562514+08	349	ART Medication	3		13	1
1006	2020-01-23 14:20:58.563601+08	348	ART Medication	3		13	1
1007	2020-01-23 14:20:58.564514+08	347	ART Medication	3		13	1
1008	2020-01-23 14:20:58.565513+08	345	Medical History	3		13	1
1009	2020-01-23 14:20:58.566612+08	344	Medical History	3		13	1
1010	2020-01-23 14:20:58.567599+08	343	Medical History	3		13	1
1011	2020-01-23 14:20:58.568686+08	342	Medical History	3		13	1
1012	2020-01-23 14:20:58.569827+08	341	Medical History	3		13	1
1013	2020-01-23 14:20:58.570608+08	340	Medical History	3		13	1
1014	2020-01-23 14:20:58.572609+08	339	Medical History	3		13	1
1015	2020-01-23 14:20:58.573607+08	338	Medical History	3		13	1
1016	2020-01-23 14:20:58.575289+08	337	Medical History	3		13	1
1017	2020-01-23 14:20:58.575606+08	336	Medical History	3		13	1
1018	2020-01-23 14:20:58.576607+08	335	Medical History	3		13	1
1019	2020-01-23 14:20:58.578212+08	334	Medical History	3		13	1
1020	2020-01-23 14:20:58.579681+08	333	Medical History	3		13	1
1021	2020-01-23 14:20:58.580145+08	332	Medical History	3		13	1
1022	2020-01-23 14:20:58.58178+08	331	Medical History	3		13	1
1023	2020-01-23 14:20:58.583184+08	330	Medical History	3		13	1
1024	2020-01-23 14:20:58.584145+08	329	Medical History	3		13	1
1025	2020-01-23 14:20:58.585145+08	328	Medical History	3		13	1
1026	2020-01-23 14:20:58.58583+08	327	Medical History	3		13	1
1027	2020-01-23 14:20:58.587146+08	326	Medical History	3		13	1
1028	2020-01-23 14:20:58.588174+08	325	Medical History	3		13	1
1029	2020-01-23 14:20:58.589582+08	324	Medical History	3		13	1
1030	2020-01-23 14:20:58.591145+08	323	Medical History	3		13	1
1031	2020-01-23 14:20:58.592166+08	322	Profile Form	3		13	1
1032	2020-01-23 14:20:58.593145+08	321	Profile Form	3		13	1
1033	2020-01-23 14:20:58.594145+08	320	Profile Form	3		13	1
1034	2020-01-23 14:20:58.595144+08	319	Profile Form	3		13	1
1035	2020-01-23 14:20:58.596145+08	318	Medical History	3		13	1
1036	2020-01-23 14:20:58.596875+08	317	Medical History	3		13	1
1037	2020-01-23 14:20:58.597403+08	316	Medical History	3		13	1
1038	2020-01-23 14:20:58.598524+08	315	Medical History	3		13	1
1039	2020-01-23 14:20:58.600389+08	314	Profile Form	3		13	1
1040	2020-01-23 14:21:14.407459+08	313	Profile Form	3		13	1
1041	2020-01-23 14:21:14.418071+08	312	Profile Form	3		13	1
1042	2020-01-23 14:21:14.420086+08	311	Profile Form	3		13	1
1043	2020-01-23 14:21:14.423088+08	310	Profile Form	3		13	1
1044	2020-01-23 14:21:14.425301+08	309	Profile Form	3		13	1
1045	2020-01-23 14:21:14.427372+08	308	Profile Form	3		13	1
1046	2020-01-23 14:21:14.429382+08	307	Profile Form	3		13	1
1047	2020-01-23 14:21:14.430604+08	306	Consultation Schedule	3		13	1
1048	2020-01-23 14:21:14.432382+08	305	Consultation Schedule	3		13	1
1049	2020-01-23 14:21:14.434382+08	304	Consultation Schedule	3		13	1
1050	2020-01-23 14:21:14.436437+08	303	Consultation Schedule	3		13	1
1051	2020-01-23 14:21:14.438383+08	302	Profile Form	3		13	1
1052	2020-01-23 14:21:14.440384+08	301	Profile Form	3		13	1
1053	2020-01-23 14:21:14.442381+08	300	Personal Record	3		13	1
1054	2020-01-23 14:21:14.444381+08	299	Profile Form	3		13	1
1055	2020-01-23 14:21:14.445709+08	298	Profile Form	3		13	1
1056	2020-01-23 14:21:14.447497+08	297	Profile Form	3		13	1
1057	2020-01-23 14:21:14.44946+08	296	Profile Form	3		13	1
1058	2020-01-23 14:21:14.451459+08	295	Profile Form	3		13	1
1059	2020-01-23 14:21:14.453463+08	294	Profile Form	3		13	1
1060	2020-01-23 14:21:14.455462+08	293	Profile Form	3		13	1
1061	2020-01-23 14:21:14.457856+08	292	Profile Form	3		13	1
1062	2020-01-23 14:21:14.459868+08	291	Profile Form	3		13	1
1063	2020-01-23 14:21:14.461021+08	290	Profile Form	3		13	1
1064	2020-01-23 14:21:14.462868+08	289	Profile Form	3		13	1
1065	2020-01-23 14:21:14.465018+08	288	Profile Form	3		13	1
1066	2020-01-23 14:21:14.466867+08	287	ICR	3		13	1
1067	2020-01-23 14:21:14.467964+08	286	ICR	3		13	1
1068	2020-01-23 14:21:14.470976+08	285	Profile Form	3		13	1
1069	2020-01-23 14:21:14.472975+08	284	Profile Form	3		13	1
1070	2020-01-23 14:21:14.474975+08	283	Medical History	3		13	1
1071	2020-01-23 14:21:14.476974+08	282	Medical History	3		13	1
1072	2020-01-23 14:21:14.478187+08	281	Consultation Schedule	3		13	1
1073	2020-01-23 14:21:14.480762+08	280	ICR	3		13	1
1074	2020-01-23 14:21:14.482696+08	279	ICR	3		13	1
1075	2020-01-23 14:21:14.48441+08	278	ICR	3		13	1
1076	2020-01-23 14:21:14.48646+08	277	ICR	3		13	1
1077	2020-01-23 14:21:14.488412+08	276	ICR	3		13	1
1078	2020-01-23 14:21:14.490416+08	275	ICR	3		13	1
1079	2020-01-23 14:21:14.492587+08	274	Medical History	3		13	1
1080	2020-01-23 14:21:14.494457+08	273	Personal Record	3		13	1
1081	2020-01-23 14:21:14.495787+08	272	Profile Form	3		13	1
1082	2020-01-23 14:21:14.49778+08	271	Profile Form	3		13	1
1083	2020-01-23 14:21:14.498762+08	270	Medical History	3		13	1
1084	2020-01-23 14:21:14.500796+08	269	Medical History	3		13	1
1085	2020-01-23 14:21:14.502765+08	268	ICR	3		13	1
1086	2020-01-23 14:21:14.504765+08	267	ICR	3		13	1
1087	2020-01-23 14:21:14.5068+08	266	ICR	3		13	1
1088	2020-01-23 14:21:14.509062+08	265	ICR	3		13	1
1089	2020-01-23 14:21:14.510758+08	264	ICR	3		13	1
1090	2020-01-23 14:21:14.513068+08	263	ICR	3		13	1
1091	2020-01-23 14:21:14.515027+08	262	Consultation Schedule	3		13	1
1092	2020-01-23 14:21:14.517032+08	261	Consultation Schedule	3		13	1
1093	2020-01-23 14:21:14.519143+08	260	Consultation Schedule	3		13	1
1094	2020-01-23 14:21:14.521133+08	259	Consultation Schedule	3		13	1
1095	2020-01-23 14:21:14.523366+08	258	Consultation Schedule	3		13	1
1096	2020-01-23 14:21:14.525777+08	257	Consultation Schedule	3		13	1
1097	2020-01-23 14:21:14.527752+08	256	Consultation Schedule	3		13	1
1098	2020-01-23 14:21:14.529094+08	255	Consultation Schedule	3		13	1
1099	2020-01-23 14:21:14.530928+08	254	Consultation Schedule	3		13	1
1100	2020-01-23 14:21:14.532492+08	253	Consultation Schedule	3		13	1
1101	2020-01-23 14:21:14.534562+08	252	Consultation Schedule	3		13	1
1102	2020-01-23 14:21:14.537446+08	251	Consultation Schedule	3		13	1
1103	2020-01-23 14:21:14.539448+08	250	Consultation Schedule	3		13	1
1104	2020-01-23 14:21:14.542445+08	249	Consultation Schedule	3		13	1
1105	2020-01-23 14:21:14.544481+08	248	Consultation Schedule	3		13	1
1106	2020-01-23 14:21:14.546427+08	247	Consultation Schedule	3		13	1
1107	2020-01-23 14:21:14.54788+08	246	Consultation Schedule	3		13	1
1108	2020-01-23 14:21:14.550197+08	245	Consultation Schedule	3		13	1
1109	2020-01-23 14:21:14.552706+08	244	Consultation Schedule	3		13	1
1110	2020-01-23 14:21:14.554607+08	243	Consultation Schedule	3		13	1
1111	2020-01-23 14:21:14.55758+08	242	Consultation Schedule	3		13	1
1112	2020-01-23 14:21:14.559508+08	241	ICR	3		13	1
1113	2020-01-23 14:21:14.560663+08	240	ICR	3		13	1
1114	2020-01-23 14:21:14.56258+08	239	ICR	3		13	1
1115	2020-01-23 14:21:14.564693+08	238	ICR	3		13	1
1116	2020-01-23 14:21:14.566607+08	237	ICR	3		13	1
1117	2020-01-23 14:21:14.568235+08	236	Medical History	3		13	1
1118	2020-01-23 14:21:14.570088+08	235	Medical History	3		13	1
1119	2020-01-23 14:21:14.572085+08	234	Profile Form	3		13	1
1120	2020-01-23 14:21:14.574691+08	233	Profile Form	3		13	1
1121	2020-01-23 14:21:14.576243+08	232	Profile Form	3		13	1
1122	2020-01-23 14:21:14.578176+08	231	Profile Form	3		13	1
1123	2020-01-23 14:21:14.579826+08	230	Profile Form	3		13	1
1124	2020-01-23 14:21:14.581831+08	229	Profile Form	3		13	1
1125	2020-01-23 14:21:14.583832+08	228	Profile Form	3		13	1
1126	2020-01-23 14:21:14.585858+08	227	Medical History	3		13	1
1127	2020-01-23 14:21:14.587711+08	226	Medical History	3		13	1
1128	2020-01-23 14:21:14.589758+08	225	Medical History	3		13	1
1129	2020-01-23 14:21:14.592675+08	224	Medical History	3		13	1
1130	2020-01-23 14:21:14.594008+08	223	Medical History	3		13	1
1131	2020-01-23 14:21:14.595914+08	222	Profile Form	3		13	1
1132	2020-01-23 14:21:14.597803+08	221	Profile Form	3		13	1
1133	2020-01-23 14:21:14.599513+08	220	Profile Form	3		13	1
1134	2020-01-23 14:21:14.601544+08	219	Profile Form	3		13	1
1135	2020-01-23 14:21:14.603554+08	218	Profile Form	3		13	1
1136	2020-01-23 14:21:14.605671+08	217	Profile Form	3		13	1
1137	2020-01-23 14:21:14.607516+08	216	Profile Form	3		13	1
1138	2020-01-23 14:21:14.609658+08	215	Profile Form	3		13	1
1139	2020-01-23 14:21:14.611568+08	214	Profile Form	3		13	1
1140	2020-01-23 14:21:36.07751+08	213	Profile Form	3		13	1
1141	2020-01-23 14:21:36.089197+08	212	Profile Form	3		13	1
1142	2020-01-23 14:21:36.091788+08	211	Profile Form	3		13	1
1143	2020-01-23 14:21:36.093999+08	210	Profile Form	3		13	1
1144	2020-01-23 14:21:36.096059+08	209	Profile Form	3		13	1
1145	2020-01-23 14:21:36.098528+08	208	Profile Form	3		13	1
1146	2020-01-23 14:21:36.101207+08	207	Profile Form	3		13	1
1147	2020-01-23 14:21:36.103417+08	206	Profile Form	3		13	1
1148	2020-01-23 14:21:36.105373+08	205	Profile Form	3		13	1
1149	2020-01-23 14:21:36.107426+08	204	Medical History	3		13	1
1150	2020-01-23 14:21:36.109402+08	203	Medical History	3		13	1
1151	2020-01-23 14:21:36.11138+08	202	Medical History	3		13	1
1152	2020-01-23 14:21:36.113294+08	201	Consultation Schedule	3		13	1
1153	2020-01-23 14:21:36.115279+08	200	Consultation Schedule	3		13	1
1154	2020-01-23 14:21:36.117662+08	199	Consultation Schedule	3		13	1
1155	2020-01-23 14:21:36.119631+08	198	Consultation Schedule	3		13	1
1156	2020-01-23 14:21:36.121425+08	197	Consultation Schedule	3		13	1
1157	2020-01-23 14:21:36.123497+08	196	Consultation Schedule	3		13	1
1158	2020-01-23 14:21:36.125516+08	195	Consultation Schedule	3		13	1
1159	2020-01-23 14:21:36.12779+08	194	Consultation Schedule	3		13	1
1160	2020-01-23 14:21:36.129778+08	193	Consultation Schedule	3		13	1
1161	2020-01-23 14:21:36.131687+08	192	Consultation Schedule	3		13	1
1162	2020-01-23 14:21:36.13332+08	191	Consultation Schedule	3		13	1
1163	2020-01-23 14:21:36.135283+08	190	Consultation Schedule	3		13	1
1164	2020-01-23 14:21:36.137701+08	189	Consultation Schedule	3		13	1
1165	2020-01-23 14:21:36.139723+08	188	Consultation Schedule	3		13	1
1166	2020-01-23 14:21:36.141272+08	187	Consultation Schedule	3		13	1
1167	2020-01-23 14:21:36.143254+08	186	Consultation Schedule	3		13	1
1168	2020-01-23 14:21:36.145254+08	185	Consultation Schedule	3		13	1
1169	2020-01-23 14:21:36.146387+08	184	Consultation Schedule	3		13	1
1170	2020-01-23 14:21:36.148601+08	183	Consultation Schedule	3		13	1
1171	2020-01-23 14:21:36.149986+08	182	Consultation Schedule	3		13	1
1172	2020-01-23 14:21:36.153221+08	181	Consultation Schedule	3		13	1
1173	2020-01-23 14:21:36.154322+08	180	Consultation Schedule	3		13	1
1174	2020-01-23 14:21:36.15666+08	179	Consultation Schedule	3		13	1
1175	2020-01-23 14:21:36.158831+08	178	Consultation Schedule	3		13	1
1176	2020-01-23 14:21:36.160877+08	177	Medical History	3		13	1
1177	2020-01-23 14:21:36.16283+08	176	Medical History	3		13	1
1178	2020-01-23 14:21:36.165002+08	175	Medical History	3		13	1
1179	2020-01-23 14:21:36.166196+08	174	Medical History	3		13	1
1180	2020-01-23 14:21:36.168087+08	173	Medical History	3		13	1
1181	2020-01-23 14:21:36.170407+08	172	Medical History	3		13	1
1182	2020-01-23 14:21:36.171993+08	171	Medical History	3		13	1
1183	2020-01-23 14:21:36.173954+08	170	Medical History	3		13	1
1184	2020-01-23 14:21:36.176902+08	169	Medical History	3		13	1
1185	2020-01-23 14:21:36.17902+08	168	Medical History	3		13	1
1186	2020-01-23 14:21:36.181016+08	167	Medical History	3		13	1
1187	2020-01-23 14:21:36.183001+08	166	Medical History	3		13	1
1188	2020-01-23 14:21:36.1851+08	165	Medical History	3		13	1
1189	2020-01-23 14:21:36.187039+08	164	Medical History	3		13	1
1190	2020-01-23 14:21:36.188579+08	163	Medical History	3		13	1
1191	2020-01-23 14:21:36.190563+08	162	Profile Form	3		13	1
1192	2020-01-23 14:21:36.193313+08	161	Profile Form	3		13	1
1193	2020-01-23 14:21:36.195421+08	160	Consultation Schedule	3		13	1
1194	2020-01-23 14:21:36.197446+08	159	Consultation Schedule	3		13	1
1195	2020-01-23 14:21:36.199592+08	158	Personal Record	3		13	1
1196	2020-01-23 14:21:36.201438+08	157	Consultation Schedule	3		13	1
1197	2020-01-23 14:21:36.203311+08	156	Consultation Schedule	3		13	1
1198	2020-01-23 14:21:36.205236+08	155	Consultation Schedule	3		13	1
1199	2020-01-23 14:21:36.207326+08	154	Consultation Schedule	3		13	1
1200	2020-01-23 14:21:36.210304+08	153	Consultation Schedule	3		13	1
1201	2020-01-23 14:21:36.211709+08	123	Consultation Schedule	3		13	1
1202	2020-01-23 14:21:36.213522+08	122	Consultation Schedule	3		13	1
1203	2020-01-23 14:21:36.215315+08	121	Consultation Schedule	3		13	1
1204	2020-01-23 14:21:36.217788+08	120	Consultation Schedule	3		13	1
1205	2020-01-23 14:21:36.219749+08	119	Consultation Schedule	3		13	1
1206	2020-01-23 14:21:36.221777+08	118	Profile Form	3		13	1
1207	2020-01-23 14:21:36.223748+08	117	Profile Form	3		13	1
1208	2020-01-23 14:21:36.225781+08	116	Profile Form	3		13	1
1209	2020-01-23 14:21:36.227802+08	115	Profile Form	3		13	1
1210	2020-01-23 14:21:36.229936+08	114	Profile Form	3		13	1
1211	2020-01-23 14:21:36.231801+08	113	ICR	3		13	1
1212	2020-01-23 14:21:36.233686+08	112	ICR	3		13	1
1213	2020-01-23 14:21:36.235668+08	111	Medical History	3		13	1
1214	2020-01-23 14:21:36.237623+08	110	Medical History	3		13	1
1215	2020-01-23 14:21:36.239638+08	109	Medical History	3		13	1
1216	2020-01-23 14:21:36.241653+08	108	Medical History	3		13	1
1217	2020-01-23 14:21:36.244646+08	107	Medical History	3		13	1
1218	2020-01-23 14:21:36.246645+08	106	Medical History	3		13	1
1219	2020-01-23 14:21:36.248642+08	95	Consultation Schedule	3		13	1
1220	2020-01-23 14:21:36.250645+08	94	Medical History	3		13	1
1221	2020-01-23 14:21:36.252685+08	93	Medical History	3		13	1
1222	2020-01-23 14:21:36.254702+08	91	Medical History	3		13	1
1223	2020-01-23 14:21:36.257302+08	90	Medical History	3		13	1
1224	2020-01-23 14:21:36.259246+08	89	Medical History Edit	3		13	1
1225	2020-01-23 14:21:36.261256+08	88	ICR Remark	3		13	1
1226	2020-01-23 14:21:36.264255+08	87	consultation schedule	3		13	1
1227	2020-01-23 14:21:52.678466+08	76	bran	3		16	1
1228	2020-01-23 14:21:52.686824+08	75	bran	3		16	1
1229	2020-01-23 14:21:52.688893+08	74	selena	3		16	1
1230	2020-01-23 14:21:52.69089+08	73	lyssa	3		16	1
1231	2020-01-23 14:21:52.693887+08	72	shiela	3		16	1
1232	2020-01-23 14:21:52.695887+08	71	mary	3		16	1
1233	2020-01-23 14:21:52.698718+08	69	mei	3		16	1
1234	2020-01-23 14:21:52.700582+08	68	mai	3		16	1
1235	2020-01-23 14:21:52.70247+08	67	secret	3		16	1
1236	2020-01-23 14:21:52.704842+08	66	karlo	3		16	1
1237	2020-01-23 14:21:52.708318+08	65	belle	3		16	1
1238	2020-01-23 14:21:52.711314+08	64	kate	3		16	1
1239	2020-01-23 14:21:52.713313+08	63	hannah	3		16	1
1240	2020-01-23 14:21:52.715314+08	62	shel	3		16	1
1241	2020-01-23 14:21:52.717582+08	61	sheryl	3		16	1
1242	2020-01-23 14:21:52.719072+08	60	luna	3		16	1
1243	2020-01-23 14:21:52.721612+08	59	clara	3		16	1
1244	2020-01-23 14:21:52.723616+08	58	susan	3		16	1
1245	2020-01-23 14:21:52.726603+08	57	leia	3		16	1
1246	2020-01-23 14:21:52.728611+08	56	leia	3		16	1
1247	2020-01-23 14:21:52.730603+08	55	leia	3		16	1
1248	2020-01-23 14:21:52.732686+08	54	leia	3		16	1
1249	2020-01-23 14:21:52.735316+08	53	leia	3		16	1
1250	2020-01-23 14:21:52.737583+08	52	leia	3		16	1
1251	2020-01-23 14:21:52.739517+08	51	cora	3		16	1
1252	2020-01-23 14:21:52.741508+08	50	cora	3		16	1
1253	2020-01-23 14:21:52.743518+08	49	cora	3		16	1
1254	2020-01-23 14:21:52.746518+08	48	chen	3		16	1
1255	2020-01-23 14:21:52.747794+08	47	chen	3		16	1
1256	2020-01-23 14:21:52.749736+08	46	chen	3		16	1
1257	2020-01-23 14:21:52.751736+08	45	chen	3		16	1
1258	2020-01-23 14:21:52.753993+08	44	chen	3		16	1
1259	2020-01-23 14:21:52.756085+08	43	chen	3		16	1
1260	2020-01-23 14:21:52.758408+08	42	chen	3		16	1
1261	2020-01-23 14:21:52.760921+08	41	chen	3		16	1
1262	2020-01-23 14:21:52.762843+08	40	chen	3		16	1
1263	2020-01-23 14:21:52.764422+08	39	khalil	3		16	1
1264	2020-01-23 14:21:52.766409+08	38	dara	3		16	1
1265	2020-01-23 14:21:52.768404+08	37	sal	3		16	1
1266	2020-01-23 14:21:52.770509+08	36	san	3		16	1
1267	2020-01-23 14:21:52.772859+08	35	tal	3		16	1
1268	2020-01-23 14:21:52.774406+08	34	carl	3		16	1
1269	2020-01-23 14:21:52.777417+08	33	bart	3		16	1
1270	2020-01-23 14:21:52.779415+08	32	kail	3		16	1
1271	2020-01-23 14:21:52.781406+08	31	carol	3		16	1
1272	2020-01-23 14:21:52.78341+08	26	dahlia	3		16	1
1273	2020-01-23 14:21:52.785478+08	25	none	3		16	1
1274	2020-01-23 14:21:52.787771+08	24	none	3		16	1
1275	2020-01-23 14:21:52.789723+08	23	shem	3		16	1
1276	2020-01-23 14:21:52.791723+08	22	none	3		16	1
1277	2020-01-23 14:21:52.793917+08	21	dahlia	3		16	1
1278	2020-01-23 14:21:52.795931+08	20	none	3		16	1
1279	2020-01-23 14:21:52.797816+08	19	dahlia	3		16	1
1280	2020-01-23 14:21:52.800153+08	18	jerman	3		16	1
1281	2020-01-23 14:21:52.80286+08	17	helen	3		16	1
1282	2020-01-23 14:21:52.804184+08	16	darren	3		16	1
1283	2020-01-23 14:21:52.806817+08	14	maria	3		16	1
1284	2020-01-23 14:22:11.956596+08	113	None	3		14	1
1285	2020-01-23 14:22:11.965022+08	112	None	3		14	1
1286	2020-01-23 14:22:11.967281+08	111	None	3		14	1
1287	2020-01-23 14:22:11.969294+08	110	None	3		14	1
1288	2020-01-23 14:22:11.971037+08	109	shiela	3		14	1
1289	2020-01-23 14:22:11.973405+08	108	None	3		14	1
1290	2020-01-23 14:22:11.975432+08	107	mary	3		14	1
1291	2020-01-23 14:22:11.976455+08	106	None	3		14	1
1292	2020-01-23 14:22:11.978461+08	104	None	3		14	1
1293	2020-01-23 14:22:11.980444+08	103	None	3		14	1
1294	2020-01-23 14:22:11.982041+08	102	None	3		14	1
1295	2020-01-23 14:22:11.983225+08	101	shel	3		14	1
1296	2020-01-23 14:22:11.984393+08	99	shel	3		14	1
1297	2020-01-23 14:22:11.985726+08	98	shel	3		14	1
1298	2020-01-23 14:22:11.986949+08	96	shel	3		14	1
1299	2020-01-23 14:22:11.988083+08	94	shel	3		14	1
1300	2020-01-23 14:22:11.989503+08	93	shel	3		14	1
1301	2020-01-23 14:22:11.99059+08	92	shel	3		14	1
1302	2020-01-23 14:22:11.991662+08	91	shel	3		14	1
1303	2020-01-23 14:22:11.993142+08	89	shel	3		14	1
1304	2020-01-23 14:22:11.995128+08	85	shel	3		14	1
1305	2020-01-23 14:22:11.99658+08	84	shel	3		14	1
1306	2020-01-23 14:22:11.997779+08	82	shel	3		14	1
1307	2020-01-23 14:22:11.99872+08	78	shel	3		14	1
1308	2020-01-23 14:22:11.999951+08	75	shel	3		14	1
1309	2020-01-23 14:22:12.001722+08	62	cora	3		14	1
1310	2020-01-23 14:22:12.002526+08	61	cora	3		14	1
1311	2020-01-23 14:22:12.003754+08	60	cora	3		14	1
1312	2020-01-23 14:22:12.004861+08	59	cora	3		14	1
1313	2020-01-23 14:22:12.006424+08	58	cora	3		14	1
1314	2020-01-23 14:22:12.007363+08	57	cora	3		14	1
1315	2020-01-23 14:22:12.008534+08	56	cora	3		14	1
1316	2020-01-23 14:22:12.009651+08	55	cora	3		14	1
1317	2020-01-23 14:22:12.011356+08	54	cora	3		14	1
1318	2020-01-23 14:22:12.012574+08	53	cora	3		14	1
1319	2020-01-23 14:22:12.013724+08	52	cora	3		14	1
1320	2020-01-23 14:22:12.014973+08	51	cora	3		14	1
1321	2020-01-23 14:22:12.016542+08	50	cora	3		14	1
1322	2020-01-23 14:22:12.017798+08	49	cora	3		14	1
1323	2020-01-23 14:22:12.018904+08	17	lena	3		14	1
1324	2020-01-23 14:22:12.020591+08	14	None	3		14	1
1325	2020-01-23 14:22:34.67748+08	9	sheryl	3		27	1
1326	2020-01-23 14:22:34.682476+08	8	lena	3		27	1
1327	2020-01-23 14:22:34.685481+08	7	sheryl	3		27	1
1328	2020-01-23 14:22:34.687374+08	6	sheryl	3		27	1
1329	2020-01-23 14:22:34.689861+08	5	dolly	3		27	1
1330	2020-01-23 14:22:34.691327+08	4	cora	3		27	1
1331	2020-01-23 14:22:34.693318+08	3	cora	3		27	1
1332	2020-01-23 14:22:52.432137+08	16	what I felt this day	3		20	1
1333	2020-01-23 14:22:52.438778+08	15	it happens	3		20	1
1334	2020-01-23 14:22:52.441768+08	14	this day	3		20	1
1335	2020-01-23 14:22:52.443766+08	13	welp	3		20	1
1336	2020-01-23 14:22:52.445765+08	12	why is this?	3		20	1
1337	2020-01-23 14:22:52.447596+08	11	can't breathe	3		20	1
1338	2020-01-23 14:22:52.450556+08	10	working	3		20	1
1339	2020-01-23 14:22:52.452555+08	9	ples work	3		20	1
1340	2020-01-23 14:22:52.454628+08	8	test for ajax	3		20	1
1341	2020-01-23 14:22:52.456693+08	7	What I felt Today	3		20	1
1342	2020-01-23 14:22:52.458547+08	6	sample 2	3		20	1
1343	2020-01-23 14:22:52.460746+08	5	sample 1	3		20	1
1344	2020-01-23 14:22:52.462825+08	4	test 2	3		20	1
1345	2020-01-23 14:22:52.464748+08	3	test 1	3		20	1
1346	2020-01-23 14:23:05.723039+08	57	bran concepcion	3		21	1
1347	2020-01-23 14:23:05.73111+08	56	selena gonzales	3		21	1
1348	2020-01-23 14:23:05.733111+08	55	lyssa carter	3		21	1
1349	2020-01-23 14:23:05.735186+08	54	shiela salas	3		21	1
1350	2020-01-23 14:23:05.737479+08	53	mary lenox	3		21	1
1351	2020-01-23 14:23:05.740437+08	51	mei manalo	3		21	1
1352	2020-01-23 14:23:05.742695+08	50	mai manalo	3		21	1
1353	2020-01-23 14:23:05.744879+08	49	none	3		21	1
1354	2020-01-23 14:23:05.746437+08	48	karlo perez	3		21	1
1355	2020-01-23 14:23:05.749438+08	47	belle kaizon	3		21	1
1356	2020-01-23 14:23:05.751448+08	46	kate selin	3		21	1
1357	2020-01-23 14:23:05.753603+08	45	hannah suarez	3		21	1
1358	2020-01-23 14:23:05.755544+08	44	shel cruz	3		21	1
1359	2020-01-23 14:23:05.757608+08	41	sheryl hames	3		21	1
1360	2020-01-23 14:23:05.759573+08	40	luna cruz	3		21	1
1361	2020-01-23 14:23:05.762521+08	39	clara reems	3		21	1
1362	2020-01-23 14:23:05.764691+08	38	susan sanchez	3		21	1
1363	2020-01-23 14:23:05.767526+08	37	leia salas	3		21	1
1364	2020-01-23 14:23:05.769525+08	28	cora corzey	3		21	1
1365	2020-01-23 14:23:05.771532+08	24	dara kan	3		21	1
1366	2020-01-23 14:23:05.77352+08	23	sal lan	3		21	1
1367	2020-01-23 14:23:05.775874+08	22	san san	3		21	1
1368	2020-01-23 14:23:05.77768+08	21	tal cruz	3		21	1
1369	2020-01-23 14:23:05.780693+08	20	carl clinton	3		21	1
1370	2020-01-23 14:23:05.782767+08	19	bart colin	3		21	1
1371	2020-01-23 14:23:05.78406+08	17	carol barain	3		21	1
1372	2020-01-23 14:23:05.785797+08	12	dahlia soron	3		21	1
1373	2020-01-23 14:23:05.787284+08	9	shem san	3		21	1
1374	2020-01-23 14:23:05.788808+08	8	jerman sheepherd	3		21	1
1375	2020-01-23 14:23:05.790804+08	7	helen manay	3		21	1
1376	2020-01-23 14:23:05.792231+08	6	darren wan	3		21	1
1377	2020-01-23 14:23:05.793807+08	4	maria lastimar	3		21	1
1378	2020-01-23 14:23:19.469236+08	77	bran	3		15	1
1379	2020-01-23 14:23:19.476053+08	76	bran	3		15	1
1380	2020-01-23 14:23:19.47837+08	75	selena	3		15	1
1381	2020-01-23 14:23:19.480426+08	74	lyssa	3		15	1
1382	2020-01-23 14:23:19.482864+08	73	shiela	3		15	1
1383	2020-01-23 14:23:19.484371+08	72	mary	3		15	1
1384	2020-01-23 14:23:19.485594+08	70	mei	3		15	1
1385	2020-01-23 14:23:19.486696+08	69	mai	3		15	1
1386	2020-01-23 14:23:19.488251+08	68	None	3		15	1
1387	2020-01-23 14:23:19.489347+08	67	karlo	3		15	1
1388	2020-01-23 14:23:19.491223+08	66	belle	3		15	1
1389	2020-01-23 14:23:19.492222+08	65	kate	3		15	1
1390	2020-01-23 14:23:19.493222+08	64	hannah	3		15	1
1391	2020-01-23 14:23:19.495282+08	63	shel	3		15	1
1392	2020-01-23 14:23:19.496225+08	62	sheryl	3		15	1
1393	2020-01-23 14:23:19.497659+08	61	luna	3		15	1
1394	2020-01-23 14:23:19.49922+08	60	clara	3		15	1
1395	2020-01-23 14:23:19.50035+08	59	susan	3		15	1
1396	2020-01-23 14:23:19.502222+08	58	leia	3		15	1
1397	2020-01-23 14:23:19.503222+08	57	leia	3		15	1
1398	2020-01-23 14:23:19.504525+08	56	leia	3		15	1
1399	2020-01-23 14:23:19.505278+08	55	leia	3		15	1
1400	2020-01-23 14:23:19.506281+08	54	leia	3		15	1
1401	2020-01-23 14:23:19.508369+08	53	leia	3		15	1
1402	2020-01-23 14:23:19.509668+08	52	cora	3		15	1
1403	2020-01-23 14:23:19.510279+08	51	cora	3		15	1
1404	2020-01-23 14:23:19.512284+08	50	cora	3		15	1
1405	2020-01-23 14:23:19.514279+08	49	chen	3		15	1
1406	2020-01-23 14:23:19.515311+08	48	chen	3		15	1
1407	2020-01-23 14:23:19.516484+08	47	chen	3		15	1
1408	2020-01-23 14:23:19.517284+08	46	chen	3		15	1
1409	2020-01-23 14:23:19.518827+08	45	chen	3		15	1
1410	2020-01-23 14:23:19.520286+08	44	chen	3		15	1
1411	2020-01-23 14:23:19.52156+08	43	chen	3		15	1
1412	2020-01-23 14:23:19.522836+08	42	chen	3		15	1
1413	2020-01-23 14:23:19.524508+08	41	chen	3		15	1
1414	2020-01-23 14:23:19.525842+08	40	khalil	3		15	1
1415	2020-01-23 14:23:19.527287+08	39	dara	3		15	1
1416	2020-01-23 14:23:19.528862+08	38	sal	3		15	1
1417	2020-01-23 14:23:19.530336+08	37	san	3		15	1
1418	2020-01-23 14:23:19.531521+08	36	tal	3		15	1
1419	2020-01-23 14:23:19.532906+08	35	carl	3		15	1
1420	2020-01-23 14:23:19.534284+08	34	bart	3		15	1
1421	2020-01-23 14:23:19.535338+08	33	kail	3		15	1
1422	2020-01-23 14:23:19.536672+08	32	carol	3		15	1
1423	2020-01-23 14:23:19.538197+08	31		3		15	1
1424	2020-01-23 14:23:19.539721+08	30		3		15	1
1425	2020-01-23 14:23:19.541199+08	29		3		15	1
1426	2020-01-23 14:23:19.542363+08	28		3		15	1
1427	2020-01-23 14:23:19.544201+08	27	jerman  sheepherd	3		15	1
1428	2020-01-23 14:23:19.546199+08	26	none	3		15	1
1429	2020-01-23 14:23:19.547173+08	25	none	3		15	1
1430	2020-01-23 14:23:19.548708+08	24	shem	3		15	1
1431	2020-01-23 14:23:19.549704+08	23	none	3		15	1
1432	2020-01-23 14:23:19.551709+08	22	dahlia	3		15	1
1433	2020-01-23 14:23:19.553703+08	21	none	3		15	1
1434	2020-01-23 14:23:19.555748+08	20	dahlia	3		15	1
1435	2020-01-23 14:23:19.556746+08	19	jerman  sheepherd	3		15	1
1436	2020-01-23 14:23:19.557959+08	18	helen  manay	3		15	1
1437	2020-01-23 14:23:19.55902+08	17	darren	3		15	1
1438	2020-01-23 14:23:19.560865+08	15	maria  lastimar	3		15	1
1439	2020-01-23 14:23:43.17179+08	118	vincent tomoto	3		29	1
1440	2020-01-23 14:23:43.17753+08	117	juan de la cruz	3		29	1
1441	2020-01-23 14:24:01.78458+08	248	New Patient	3		11	1
1442	2020-01-23 14:24:01.792468+08	247	New Patient	3		11	1
1443	2020-01-23 14:24:01.794695+08	246	New Patient	3		11	1
1444	2020-01-23 14:24:01.796998+08	245	New Patient	3		11	1
1445	2020-01-23 14:24:01.79853+08	244	New Patient	3		11	1
1446	2020-01-23 14:24:01.801529+08	37	Removed	3		11	1
1447	2020-01-23 14:24:01.803531+08	243	New Patient	3		11	1
1448	2020-01-23 14:24:01.805527+08	242	New Patient	3		11	1
1449	2020-01-23 14:24:01.807454+08	241	New Patient	3		11	1
1450	2020-01-23 14:24:01.810818+08	240	New Patient	3		11	1
1451	2020-01-23 14:24:01.813402+08	239	New Patient	3		11	1
1452	2020-01-23 14:24:01.81465+08	238	New Patient	3		11	1
1453	2020-01-23 14:24:01.816423+08	237	New Patient	3		11	1
1454	2020-01-23 14:24:01.818135+08	236	New Patient	3		11	1
1455	2020-01-23 14:24:01.820058+08	235	New Patient	3		11	1
1456	2020-01-23 14:24:01.822059+08	234	New Patient	3		11	1
1457	2020-01-23 14:24:01.824352+08	233	New Patient	3		11	1
1458	2020-01-23 14:24:01.826088+08	232	New Patient	3		11	1
1459	2020-01-23 14:24:01.827782+08	231	New Patient	3		11	1
1460	2020-01-23 14:24:01.829306+08	225	New Patient	3		11	1
1461	2020-01-23 14:24:01.831464+08	224	New Patient	3		11	1
1462	2020-01-23 14:24:01.832839+08	223	New Patient	3		11	1
1463	2020-01-23 14:24:01.834954+08	222	New Patient	3		11	1
1464	2020-01-23 14:24:01.836468+08	221	New Patient	3		11	1
1465	2020-01-23 14:24:01.838543+08	220	New Patient	3		11	1
1466	2020-01-23 14:24:01.840483+08	219	New Patient	3		11	1
1467	2020-01-23 14:24:01.841807+08	218	New Patient	3		11	1
1468	2020-01-23 14:24:01.844028+08	217	New Patient	3		11	1
1469	2020-01-23 14:24:01.845583+08	216	New Patient	3		11	1
1470	2020-01-23 14:24:01.847624+08	215	New Patient	3		11	1
1471	2020-01-23 14:24:01.849375+08	214	New Patient	3		11	1
1472	2020-01-23 14:24:01.851057+08	213	New Patient	3		11	1
1473	2020-01-23 14:24:01.853065+08	212	New Patient	3		11	1
1474	2020-01-23 14:24:01.855064+08	211	New Patient	3		11	1
1475	2020-01-23 14:24:01.857065+08	210	New Patient	3		11	1
1476	2020-01-23 14:24:01.859061+08	209	New Patient	3		11	1
1477	2020-01-23 14:24:01.861064+08	208	New Patient	3		11	1
1478	2020-01-23 14:24:01.863061+08	207	New Patient	3		11	1
1479	2020-01-23 14:24:01.864062+08	206	New Patient	3		11	1
1480	2020-01-23 14:24:01.866061+08	205	ICR Form	3		11	1
1481	2020-01-23 14:24:01.868678+08	204	ICR Form	3		11	1
1482	2020-01-23 14:24:01.870674+08	203	ICR Form	3		11	1
1483	2020-01-23 14:24:01.872431+08	202	ICR Form	3		11	1
1484	2020-01-23 14:24:01.87466+08	201	ICR Form	3		11	1
1485	2020-01-23 14:24:01.876884+08	200	ICR Form	3		11	1
1486	2020-01-23 14:24:01.878592+08	199	Edit	3		11	1
1487	2020-01-23 14:24:01.880744+08	198	Edit	3		11	1
1488	2020-01-23 14:24:01.882785+08	196	New Patient	3		11	1
1489	2020-01-23 14:24:01.884687+08	195	Profile Form	3		11	1
1490	2020-01-23 14:24:01.887743+08	194	Profile Form	3		11	1
1491	2020-01-23 14:24:01.889775+08	193	Profile Form	3		11	1
1492	2020-01-23 14:24:01.891958+08	192	Profile Form	3		11	1
1493	2020-01-23 14:24:01.893769+08	191	Profile Form	3		11	1
1494	2020-01-23 14:24:01.895805+08	190	ICR Form	3		11	1
1495	2020-01-23 14:24:01.898391+08	189	ICR Form	3		11	1
1496	2020-01-23 14:24:01.90039+08	188	Profile Form	3		11	1
1497	2020-01-23 14:24:01.902021+08	187	Profile Form	3		11	1
1498	2020-01-23 14:24:01.905022+08	186	Profile Form	3		11	1
1499	2020-01-23 14:24:01.907021+08	185	Profile Form	3		11	1
1500	2020-01-23 14:24:01.909019+08	184	Profile Form	3		11	1
1501	2020-01-23 14:24:01.911151+08	183	Profile Form	3		11	1
1502	2020-01-23 14:24:01.913098+08	182	Profile Form	3		11	1
1503	2020-01-23 14:24:01.914634+08	181	Profile Form	3		11	1
1504	2020-01-23 14:24:01.916631+08	180	Profile Form	3		11	1
1505	2020-01-23 14:24:01.918987+08	179	Profile Form	3		11	1
1506	2020-01-23 14:24:01.920997+08	178	Profile Form	3		11	1
1507	2020-01-23 14:24:01.925503+08	177	Profile Form	3		11	1
1508	2020-01-23 14:24:01.927634+08	176	Profile Form	3		11	1
1509	2020-01-23 14:24:01.929616+08	175	Profile Form	3		11	1
1510	2020-01-23 14:24:01.932209+08	174	Profile Form	3		11	1
1511	2020-01-23 14:24:01.934209+08	173	Profile Form	3		11	1
1512	2020-01-23 14:24:01.93621+08	172	Profile Form	3		11	1
1513	2020-01-23 14:24:01.939208+08	171	Profile Form	3		11	1
1514	2020-01-23 14:24:01.941207+08	170	Profile Form	3		11	1
1515	2020-01-23 14:24:01.94321+08	169	Schedule Request	3		11	1
1516	2020-01-23 14:24:01.945207+08	168	Schedule Request	3		11	1
1517	2020-01-23 14:24:01.947446+08	167	Schedule Request	3		11	1
1518	2020-01-23 14:24:01.949366+08	166	Profile Form	3		11	1
1519	2020-01-23 14:24:01.951426+08	165	Profile Form	3		11	1
1520	2020-01-23 14:24:01.953363+08	164	Profile Form	3		11	1
1521	2020-01-23 14:24:01.955365+08	163	ICR Form	3		11	1
1522	2020-01-23 14:24:01.957689+08	162	ICR Form	3		11	1
1523	2020-01-23 14:24:01.959668+08	161	ICR Form	3		11	1
1524	2020-01-23 14:24:01.961678+08	155	New Patient	3		11	1
1525	2020-01-23 14:24:01.963729+08	154	Schedule Request	3		11	1
1526	2020-01-23 14:24:01.965669+08	153	Schedule Request	3		11	1
1527	2020-01-23 14:24:01.96766+08	152	Schedule Request	3		11	1
1528	2020-01-23 14:24:01.96965+08	151	Schedule Request	3		11	1
1529	2020-01-23 14:24:01.971639+08	150	Schedule Request	3		11	1
1530	2020-01-23 14:24:01.973643+08	149	Schedule Request	3		11	1
1531	2020-01-23 14:24:01.975739+08	148	Schedule Request	3		11	1
1532	2020-01-23 14:24:01.977423+08	147	Schedule Request	3		11	1
1533	2020-01-23 14:24:01.979346+08	146	Schedule Request	3		11	1
1534	2020-01-23 14:24:01.981345+08	145	Schedule Request	3		11	1
1535	2020-01-23 14:24:01.983352+08	144	Schedule Request	3		11	1
1536	2020-01-23 14:24:01.985349+08	143	Schedule Request	3		11	1
1537	2020-01-23 14:24:01.987346+08	142	Profile Form	3		11	1
1538	2020-01-23 14:24:01.989345+08	141	Profile Form	3		11	1
1539	2020-01-23 14:24:01.991414+08	140	Profile Form	3		11	1
1540	2020-01-23 14:24:01.993413+08	139	ICR Form	3		11	1
1541	2020-01-23 14:24:13.260897+08	138	ICR Form	3		11	1
1542	2020-01-23 14:24:13.272964+08	137	ICR Form	3		11	1
1543	2020-01-23 14:24:13.276034+08	136	ICR Form	3		11	1
1544	2020-01-23 14:24:13.278021+08	135	ICR Form	3		11	1
1545	2020-01-23 14:24:13.280515+08	134	ICR Form	3		11	1
1546	2020-01-23 14:24:13.283517+08	133	ICR Form	3		11	1
1547	2020-01-23 14:24:13.286746+08	132	ICR Form	3		11	1
1548	2020-01-23 14:24:13.288317+08	131	ICR Form	3		11	1
1549	2020-01-23 14:24:13.291103+08	130	ICR Form	3		11	1
1550	2020-01-23 14:24:13.292649+08	129	ICR Form	3		11	1
1551	2020-01-23 14:24:13.294437+08	128	ICR Form	3		11	1
1552	2020-01-23 14:24:13.29633+08	127	Profile Form	3		11	1
1553	2020-01-23 14:24:13.300242+08	126	Profile Form	3		11	1
1554	2020-01-23 14:24:13.301962+08	125	Profile Form	3		11	1
1555	2020-01-23 14:24:13.303935+08	124	Profile Form	3		11	1
1556	2020-01-23 14:24:13.306375+08	123	Profile Form	3		11	1
1557	2020-01-23 14:24:13.307926+08	122	Profile Form	3		11	1
1558	2020-01-23 14:24:13.310322+08	121	Profile Form	3		11	1
1559	2020-01-23 14:24:13.312022+08	120	Profile Form	3		11	1
1560	2020-01-23 14:24:13.31409+08	119	Profile Form	3		11	1
1561	2020-01-23 14:24:13.317112+08	118	Schedule Request	3		11	1
1562	2020-01-23 14:24:13.319384+08	117	Schedule Request	3		11	1
1563	2020-01-23 14:24:13.322084+08	116	Schedule Request	3		11	1
1564	2020-01-23 14:24:13.324026+08	115	Schedule Request	3		11	1
1565	2020-01-23 14:24:13.326026+08	114	Schedule Request	3		11	1
1566	2020-01-23 14:24:13.327907+08	113	Schedule Request	3		11	1
1567	2020-01-23 14:24:13.329846+08	112	Schedule Request	3		11	1
1568	2020-01-23 14:24:13.332518+08	111	Schedule Request	3		11	1
1569	2020-01-23 14:24:13.334407+08	110	Schedule Request	3		11	1
1570	2020-01-23 14:24:13.336408+08	109	New Patient	3		11	1
1571	2020-01-23 14:24:13.338477+08	108	Schedule Request	3		11	1
1572	2020-01-23 14:24:13.340599+08	107	Schedule Request	3		11	1
1573	2020-01-23 14:24:13.342445+08	106	Schedule Request	3		11	1
1574	2020-01-23 14:24:13.344538+08	105	Schedule Request	3		11	1
1575	2020-01-23 14:24:13.346555+08	104	Schedule Request	3		11	1
1576	2020-01-23 14:24:13.349559+08	103	Schedule Request	3		11	1
1577	2020-01-23 14:24:13.351552+08	102	Schedule Request	3		11	1
1578	2020-01-23 14:24:13.35374+08	101	Schedule Request	3		11	1
1579	2020-01-23 14:24:13.355738+08	100	Schedule Request	3		11	1
1580	2020-01-23 14:24:13.357777+08	99	Schedule Request	3		11	1
1581	2020-01-23 14:24:13.359722+08	72	Schedule Request	3		11	1
1582	2020-01-23 14:24:13.361719+08	71	Schedule Request	3		11	1
1583	2020-01-23 14:24:13.364086+08	70	Schedule Request	3		11	1
1584	2020-01-23 14:24:13.366087+08	69	Schedule Request	3		11	1
1585	2020-01-23 14:24:13.368089+08	68	Schedule Request	3		11	1
1586	2020-01-23 14:24:13.371082+08	67	Schedule Request	3		11	1
1587	2020-01-23 14:24:13.372395+08	66	Schedule Request	3		11	1
1588	2020-01-23 14:24:13.374124+08	65	Schedule Request	3		11	1
1589	2020-01-23 14:24:13.376717+08	64	Schedule Request	3		11	1
1590	2020-01-23 14:24:13.378801+08	63	Schedule Request	3		11	1
1591	2020-01-23 14:24:13.380801+08	62	Schedule Request	3		11	1
1592	2020-01-23 14:24:13.383452+08	61	Schedule Request	3		11	1
1593	2020-01-23 14:24:13.385386+08	60	Schedule Request	3		11	1
1594	2020-01-23 14:24:13.387199+08	59	Schedule Request	3		11	1
1595	2020-01-23 14:24:13.388716+08	58	Schedule Request	3		11	1
1596	2020-01-23 14:24:13.390809+08	57	Schedule Request	3		11	1
1597	2020-01-23 14:24:13.392718+08	56	Schedule Request	3		11	1
1598	2020-01-23 14:24:13.394719+08	55	Schedule Request	3		11	1
1599	2020-01-23 14:24:13.39672+08	35	None	3		11	1
1600	2020-01-23 14:24:13.399876+08	32	None	3		11	1
1601	2020-01-23 14:25:04.423465+08	222	vincent tomoto	3		10	1
1602	2020-01-23 14:25:04.428564+08	221	vincent tomoto	3		10	1
1603	2020-01-23 14:25:04.430603+08	220	vincent tomoto	3		10	1
1604	2020-01-23 14:25:04.431566+08	219	vincent tomoto	3		10	1
1605	2020-01-23 14:25:04.433563+08	218	vincent tomoto	3		10	1
1606	2020-01-23 14:25:04.434733+08	217	vincent tomoto	3		10	1
1607	2020-01-23 14:25:04.436564+08	216	vincent tomoto	3		10	1
1608	2020-01-23 14:25:04.437639+08	215	vincent tomoto	3		10	1
1609	2020-01-23 14:25:04.439047+08	214	vincent tomoto	3		10	1
1610	2020-01-23 14:25:04.43956+08	213	vincent tomoto	3		10	1
1611	2020-01-23 14:25:04.441561+08	212	vincent tomoto	3		10	1
1612	2020-01-23 14:25:04.443012+08	211	vincent tomoto	3		10	1
1613	2020-01-23 14:25:04.444663+08	210	vincent tomoto	3		10	1
1614	2020-01-23 14:25:04.446025+08	209	vincent tomoto	3		10	1
1615	2020-01-23 14:25:04.44756+08	208	vincent tomoto	3		10	1
1616	2020-01-23 14:25:04.44956+08	207	vincent tomoto	3		10	1
1617	2020-01-23 14:25:04.450558+08	206	vincent tomoto	3		10	1
1618	2020-01-23 14:25:04.452651+08	205	vincent tomoto	3		10	1
1619	2020-01-23 14:25:04.454081+08	204	vincent tomoto	3		10	1
1620	2020-01-23 14:25:04.455562+08	203	vincent tomoto	3		10	1
1621	2020-01-23 14:25:04.457026+08	202	vincent tomoto	3		10	1
1622	2020-01-23 14:25:04.458559+08	201	vincent tomoto	3		10	1
1623	2020-01-23 14:25:04.459727+08	200	vincent tomoto	3		10	1
1624	2020-01-23 14:25:04.461555+08	199	vincent tomoto	3		10	1
1625	2020-01-23 14:25:04.462701+08	198	vincent tomoto	3		10	1
1626	2020-01-23 14:25:04.464553+08	197	vincent tomoto	3		10	1
1627	2020-01-23 14:25:04.466555+08	196	vincent tomoto	3		10	1
1628	2020-01-23 14:25:04.46761+08	195	vincent tomoto	3		10	1
1629	2020-01-23 14:25:04.469856+08	194	vincent tomoto	3		10	1
1630	2020-01-23 14:25:04.47155+08	193	vincent tomoto	3		10	1
1631	2020-01-23 14:25:04.473546+08	192	vincent tomoto	3		10	1
1632	2020-01-23 14:25:04.475552+08	191	vincent tomoto	3		10	1
1633	2020-01-23 14:25:04.477462+08	190	vincent tomoto	3		10	1
1634	2020-01-23 14:25:04.480199+08	189	vincent tomoto	3		10	1
1635	2020-01-23 14:25:04.483172+08	188	vincent tomoto	3		10	1
1636	2020-01-23 14:25:04.48617+08	187	vincent tomoto	3		10	1
1637	2020-01-23 14:25:04.487861+08	186	vincent tomoto	3		10	1
1638	2020-01-23 14:25:04.490357+08	185	vincent tomoto	3		10	1
1639	2020-01-23 14:25:04.49176+08	184	vincent tomoto	3		10	1
1640	2020-01-23 14:25:04.493758+08	183	vincent tomoto	3		10	1
1641	2020-01-23 14:25:04.495758+08	182	vincent tomoto	3		10	1
1642	2020-01-23 14:25:04.49847+08	181	vincent tomoto	3		10	1
1643	2020-01-23 14:25:04.501447+08	180	vincent tomoto	3		10	1
1644	2020-01-23 14:25:04.503455+08	179	vincent tomoto	3		10	1
1645	2020-01-23 14:25:04.505454+08	178	vincent tomoto	3		10	1
1646	2020-01-23 14:25:04.507512+08	177	vincent tomoto	3		10	1
1647	2020-01-23 14:25:04.509508+08	176	vincent tomoto	3		10	1
1648	2020-01-23 14:25:04.511512+08	175	vincent tomoto	3		10	1
1649	2020-01-23 14:25:04.513806+08	174	vincent tomoto	3		10	1
1650	2020-01-23 14:25:04.516513+08	173	vincent tomoto	3		10	1
1651	2020-01-23 14:25:04.518655+08	172	vincent tomoto	3		10	1
1652	2020-01-23 14:25:04.520738+08	171	vincent tomoto	3		10	1
1653	2020-01-23 14:25:04.523169+08	170	vincent tomoto	3		10	1
1654	2020-01-23 14:25:04.524724+08	169	martin boran	3		10	1
1655	2020-01-23 14:25:04.526512+08	168	vincent tomoto	3		10	1
1656	2020-01-23 14:25:04.528531+08	167	vincent tomoto	3		10	1
1657	2020-01-23 14:25:04.533508+08	166	vincent tomoto	3		10	1
1658	2020-01-23 14:25:04.535508+08	165	martin boran	3		10	1
1659	2020-01-23 14:25:04.537515+08	164	martin boran	3		10	1
1660	2020-01-23 14:25:04.538782+08	163	martin boran	3		10	1
1661	2020-01-23 14:25:04.540603+08	162	vincent tomoto	3		10	1
1662	2020-01-23 14:25:04.54278+08	161	vincent tomoto	3		10	1
1663	2020-01-23 14:25:04.544638+08	160	vincent tomoto	3		10	1
1664	2020-01-23 14:25:04.546465+08	159	martin boran	3		10	1
1665	2020-01-23 14:25:04.548467+08	158	martin boran	3		10	1
1666	2020-01-23 14:25:04.551461+08	157	martin boran	3		10	1
1667	2020-01-23 14:25:04.553461+08	156	vincent tomoto	3		10	1
1668	2020-01-23 14:25:04.555463+08	155	vincent tomoto	3		10	1
1669	2020-01-23 14:25:04.557461+08	153	martin boran	3		10	1
1670	2020-01-23 14:25:04.559462+08	152	martin boran	3		10	1
1671	2020-01-23 14:25:04.561469+08	151	martin boran	3		10	1
1672	2020-01-23 14:25:04.564459+08	150	martin boran	3		10	1
1673	2020-01-23 14:25:04.567355+08	149	martin boran	3		10	1
1674	2020-01-23 14:25:04.569293+08	148	martin boran	3		10	1
1675	2020-01-23 14:25:04.572296+08	147	martin boran	3		10	1
1676	2020-01-23 14:25:04.575287+08	146	martin boran	3		10	1
1677	2020-01-23 14:25:04.577563+08	145	martin boran	3		10	1
1678	2020-01-23 14:25:04.580192+08	144	vincent tomoto	3		10	1
1679	2020-01-23 14:25:04.583076+08	143	vincent tomoto	3		10	1
1680	2020-01-23 14:25:04.586106+08	142	vincent tomoto	3		10	1
1681	2020-01-23 14:25:04.589009+08	141	vincent tomoto	3		10	1
1682	2020-01-23 14:25:04.591014+08	140	vincent tomoto	3		10	1
1683	2020-01-23 14:25:04.593188+08	139	vincent tomoto	3		10	1
1684	2020-01-23 14:25:04.596014+08	138	vincent tomoto	3		10	1
1685	2020-01-23 14:25:04.598734+08	137	martin boran	3		10	1
1686	2020-01-23 14:25:04.602737+08	136	martin boran	3		10	1
1687	2020-01-23 14:25:04.605185+08	135	martin boran	3		10	1
1688	2020-01-23 14:25:04.607679+08	134	martin boran	3		10	1
1689	2020-01-23 14:25:04.60964+08	133	martin boran	3		10	1
1690	2020-01-23 14:25:04.61264+08	132	martin boran	3		10	1
1691	2020-01-23 14:25:04.61563+08	131	martin boran	3		10	1
1692	2020-01-23 14:25:04.618004+08	130	martin boran	3		10	1
1693	2020-01-23 14:25:04.620889+08	129	martin boran	3		10	1
1694	2020-01-23 14:25:04.623745+08	128	martin boran	3		10	1
1695	2020-01-23 14:25:04.625751+08	127	martin boran	3		10	1
1696	2020-01-23 14:25:04.628484+08	126	martin boran	3		10	1
1697	2020-01-23 14:25:04.631477+08	125	martin boran	3		10	1
1698	2020-01-23 14:25:04.633474+08	124	vincent tomoto	3		10	1
1699	2020-01-23 14:25:04.63648+08	123	vincent tomoto	3		10	1
1700	2020-01-23 14:25:04.639482+08	122	vincent tomoto	3		10	1
1701	2020-01-23 14:25:19.455443+08	121	vincent tomoto	3		10	1
1702	2020-01-23 14:25:19.465403+08	120	vincent tomoto	3		10	1
1703	2020-01-23 14:25:19.468511+08	119	vincent tomoto	3		10	1
1704	2020-01-23 14:25:19.47051+08	118	vincent tomoto	3		10	1
1705	2020-01-23 14:25:19.472514+08	117	vincent tomoto	3		10	1
1706	2020-01-23 14:25:19.474568+08	116	vincent tomoto	3		10	1
1707	2020-01-23 14:25:19.476618+08	115	vincent tomoto	3		10	1
1708	2020-01-23 14:25:19.478233+08	114	martin boran	3		10	1
1709	2020-01-23 14:25:19.481042+08	113	martin boran	3		10	1
1710	2020-01-23 14:25:19.482736+08	112	vincent tomoto	3		10	1
1711	2020-01-23 14:25:19.484263+08	111	vincent tomoto	3		10	1
1712	2020-01-23 14:25:19.486009+08	110	vincent tomoto	3		10	1
1713	2020-01-23 14:25:19.487728+08	109	vincent tomoto	3		10	1
1714	2020-01-23 14:25:19.489723+08	108	vincent tomoto	3		10	1
1715	2020-01-23 14:25:19.492938+08	107	vincent tomoto	3		10	1
1716	2020-01-23 14:25:19.495012+08	106	vincent tomoto	3		10	1
1717	2020-01-23 14:25:19.497685+08	105	vincent tomoto	3		10	1
1718	2020-01-23 14:25:19.499686+08	104	vincent tomoto	3		10	1
1719	2020-01-23 14:25:19.501691+08	103	vincent tomoto	3		10	1
1720	2020-01-23 14:25:19.50371+08	102	vincent tomoto	3		10	1
1721	2020-01-23 14:25:19.505687+08	101	vincent tomoto	3		10	1
1722	2020-01-23 14:25:19.507686+08	100	vincent tomoto	3		10	1
1723	2020-01-23 14:25:19.508858+08	99	vincent tomoto	3		10	1
1724	2020-01-23 14:25:19.510773+08	98	vincent tomoto	3		10	1
1725	2020-01-23 14:25:19.512755+08	97	vincent tomoto	3		10	1
1726	2020-01-23 14:25:19.514782+08	96	vincent tomoto	3		10	1
1727	2020-01-23 14:25:19.516706+08	95	vincent tomoto	3		10	1
1728	2020-01-23 14:25:19.518146+08	94	martin boran	3		10	1
1729	2020-01-23 14:25:19.520239+08	93	martin boran	3		10	1
1730	2020-01-23 14:25:19.522146+08	92	martin boran	3		10	1
1731	2020-01-23 14:25:19.523613+08	91	martin boran	3		10	1
1732	2020-01-23 14:25:19.525282+08	90	martin boran	3		10	1
1733	2020-01-23 14:25:19.527149+08	89	martin boran	3		10	1
1734	2020-01-23 14:25:19.529143+08	88	martin boran	3		10	1
1735	2020-01-23 14:25:19.531149+08	87	martin boran	3		10	1
1736	2020-01-23 14:25:34.421429+08	141	dolly	3		8	1
1737	2020-01-23 14:25:34.429605+08	140	dolly	3		8	1
1738	2020-01-23 14:25:34.432432+08	139	dolly	3		8	1
1739	2020-01-23 14:25:34.434426+08	138	marray	3		8	1
1740	2020-01-23 14:25:34.43643+08	137	marray	3		8	1
1741	2020-01-23 14:25:34.438499+08	136	marray	3		8	1
1742	2020-01-23 14:25:34.440496+08	135	marray	3		8	1
1743	2020-01-23 14:25:34.442603+08	134	marray	3		8	1
1744	2020-01-23 14:25:34.444494+08	133	marray	3		8	1
1745	2020-01-23 14:25:34.446532+08	132	lena	3		8	1
1746	2020-01-23 14:25:34.44764+08	131	lena	3		8	1
1747	2020-01-23 14:25:34.44965+08	130	marray	3		8	1
1748	2020-01-23 14:25:34.451128+08	129	marray	3		8	1
1749	2020-01-23 14:25:34.4529+08	128	marray	3		8	1
1750	2020-01-23 14:25:34.454771+08	127	marray	3		8	1
1751	2020-01-23 14:25:34.456652+08	126	marray	3		8	1
1752	2020-01-23 14:25:34.457742+08	125	marray	3		8	1
1753	2020-01-23 14:25:34.459923+08	124	marray	3		8	1
1754	2020-01-23 14:25:34.462892+08	123	marray	3		8	1
1755	2020-01-23 14:25:34.464808+08	112	marray	3		8	1
1756	2020-01-23 14:25:34.466743+08	111	marray	3		8	1
1757	2020-01-23 14:25:34.468748+08	110	marray	3		8	1
1758	2020-01-23 14:25:34.470941+08	109	marray	3		8	1
1759	2020-01-23 14:25:34.472508+08	107	marray	3		8	1
1760	2020-01-23 14:25:34.474096+08	106	marray	3		8	1
1761	2020-01-23 14:25:34.475589+08	105	marray	3		8	1
1762	2020-01-23 14:25:34.477095+08	104	marray	3		8	1
1763	2020-01-23 14:25:34.479318+08	103	marray	3		8	1
1764	2020-01-23 14:25:34.480713+08	102	marray	3		8	1
1765	2020-01-23 14:25:34.482143+08	101	marray	3		8	1
1766	2020-01-23 14:25:34.483278+08	100	marray	3		8	1
1767	2020-01-23 14:25:34.484321+08	99	marray	3		8	1
1768	2020-01-23 14:25:34.485613+08	98	marray	3		8	1
1769	2020-01-23 14:25:34.487819+08	97	marray	3		8	1
1770	2020-01-23 14:25:34.489224+08	96	marray	3		8	1
1771	2020-01-23 14:25:34.490734+08	95	marray	3		8	1
1772	2020-01-23 14:25:34.491875+08	94	marray	3		8	1
1773	2020-01-23 14:25:34.49288+08	93	marray	3		8	1
1774	2020-01-23 14:25:34.494775+08	92	marray	3		8	1
1775	2020-01-23 14:25:34.495735+08	91	marray	3		8	1
1776	2020-01-23 14:25:34.497471+08	90	marray	3		8	1
1777	2020-01-23 14:25:34.499527+08	89	marray	3		8	1
1778	2020-01-23 14:25:34.500528+08	88	marray	3		8	1
1779	2020-01-23 14:25:34.502247+08	87	marray	3		8	1
1780	2020-01-23 14:25:34.503235+08	86	marray	3		8	1
1781	2020-01-23 14:25:34.504428+08	85	marray	3		8	1
1782	2020-01-23 14:25:34.505837+08	84	marray	3		8	1
1783	2020-01-23 14:25:34.506793+08	83	marray	3		8	1
1784	2020-01-23 14:25:34.507967+08	82	marray	3		8	1
1785	2020-01-23 14:25:34.50913+08	81	marray	3		8	1
1786	2020-01-23 14:25:34.510373+08	79	marray	3		8	1
1787	2020-01-23 14:25:34.512008+08	78	marray	3		8	1
1788	2020-01-23 14:25:34.51412+08	77	marray	3		8	1
1789	2020-01-23 14:25:34.515164+08	76	marray	3		8	1
1790	2020-01-23 14:25:34.516859+08	75	marray	3		8	1
1791	2020-01-23 14:25:34.51846+08	74	marray	3		8	1
1792	2020-01-23 14:25:34.519445+08	73	marray	3		8	1
1793	2020-01-23 14:25:34.520756+08	29	lena	3		8	1
1794	2020-01-23 14:25:34.522424+08	28	lena	3		8	1
1795	2020-01-23 14:25:34.524011+08	27	lena	3		8	1
1796	2020-01-23 14:25:34.525027+08	26	lena	3		8	1
1797	2020-01-23 14:25:34.52657+08	25	lena	3		8	1
1798	2020-01-23 14:25:34.527939+08	24	lena	3		8	1
1799	2020-01-23 14:25:34.529939+08	23	lena	3		8	1
1800	2020-01-23 14:25:34.531346+08	22	lena	3		8	1
1801	2020-01-23 14:25:34.532082+08	20	lena	3		8	1
1802	2020-01-23 14:25:34.53349+08	19	lena	3		8	1
1803	2020-01-23 14:25:34.534937+08	18	lena	3		8	1
1804	2020-01-23 14:25:34.536024+08	17	lena	3		8	1
1805	2020-01-23 14:25:50.743515+08	78	vincent tomoto	3		25	1
1806	2020-01-23 14:25:50.752071+08	77	vincent tomoto	3		25	1
1807	2020-01-23 14:25:50.754221+08	76	vincent tomoto	3		25	1
1808	2020-01-23 14:25:50.756077+08	75	vincent tomoto	3		25	1
1809	2020-01-23 14:25:50.758413+08	74	vincent tomoto	3		25	1
1810	2020-01-23 14:25:50.760877+08	73	vincent tomoto	3		25	1
1811	2020-01-23 14:25:50.762878+08	72	vincent tomoto	3		25	1
1812	2020-01-23 14:25:50.764595+08	71	vincent tomoto	3		25	1
1813	2020-01-23 14:25:50.765879+08	70	vincent tomoto	3		25	1
1814	2020-01-23 14:25:50.767241+08	69	vincent tomoto	3		25	1
1815	2020-01-23 14:25:50.768825+08	68	vincent tomoto	3		25	1
1816	2020-01-23 14:25:50.769911+08	67	vincent tomoto	3		25	1
1817	2020-01-23 14:25:50.771783+08	66	vincent tomoto	3		25	1
1818	2020-01-23 14:25:50.773001+08	65	vincent tomoto	3		25	1
1819	2020-01-23 14:25:50.774812+08	64	vincent tomoto	3		25	1
1820	2020-01-23 14:25:50.775902+08	63	vincent tomoto	3		25	1
1821	2020-01-23 14:25:50.777819+08	62	vincent tomoto	3		25	1
1822	2020-01-23 14:25:50.780817+08	61	vincent tomoto	3		25	1
1823	2020-01-23 14:25:50.781907+08	60	vincent tomoto	3		25	1
1824	2020-01-23 14:25:50.783779+08	59	vincent tomoto	3		25	1
1825	2020-01-23 14:25:50.784907+08	58	vincent tomoto	3		25	1
1826	2020-01-23 14:25:50.786774+08	57	vincent tomoto	3		25	1
1827	2020-01-23 14:25:50.788024+08	56	vincent tomoto	3		25	1
1828	2020-01-23 14:25:50.790026+08	55	vincent tomoto	3		25	1
1829	2020-01-23 14:25:50.79138+08	54	vincent tomoto	3		25	1
1830	2020-01-23 14:25:50.793023+08	53	martin boran	3		25	1
1831	2020-01-23 14:25:50.797092+08	52	vincent tomoto	3		25	1
1832	2020-01-23 14:25:50.799486+08	51	vincent tomoto	3		25	1
1833	2020-01-23 14:25:50.80155+08	50	martin boran	3		25	1
1834	2020-01-23 14:25:50.802836+08	49	vincent tomoto	3		25	1
1835	2020-01-23 14:25:50.805023+08	48	vincent tomoto	3		25	1
1836	2020-01-23 14:25:50.806806+08	47	vincent tomoto	3		25	1
1837	2020-01-23 14:25:50.808888+08	46	martin boran	3		25	1
1838	2020-01-23 14:25:50.810828+08	45	martin boran	3		25	1
1839	2020-01-23 14:25:50.812831+08	44	martin boran	3		25	1
1840	2020-01-23 14:25:50.814821+08	43	martin boran	3		25	1
1841	2020-01-23 14:25:50.816233+08	42	martin boran	3		25	1
1842	2020-01-23 14:25:50.818084+08	41	martin boran	3		25	1
1843	2020-01-23 14:25:50.820084+08	40	martin boran	3		25	1
1844	2020-01-23 14:25:50.822106+08	39	martin boran	3		25	1
1845	2020-01-23 14:25:50.824086+08	38	martin boran	3		25	1
1846	2020-01-23 14:25:50.826083+08	37	martin boran	3		25	1
1847	2020-01-23 14:25:50.828417+08	36	martin boran	3		25	1
1848	2020-01-23 14:25:50.830415+08	35	martin boran	3		25	1
1849	2020-01-23 14:25:50.832418+08	34	martin boran	3		25	1
1850	2020-01-23 14:25:50.834456+08	33	martin boran	3		25	1
1851	2020-01-23 14:25:50.835793+08	32	martin boran	3		25	1
1852	2020-01-23 14:25:50.837576+08	31	martin boran	3		25	1
1853	2020-01-23 14:25:50.839848+08	30	martin boran	3		25	1
1854	2020-01-23 14:25:50.841932+08	29	vincent tomoto	3		25	1
1855	2020-01-23 14:25:50.843822+08	28	vincent tomoto	3		25	1
1856	2020-01-23 14:25:50.845991+08	27	vincent tomoto	3		25	1
1857	2020-01-23 14:25:50.847958+08	26	vincent tomoto	3		25	1
1858	2020-01-23 14:25:50.849823+08	25	vincent tomoto	3		25	1
1859	2020-01-23 14:25:50.851501+08	24	vincent tomoto	3		25	1
1860	2020-01-23 14:25:50.853241+08	23	vincent tomoto	3		25	1
1861	2020-01-23 14:25:50.855212+08	22	vincent tomoto	3		25	1
1862	2020-01-23 14:25:50.857076+08	21	vincent tomoto	3		25	1
1863	2020-01-23 14:25:50.858083+08	20	vincent tomoto	3		25	1
1864	2020-01-23 14:25:50.860084+08	19	vincent tomoto	3		25	1
1865	2020-01-23 14:25:50.86208+08	18	vincent tomoto	3		25	1
1866	2020-01-23 14:25:50.863607+08	17	vincent tomoto	3		25	1
1867	2020-01-23 14:25:50.865083+08	16	vincent tomoto	3		25	1
1868	2020-01-23 14:25:50.866554+08	15	martin boran	3		25	1
1869	2020-01-23 14:25:50.868156+08	11	martin boran	3		25	1
1870	2020-01-23 14:25:50.869643+08	10	martin boran	3		25	1
1871	2020-01-23 14:25:50.871214+08	8	martin boran	3		25	1
1872	2020-01-23 14:31:35.993095+08	10	karen silam	3		9	1
1873	2020-01-23 14:31:36.001017+08	9	juanito samos	3		9	1
1874	2020-01-23 14:31:36.00299+08	8	juanito samson	3		9	1
1875	2020-01-23 14:31:36.004295+08	7	miranda covala	3		9	1
1876	2020-01-23 14:31:36.00599+08	6	lito sattaro	3		9	1
1877	2020-01-23 14:31:36.007251+08	5	vincent tomoto	3		9	1
1878	2020-01-23 14:31:36.008977+08	4	martin boran	3		9	1
1879	2020-01-23 14:31:36.009959+08	3	juan de la cruz	3		9	1
1880	2020-01-23 14:31:48.701695+08	10	karen silam	3		12	1
1881	2020-01-23 14:31:48.707739+08	9	juanito samos	3		12	1
1882	2020-01-23 14:31:48.709831+08	8	juanito samson	3		12	1
1883	2020-01-23 14:31:48.711337+08	7	miranda covala	3		12	1
1884	2020-01-23 14:31:48.712915+08	6	lito sattaro	3		12	1
1885	2020-01-23 14:31:48.714736+08	5	vincent tomoto	3		12	1
1886	2020-01-23 14:31:48.715774+08	4	martin boran	3		12	1
1887	2020-01-23 14:31:48.717136+08	3	juan de la Cruz	3		12	1
1888	2020-01-23 23:39:31.723759+08	129	None	3		29	1
1889	2020-01-23 23:39:31.728763+08	128	None	3		29	1
1890	2020-01-23 23:39:31.730763+08	127	None	3		29	1
1891	2020-01-23 23:39:31.731767+08	126	None	3		29	1
1892	2020-01-23 23:39:31.732766+08	125	None	3		29	1
1893	2020-01-23 23:39:31.733765+08	124	None	3		29	1
1894	2020-01-23 23:39:31.735766+08	123	None	3		29	1
1895	2020-01-23 23:39:31.736765+08	122	None	3		29	1
1896	2020-01-23 23:39:31.737765+08	121	None	3		29	1
1897	2020-01-23 23:39:31.738763+08	119	None	3		29	1
1898	2020-01-23 23:47:02.51404+08	20	michael hererra	3		12	1
1899	2020-01-23 23:47:25.928252+08	19	michael hererra	3		12	1
1900	2020-01-24 15:47:42.173357+08	122	maria lastimosa	2	[{"changed": {"fields": ["january"]}}]	29	1
1901	2020-01-24 15:55:59.447887+08	132	maria lastimosa	2	[{"changed": {"fields": ["january"]}}]	29	1
1902	2020-01-24 17:49:32.922381+08	10	lisa	2	[{"changed": {"fields": ["drug_group", "medicine_type", "unit_of_measure"]}}]	27	1
1903	2020-01-24 17:52:02.708654+08	3	Lamivudine 300mg / Tenofovir 300mg tablet	2	[{"changed": {"fields": ["drug_group", "medicine_type", "unit_of_measure", "patients_on_medication"]}}]	28	1
1904	2020-01-24 17:52:33.979931+08	2	Lamivudine 300mg / Tenofovir 300mg / Efavirenz 600mg tablet	2	[{"changed": {"fields": ["drug_group", "medicine_type", "unit_of_measure"]}}]	28	1
1905	2020-01-24 17:52:55.005652+08	1	Lamivudine 150mg / Zidovudine 300mg tablet	2	[{"changed": {"fields": ["drug_group", "medicine_type"]}}]	28	1
1906	2020-01-24 17:54:22.823778+08	1	Lamivudine 150mg / Zidovudine 300mg tablet	2	[{"changed": {"fields": ["medicine_type", "unit_of_measure", "patients_on_medication"]}}]	28	1
1907	2020-01-24 17:56:57.744294+08	3	Lamivudine 300mg / Tenofovir 300mg	2	[{"changed": {"fields": ["drug_name", "unit_of_measure"]}}]	28	1
1908	2020-01-24 17:57:29.125431+08	2	Lamivudine 300mg / Tenofovir 300mg / Efavirenz 600mg	2	[{"changed": {"fields": ["drug_name", "unit_of_measure"]}}]	28	1
1909	2020-01-24 17:57:43.848679+08	1	Lamivudine 150mg / Zidovudine 300mg	2	[{"changed": {"fields": ["drug_name", "unit_of_measure"]}}]	28	1
1910	2020-01-24 18:03:31.594353+08	4	Lopinavir 200mg / Ritonavir 50mg	1	[{"added": {}}]	28	1
1911	2020-01-24 18:04:45.333504+08	5	Efavirenz 600mg	1	[{"added": {}}]	28	1
1912	2020-01-24 18:06:38.920548+08	6	Efavirenz 200mg	1	[{"added": {}}]	28	1
1913	2020-01-24 18:10:06.008364+08	7	Lamivudine 150mg	1	[{"added": {}}]	28	1
1914	2020-01-24 18:14:48.938098+08	8	Nevirapine 200mg	1	[{"added": {}}]	28	1
1915	2020-01-24 18:16:07.595449+08	9	Tenofovir 300mg	1	[{"added": {}}]	28	1
1916	2020-01-24 18:16:50.058431+08	10	Abacavir 300mg	1	[{"added": {}}]	28	1
1917	2020-01-24 18:17:13.476079+08	10	Abacavir 300mg	2	[{"changed": {"fields": ["unit_of_measure", "content_per_bottle", "stocks_on_hand"]}}]	28	1
1918	2020-01-24 18:18:04.520557+08	11	Zidovudine 300mg	1	[{"added": {}}]	28	1
1919	2020-01-24 18:18:18.623805+08	10	Abacavir 300mg	2	[{"changed": {"fields": ["stocks_on_hand"]}}]	28	1
1920	2020-01-24 18:19:53.890718+08	12	Nevirapine 50mg/5ml	1	[{"added": {}}]	28	1
1921	2020-01-24 18:21:03.410713+08	13	Lamivudine 10mg/ml	1	[{"added": {}}]	28	1
1922	2020-01-24 18:22:33.452457+08	14	Zidovudine 50mg/5ml	1	[{"added": {}}]	28	1
1923	2020-01-24 18:29:13.315475+08	10	lisa	2	[{"changed": {"fields": ["unit_of_measure", "administered"]}}]	27	1
1924	2020-01-24 18:31:28.496247+08	10	lisa	2	[{"changed": {"fields": ["drug_name"]}}]	27	1
1925	2020-01-24 19:52:41.867138+08	59	lisa salas	2	[]	21	1
1926	2020-01-24 19:53:00.426864+08	60	sally cruz	2	[{"changed": {"fields": ["general_location"]}}]	21	1
1927	2020-01-24 19:53:19.848535+08	61	helen magparok	2	[{"changed": {"fields": ["general_location"]}}]	21	1
1928	2020-01-26 00:44:54.36548+08	11	maria lastimosa	2	[{"changed": {"fields": ["hospital_address"]}}]	9	1
1929	2020-01-26 00:50:23.747029+08	12	michael hererra	2	[{"changed": {"fields": ["field_specialty", "position", "phone_number", "hospital_name", "hospital_address"]}}]	9	1
1930	2020-01-26 00:51:29.650295+08	11	maria lastimosa	2	[{"changed": {"fields": ["field_specialty", "position", "phone_number", "hospital_name", "hospital_address"]}}]	9	1
1931	2020-01-26 01:11:46.750816+08	22	Alejandra G. Magsalas	3		12	1
1932	2020-01-26 01:11:58.69498+08	141	None	3		29	1
1933	2020-01-26 01:44:41.000344+08	13	Alejandra G. Magsalas	2	[{"changed": {"fields": ["slug", "p_handled_stats"]}}]	9	1
1934	2020-01-26 01:50:22.9784+08	13	Alejandra G. Magsalas	2	[{"changed": {"fields": ["slug", "position"]}}]	9	1
1935	2020-01-26 02:00:55.93043+08	12	michael hererra	2	[{"changed": {"fields": ["slug"]}}]	9	1
1936	2020-01-26 02:01:08.039474+08	11	maria lastimosa	2	[{"changed": {"fields": ["slug"]}}]	9	1
1937	2020-01-26 02:12:23.032292+08	12	Michael V. Hererra	2	[{"changed": {"fields": ["name"]}}]	9	1
1938	2020-01-26 02:12:41.290457+08	11	Maria T. Lastimosa	2	[{"changed": {"fields": ["name"]}}]	9	1
1939	2020-01-27 00:15:28.468781+08	15	none	3		9	1
1940	2020-01-27 00:15:28.475783+08	14	none	3		9	1
1941	2020-01-27 00:15:41.228328+08	25	none	3		12	1
1942	2020-01-27 00:15:41.234329+08	24	none	3		12	1
1943	2020-01-27 00:15:56.33982+08	15	none	3		29	1
1944	2020-01-27 00:15:56.343783+08	144	None	3		29	1
1945	2020-01-27 00:16:04.084822+08	14	none	3		29	1
1946	2020-01-27 00:16:04.089788+08	143	None	3		29	1
1947	2020-01-27 00:17:40.416294+08	81	ba	3		19	1
1948	2020-01-27 00:18:07.875009+08	121	None	3		14	1
1949	2020-01-27 00:18:07.881009+08	120	None	3		14	1
1950	2020-01-27 00:18:07.882011+08	119	None	3		14	1
1951	2020-01-27 00:18:21.42583+08	81	Ga	3		16	1
1952	2020-01-27 00:18:37.914222+08	63	Ga 	3		21	1
1953	2020-01-27 00:18:48.12236+08	82	Ga	3		15	1
1954	2020-01-27 01:42:13.306802+08	18	none	3		9	1
1955	2020-01-27 01:42:13.316804+08	17	none	3		9	1
1956	2020-01-27 01:42:13.317828+08	16	none	3		9	1
1957	2020-01-27 01:43:14.918444+08	19	Han L. Ly	2	[{"changed": {"fields": ["password"]}}]	9	1
1958	2020-01-27 02:28:38.479474+08	85	cora jj	3		19	1
1959	2020-01-27 02:29:32.538376+08	123	None	3		14	1
1960	2020-01-27 02:29:32.543338+08	122	None	3		14	1
1961	2020-01-27 02:29:55.111301+08	67	Karen Solayman	3		21	1
1962	2020-01-27 02:29:55.116302+08	66	none	3		21	1
1963	2020-01-27 02:30:03.121824+08	64	none	3		21	1
1964	2020-01-27 02:30:31.409813+08	86	Karen	3		15	1
1965	2020-01-27 02:30:39.081617+08	85	None	3		15	1
1966	2020-01-27 03:03:33.480654+08	86	cora jj	3		19	1
1967	2020-01-27 03:12:23.307261+08	69	none	3		21	1
1968	2020-01-27 03:16:06.593601+08	65	Lea Ramirez	2	[{"changed": {"fields": ["hiv_level"]}}]	21	1
1969	2020-01-27 03:18:55.677296+08	65	Lea Ramirez	2	[]	21	1
1970	2020-01-27 03:19:21.733971+08	62	karl sumalong	2	[{"changed": {"fields": ["status"]}}]	21	1
1971	2020-01-27 03:19:36.757684+08	62	karl sumalong	2	[{"changed": {"fields": ["status"]}}]	21	1
1972	2020-01-27 03:19:53.024936+08	68	Karen Solayman	3		21	1
1973	2020-01-27 03:20:07.490954+08	70	Grace Lorana	2	[{"changed": {"fields": ["hiv_level"]}}]	21	1
1974	2020-01-27 03:21:37.80191+08	52	Sambag I	2	[{"changed": {"fields": ["stage_1"]}}]	26	1
1975	2020-01-27 03:23:35.367905+08	42	Guadalupe	2	[{"changed": {"fields": ["hiv_pop", "stage_1"]}}]	26	1
1976	2020-01-27 03:24:13.524934+08	39	Lahug	2	[{"changed": {"fields": ["for_screening"]}}]	26	1
1977	2020-01-27 03:28:53.424056+08	39	Lahug	2	[]	26	1
1978	2020-01-27 12:16:27.091429+08	78	sally	2	[{"changed": {"fields": ["slug", "medical_history"]}}]	19	1
1979	2020-01-27 12:17:12.164599+08	77	lisa	2	[{"changed": {"fields": ["slug"]}}]	19	1
1980	2020-01-27 12:17:31.633654+08	79	helen	2	[{"changed": {"fields": ["slug"]}}]	19	1
1981	2020-01-27 15:43:35.245397+08	2	2020	2	[{"changed": {"fields": ["patient_username"]}}]	31	1
1982	2020-01-27 15:44:00.136469+08	1	2020	2	[{"changed": {"fields": ["patient_username"]}}]	31	1
1983	2020-01-27 15:47:49.260449+08	2	2020	2	[{"changed": {"fields": ["january"]}}]	31	1
1984	2020-01-28 10:01:45.392785+08	39	Lahug	2	[{"changed": {"fields": ["hiv_pop"]}}]	26	1
1985	2020-01-28 10:18:53.345931+08	76	Josefa Escalion	2	[{"changed": {"fields": ["lat"]}}]	21	1
1986	2020-01-28 10:20:19.047928+08	52	Sambag I	2	[{"changed": {"fields": ["for_screening"]}}]	26	1
1987	2020-01-28 10:46:22.453641+08	42	Guadalupe	2	[{"changed": {"fields": ["stage_1"]}}]	26	1
1988	2020-01-28 10:50:31.119704+08	129	josefa	2	[{"changed": {"fields": ["username"]}}]	14	1
1989	2020-01-28 10:50:46.4389+08	128	darwin	2	[{"changed": {"fields": ["username"]}}]	14	1
1990	2020-01-28 10:50:54.692111+08	127	joseph	2	[{"changed": {"fields": ["username"]}}]	14	1
1991	2020-01-28 10:51:02.319177+08	126	louis	2	[{"changed": {"fields": ["username"]}}]	14	1
1992	2020-01-28 10:51:09.115459+08	125	grace	2	[{"changed": {"fields": ["username"]}}]	14	1
1993	2020-01-28 10:51:17.239005+08	124	karen	2	[{"changed": {"fields": ["username"]}}]	14	1
1994	2020-01-28 10:51:43.030838+08	115	lisa	3		14	1
1995	2020-01-28 10:51:54.227479+08	117	sally	2	[{"changed": {"fields": ["username"]}}]	14	1
1996	2020-01-28 10:52:04.398191+08	114	lisa	2	[{"changed": {"fields": ["username"]}}]	14	1
1997	2020-01-28 10:52:15.338448+08	114	lisa	3		14	1
1998	2020-01-28 12:50:42.746271+08	19	Han L. Ly	2	[{"changed": {"fields": ["doc_image"]}}]	9	1
1999	2020-01-28 13:01:04.243283+08	19	Han L. Ly	2	[{"changed": {"fields": ["doc_image"]}}]	9	1
2000	2020-01-28 13:14:04.166376+08	19	Han L. Ly	2	[{"changed": {"fields": ["doc_image"]}}]	9	1
2001	2020-01-28 13:16:38.810173+08	19	Han L. Ly	2	[{"changed": {"fields": ["doc_image"]}}]	9	1
2002	2020-01-28 13:17:34.52499+08	19	Han L. Ly	2	[{"changed": {"fields": ["doc_image"]}}]	9	1
2003	2020-01-28 13:18:04.952413+08	19	Han L. Ly	2	[{"changed": {"fields": ["doc_image"]}}]	9	1
2004	2020-01-28 13:20:03.878085+08	19	Han L. Ly	2	[{"changed": {"fields": ["doc_image"]}}]	9	1
2005	2020-01-28 13:20:15.300435+08	19	Han L. Ly	2	[{"changed": {"fields": ["doc_image"]}}]	9	1
2006	2020-01-29 00:54:57.992373+08	29	Han L. Ly	2	[{"changed": {"fields": ["for_screening", "stage_2", "doc_patients_count"]}}]	12	1
2007	2020-01-29 00:56:47.131724+08	29	Han L. Ly	2	[{"changed": {"fields": ["for_screening", "stage_2", "doc_patients_count"]}}]	12	1
2008	2020-01-29 00:57:25.99456+08	11	maria lastimosa	2	[{"changed": {"fields": ["for_screening"]}}]	12	1
2009	2020-01-29 00:58:24.678294+08	29	Han L. Ly	2	[{"changed": {"fields": ["for_screening"]}}]	12	1
2010	2020-01-29 01:18:38.057319+08	23	Alejandra G. Magsalas	2	[{"changed": {"fields": ["stage_1", "stage_2"]}}]	12	1
\.


--
-- Data for Name: django_content_type; Type: TABLE DATA; Schema: public; Owner: postgres
--

COPY public.django_content_type (id, app_label, model) FROM stdin;
1	admin	logentry
2	auth	permission
3	auth	group
4	auth	user
5	contenttypes	contenttype
6	sessions	session
7	portal	adminnotification
8	doctor	doctorschedule
9	doctor	doctor
11	doctor	doctornotification
12	doctor	doctorstats
13	patient	patientnotification
14	patient	medhistform
15	patient	profileform
16	patient	icrform
17	patient	pendingdoctor
18	patient	comment
19	patient	patient
20	patient	personalrecord
21	patient	patientlocationdetails
23	cebuMap	incidence
22	cebuMap	cebubrgys
24	cebuMap	cebumap
10	doctor	remark
25	doctor	usersviewed
26	cebuMap	cebubarangays
27	patient	medication
28	doctor	medicine
29	doctor	monthlystatistics
30	patient	monthlystatistics
31	patient	patientsmonthlystatistics
\.


--
-- Data for Name: django_migrations; Type: TABLE DATA; Schema: public; Owner: postgres
--

COPY public.django_migrations (id, app, name, applied) FROM stdin;
1	contenttypes	0001_initial	2019-11-04 08:16:41.720704+08
2	auth	0001_initial	2019-11-04 08:16:41.847038+08
3	admin	0001_initial	2019-11-04 08:16:42.107413+08
4	admin	0002_logentry_remove_auto_add	2019-11-04 08:16:42.175309+08
5	admin	0003_logentry_add_action_flag_choices	2019-11-04 08:16:42.183852+08
6	contenttypes	0002_remove_content_type_name	2019-11-04 08:16:42.200609+08
7	auth	0002_alter_permission_name_max_length	2019-11-04 08:16:42.207375+08
8	auth	0003_alter_user_email_max_length	2019-11-04 08:16:42.21708+08
9	auth	0004_alter_user_username_opts	2019-11-04 08:16:42.22719+08
10	auth	0005_alter_user_last_login_null	2019-11-04 08:16:42.238152+08
11	auth	0006_require_contenttypes_0002	2019-11-04 08:16:42.242234+08
12	auth	0007_alter_validators_add_error_messages	2019-11-04 08:16:42.25927+08
13	auth	0008_alter_user_username_max_length	2019-11-04 08:16:42.294091+08
14	auth	0009_alter_user_last_name_max_length	2019-11-04 08:16:42.3146+08
15	auth	0010_alter_group_name_max_length	2019-11-04 08:16:42.333897+08
16	auth	0011_update_proxy_permissions	2019-11-04 08:16:42.352942+08
17	sessions	0001_initial	2019-11-04 08:16:42.377565+08
18	doctor	0001_initial	2019-11-04 15:43:22.915049+08
19	patient	0001_initial	2019-11-04 15:43:23.366121+08
20	portal	0001_initial	2019-11-04 15:43:23.724143+08
21	patient	0002_auto_20191104_1926	2019-11-04 19:27:06.176188+08
22	patient	0003_auto_20191104_1939	2019-11-04 19:47:35.240907+08
23	patient	0004_auto_20191104_1947	2019-11-04 19:47:35.425243+08
24	patient	0005_auto_20191104_1955	2019-11-04 19:55:13.979342+08
25	patient	0006_patientlocationdetails	2019-11-05 22:47:36.878621+08
26	patient	0007_patient_locationdetails	2019-11-05 22:49:16.935491+08
27	patient	0008_auto_20191105_2255	2019-11-05 22:55:46.423229+08
28	cebuMap	0001_initial	2019-11-06 10:52:42.179431+08
29	cebuMap	0002_auto_20191106_1743	2019-11-06 17:43:27.964271+08
30	cebuMap	0003_cebumap	2019-11-06 17:50:30.410712+08
31	cebuMap	0004_cebumap_location	2019-11-06 17:53:53.741189+08
32	cebuMap	0005_auto_20191106_1755	2019-11-06 17:55:24.322099+08
33	cebuMap	0006_remove_cebumap_location	2019-11-06 17:56:36.562703+08
34	cebuMap	0007_auto_20191106_1801	2019-11-06 18:01:20.866187+08
35	cebuMap	0008_cebumap_location	2019-11-06 18:03:16.148336+08
36	cebuMap	0009_auto_20191106_1806	2019-11-06 18:06:21.431077+08
37	cebuMap	0010_auto_20191106_1815	2019-11-06 18:15:07.161161+08
38	cebuMap	0011_auto_20191106_1825	2019-11-06 18:25:14.103066+08
39	cebuMap	0012_auto_20191106_1833	2019-11-06 18:33:51.191875+08
40	cebuMap	0013_auto_20191106_1855	2019-11-06 18:55:56.605066+08
41	cebuMap	0014_auto_20191106_1902	2019-11-06 19:02:16.478359+08
42	cebuMap	0015_remove_cebumap_ceb_map	2019-11-06 19:19:59.482355+08
43	cebuMap	0016_auto_20191107_1536	2019-11-07 15:36:43.152183+08
44	patient	0009_auto_20191108_1032	2019-11-08 10:33:03.434883+08
45	patient	0010_delete_comment	2019-11-08 11:04:03.9661+08
46	doctor	0002_auto_20191108_1437	2019-11-08 14:37:34.314611+08
47	doctor	0003_auto_20191108_1506	2019-11-08 15:06:47.146577+08
48	doctor	0004_auto_20191108_1515	2019-11-08 15:15:48.24722+08
49	patient	0011_auto_20191108_1533	2019-11-08 15:33:23.073076+08
50	patient	0012_auto_20191108_1540	2019-11-08 15:40:39.574732+08
51	patient	0013_auto_20191108_1543	2019-11-08 15:43:21.856556+08
52	patient	0014_auto_20191108_1555	2019-11-08 15:55:18.186686+08
53	patient	0015_auto_20191108_1557	2019-11-08 15:57:51.018452+08
54	patient	0016_auto_20191108_1559	2019-11-08 15:59:37.4605+08
55	patient	0017_auto_20191108_1601	2019-11-08 16:01:31.420861+08
56	patient	0018_auto_20191108_1604	2019-11-08 16:04:43.74742+08
57	patient	0019_auto_20191108_1610	2019-11-08 16:10:39.184674+08
58	patient	0020_auto_20191108_1612	2019-11-08 16:13:04.087968+08
59	patient	0021_auto_20191108_1625	2019-11-08 16:26:00.000431+08
60	patient	0022_auto_20191108_1649	2019-11-08 16:49:52.010634+08
61	patient	0023_auto_20191108_1702	2019-11-08 17:02:47.27702+08
62	patient	0024_auto_20191108_1707	2019-11-08 17:08:04.422318+08
63	patient	0025_auto_20191108_1754	2019-11-08 17:54:49.745178+08
64	patient	0026_auto_20191108_1827	2019-11-08 18:27:51.613777+08
65	patient	0027_auto_20191110_1801	2019-11-10 18:02:16.275489+08
66	doctor	0005_auto_20191110_1806	2019-11-10 18:07:04.663506+08
67	patient	0028_auto_20191110_1806	2019-11-10 18:07:04.992487+08
68	doctor	0006_auto_20191110_2303	2019-11-10 23:03:56.890116+08
69	patient	0029_auto_20191110_2303	2019-11-10 23:03:57.073642+08
70	doctor	0007_auto_20191110_2311	2019-11-10 23:11:15.46947+08
71	patient	0030_auto_20191110_2311	2019-11-10 23:11:15.61447+08
72	doctor	0008_auto_20191110_2332	2019-11-10 23:33:10.467325+08
73	patient	0031_auto_20191110_2332	2019-11-10 23:33:10.684325+08
74	doctor	0009_auto_20191110_2342	2019-11-10 23:42:30.083882+08
75	patient	0032_auto_20191110_2342	2019-11-10 23:42:30.295879+08
76	doctor	0010_auto_20191110_2346	2019-11-10 23:49:13.765301+08
77	patient	0033_auto_20191110_2346	2019-11-10 23:49:13.938291+08
78	doctor	0011_auto_20191110_2352	2019-11-10 23:53:02.689094+08
79	patient	0034_auto_20191110_2352	2019-11-10 23:53:02.921464+08
80	doctor	0012_auto_20191110_2353	2019-11-10 23:56:16.087205+08
81	doctor	0013_auto_20191110_2355	2019-11-10 23:56:16.309432+08
82	doctor	0014_auto_20191110_2356	2019-11-10 23:56:16.538834+08
83	patient	0035_auto_20191110_2353	2019-11-10 23:56:16.800859+08
84	patient	0036_auto_20191110_2355	2019-11-10 23:56:17.025918+08
85	patient	0037_auto_20191110_2356	2019-11-10 23:56:17.160573+08
86	doctor	0015_auto_20191110_2357	2019-11-10 23:57:19.766026+08
87	doctor	0016_auto_20191111_0004	2019-11-11 00:04:28.155819+08
88	doctor	0017_auto_20191111_0004	2019-11-11 00:06:11.548875+08
89	doctor	0018_auto_20191111_0006	2019-11-11 00:06:11.603195+08
90	doctor	0019_auto_20191111_0006	2019-11-11 00:06:50.634389+08
91	doctor	0020_auto_20191111_0026	2019-11-11 00:26:41.970477+08
92	patient	0038_auto_20191111_0026	2019-11-11 00:26:42.157479+08
93	doctor	0021_auto_20191111_0043	2019-11-11 00:43:43.025585+08
94	patient	0039_auto_20191111_0043	2019-11-11 00:43:43.089585+08
95	patient	0040_auto_20191111_0045	2019-11-11 00:45:24.111223+08
96	doctor	0022_doctorschedule_new_notif_count	2019-11-11 00:53:39.947211+08
97	doctor	0023_doctor_new_notifs	2019-11-11 00:53:40.014009+08
98	doctor	0024_auto_20191111_0053	2019-11-11 00:53:50.381072+08
99	patient	0041_patient_new_patient_notifications	2019-11-11 01:54:09.298699+08
100	patient	0042_auto_20191111_0157	2019-11-11 01:57:50.660545+08
101	patient	0043_auto_20191111_1607	2019-11-11 16:07:55.217216+08
102	doctor	0025_auto_20191111_2049	2019-11-11 20:55:00.592244+08
103	doctor	0026_auto_20191111_2054	2019-11-11 20:55:00.743795+08
104	patient	0044_auto_20191111_2049	2019-11-11 20:55:00.812293+08
105	patient	0045_auto_20191111_2054	2019-11-11 20:55:00.913259+08
106	patient	0046_auto_20191112_0038	2019-11-12 00:38:26.854075+08
107	doctor	0027_auto_20191112_0038	2019-11-12 00:38:27.3025+08
108	doctor	0028_auto_20191112_0049	2019-11-12 00:49:50.006593+08
109	patient	0047_auto_20191112_0049	2019-11-12 00:49:50.123592+08
110	patient	0048_auto_20191118_1145	2019-11-18 11:45:25.458802+08
111	patient	0049_patientnotification_action_type	2019-11-18 11:45:50.937233+08
112	patient	0050_patientnotification_action_pk	2019-11-18 13:44:25.340142+08
113	doctor	0029_auto_20191118_2239	2019-11-18 22:39:32.966201+08
114	doctor	0030_auto_20191118_2251	2019-11-18 22:52:01.794367+08
115	doctor	0031_auto_20191118_2307	2019-11-18 23:07:23.823378+08
116	doctor	0032_auto_20191119_1157	2019-11-19 11:57:44.970328+08
117	doctor	0033_auto_20191120_0116	2019-11-20 01:16:58.711961+08
118	patient	0051_auto_20191120_0123	2019-11-20 01:24:02.099303+08
119	doctor	0034_usersviewed_file_owner	2019-11-20 01:34:13.395943+08
120	doctor	0035_auto_20191120_0233	2019-11-20 02:33:50.777509+08
121	doctor	0036_remark_remark_parent_type	2019-11-20 14:21:41.50724+08
122	doctor	0037_auto_20191120_1505	2019-11-20 15:05:44.332069+08
123	doctor	0038_auto_20191120_1530	2019-11-20 15:30:37.010871+08
124	doctor	0039_remark_seen_date	2019-11-20 16:48:00.430265+08
125	cebuMap	0017_auto_20191122_1024	2019-11-22 10:25:21.940885+08
126	cebuMap	0018_cebubarangays	2019-11-22 14:07:54.155885+08
127	cebuMap	0019_delete_cebubrgys	2019-11-22 14:19:24.980068+08
128	doctor	0040_auto_20191125_1034	2019-11-25 10:34:35.608403+08
129	patient	0052_patientlocationdetails_hiv_level	2019-11-26 11:02:30.24117+08
130	doctor	0041_doctorschedule_action_taken	2019-11-29 09:38:43.783734+08
131	doctor	0042_auto_20191129_1002	2019-11-29 10:02:52.967307+08
132	patient	0053_auto_20191129_1233	2019-11-29 12:33:26.997512+08
133	patient	0054_patient_date_created	2019-11-29 13:05:16.725842+08
134	doctor	0043_auto_20191203_1118	2019-12-03 11:18:27.163697+08
135	patient	0055_auto_20191203_1118	2019-12-03 11:18:27.321806+08
136	patient	0056_patient_home_address	2019-12-03 11:43:50.126535+08
137	patient	0057_patient_tel_number	2019-12-03 12:16:54.511008+08
138	patient	0058_patientnotification_status	2019-12-04 11:11:51.28148+08
139	cebuMap	0020_auto_20191213_1227	2019-12-13 12:27:41.557244+08
140	cebuMap	0021_auto_20191213_1329	2019-12-13 13:29:40.949211+08
141	cebuMap	0022_auto_20191213_1338	2019-12-13 13:38:32.516414+08
142	cebuMap	0023_auto_20191213_1716	2019-12-13 17:16:18.810344+08
143	patient	0059_auto_20191216_0029	2019-12-16 00:29:56.79039+08
144	patient	0060_auto_20191216_0142	2019-12-16 01:42:56.940796+08
145	patient	0061_auto_20191216_0144	2019-12-16 01:44:10.659663+08
146	patient	0062_auto_20191216_1032	2019-12-16 10:32:49.59506+08
147	patient	0063_patient_meds	2019-12-16 10:33:47.107225+08
148	patient	0064_medication_parent_pk	2019-12-16 10:35:16.650295+08
149	doctor	0044_medicine	2019-12-16 13:55:42.945167+08
150	patient	0065_auto_20191218_1926	2019-12-18 19:27:06.55845+08
151	patient	0066_auto_20191218_1958	2019-12-18 19:58:56.026818+08
152	patient	0067_auto_20191218_2005	2019-12-18 20:05:36.207858+08
153	patient	0068_auto_20191218_2006	2019-12-18 20:06:59.58275+08
154	patient	0069_auto_20191219_1520	2019-12-19 15:20:53.516675+08
155	patient	0070_auto_20191219_1521	2019-12-19 15:21:55.334026+08
156	patient	0071_patient_status	2019-12-19 17:19:54.18312+08
157	doctor	0045_doctorstats_updated_on	2019-12-19 21:36:48.78761+08
158	doctor	0046_auto_20191219_2149	2019-12-19 21:50:06.989486+08
159	doctor	0047_remove_doctorstats_updated_on	2019-12-19 22:06:53.500984+08
160	doctor	0048_auto_20191219_2250	2019-12-19 22:50:25.54337+08
161	doctor	0049_auto_20191219_2302	2019-12-19 23:02:39.53687+08
162	doctor	0050_auto_20191220_1631	2019-12-20 16:31:24.16713+08
163	doctor	0051_auto_20191221_0045	2019-12-21 00:46:05.330142+08
164	doctor	0052_auto_20191221_0056	2019-12-21 00:56:26.563617+08
165	doctor	0053_monthlystatistics_created_date	2019-12-21 01:21:49.221387+08
166	doctor	0054_auto_20191221_0215	2019-12-21 02:15:51.181968+08
167	doctor	0055_auto_20191221_0316	2019-12-21 03:16:25.962077+08
168	doctor	0056_auto_20191221_0331	2019-12-21 03:31:16.989574+08
169	doctor	0057_auto_20191221_0339	2019-12-21 03:39:53.908294+08
170	patient	0072_patientlocationdetails_patient_pk	2020-01-03 12:05:29.831147+08
171	cebuMap	0024_auto_20200107_1215	2020-01-07 12:15:15.344689+08
172	doctor	0058_auto_20200107_1215	2020-01-07 12:15:15.375765+08
173	patient	0073_auto_20200107_1215	2020-01-07 12:15:15.426979+08
174	doctor	0059_auto_20200107_1236	2020-01-07 12:36:27.628576+08
175	cebuMap	0025_auto_20200107_1434	2020-01-07 14:34:26.693683+08
176	patient	0074_auto_20200108_0010	2020-01-08 00:16:09.695136+08
177	patient	0075_patientlocationdetails_status	2020-01-09 01:48:22.353534+08
178	patient	0076_auto_20200109_1500	2020-01-09 15:00:28.391179+08
179	doctor	0060_auto_20200117_1628	2020-01-17 16:28:17.41261+08
180	doctor	0061_auto_20200117_1642	2020-01-17 16:42:16.321282+08
181	doctor	0062_auto_20200117_1647	2020-01-17 16:47:06.809571+08
182	doctor	0063_auto_20200117_1652	2020-01-17 16:52:44.201986+08
183	doctor	0064_auto_20200117_1654	2020-01-17 16:54:29.232373+08
184	doctor	0065_auto_20200121_1722	2020-01-21 17:22:30.287093+08
185	doctor	0066_auto_20200123_1357	2020-01-23 15:22:07.976068+08
186	patient	0077_patientlocationdetails_gen_loc	2020-01-23 21:57:59.104003+08
187	patient	0078_auto_20200123_2207	2020-01-23 22:08:00.965313+08
188	doctor	0067_auto_20200124_1133	2020-01-24 11:39:11.094204+08
189	patient	0079_patient_slug	2020-01-24 11:39:11.324433+08
190	doctor	0068_auto_20200124_1732	2020-01-24 17:32:53.86378+08
191	patient	0080_auto_20200124_1732	2020-01-24 17:32:54.025124+08
192	doctor	0069_auto_20200124_1807	2020-01-24 18:07:30.923364+08
193	patient	0081_auto_20200124_1808	2020-01-24 18:08:40.016051+08
194	doctor	0070_auto_20200125_2257	2020-01-25 22:57:15.534973+08
195	patient	0082_auto_20200127_1140	2020-01-27 11:40:15.772736+08
196	doctor	0071_auto_20200127_1140	2020-01-27 11:41:12.994794+08
197	patient	0083_monthlystatistics	2020-01-27 15:05:16.660765+08
198	patient	0084_auto_20200127_1525	2020-01-27 15:25:50.152089+08
199	patient	0085_auto_20200127_1543	2020-01-27 15:43:08.60267+08
200	patient	0086_auto_20200128_1056	2020-01-28 10:56:29.279171+08
201	patient	0087_auto_20200128_1058	2020-01-28 10:58:10.154733+08
202	doctor	0072_doctor_doc_image	2020-01-28 12:47:39.605982+08
203	doctor	0073_auto_20200128_1300	2020-01-28 13:00:34.80686+08
204	doctor	0074_doctornotification_notif_status	2020-01-29 01:35:57.631483+08
205	patient	0088_patientnotification_notif_status	2020-01-29 01:35:57.681234+08
\.


--
-- Data for Name: django_session; Type: TABLE DATA; Schema: public; Owner: postgres
--

COPY public.django_session (session_key, session_data, expire_date) FROM stdin;
wc4an34dk9j9n0b8sriqctyvuaf337ee	YWI1NjIzYjU5NGUzYzZmNGNiYzAyNTY0MTFmODNhMzgwYTAyNWMwYjp7Il9hdXRoX3VzZXJfaWQiOiIxIiwiX2F1dGhfdXNlcl9iYWNrZW5kIjoiZGphbmdvLmNvbnRyaWIuYXV0aC5iYWNrZW5kcy5Nb2RlbEJhY2tlbmQiLCJfYXV0aF91c2VyX2hhc2giOiI4NWQyNmFlZWQ2Y2M1YTMxMzZiYzE0M2VjYzNlMmEwZWMzNmM5Y2FmIiwiZG9jLW5hbWUtbG9jYWwiOiJuZWxpYSBjYWxkZXJvbiIsInBhdGllbnQtdW5hbWUtbG9jYWwiOiJyaW5hIn0=	2019-11-18 22:09:10.077526+08
cazdv3kqb6wzg89lqm1d18yxbb5gr7rt	YWI1NjIzYjU5NGUzYzZmNGNiYzAyNTY0MTFmODNhMzgwYTAyNWMwYjp7Il9hdXRoX3VzZXJfaWQiOiIxIiwiX2F1dGhfdXNlcl9iYWNrZW5kIjoiZGphbmdvLmNvbnRyaWIuYXV0aC5iYWNrZW5kcy5Nb2RlbEJhY2tlbmQiLCJfYXV0aF91c2VyX2hhc2giOiI4NWQyNmFlZWQ2Y2M1YTMxMzZiYzE0M2VjYzNlMmEwZWMzNmM5Y2FmIiwiZG9jLW5hbWUtbG9jYWwiOiJuZWxpYSBjYWxkZXJvbiIsInBhdGllbnQtdW5hbWUtbG9jYWwiOiJyaW5hIn0=	2019-11-19 15:22:38.386356+08
zzbt1tcabjuizsbczkpfhsabbwdhblkx	YTIxMDU5ZGRkNDY1MTdkMGI5ZTY3ZTdlYjQxY2I3M2FlNWIzZDJhODp7Il9hdXRoX3VzZXJfaWQiOiIxIiwiX2F1dGhfdXNlcl9iYWNrZW5kIjoiZGphbmdvLmNvbnRyaWIuYXV0aC5iYWNrZW5kcy5Nb2RlbEJhY2tlbmQiLCJfYXV0aF91c2VyX2hhc2giOiI4NWQyNmFlZWQ2Y2M1YTMxMzZiYzE0M2VjYzNlMmEwZWMzNmM5Y2FmIiwicGF0aWVudC11bmFtZS1sb2NhbCI6InNhbHZhZG9yIn0=	2019-11-19 23:00:44.976972+08
gblvg0gm5263qcnmjpn2cth3qz4if1sz	N2ZkMmQ1NmZkYmI1ZjIzOGY3MmUxYWYxMjAxMWRjMTZjZDJmZDM5Yzp7Il9hdXRoX3VzZXJfaWQiOiIxIiwiX2F1dGhfdXNlcl9iYWNrZW5kIjoiZGphbmdvLmNvbnRyaWIuYXV0aC5iYWNrZW5kcy5Nb2RlbEJhY2tlbmQiLCJfYXV0aF91c2VyX2hhc2giOiI4NWQyNmFlZWQ2Y2M1YTMxMzZiYzE0M2VjYzNlMmEwZWMzNmM5Y2FmIiwiZG9jLW5hbWUtbG9jYWwiOiJ2aW5jZW50IHRvbW90byJ9	2019-11-29 14:36:34.74763+08
yqwluv5w2yyhmzy75bkp0u2b1nzojgv5	OTVhMTA5ZDgzYmRmMDcxZDlkYWZjYTRkNzIxYWExM2I4NWFiODgyZTp7Il9hdXRoX3VzZXJfaWQiOiIxIiwiX2F1dGhfdXNlcl9iYWNrZW5kIjoiZGphbmdvLmNvbnRyaWIuYXV0aC5iYWNrZW5kcy5Nb2RlbEJhY2tlbmQiLCJfYXV0aF91c2VyX2hhc2giOiI4NWQyNmFlZWQ2Y2M1YTMxMzZiYzE0M2VjYzNlMmEwZWMzNmM5Y2FmIn0=	2019-11-20 13:59:48.511067+08
811144eg73q6x7oliwa5kmmc7pg0g3ow	NmEwYmU0MTU1ZTBmYzZmNTM2MDg0ODRmYTBmZjRmNzVkMjBhM2IxNDp7Il9hdXRoX3VzZXJfaWQiOiIxIiwiX2F1dGhfdXNlcl9iYWNrZW5kIjoiZGphbmdvLmNvbnRyaWIuYXV0aC5iYWNrZW5kcy5Nb2RlbEJhY2tlbmQiLCJfYXV0aF91c2VyX2hhc2giOiI4NWQyNmFlZWQ2Y2M1YTMxMzZiYzE0M2VjYzNlMmEwZWMzNmM5Y2FmIiwiZG9jLW5hbWUtbG9jYWwiOiJrYXJlbiBzaWxhbSIsInBhdGllbnQtdW5hbWUtbG9jYWwiOiJsdW5hIn0=	2020-01-20 12:06:36.416979+08
z458z71o1f6hc6ckm29rag5gj0m5cjbd	YzE3NTU2YWRjNjFkZGU0YjhlM2IzODFjYTUxYjgxOTUzY2IxNTM0Nzp7Il9hdXRoX3VzZXJfaWQiOiIxIiwiX2F1dGhfdXNlcl9iYWNrZW5kIjoiZGphbmdvLmNvbnRyaWIuYXV0aC5iYWNrZW5kcy5Nb2RlbEJhY2tlbmQiLCJfYXV0aF91c2VyX2hhc2giOiI4NWQyNmFlZWQ2Y2M1YTMxMzZiYzE0M2VjYzNlMmEwZWMzNmM5Y2FmIiwiZG9jLW5hbWUtbG9jYWwiOiJ2aW5jZW50IHRvbW90byIsInBhdGllbnQtdW5hbWUtbG9jYWwiOiJseXNzYSJ9	2020-02-05 15:18:33.54134+08
f6fz4h8ay1lhx4528z1e4r889zovv9rh	ZGU1MjdlYzZkNjAwMTUyYTA1NmJlNjNiYWNmZDgyNjhiZDJjNDJlYzp7Il9hdXRoX3VzZXJfaWQiOiIxIiwiX2F1dGhfdXNlcl9iYWNrZW5kIjoiZGphbmdvLmNvbnRyaWIuYXV0aC5iYWNrZW5kcy5Nb2RlbEJhY2tlbmQiLCJfYXV0aF91c2VyX2hhc2giOiI4NWQyNmFlZWQ2Y2M1YTMxMzZiYzE0M2VjYzNlMmEwZWMzNmM5Y2FmIiwiZG9jLW5hbWUtbG9jYWwiOiJBbGVqYW5kcmEgRy4gTWFnc2FsYXMiLCJwYXRpZW50LXVuYW1lLWxvY2FsIjoic2FsbHkifQ==	2020-02-12 02:02:14.883675+08
\.


--
-- Data for Name: doctor_doctor; Type: TABLE DATA; Schema: public; Owner: postgres
--

COPY public.doctor_doctor (id, name, slug, birthdate, email, hospital_name, hospital_address, password, p_handled_stats_id, last_log_in, last_log_out, login_flag, field_specialty, phone_number, "position", doc_image) FROM stdin;
11	Maria T. Lastimosa	maria-lastimosa	2020-01-01	maria@gmail.com	Visayas Community Medical Center	85 Osmea Blvd., Cebu City, Cebu	maria	11	2020-01-28 22:27:44.114597+08	2020-01-29 08:57:38.559917+08	f	venereology	09123452315	HIV Unit Head	
19	Han L. Ly	han-ly	2020-01-08	han@gmail.com	Cebu City Medical Center	N. Bacalso Ave., Cebu City	hanhan	29	2020-01-28 22:43:42.76077+08	2020-01-29 09:03:03.169807+08	f	Venereology	09234123451	Hiv Monitoring In Charge	profile_pictures/alpaca.jpg
13	Alejandra G. Magsalas	alejandra-magsalas	2020-01-26	alejandra@gmail.com	Vicente Gullas Memorial Hospital	Gov Cuenco Ave., Cebu City	none	23	2020-01-29 09:04:01.381768+08	2020-01-26 10:08:05.519902+08	t	Venereology	09234123451	HIV Unit Head	
12	Michael V. Hererra	michael-hererra	1990-07-03	michael@gmail.com	Cebu North General Hospital	Kauswagan Rd., Cebu City	michael	14	2020-01-29 09:03:17.887157+08	2020-01-29 09:03:30.263215+08	f	HIV Specialist	09351234324	Assistant Doctor	
\.


--
-- Data for Name: doctor_doctor_doctorNotifs; Type: TABLE DATA; Schema: public; Owner: postgres
--

COPY public."doctor_doctor_doctorNotifs" (id, doctor_id, doctornotification_id) FROM stdin;
250	11	249
251	11	250
252	11	251
253	11	252
254	11	77
255	11	253
256	12	254
257	11	255
258	11	256
259	11	257
260	12	77
261	12	258
262	12	259
263	13	260
264	11	261
265	11	262
266	11	263
267	11	264
268	11	265
269	11	266
270	11	267
271	11	268
272	11	269
273	11	270
274	11	271
275	11	80
276	11	272
277	19	273
278	19	274
279	13	275
280	13	78
281	13	277
282	13	278
283	13	279
284	11	280
285	19	281
\.


--
-- Data for Name: doctor_doctor_finished_scheds; Type: TABLE DATA; Schema: public; Owner: postgres
--

COPY public.doctor_doctor_finished_scheds (id, doctor_id, doctorschedule_id) FROM stdin;
\.


--
-- Data for Name: doctor_doctor_new_notifs; Type: TABLE DATA; Schema: public; Owner: postgres
--

COPY public.doctor_doctor_new_notifs (id, doctor_id, doctornotification_id) FROM stdin;
174	13	275
175	13	277
176	13	78
177	13	278
178	13	279
\.


--
-- Data for Name: doctor_doctor_pending_scheds; Type: TABLE DATA; Schema: public; Owner: postgres
--

COPY public.doctor_doctor_pending_scheds (id, doctor_id, doctorschedule_id) FROM stdin;
\.


--
-- Data for Name: doctor_doctor_rejected_scheds; Type: TABLE DATA; Schema: public; Owner: postgres
--

COPY public.doctor_doctor_rejected_scheds (id, doctor_id, doctorschedule_id) FROM stdin;
22	11	142
\.


--
-- Data for Name: doctor_doctor_schedules; Type: TABLE DATA; Schema: public; Owner: postgres
--

COPY public.doctor_doctor_schedules (id, doctor_id, doctorschedule_id) FROM stdin;
44	11	143
\.


--
-- Data for Name: doctor_doctornotification; Type: TABLE DATA; Schema: public; Owner: postgres
--

COPY public.doctor_doctornotification (id, name, subject, user_type, notif, created_on, patient_username, action_pk, action_type, action_taken, notif_status) FROM stdin;
249	maria lastimosa	Patient	Patient	lisa added you, maria lastimosa as a personal doctor.	2020-01-23 22:58:25.344463+08	lisa	77	New Patient	0	f
250	maria lastimosa	Appointment	Patient	lisa requested a consultation schedule with you.	2020-01-24 07:30:02.115257+08	lisa	142	Schedule Request	0	f
251	maria lastimosa	Appointment	Patient	lisa requested a consultation schedule with you.	2020-01-24 07:35:38.980483+08	lisa	143	Schedule Request	0	f
252	maria lastimosa	Patient	Patient	sally added you, maria lastimosa as a personal doctor.	2020-01-24 07:42:08.305557+08	sally	78	New Patient	0	f
253	maria lastimosa	Patient	Patient	lisa added you, maria lastimosa as a personal doctor.	2020-01-24 23:44:53.271002+08	lisa	77	New Patient	0	f
254	michael hererra	Patient	Patient	lisa added you, michael hererra as a personal doctor.	2020-01-24 23:45:35.626669+08	lisa	77	New Patient	0	f
255	maria lastimosa	Patient	Patient	lisa added you, maria lastimosa as a personal doctor.	2020-01-24 23:55:20.34305+08	lisa	77	New Patient	0	f
256	maria lastimosa	Patient	Patient	lisa added you, maria lastimosa as a personal doctor.	2020-01-24 23:56:52.552916+08	lisa	77	New Patient	0	f
257	maria lastimosa	Patient	Patient	lisa added you, maria lastimosa as a personal doctor.	2020-01-25 00:17:38.478465+08	lisa	77	New Patient	0	f
258	michael hererra	Patient	Patient	lisa added you, michael hererra as a personal doctor.	2020-01-25 00:21:35.105838+08	lisa	77	New Patient	0	f
77	michael hererra	Doctor	Patient	lisa removed you from his/her My Doctors.	2020-01-25 00:22:07.782484+08	lisa	0	Removed	0	f
259	michael hererra	Patient	Patient	lisa added you, michael hererra as a personal doctor.	2020-01-25 00:48:26.76154+08	lisa	77	New Patient	0	f
260	Alejandra G. Magsalas	Patient	Patient	lisa added you, Alejandra G. Magsalas as a personal doctor.	2020-01-26 09:48:03.356511+08	lisa	77	New Patient	0	f
261	Maria T. Lastimosa	Patient	Patient	louis added you, Maria T. Lastimosa as a personal doctor.	2020-01-27 11:37:15.049591+08	louis	89	New Patient	0	f
262	Maria T. Lastimosa	Edit	Patient	louis edited the ICR Form.	2020-01-27 11:39:41.073699+08	louis	89	ICR Form	0	f
263	Maria T. Lastimosa	Edit	Patient	louis edited the ICR Form.	2020-01-27 11:40:08.349157+08	louis	89	ICR Form	0	f
264	Maria T. Lastimosa	Edit	Patient	louis edited the ICR Form.	2020-01-27 11:43:28.862559+08	louis	89	ICR Form	0	f
265	Maria T. Lastimosa	Edit	Patient	louis edited the ICR Form.	2020-01-27 11:52:12.481929+08	louis	89	ICR Form	0	f
266	Maria T. Lastimosa	Edit	Patient	louis edited the ICR Form.	2020-01-27 11:53:50.493495+08	louis	89	ICR Form	0	f
267	Maria T. Lastimosa	Edit	Patient	louis edited the ICR Form.	2020-01-27 11:55:53.126159+08	louis	89	ICR Form	0	f
268	Maria T. Lastimosa	Edit	Patient	louis edited the ICR Form.	2020-01-27 11:58:36.329915+08	louis	89	ICR Form	0	f
269	Maria T. Lastimosa	Edit	Patient	louis edited the ICR Form.	2020-01-27 12:01:07.468085+08	louis	89	ICR Form	0	f
270	Maria T. Lastimosa	Edit	Patient	louis edited the ICR Form.	2020-01-27 12:07:31.628122+08	louis	89	ICR Form	0	f
271	Maria T. Lastimosa	Patient	Patient	karl added you, Maria T. Lastimosa as a personal doctor.	2020-01-28 18:47:23.218502+08	karl	80	New Patient	0	f
80	Maria T. Lastimosa	Doctor	Patient	karl removed you from his/her My Doctors.	2020-01-28 18:52:52.948562+08	karl	0	Removed	0	f
272	Maria T. Lastimosa	Patient	Patient	josefa added you, Maria T. Lastimosa as a personal doctor.	2020-01-28 18:53:59.296661+08	josefa	94	New Patient	0	f
273	Han L. Ly	Patient	Patient	sally added you, Han L. Ly as a personal doctor.	2020-01-28 22:37:52.442743+08	sally	78	New Patient	0	f
274	Han L. Ly	Patient	Patient	josefa added you, Han L. Ly as a personal doctor.	2020-01-28 22:43:06.246974+08	josefa	94	New Patient	0	f
275	Alejandra G. Magsalas	Patient	Patient	sally added you, Alejandra G. Magsalas as a personal doctor.	2020-01-29 09:20:01.715153+08	sally	78	New Patient	0	f
276	Alejandra G. Magsalas	Patient	Patient	sally added you, Alejandra G. Magsalas as a personal doctor.	2020-01-29 09:21:18.987023+08	sally	78	New Patient	0	f
277	Alejandra G. Magsalas	Patient	Patient	sally added you, Alejandra G. Magsalas as a personal doctor.	2020-01-29 09:23:55.923406+08	sally	78	New Patient	0	f
78	Alejandra G. Magsalas	Doctor	Patient	sally removed you from his/her My Doctors.	2020-01-29 09:25:16.155103+08	sally	0	Removed	0	f
278	Alejandra G. Magsalas	Patient	Patient	sally added you, Alejandra G. Magsalas as a personal doctor.	2020-01-29 09:25:25.994229+08	sally	78	New Patient	0	f
279	Alejandra G. Magsalas	Edit	Patient	sally edited the ICR Form.	2020-01-29 09:51:44.139204+08	sally	78	ICR Form	0	f
280	Maria T. Lastimosa	Edit	Patient	sally edited the ICR Form.	2020-01-29 09:51:44.152162+08	sally	78	ICR Form	0	f
281	Han L. Ly	Edit	Patient	sally edited the ICR Form.	2020-01-29 09:51:44.157162+08	sally	78	ICR Form	0	f
\.


--
-- Data for Name: doctor_doctorschedule; Type: TABLE DATA; Schema: public; Owner: postgres
--

COPY public.doctor_doctorschedule (id, patient_username, patient_hiv_status, schedule_date, schedule_topic, schedule_notes, doc_in_charge, status, created_on, new_notif_count, action_taken) FROM stdin;
142	lisa	stage 1	2020-01-31 21:57:00+08	Health issue	i want to talk about my current feelings and symptoms.	maria lastimosa	rejected	2020-01-24 07:30:02.082256+08	0	0
143	lisa	stage 1	2020-01-31 21:58:00+08	Check on current sickness.	I'm feeling sick today. 	maria lastimosa	accepted	2020-01-24 07:35:38.95948+08	0	0
\.


--
-- Data for Name: doctor_doctorschedule_doc_remark; Type: TABLE DATA; Schema: public; Owner: postgres
--

COPY public.doctor_doctorschedule_doc_remark (id, doctorschedule_id, remark_id) FROM stdin;
49	142	223
\.


--
-- Data for Name: doctor_doctorschedule_users_viewed; Type: TABLE DATA; Schema: public; Owner: postgres
--

COPY public.doctor_doctorschedule_users_viewed (id, doctorschedule_id, usersviewed_id) FROM stdin;
\.


--
-- Data for Name: doctor_doctorstats; Type: TABLE DATA; Schema: public; Owner: postgres
--

COPY public.doctor_doctorstats (id, day_count, last_updated, start_date, week_count, doctor_name, neg_patients, stage_1, stage_2, stage_3, all_patients_count, doc_patients_count, for_screening) FROM stdin;
12	0	2020-01-23	2020-01-23	0	maria lastimosa	0	0	0	0	0	0	0
13	0	2020-01-23	2020-01-23	0	maria lastimosa	0	0	0	0	0	0	0
23	0	2020-01-26	2020-01-26	0	Alejandra G. Magsalas	0	1	1	0	10	2	0
15	0	2020-01-23	2020-01-23	0	michael hererra	0	0	0	0	0	0	0
16	0	2020-01-23	2020-01-23	0	michael hererra	0	0	0	0	0	0	0
17	0	2020-01-23	2020-01-23	0	michael hererra	0	0	0	0	0	0	0
18	0	2020-01-23	2020-01-23	0	michael hererra	0	0	0	0	0	0	0
21	0	2020-01-23	2020-01-23	0	michael hererra	0	0	0	0	0	0	0
11	0	2020-01-23	2020-01-23	0	maria lastimosa	0	1	2	0	10	4	1
29	0	2020-01-27	2020-01-27	0	Han L. Ly	0	1	0	0	10	2	1
14	0	2020-01-23	2020-01-23	0	michael hererra	0	0	1	0	10	1	0
26	0	2020-01-27	2020-01-27	0	none	0	0	0	0	0	0	0
27	0	2020-01-27	2020-01-27	0	none	0	0	0	0	0	0	0
28	0	2020-01-27	2020-01-27	0	none	0	0	0	0	0	0	0
\.


--
-- Data for Name: doctor_doctorstats_monthly_stats; Type: TABLE DATA; Schema: public; Owner: postgres
--

COPY public.doctor_doctorstats_monthly_stats (id, doctorstats_id, monthlystatistics_id) FROM stdin;
119	12	120
129	11	120
130	11	121
131	11	122
132	14	130
133	11	132
134	11	133
135	11	134
136	11	135
137	11	136
138	14	137
139	14	138
140	14	139
141	14	140
143	23	13
147	26	16
148	27	17
149	28	18
150	29	19
151	11	20
152	11	21
153	11	22
154	11	23
155	29	24
156	29	25
157	23	26
158	23	27
159	23	28
160	23	29
\.


--
-- Data for Name: doctor_medicine; Type: TABLE DATA; Schema: public; Owner: postgres
--

COPY public.doctor_medicine (id, created_on, drug_name, unit_of_measure, content_per_bottle, availability, stocks_on_hand, drug_group, medicine_type, patients_on_medication) FROM stdin;
3	2019-12-19 02:46:59+08	Lamivudine 300mg / Tenofovir 300mg	bottle	30	t	64	ART FDC	tablet	1
2	2019-12-19 02:46:02+08	Lamivudine 300mg / Tenofovir 300mg / Efavirenz 600mg	bottle	30	t	30	ART FDC	tablet	0
1	2019-12-16 21:57:01+08	Lamivudine 150mg / Zidovudine 300mg	bottle	60	t	679	ART FDC	tablet	1
4	2020-01-25 02:02:02+08	Lopinavir 200mg / Ritonavir 50mg	bottle	120	t	5	ART FDC	tablet	0
5	2020-01-25 02:03:36+08	Efavirenz 600mg	bottle	30	t	393	ART SDF	tablet	0
6	2020-01-25 02:04:53+08	Efavirenz 200mg	bottle	90	t	0	ART SDF	tablet	0
7	2020-01-25 02:09:05+08	Lamivudine 150mg	bottle	60	t	2	ART SDF	tablet	5
8	2020-01-25 02:13:56+08	Nevirapine 200mg	bottle	60	t	80	ART SDF	tablet	0
9	2020-01-25 02:15:33+08	Tenofovir 300mg	bottle	30	t	0	ART SDF	tablet	0
11	2020-01-25 02:17:17+08	Zidovudine 300mg	bottle	60	t	0	ART SDF	tablet	0
10	2020-01-25 02:16:14+08	Abacavir 300mg	bottle	60	t	2	ART SDF	tablet	0
12	2020-01-25 02:18:41+08	Nevirapine 50mg/5ml	bottle	240	t	6	ART for Pedia	Oral Suspension	0
13	2020-01-25 02:19:59+08	Lamivudine 10mg/ml	bottle	240	t	0	ART for Pedia	Oral Suspension	0
14	2020-01-25 02:21:05+08	Zidovudine 50mg/5ml	none	240	t	8	ART for Pedia	Oral Suspension	0
\.


--
-- Data for Name: doctor_monthlystatistics; Type: TABLE DATA; Schema: public; Owner: postgres
--

COPY public.doctor_monthlystatistics (id, year, january, february, march, april, may, june, july, august, september, october, november, december, doc_pk, doctor_name, created_on, patient_pk) FROM stdin;
120	2020	1	0	0	0	0	0	0	0	0	0	0	0	11	maria lastimosa	2020-01-23 22:58:25.404651+08	77
121	2020	2	0	0	0	0	0	0	0	0	0	0	0	11	maria lastimosa	2020-01-24 07:42:08.328598+08	78
25	2020	2	0	0	0	0	0	0	0	0	0	0	0	19	Han L. Ly	2020-01-28 22:43:06.329297+08	94
130	2020	1	0	0	0	0	0	0	0	0	0	0	0	12	michael hererra	2020-01-24 23:45:35.663836+08	77
122	2020	2	0	0	0	0	0	0	0	0	0	0	0	11	maria lastimosa	2020-01-24 23:44:53+08	77
131	2020	1	0	0	0	0	0	0	0	0	0	0	0	11	maria lastimosa	2020-01-24 23:48:07.279397+08	77
132	2020	2	0	0	0	0	0	0	0	0	0	0	0	11	maria lastimosa	2020-01-24 23:55:20+08	77
133	2020	1	0	0	0	0	0	0	0	0	0	0	0	11	maria lastimosa	2020-01-24 23:56:17.44546+08	77
134	2020	2	0	0	0	0	0	0	0	0	0	0	0	11	maria lastimosa	2020-01-24 23:56:52.587145+08	77
135	2020	1	0	0	0	0	0	0	0	0	0	0	0	11	maria lastimosa	2020-01-25 00:12:57.079754+08	77
136	2020	2	0	0	0	0	0	0	0	0	0	0	0	11	maria lastimosa	2020-01-25 00:17:38.534361+08	77
137	2020	0	0	0	0	0	0	0	0	0	0	0	0	12	michael hererra	2020-01-25 00:20:45.543032+08	77
138	2020	1	0	0	0	0	0	0	0	0	0	0	0	12	michael hererra	2020-01-25 00:21:35.141042+08	77
139	2020	0	0	0	0	0	0	0	0	0	0	0	0	12	michael hererra	2020-01-25 00:22:07.819101+08	77
140	2020	1	0	0	0	0	0	0	0	0	0	0	0	12	michael hererra	2020-01-25 00:48:26.834583+08	77
26	2020	-1	0	0	0	0	0	0	0	0	0	0	0	0	Alejandra G. Magsalas	2020-01-29 09:22:59.235267+08	0
142	2019	0	0	0	0	0	0	0	0	0	0	0	0	0	None	2020-01-26 09:23:47.861067+08	0
13	2020	0	0	0	0	0	0	0	0	0	0	0	0	0	Alejandra G. Magsalas	2020-01-26 09:23:47.864228+08	0
27	2020	0	0	0	0	0	0	0	0	0	0	0	0	13	Alejandra G. Magsalas	2020-01-29 09:23:55.949365+08	78
145	2019	0	0	0	0	0	0	0	0	0	0	0	0	0	None	2020-01-27 09:21:24.856737+08	0
16	2020	0	0	0	0	0	0	0	0	0	0	0	0	0	none	2020-01-27 09:21:24.861736+08	0
146	2019	0	0	0	0	0	0	0	0	0	0	0	0	0	None	2020-01-27 09:35:54.368582+08	0
17	2020	0	0	0	0	0	0	0	0	0	0	0	0	0	none	2020-01-27 09:35:54.371584+08	0
147	2019	0	0	0	0	0	0	0	0	0	0	0	0	0	None	2020-01-27 09:37:01.024927+08	0
18	2020	0	0	0	0	0	0	0	0	0	0	0	0	0	none	2020-01-27 09:37:01.026929+08	0
148	2019	0	0	0	0	0	0	0	0	0	0	0	0	0	None	2020-01-27 09:40:16.901781+08	0
19	2020	0	0	0	0	0	0	0	0	0	0	0	0	0	Han L. Ly	2020-01-27 09:40:16.903749+08	0
20	2020	3	0	0	0	0	0	0	0	0	0	0	0	11	Maria T. Lastimosa	2020-01-27 11:37:15.116563+08	89
21	2020	4	0	0	0	0	0	0	0	0	0	0	0	11	Maria T. Lastimosa	2020-01-28 18:47:23.244498+08	80
22	2020	3	0	0	0	0	0	0	0	0	0	0	0	11	Maria T. Lastimosa	2020-01-28 18:52:52.971561+08	80
23	2020	4	0	0	0	0	0	0	0	0	0	0	0	11	Maria T. Lastimosa	2020-01-28 18:53:59.319666+08	94
24	2020	1	0	0	0	0	0	0	0	0	0	0	0	19	Han L. Ly	2020-01-28 22:37:52.495747+08	78
28	2020	-1	0	0	0	0	0	0	0	0	0	0	0	13	Alejandra G. Magsalas	2020-01-29 09:25:16.181101+08	78
29	2020	0	0	0	0	0	0	0	0	0	0	0	0	13	Alejandra G. Magsalas	2020-01-29 09:25:26.020232+08	78
\.


--
-- Data for Name: doctor_remark; Type: TABLE DATA; Schema: public; Owner: postgres
--

COPY public.doctor_remark (id, author, text, created_date, approved_comment, remark_seen, remark_parent_type, remark_receiver, seen_date) FROM stdin;
223	maria lastimosa	in a meeting	2020-01-24 07:30:54.317032+08	f	t	Consultation Schedule	lisa	2020-01-24 07:33:50.199595+08
\.


--
-- Data for Name: doctor_usersviewed; Type: TABLE DATA; Schema: public; Owner: postgres
--

COPY public.doctor_usersviewed (id, seen_flag, seen_date, viewer_type, viewed_type, viewer_name, viewed_pk, file_owner) FROM stdin;
79	t	2020-01-23 22:59:35.911896+08	Doctor	Medical History	maria lastimosa	77	lisa
80	t	2020-01-24 07:16:06.145801+08	Doctor	ICR	maria lastimosa	77	lisa
81	t	2020-01-24 07:44:38.554087+08	Doctor	Medical History	maria lastimosa	78	sally
82	t	2020-01-25 03:02:51.108299+08	Doctor	Personal Record	maria lastimosa	17	lisa
83	t	2020-01-28 18:54:11.156616+08	Doctor	Medical History	Maria T. Lastimosa	94	josefa
84	t	2020-01-28 22:41:59.956649+08	Doctor	Medical History	Han L. Ly	78	sally
85	t	2020-01-28 22:42:01.034111+08	Doctor	ICR	Han L. Ly	78	sally
86	t	2020-01-29 08:34:59.587476+08	Doctor	Medical History	Maria T. Lastimosa	89	louis
87	t	2020-01-29 08:35:02.15814+08	Doctor	Medical History	Maria T. Lastimosa	78	sally
88	t	2020-01-29 08:54:15.778846+08	Doctor	Medical History	Maria T. Lastimosa	77	lisa
89	t	2020-01-29 08:57:57.840053+08	Doctor	Medical History	Han L. Ly	94	josefa
90	t	2020-01-29 09:04:18.255131+08	Doctor	Medical History	Alejandra G. Magsalas	77	lisa
91	t	2020-01-29 09:27:30.982718+08	Doctor	Medical History	Alejandra G. Magsalas	78	sally
\.


--
-- Data for Name: patient_icrform; Type: TABLE DATA; Schema: public; Owner: postgres
--

COPY public.patient_icrform (id, last_name, first_name, middle_name, date_of_visit, age, birthdate, sex, civil_status, phone_number, home_address, occupation, work_address, work_number, purpose_of_visit, symptoms, specification) FROM stdin;
90	Kalido	Joseph	None	None	25	2020-01-23	None	None	09123456789	Minglanilla, Cebu	Teacher	Mandaue, Cebu City	123456789	None	None	None
77	salas	lisa	None	None	34	2020-01-17	None	None	09123456789	San Fernando, Cebu	office worker	Colon, Cebu City	123456789	None	None	None
91	Kalido	Joseph	None	None	25	2020-01-23	None	None	09123456789	Minglanilla, Cebu	Teacher	Mandaue, Cebu City	123456789	None	None	None
79	magparok	helen	None	None	34	2020-01-02	None	None	09234531234	Minglanilla, Cebu	call center agent	Colon, Cebu City	123456789	None	None	None
80	sumalong	karl	None	None	45	2020-01-23	None	None	09123456789	Minglanilla, Cebu	office worker	Mandaue, Cebu City	123456789	None	None	None
92	Kalido	Joseph	None	None	25	2020-01-23	None	None	09123456789	Minglanilla, Cebu	Teacher	Mandaue, Cebu City	123456789	None	None	None
82	Ramirez	Lea	None	None	34	2020-01-08	None	None	09123456781	Kasambagan, Cebu City	Office Worker	Mandaue, Cebu City	123456789	None	None	None
83	Ramirez	Lea	None	None	34	2020-01-16	None	None	09123456789	Minglanilla, Cebu	Office Worker	Lahug, Cebu City	123456789	None	None	None
84	None	secret	None	None	0	None	None	None	0	Cebu City	None	None	123456789	None	None	None
93	Banal	Darwin	None	None	46	2020-01-29	None	None	09234531234	San Fernando, Cebu	Call Center Agent	Banilad, Cebu City	123456789	None	None	None
85	Solayman	Karen	None	None	13	2020-01-15	None	None	09123456789	Kasambagan, Cebu City	Call Center Agent	Banilad, Cebu City	123456789	None	None	None
86	Solayman	Karen	None	None	13	2020-01-15	None	None	09123456789	Kasambagan, Cebu City	Call Center Agent	Banilad, Cebu City	123456789	None	None	None
87	None	secret	None	None	0	None	None	None	0	Cebu City	None	None	123456789	None	None	None
88	Lorana	Grace	None	None	23	2020-01-09	None	None	09123456789	San Fernando, Cebu	Call Center Agent	Banilad, Cebu City	123456789	None	None	None
94	Escalion	Josefa	None	None	52	2020-01-06	None	None	09123456789	Minglanilla, Cebu	Office Worker	Colon, Cebu City	123456789	None	None	None
78	Cruz	Sally	None	None	23	2020-01-25	female	Single	09123456789	Minglanilla, Cebu	Office Worker	Mandaue, Cebu City	123456789	Contact of STI/HIV case	none	none
89	Salem	Louis	None		34	2020-01-01	female	Single	09234531234	San Fernando, Cebu	Office Worker	Lahug, Cebu City	123456780	HIV Testing	coughing	none
\.


--
-- Data for Name: patient_icrform_docs_viewed; Type: TABLE DATA; Schema: public; Owner: postgres
--

COPY public.patient_icrform_docs_viewed (id, icrform_id, usersviewed_id) FROM stdin;
8	77	80
9	78	85
\.


--
-- Data for Name: patient_icrform_doctor_remarks; Type: TABLE DATA; Schema: public; Owner: postgres
--

COPY public.patient_icrform_doctor_remarks (id, icrform_id, remark_id) FROM stdin;
\.


--
-- Data for Name: patient_medhistform; Type: TABLE DATA; Schema: public; Owner: postgres
--

COPY public.patient_medhistform (id, name, exposure, other_conditions, date_diagnosed, created_on, parent_pk, username) FROM stdin;
116	None	positive	none	2020-01-22	2020-01-24 07:26:51.999729+08	77	lisa
118	None	positive	none	2020-01-23	2020-01-24 07:44:54.141755+08	78	sally
128	Darwin Banal	for screening	none	2020-01-27	2020-01-27 23:39:48+08	93	darwin
127	Joseph Kalido	positive	none	2020-01-27	2020-01-27 23:35:21+08	92	joseph
125	Grace Lorana	positive	none	2020-01-27	2020-01-27 11:01:32+08	88	grace
124	Karen Solayman	positive	none	2020-01-27	2020-01-27 10:35:20+08	86	karen
117	sally cruz	for screening	none	2020-01-23	2020-01-24 07:41:49+08	78	sally
129	Josefa Escalion	for screening	none	2020-01-28	2020-01-28 18:16:52+08	94	josefa
126	Louis Salem	positive	none	2020-01-27	2020-01-27 11:26:21+08	89	louis
131	None	for screening	none	2020-01-01	2020-01-28 18:59:11.824452+08	94	josefa
\.


--
-- Data for Name: patient_medhistform_docs_viewed; Type: TABLE DATA; Schema: public; Owner: postgres
--

COPY public.patient_medhistform_docs_viewed (id, medhistform_id, usersviewed_id) FROM stdin;
53	116	79
54	117	81
55	118	81
56	129	83
57	131	83
58	118	84
59	126	86
60	118	87
61	116	88
62	131	89
63	116	90
64	118	91
\.


--
-- Data for Name: patient_medhistform_doctor_remarks; Type: TABLE DATA; Schema: public; Owner: postgres
--

COPY public.patient_medhistform_doctor_remarks (id, medhistform_id, remark_id) FROM stdin;
\.


--
-- Data for Name: patient_medication; Type: TABLE DATA; Schema: public; Owner: postgres
--

COPY public.patient_medication (id, created_on, username, drug_name, unit_of_measure, content_per_bottle, administered, administered_by, patient_pk, doc_notes, drug_group, medicine_type) FROM stdin;
10	2020-01-24 07:21:08+08	lisa	Lamivudine 150mg / Zidovudine 300mg	bottle	60	t	maria lastimosa	77	take once a day	ART FDC	tablet
11	2020-01-28 22:29:22.974012+08	sally	Lamivudine 300mg / Tenofovir 300mg	bottle	30	f	Maria T. Lastimosa	78	take once a day	ART FDC	tablet
\.


--
-- Data for Name: patient_patient; Type: TABLE DATA; Schema: public; Owner: postgres
--

COPY public.patient_patient (first_name, last_name, username, birthdate, age, present_address, work, work_address, call_number, email, password, "HIV_status", icr_id, profile_id, last_log_in, last_log_out, login_flag, date_created, home_address, tel_number, status, slug) FROM stdin;
lisa	salas	lisa	2020-01-17	34	Mabolo, Cebu City	office worker	Colon, Cebu City	09123456789	lisa@gmail.com	lisa	stage 1	77	78	2020-01-27 22:06:58.429232+08	2020-01-27 22:17:10.939312+08	f	2020-01-23 22:57:59+08	San Fernando, Cebu	7564231	deceased	lisa-salas
Darwin	Banal	darwin	2020-01-29	46	Villa Leyson, Bacayan, Cebu City	Call Center Agent	Banilad, Cebu City	09234531234	darwin@gmail.com	darwin	for screening	93	\N	2020-01-27 23:39:48.24457+08	2020-01-27 23:39:48.24457+08	f	2020-01-27 23:39:48.389571+08	San Fernando, Cebu	7564231	none	patient-darwin
Grace	Lorana	grace	2020-01-09	23	Apas, Cebu City	Call Center Agent	Banilad, Cebu City	09123456789	grace@gmail.com	gracee	For Screening	88	89	2020-01-27 20:15:39.314878+08	2020-01-27 20:15:41.518083+08	f	2020-01-27 11:01:32.075725+08	San Fernando, Cebu	7564231	none	grace-lorana
karl	sumalong	karl	2020-01-23	45	r.duterte st., Guadalupe, Cebu	office worker	Mandaue, Cebu City	09123456789	karl@gmail.com	karl	for screening	80	81	2020-01-25 03:52:28.650717+08	2020-01-28 18:53:44.997652+08	f	2020-01-25 03:52:15.6146+08	Minglanilla, Cebu	7564231	none	none
helen	magparok	helen	2020-01-02	34	Clarin, Bohol	call center agent	Colon, Cebu City	09234531234	helen@gmail.com	helen	stage 2	79	80	2020-01-27 20:18:04.87699+08	2020-01-27 20:18:06.914188+08	f	2020-01-25 03:44:15+08	Minglanilla, Cebu	7564231	none	helen-magparok
Lea	Ramirez	lea	2020-01-16	34	Sambag 1, Cebu City	Office Worker	Lahug, Cebu City	09123456789	lea@gmail.com	lealea	Stage 1	83	84	2020-01-27 20:10:03.262558+08	2020-01-27 20:10:10.010415+08	f	2020-01-27 10:15:19.294137+08	Minglanilla, Cebu	7564231	none	lea-ramirez
Louis	Salem	louis	2020-01-01	34	Lahug,Cebu City	Office Worker	Lahug, Cebu City	09234531234	louis@gmail.com	louiss	stage 2	89	90	2020-01-27 20:15:11.244738+08	2020-01-27 20:15:14.273272+08	f	2020-01-27 11:26:21.241969+08	San Fernando, Cebu	7564236	none	louis-salem
Joseph	Kalido	joseph	2020-01-23	25	Mambaling, Cebu City	Teacher	Mandaue, Cebu City	09123456789	joseph@gmail.com	joseph	stage 2	92	\N	2020-01-27 23:35:21.26036+08	2020-01-27 23:35:21.26036+08	f	2020-01-27 23:35:21.505455+08	Minglanilla, Cebu	7564231	none	patient-joseph
Josefa	Escalion	josefa	2020-01-06	52	Sambag 1, Cebu City	Office Worker	Colon, Cebu City	09123456789	josefa@gmail.com	josefa	for screening	94	\N	2020-01-28 22:54:44.137308+08	2020-01-28 22:53:56.719249+08	t	2020-01-28 18:16:52.233408+08	Minglanilla, Cebu	7564231	ongoing therapy	patient-josefa
sally	cruz	sally	2020-01-25	23	S. Cabahug st., mabolo, cebu city	office worker	Mandaue, Cebu City	09123456789	sally@gmail.com	sally	stage 2	78	79	2020-01-29 09:19:54.103183+08	2020-01-29 09:19:16.174059+08	t	2020-01-24 07:41:49+08	Minglanilla, Cebu	7564231	none	sally-cruz
\.


--
-- Data for Name: patient_patient_approved_schedules; Type: TABLE DATA; Schema: public; Owner: postgres
--

COPY public.patient_patient_approved_schedules (id, patient_id, doctorschedule_id) FROM stdin;
37	77	143
\.


--
-- Data for Name: patient_patient_finished_schedules; Type: TABLE DATA; Schema: public; Owner: postgres
--

COPY public.patient_patient_finished_schedules (id, patient_id, doctorschedule_id) FROM stdin;
\.


--
-- Data for Name: patient_patient_location_details; Type: TABLE DATA; Schema: public; Owner: postgres
--

COPY public.patient_patient_location_details (id, patient_id, patientlocationdetails_id) FROM stdin;
28	77	59
29	78	60
30	79	61
31	80	62
33	83	65
36	88	70
37	89	71
38	92	74
39	93	75
40	94	76
\.


--
-- Data for Name: patient_patient_medical_history; Type: TABLE DATA; Schema: public; Owner: postgres
--

COPY public.patient_patient_medical_history (id, patient_id, medhistform_id) FROM stdin;
61	77	116
63	78	118
70	88	125
71	89	126
72	92	127
73	93	128
74	94	129
75	94	131
\.


--
-- Data for Name: patient_patient_meds; Type: TABLE DATA; Schema: public; Owner: postgres
--

COPY public.patient_patient_meds (id, patient_id, medication_id) FROM stdin;
10	77	10
11	78	11
\.


--
-- Data for Name: patient_patient_my_doctors; Type: TABLE DATA; Schema: public; Owner: postgres
--

COPY public.patient_patient_my_doctors (id, patient_id, doctor_id) FROM stdin;
45	78	11
50	77	11
52	77	12
53	77	13
54	89	11
56	94	11
57	78	19
58	94	19
61	78	13
\.


--
-- Data for Name: patient_patient_patient_new_notifications; Type: TABLE DATA; Schema: public; Owner: postgres
--

COPY public.patient_patient_patient_new_notifications (id, patient_id, patientnotification_id) FROM stdin;
\.


--
-- Data for Name: patient_patient_patient_notifications; Type: TABLE DATA; Schema: public; Owner: postgres
--

COPY public.patient_patient_patient_notifications (id, patient_id, patientnotification_id) FROM stdin;
411	77	415
412	77	416
413	77	417
414	77	418
415	77	419
416	77	420
417	77	421
418	77	422
419	77	423
420	77	424
421	77	425
422	77	426
423	77	427
424	77	428
425	77	429
426	77	430
427	77	431
428	77	432
429	78	433
430	94	434
431	94	435
432	78	436
\.


--
-- Data for Name: patient_patient_pending_schedules; Type: TABLE DATA; Schema: public; Owner: postgres
--

COPY public.patient_patient_pending_schedules (id, patient_id, doctorschedule_id) FROM stdin;
\.


--
-- Data for Name: patient_patient_personal_records; Type: TABLE DATA; Schema: public; Owner: postgres
--

COPY public.patient_patient_personal_records (id, patient_id, personalrecord_id) FROM stdin;
17	77	17
18	89	18
19	78	19
\.


--
-- Data for Name: patient_patient_rejected_schedules; Type: TABLE DATA; Schema: public; Owner: postgres
--

COPY public.patient_patient_rejected_schedules (id, patient_id, doctorschedule_id) FROM stdin;
22	77	142
\.


--
-- Data for Name: patient_patientlocationdetails; Type: TABLE DATA; Schema: public; Owner: postgres
--

COPY public.patient_patientlocationdetails (id, lat, lon, location, patient_name, username, work, hiv_level, created_on, patient_pk, status, general_location) FROM stdin;
59	10.31493310	123.91454160	Mabolo, Cebu City	lisa salas	lisa	office worker	stage 1	2020-01-23 22:57:59+08	77	deceased	within cebu
60	10.31798260	123.91318050	S. Cabahug st., mabolo, cebu city	sally cruz	sally	office worker	stage 2	2020-01-24 07:41:49+08	78	none	within cebu
61	9.96261040	124.02442280	Clarin, Bohol	helen magparok	helen	call center agent	stage 2	2020-01-25 03:44:15+08	79	none	outside cebu
65	10.30045280	123.89332080	Sambag 1, Cebu City	Lea Ramirez	lea	Office Worker	stage 1	2020-01-27 10:15:19+08	83	none	within cebu
62	10.31102280	123.87677530	r.duterte st., Guadalupe, Cebu	karl sumalong	karl	office worker	for screening	2020-01-25 03:52:15+08	80	none	within cebu
70	10.33750400	123.90556770	Apas, Cebu City	Grace Lorana	grace	Call Center Agent	for screening	2020-01-27 11:01:32+08	88	none	within cebu
71	10.32954940	123.89733450	Lahug,Cebu City	Louis Salem	louis	Office Worker	stage 2	2020-01-27 11:26:21.216931+08	89	none	within cebu
72	10.3157	123.8854	none	none	none	none	none	2020-01-27 23:27:40.317168+08	0	none	none
73	10.3157	123.8854	none	none	none	none	none	2020-01-27 23:29:54.72228+08	0	none	none
74	10.3149331	123.9145416	Mambaling, Cebu City	Joseph Kalido	joseph	Teacher	stage 2	2020-01-27 23:35:21.443955+08	92	none	within cebu
75	10.38592670	123.91807300	Villa Leyson, Bacayan, Cebu City	Darwin Banal	darwin	Call Center Agent	for screening	2020-01-27 23:39:48.350569+08	93	none	within cebu
76	10.30045280	123.8943208	Sambag 1, Cebu City	Josefa Escalion	josefa	Office Worker	for screening	2020-01-28 18:16:52+08	94	ongoing therapy	within cebu
\.


--
-- Data for Name: patient_patientnotification; Type: TABLE DATA; Schema: public; Owner: postgres
--

COPY public.patient_patientnotification (id, doctor_name, subject, user_type, notification, created_on, patient_username, action_type, action_pk, status, notif_status) FROM stdin;
432	maria lastimosa	Consultation Schedule	Doctor	Dr. Maria Lastimosa accepted your request to schedule a consultation.	2020-01-24 07:36:04.620158+08	lisa	Accepted	143	f	f
431	maria lastimosa	Consultation Schedule	Doctor	Dr. Maria Lastimosa declined your request to schedule a consultation.	2020-01-24 07:30:54.351992+08	lisa	Declined	142	f	f
430	maria lastimosa	Medical History	Doctor	Dr. maria lastimosa edited your Medical History.	2020-01-24 07:26:52.037777+08	lisa	Edit	77	f	f
429	maria lastimosa	ART Medication	Doctor	Dr. maria lastimosa added a New Medication on your ART Medications	2020-01-24 07:21:08.402809+08	lisa	Medication	10	f	f
428	maria lastimosa	Profile	Doctor	Dr. maria lastimosa changed your status to deceased.	2020-01-24 07:20:06.433827+08	lisa	Status	77	f	f
427	maria lastimosa	Profile	Doctor	Dr. maria lastimosa changed your location to deceased.	2020-01-24 07:20:06.417827+08	lisa	Location	77	f	f
426	maria lastimosa	Profile	Doctor	Dr. maria lastimosa changed your status to deceased.	2020-01-24 07:14:01.674669+08	lisa	Status	77	f	f
425	maria lastimosa	Profile	Doctor	Dr. maria lastimosa changed your location to deceased.	2020-01-24 07:14:01.64967+08	lisa	Location	77	f	f
424	maria lastimosa	Profile	Doctor	Dr. maria lastimosa changed your status to deceased.	2020-01-24 06:32:44.907262+08	lisa	Status	77	f	f
423	maria lastimosa	Profile	Doctor	Dr. maria lastimosa changed your location to deceased.	2020-01-24 06:32:44.890259+08	lisa	Location	77	f	f
422	maria lastimosa	Profile	Doctor	Dr. maria lastimosa changed your status to ongoing therapy.	2020-01-24 06:29:14.605705+08	lisa	Status	77	f	f
421	maria lastimosa	Profile	Doctor	Dr. maria lastimosa changed your location to ongoing therapy.	2020-01-24 06:29:14.590707+08	lisa	Location	77	f	f
420	maria lastimosa	Profile	Doctor	Dr. maria lastimosa changed your status to ongoing therapy.	2020-01-24 06:11:31.568432+08	lisa	Status	77	f	f
419	maria lastimosa	Profile	Doctor	Dr. maria lastimosa changed your location to ongoing therapy.	2020-01-24 06:11:31.548489+08	lisa	Location	77	f	f
418	maria lastimosa	Profile	Doctor	Dr. maria lastimosa changed your status to within cebu.	2020-01-24 05:43:21.212857+08	lisa	Status	77	f	f
417	maria lastimosa	Profile	Doctor	Dr. maria lastimosa changed your status to deceased.	2020-01-24 05:41:55.372611+08	lisa	Status	77	f	f
416	maria lastimosa	Profile	Doctor	Dr. maria lastimosa changed your status to within cebu.	2020-01-24 00:21:35.537904+08	lisa	Status	77	f	f
415	maria lastimosa	Medical History	Doctor	Dr. maria lastimosa edited your Medical History.	2020-01-23 22:59:44.429103+08	lisa	Edit	77	f	f
433	maria lastimosa	Medical History	Doctor	Dr. maria lastimosa edited your Medical History.	2020-01-24 07:44:54.172747+08	sally	Edit	78	f	f
435	Maria T. Lastimosa	Profile	Doctor	Dr. Maria T. Lastimosa changed your status to ongoing therapy.	2020-01-28 19:06:11.206685+08	josefa	Status	94	f	f
434	Maria T. Lastimosa	Medical History	Doctor	Dr. Maria T. Lastimosa edited your Medical History.	2020-01-28 18:59:11.855446+08	josefa	Edit	94	f	f
436	Maria T. Lastimosa	ART Medication	Doctor	Dr. Maria T. Lastimosa added a New Medication on your ART Medications	2020-01-28 22:29:23.003952+08	sally	Medication	11	f	f
\.


--
-- Data for Name: patient_patientsmonthlystatistics; Type: TABLE DATA; Schema: public; Owner: postgres
--

COPY public.patient_patientsmonthlystatistics (id, created_on, patient_pk, year, january, february, march, april, may, june, july, august, september, october, november, december, patient_username) FROM stdin;
1	2020-01-27 23:35:21+08	92	2020	1	0	0	0	0	0	0	0	0	0	0	0	joseph
2	2020-01-27 23:39:48+08	93	2020	9	0	0	0	0	0	0	0	0	0	0	0	darwin
3	2020-01-28 18:16:52.227446+08	94	2020	10	0	0	0	0	0	0	0	0	0	0	0	josefa
\.


--
-- Data for Name: patient_personalrecord; Type: TABLE DATA; Schema: public; Owner: postgres
--

COPY public.patient_personalrecord (id, author, title, slug, updated_on, content, created_on, status) FROM stdin;
17	lisa	i feel sick	ifeelsick	2020-01-25 02:59:35.15196+08	not feeling well with a bit of cold today	2020-01-25 02:59:35.15196+08	0
18	louis	feelings on my sickness.	feelingsonmysickness.	2020-01-27 11:37:54.793554+08	i feel afraid and ashamed. I need help	2020-01-27 11:37:54.793554+08	0
19	sally	a	a	2020-01-29 10:02:04.477799+08	aa	2020-01-29 10:02:04.477799+08	0
\.


--
-- Data for Name: patient_personalrecord_comment; Type: TABLE DATA; Schema: public; Owner: postgres
--

COPY public.patient_personalrecord_comment (id, personalrecord_id, remark_id) FROM stdin;
\.


--
-- Data for Name: patient_personalrecord_docs_viewed; Type: TABLE DATA; Schema: public; Owner: postgres
--

COPY public.patient_personalrecord_docs_viewed (id, personalrecord_id, usersviewed_id) FROM stdin;
17	17	82
\.


--
-- Data for Name: patient_profileform; Type: TABLE DATA; Schema: public; Owner: postgres
--

COPY public.patient_profileform (id, uid, code_name, real_name, mother_maiden_name, address, province, age, sex, status, birthdate, pdate, nation, ed, occupation, contact, "philNum") FROM stdin;
78	None	lisa	lisa	None	San Fernando, Cebu	None	34	None	None	2020-01-17	None	Filipino	None	office worker	09123456789	None
79	None	sally	sally	None	Minglanilla, Cebu	None	23	None	None	2020-01-25	None	Filipino	None	office worker	09123456789	None
80	None	helen	helen	None	Minglanilla, Cebu	None	34	None	None	2020-01-02	None	Filipino	None	call center agent	09234531234	None
81	None	karl	karl	None	Minglanilla, Cebu	None	45	None	None	2020-01-23	None	Filipino	None	office worker	09123456789	None
83	None	lea	Lea	None	Kasambagan, Cebu City	None	34	None	None	2020-01-08	None	Filipino	None	Office Worker	09123456781	None
84	None	lea	Lea	None	Minglanilla, Cebu	None	34	None	None	2020-01-16	None	Filipino	None	Office Worker	09123456789	None
87	None	cora jj	Karen	None	Kasambagan, Cebu City	None	13	None	None	2020-01-15	None	Filipino	None	Call Center Agent	09123456789	None
88	None	None	None	None	None	None	0	None	None	None	None	Filipino	None	None	None	None
89	None	grace	Grace	None	San Fernando, Cebu	None	23	None	None	2020-01-09	None	Filipino	None	Call Center Agent	09123456789	None
90	None	louis	Louis	None	San Fernando, Cebu	None	34	None	None	2020-01-01	None	Filipino	None	Office Worker	09234531234	None
\.


--
-- Data for Name: patient_profileform_docs_viewed; Type: TABLE DATA; Schema: public; Owner: postgres
--

COPY public.patient_profileform_docs_viewed (id, profileform_id, usersviewed_id) FROM stdin;
\.


--
-- Data for Name: patient_profileform_doctor_remarks; Type: TABLE DATA; Schema: public; Owner: postgres
--

COPY public.patient_profileform_doctor_remarks (id, profileform_id, remark_id) FROM stdin;
\.


--
-- Data for Name: portal_adminnotification; Type: TABLE DATA; Schema: public; Owner: postgres
--

COPY public.portal_adminnotification (id, name, user_type, notif, created_on) FROM stdin;
\.


--
-- Data for Name: spatial_ref_sys; Type: TABLE DATA; Schema: public; Owner: postgres
--

COPY public.spatial_ref_sys (srid, auth_name, auth_srid, srtext, proj4text) FROM stdin;
\.


--
-- Name: auth_group_id_seq; Type: SEQUENCE SET; Schema: public; Owner: postgres
--

SELECT pg_catalog.setval('public.auth_group_id_seq', 1, false);


--
-- Name: auth_group_permissions_id_seq; Type: SEQUENCE SET; Schema: public; Owner: postgres
--

SELECT pg_catalog.setval('public.auth_group_permissions_id_seq', 1, false);


--
-- Name: auth_permission_id_seq; Type: SEQUENCE SET; Schema: public; Owner: postgres
--

SELECT pg_catalog.setval('public.auth_permission_id_seq', 132, true);


--
-- Name: auth_user_groups_id_seq; Type: SEQUENCE SET; Schema: public; Owner: postgres
--

SELECT pg_catalog.setval('public.auth_user_groups_id_seq', 1, false);


--
-- Name: auth_user_id_seq; Type: SEQUENCE SET; Schema: public; Owner: postgres
--

SELECT pg_catalog.setval('public.auth_user_id_seq', 2, true);


--
-- Name: auth_user_user_permissions_id_seq; Type: SEQUENCE SET; Schema: public; Owner: postgres
--

SELECT pg_catalog.setval('public.auth_user_user_permissions_id_seq', 1, false);


--
-- Name: cebuMap_cebubarangays_deceased_id_seq; Type: SEQUENCE SET; Schema: public; Owner: postgres
--

SELECT pg_catalog.setval('public."cebuMap_cebubarangays_deceased_id_seq"', 7, true);


--
-- Name: cebuMap_cebubarangays_hiv_pop_id_seq; Type: SEQUENCE SET; Schema: public; Owner: postgres
--

SELECT pg_catalog.setval('public."cebuMap_cebubarangays_hiv_pop_id_seq"', 50, true);


--
-- Name: cebuMap_cebubarangays_id_seq; Type: SEQUENCE SET; Schema: public; Owner: postgres
--

SELECT pg_catalog.setval('public."cebuMap_cebubarangays_id_seq"', 80, true);


--
-- Name: cebuMap_cebubarangays_migrated_id_seq; Type: SEQUENCE SET; Schema: public; Owner: postgres
--

SELECT pg_catalog.setval('public."cebuMap_cebubarangays_migrated_id_seq"', 4, true);


--
-- Name: cebuMap_cebubarangays_no_hiv_id_seq; Type: SEQUENCE SET; Schema: public; Owner: postgres
--

SELECT pg_catalog.setval('public."cebuMap_cebubarangays_no_hiv_id_seq"', 9, true);


--
-- Name: cebuMap_cebubarangays_stage_0_id_seq; Type: SEQUENCE SET; Schema: public; Owner: postgres
--

SELECT pg_catalog.setval('public."cebuMap_cebubarangays_stage_0_id_seq"', 3, true);


--
-- Name: cebuMap_cebubarangays_stage_1_id_seq; Type: SEQUENCE SET; Schema: public; Owner: postgres
--

SELECT pg_catalog.setval('public."cebuMap_cebubarangays_stage_1_id_seq"', 16, true);


--
-- Name: cebuMap_cebubarangays_stage_2_id_seq; Type: SEQUENCE SET; Schema: public; Owner: postgres
--

SELECT pg_catalog.setval('public."cebuMap_cebubarangays_stage_2_id_seq"', 17, true);


--
-- Name: cebuMap_cebubarangays_stage_3_id_seq; Type: SEQUENCE SET; Schema: public; Owner: postgres
--

SELECT pg_catalog.setval('public."cebuMap_cebubarangays_stage_3_id_seq"', 7, true);


--
-- Name: cebuMap_cebumap_id_seq1; Type: SEQUENCE SET; Schema: public; Owner: postgres
--

SELECT pg_catalog.setval('public."cebuMap_cebumap_id_seq1"', 10, true);


--
-- Name: cebuMap_incidence_id_seq; Type: SEQUENCE SET; Schema: public; Owner: postgres
--

SELECT pg_catalog.setval('public."cebuMap_incidence_id_seq"', 1, false);


--
-- Name: django_admin_log_id_seq; Type: SEQUENCE SET; Schema: public; Owner: postgres
--

SELECT pg_catalog.setval('public.django_admin_log_id_seq', 2010, true);


--
-- Name: django_content_type_id_seq; Type: SEQUENCE SET; Schema: public; Owner: postgres
--

SELECT pg_catalog.setval('public.django_content_type_id_seq', 31, true);


--
-- Name: django_migrations_id_seq; Type: SEQUENCE SET; Schema: public; Owner: postgres
--

SELECT pg_catalog.setval('public.django_migrations_id_seq', 205, true);


--
-- Name: doctor_doctor_doctorNotifs_id_seq; Type: SEQUENCE SET; Schema: public; Owner: postgres
--

SELECT pg_catalog.setval('public."doctor_doctor_doctorNotifs_id_seq"', 285, true);


--
-- Name: doctor_doctor_finished_scheds_id_seq; Type: SEQUENCE SET; Schema: public; Owner: postgres
--

SELECT pg_catalog.setval('public.doctor_doctor_finished_scheds_id_seq', 14, true);


--
-- Name: doctor_doctor_id_seq; Type: SEQUENCE SET; Schema: public; Owner: postgres
--

SELECT pg_catalog.setval('public.doctor_doctor_id_seq', 19, true);


--
-- Name: doctor_doctor_new_notifs_id_seq; Type: SEQUENCE SET; Schema: public; Owner: postgres
--

SELECT pg_catalog.setval('public.doctor_doctor_new_notifs_id_seq', 178, true);


--
-- Name: doctor_doctor_pending_scheds_id_seq; Type: SEQUENCE SET; Schema: public; Owner: postgres
--

SELECT pg_catalog.setval('public.doctor_doctor_pending_scheds_id_seq', 108, true);


--
-- Name: doctor_doctor_rejected_scheds_id_seq; Type: SEQUENCE SET; Schema: public; Owner: postgres
--

SELECT pg_catalog.setval('public.doctor_doctor_rejected_scheds_id_seq', 22, true);


--
-- Name: doctor_doctor_schedules_id_seq; Type: SEQUENCE SET; Schema: public; Owner: postgres
--

SELECT pg_catalog.setval('public.doctor_doctor_schedules_id_seq', 44, true);


--
-- Name: doctor_doctornotification_id_seq; Type: SEQUENCE SET; Schema: public; Owner: postgres
--

SELECT pg_catalog.setval('public.doctor_doctornotification_id_seq', 281, true);


--
-- Name: doctor_doctorschedule_doc_remark_id_seq; Type: SEQUENCE SET; Schema: public; Owner: postgres
--

SELECT pg_catalog.setval('public.doctor_doctorschedule_doc_remark_id_seq', 49, true);


--
-- Name: doctor_doctorschedule_doc_views_details_id_seq; Type: SEQUENCE SET; Schema: public; Owner: postgres
--

SELECT pg_catalog.setval('public.doctor_doctorschedule_doc_views_details_id_seq', 24, true);


--
-- Name: doctor_doctorschedule_id_seq; Type: SEQUENCE SET; Schema: public; Owner: postgres
--

SELECT pg_catalog.setval('public.doctor_doctorschedule_id_seq', 143, true);


--
-- Name: doctor_doctorstats_id_seq; Type: SEQUENCE SET; Schema: public; Owner: postgres
--

SELECT pg_catalog.setval('public.doctor_doctorstats_id_seq', 29, true);


--
-- Name: doctor_doctorstats_monthly_stats_id_seq; Type: SEQUENCE SET; Schema: public; Owner: postgres
--

SELECT pg_catalog.setval('public.doctor_doctorstats_monthly_stats_id_seq', 160, true);


--
-- Name: doctor_medicine_id_seq; Type: SEQUENCE SET; Schema: public; Owner: postgres
--

SELECT pg_catalog.setval('public.doctor_medicine_id_seq', 14, true);


--
-- Name: doctor_monthlystatistics_id_seq; Type: SEQUENCE SET; Schema: public; Owner: postgres
--

SELECT pg_catalog.setval('public.doctor_monthlystatistics_id_seq', 148, true);


--
-- Name: doctor_note_id_seq; Type: SEQUENCE SET; Schema: public; Owner: postgres
--

SELECT pg_catalog.setval('public.doctor_note_id_seq', 223, true);


--
-- Name: doctor_usersviewed_id_seq; Type: SEQUENCE SET; Schema: public; Owner: postgres
--

SELECT pg_catalog.setval('public.doctor_usersviewed_id_seq', 91, true);


--
-- Name: patient_icrform_doc_remarks_id_seq; Type: SEQUENCE SET; Schema: public; Owner: postgres
--

SELECT pg_catalog.setval('public.patient_icrform_doc_remarks_id_seq', 34, true);


--
-- Name: patient_icrform_docs_viewed_id_seq; Type: SEQUENCE SET; Schema: public; Owner: postgres
--

SELECT pg_catalog.setval('public.patient_icrform_docs_viewed_id_seq', 9, true);


--
-- Name: patient_icrform_id_seq; Type: SEQUENCE SET; Schema: public; Owner: postgres
--

SELECT pg_catalog.setval('public.patient_icrform_id_seq', 94, true);


--
-- Name: patient_medhistform_doc_remarks_id_seq; Type: SEQUENCE SET; Schema: public; Owner: postgres
--

SELECT pg_catalog.setval('public.patient_medhistform_doc_remarks_id_seq', 60, true);


--
-- Name: patient_medhistform_docs_viewed_id_seq; Type: SEQUENCE SET; Schema: public; Owner: postgres
--

SELECT pg_catalog.setval('public.patient_medhistform_docs_viewed_id_seq', 64, true);


--
-- Name: patient_medhistform_id_seq; Type: SEQUENCE SET; Schema: public; Owner: postgres
--

SELECT pg_catalog.setval('public.patient_medhistform_id_seq', 131, true);


--
-- Name: patient_medication_id_seq; Type: SEQUENCE SET; Schema: public; Owner: postgres
--

SELECT pg_catalog.setval('public.patient_medication_id_seq', 11, true);


--
-- Name: patient_patient_approvedScheds_id_seq; Type: SEQUENCE SET; Schema: public; Owner: postgres
--

SELECT pg_catalog.setval('public."patient_patient_approvedScheds_id_seq"', 37, true);


--
-- Name: patient_patient_finishedScheds_id_seq; Type: SEQUENCE SET; Schema: public; Owner: postgres
--

SELECT pg_catalog.setval('public."patient_patient_finishedScheds_id_seq"', 14, true);


--
-- Name: patient_patient_location_details_id_seq; Type: SEQUENCE SET; Schema: public; Owner: postgres
--

SELECT pg_catalog.setval('public.patient_patient_location_details_id_seq', 40, true);


--
-- Name: patient_patient_medical_history_id_seq; Type: SEQUENCE SET; Schema: public; Owner: postgres
--

SELECT pg_catalog.setval('public.patient_patient_medical_history_id_seq', 75, true);


--
-- Name: patient_patient_meds_id_seq; Type: SEQUENCE SET; Schema: public; Owner: postgres
--

SELECT pg_catalog.setval('public.patient_patient_meds_id_seq', 11, true);


--
-- Name: patient_patient_myDoctors_id_seq; Type: SEQUENCE SET; Schema: public; Owner: postgres
--

SELECT pg_catalog.setval('public."patient_patient_myDoctors_id_seq"', 61, true);


--
-- Name: patient_patient_new_patient_notifications_id_seq; Type: SEQUENCE SET; Schema: public; Owner: postgres
--

SELECT pg_catalog.setval('public.patient_patient_new_patient_notifications_id_seq', 952, true);


--
-- Name: patient_patient_patientNotif_id_seq; Type: SEQUENCE SET; Schema: public; Owner: postgres
--

SELECT pg_catalog.setval('public."patient_patient_patientNotif_id_seq"', 432, true);


--
-- Name: patient_patient_pendingScheds_id_seq; Type: SEQUENCE SET; Schema: public; Owner: postgres
--

SELECT pg_catalog.setval('public."patient_patient_pendingScheds_id_seq"', 108, true);


--
-- Name: patient_patient_personalRecord_id_seq; Type: SEQUENCE SET; Schema: public; Owner: postgres
--

SELECT pg_catalog.setval('public."patient_patient_personalRecord_id_seq"', 19, true);


--
-- Name: patient_patient_rejectedScheds_id_seq; Type: SEQUENCE SET; Schema: public; Owner: postgres
--

SELECT pg_catalog.setval('public."patient_patient_rejectedScheds_id_seq"', 22, true);


--
-- Name: patient_patientlocationdetails_id_seq; Type: SEQUENCE SET; Schema: public; Owner: postgres
--

SELECT pg_catalog.setval('public.patient_patientlocationdetails_id_seq', 76, true);


--
-- Name: patient_patientnotification_id_seq; Type: SEQUENCE SET; Schema: public; Owner: postgres
--

SELECT pg_catalog.setval('public.patient_patientnotification_id_seq', 436, true);


--
-- Name: patient_patientsmonthlystatistics_id_seq; Type: SEQUENCE SET; Schema: public; Owner: postgres
--

SELECT pg_catalog.setval('public.patient_patientsmonthlystatistics_id_seq', 1, true);


--
-- Name: patient_personalrecord_comment_id_seq; Type: SEQUENCE SET; Schema: public; Owner: postgres
--

SELECT pg_catalog.setval('public.patient_personalrecord_comment_id_seq', 7, true);


--
-- Name: patient_personalrecord_docs_viewed_id_seq; Type: SEQUENCE SET; Schema: public; Owner: postgres
--

SELECT pg_catalog.setval('public.patient_personalrecord_docs_viewed_id_seq', 17, true);


--
-- Name: patient_personalrecord_id_seq; Type: SEQUENCE SET; Schema: public; Owner: postgres
--

SELECT pg_catalog.setval('public.patient_personalrecord_id_seq', 19, true);


--
-- Name: patient_profileform_doc_remarks_id_seq; Type: SEQUENCE SET; Schema: public; Owner: postgres
--

SELECT pg_catalog.setval('public.patient_profileform_doc_remarks_id_seq', 44, true);


--
-- Name: patient_profileform_docs_viewed_id_seq; Type: SEQUENCE SET; Schema: public; Owner: postgres
--

SELECT pg_catalog.setval('public.patient_profileform_docs_viewed_id_seq', 8, true);


--
-- Name: patient_profileform_id_seq; Type: SEQUENCE SET; Schema: public; Owner: postgres
--

SELECT pg_catalog.setval('public.patient_profileform_id_seq', 90, true);


--
-- Name: portal_adminnotification_id_seq; Type: SEQUENCE SET; Schema: public; Owner: postgres
--

SELECT pg_catalog.setval('public.portal_adminnotification_id_seq', 1, false);


--
-- Name: auth_group auth_group_name_key; Type: CONSTRAINT; Schema: public; Owner: postgres
--

ALTER TABLE ONLY public.auth_group
    ADD CONSTRAINT auth_group_name_key UNIQUE (name);


--
-- Name: auth_group_permissions auth_group_permissions_group_id_permission_id_0cd325b0_uniq; Type: CONSTRAINT; Schema: public; Owner: postgres
--

ALTER TABLE ONLY public.auth_group_permissions
    ADD CONSTRAINT auth_group_permissions_group_id_permission_id_0cd325b0_uniq UNIQUE (group_id, permission_id);


--
-- Name: auth_group_permissions auth_group_permissions_pkey; Type: CONSTRAINT; Schema: public; Owner: postgres
--

ALTER TABLE ONLY public.auth_group_permissions
    ADD CONSTRAINT auth_group_permissions_pkey PRIMARY KEY (id);


--
-- Name: auth_group auth_group_pkey; Type: CONSTRAINT; Schema: public; Owner: postgres
--

ALTER TABLE ONLY public.auth_group
    ADD CONSTRAINT auth_group_pkey PRIMARY KEY (id);


--
-- Name: auth_permission auth_permission_content_type_id_codename_01ab375a_uniq; Type: CONSTRAINT; Schema: public; Owner: postgres
--

ALTER TABLE ONLY public.auth_permission
    ADD CONSTRAINT auth_permission_content_type_id_codename_01ab375a_uniq UNIQUE (content_type_id, codename);


--
-- Name: auth_permission auth_permission_pkey; Type: CONSTRAINT; Schema: public; Owner: postgres
--

ALTER TABLE ONLY public.auth_permission
    ADD CONSTRAINT auth_permission_pkey PRIMARY KEY (id);


--
-- Name: auth_user_groups auth_user_groups_pkey; Type: CONSTRAINT; Schema: public; Owner: postgres
--

ALTER TABLE ONLY public.auth_user_groups
    ADD CONSTRAINT auth_user_groups_pkey PRIMARY KEY (id);


--
-- Name: auth_user_groups auth_user_groups_user_id_group_id_94350c0c_uniq; Type: CONSTRAINT; Schema: public; Owner: postgres
--

ALTER TABLE ONLY public.auth_user_groups
    ADD CONSTRAINT auth_user_groups_user_id_group_id_94350c0c_uniq UNIQUE (user_id, group_id);


--
-- Name: auth_user auth_user_pkey; Type: CONSTRAINT; Schema: public; Owner: postgres
--

ALTER TABLE ONLY public.auth_user
    ADD CONSTRAINT auth_user_pkey PRIMARY KEY (id);


--
-- Name: auth_user_user_permissions auth_user_user_permissions_pkey; Type: CONSTRAINT; Schema: public; Owner: postgres
--

ALTER TABLE ONLY public.auth_user_user_permissions
    ADD CONSTRAINT auth_user_user_permissions_pkey PRIMARY KEY (id);


--
-- Name: auth_user_user_permissions auth_user_user_permissions_user_id_permission_id_14a6b632_uniq; Type: CONSTRAINT; Schema: public; Owner: postgres
--

ALTER TABLE ONLY public.auth_user_user_permissions
    ADD CONSTRAINT auth_user_user_permissions_user_id_permission_id_14a6b632_uniq UNIQUE (user_id, permission_id);


--
-- Name: auth_user auth_user_username_key; Type: CONSTRAINT; Schema: public; Owner: postgres
--

ALTER TABLE ONLY public.auth_user
    ADD CONSTRAINT auth_user_username_key UNIQUE (username);


--
-- Name: cebuMap_cebubarangays_deceased cebuMap_cebubarangays_de_cebubarangays_id_patient_6ebfbd7b_uniq; Type: CONSTRAINT; Schema: public; Owner: postgres
--

ALTER TABLE ONLY public."cebuMap_cebubarangays_deceased"
    ADD CONSTRAINT "cebuMap_cebubarangays_de_cebubarangays_id_patient_6ebfbd7b_uniq" UNIQUE (cebubarangays_id, patient_id);


--
-- Name: cebuMap_cebubarangays_deceased cebuMap_cebubarangays_deceased_pkey; Type: CONSTRAINT; Schema: public; Owner: postgres
--

ALTER TABLE ONLY public."cebuMap_cebubarangays_deceased"
    ADD CONSTRAINT "cebuMap_cebubarangays_deceased_pkey" PRIMARY KEY (id);


--
-- Name: cebuMap_cebubarangays_hiv_pop cebuMap_cebubarangays_hi_cebubarangays_id_patient_cf6594d9_uniq; Type: CONSTRAINT; Schema: public; Owner: postgres
--

ALTER TABLE ONLY public."cebuMap_cebubarangays_hiv_pop"
    ADD CONSTRAINT "cebuMap_cebubarangays_hi_cebubarangays_id_patient_cf6594d9_uniq" UNIQUE (cebubarangays_id, patient_id);


--
-- Name: cebuMap_cebubarangays_hiv_pop cebuMap_cebubarangays_hiv_pop_pkey; Type: CONSTRAINT; Schema: public; Owner: postgres
--

ALTER TABLE ONLY public."cebuMap_cebubarangays_hiv_pop"
    ADD CONSTRAINT "cebuMap_cebubarangays_hiv_pop_pkey" PRIMARY KEY (id);


--
-- Name: cebuMap_cebubarangays_migrated cebuMap_cebubarangays_mi_cebubarangays_id_patient_caebf437_uniq; Type: CONSTRAINT; Schema: public; Owner: postgres
--

ALTER TABLE ONLY public."cebuMap_cebubarangays_migrated"
    ADD CONSTRAINT "cebuMap_cebubarangays_mi_cebubarangays_id_patient_caebf437_uniq" UNIQUE (cebubarangays_id, patient_id);


--
-- Name: cebuMap_cebubarangays_migrated cebuMap_cebubarangays_migrated_pkey; Type: CONSTRAINT; Schema: public; Owner: postgres
--

ALTER TABLE ONLY public."cebuMap_cebubarangays_migrated"
    ADD CONSTRAINT "cebuMap_cebubarangays_migrated_pkey" PRIMARY KEY (id);


--
-- Name: cebuMap_cebubarangays_for_screening cebuMap_cebubarangays_no_cebubarangays_id_patient_d1fadfa2_uniq; Type: CONSTRAINT; Schema: public; Owner: postgres
--

ALTER TABLE ONLY public."cebuMap_cebubarangays_for_screening"
    ADD CONSTRAINT "cebuMap_cebubarangays_no_cebubarangays_id_patient_d1fadfa2_uniq" UNIQUE (cebubarangays_id, patient_id);


--
-- Name: cebuMap_cebubarangays_for_screening cebuMap_cebubarangays_no_hiv_pkey; Type: CONSTRAINT; Schema: public; Owner: postgres
--

ALTER TABLE ONLY public."cebuMap_cebubarangays_for_screening"
    ADD CONSTRAINT "cebuMap_cebubarangays_no_hiv_pkey" PRIMARY KEY (id);


--
-- Name: cebuMap_cebubarangays cebuMap_cebubarangays_pkey; Type: CONSTRAINT; Schema: public; Owner: postgres
--

ALTER TABLE ONLY public."cebuMap_cebubarangays"
    ADD CONSTRAINT "cebuMap_cebubarangays_pkey" PRIMARY KEY (id);


--
-- Name: cebuMap_cebubarangays_stage_0 cebuMap_cebubarangays_st_cebubarangays_id_patient_0fa086c4_uniq; Type: CONSTRAINT; Schema: public; Owner: postgres
--

ALTER TABLE ONLY public."cebuMap_cebubarangays_stage_0"
    ADD CONSTRAINT "cebuMap_cebubarangays_st_cebubarangays_id_patient_0fa086c4_uniq" UNIQUE (cebubarangays_id, patient_id);


--
-- Name: cebuMap_cebubarangays_stage_2 cebuMap_cebubarangays_st_cebubarangays_id_patient_6247f3ec_uniq; Type: CONSTRAINT; Schema: public; Owner: postgres
--

ALTER TABLE ONLY public."cebuMap_cebubarangays_stage_2"
    ADD CONSTRAINT "cebuMap_cebubarangays_st_cebubarangays_id_patient_6247f3ec_uniq" UNIQUE (cebubarangays_id, patient_id);


--
-- Name: cebuMap_cebubarangays_stage_3 cebuMap_cebubarangays_st_cebubarangays_id_patient_965731ad_uniq; Type: CONSTRAINT; Schema: public; Owner: postgres
--

ALTER TABLE ONLY public."cebuMap_cebubarangays_stage_3"
    ADD CONSTRAINT "cebuMap_cebubarangays_st_cebubarangays_id_patient_965731ad_uniq" UNIQUE (cebubarangays_id, patient_id);


--
-- Name: cebuMap_cebubarangays_stage_1 cebuMap_cebubarangays_st_cebubarangays_id_patient_ebe059ae_uniq; Type: CONSTRAINT; Schema: public; Owner: postgres
--

ALTER TABLE ONLY public."cebuMap_cebubarangays_stage_1"
    ADD CONSTRAINT "cebuMap_cebubarangays_st_cebubarangays_id_patient_ebe059ae_uniq" UNIQUE (cebubarangays_id, patient_id);


--
-- Name: cebuMap_cebubarangays_stage_0 cebuMap_cebubarangays_stage_0_pkey; Type: CONSTRAINT; Schema: public; Owner: postgres
--

ALTER TABLE ONLY public."cebuMap_cebubarangays_stage_0"
    ADD CONSTRAINT "cebuMap_cebubarangays_stage_0_pkey" PRIMARY KEY (id);


--
-- Name: cebuMap_cebubarangays_stage_1 cebuMap_cebubarangays_stage_1_pkey; Type: CONSTRAINT; Schema: public; Owner: postgres
--

ALTER TABLE ONLY public."cebuMap_cebubarangays_stage_1"
    ADD CONSTRAINT "cebuMap_cebubarangays_stage_1_pkey" PRIMARY KEY (id);


--
-- Name: cebuMap_cebubarangays_stage_2 cebuMap_cebubarangays_stage_2_pkey; Type: CONSTRAINT; Schema: public; Owner: postgres
--

ALTER TABLE ONLY public."cebuMap_cebubarangays_stage_2"
    ADD CONSTRAINT "cebuMap_cebubarangays_stage_2_pkey" PRIMARY KEY (id);


--
-- Name: cebuMap_cebubarangays_stage_3 cebuMap_cebubarangays_stage_3_pkey; Type: CONSTRAINT; Schema: public; Owner: postgres
--

ALTER TABLE ONLY public."cebuMap_cebubarangays_stage_3"
    ADD CONSTRAINT "cebuMap_cebubarangays_stage_3_pkey" PRIMARY KEY (id);


--
-- Name: cebuMap_cebumap cebuMap_cebumap_pkey1; Type: CONSTRAINT; Schema: public; Owner: postgres
--

ALTER TABLE ONLY public."cebuMap_cebumap"
    ADD CONSTRAINT "cebuMap_cebumap_pkey1" PRIMARY KEY (id);


--
-- Name: cebuMap_incidence cebuMap_incidence_pkey; Type: CONSTRAINT; Schema: public; Owner: postgres
--

ALTER TABLE ONLY public."cebuMap_incidence"
    ADD CONSTRAINT "cebuMap_incidence_pkey" PRIMARY KEY (id);


--
-- Name: django_admin_log django_admin_log_pkey; Type: CONSTRAINT; Schema: public; Owner: postgres
--

ALTER TABLE ONLY public.django_admin_log
    ADD CONSTRAINT django_admin_log_pkey PRIMARY KEY (id);


--
-- Name: django_content_type django_content_type_app_label_model_76bd3d3b_uniq; Type: CONSTRAINT; Schema: public; Owner: postgres
--

ALTER TABLE ONLY public.django_content_type
    ADD CONSTRAINT django_content_type_app_label_model_76bd3d3b_uniq UNIQUE (app_label, model);


--
-- Name: django_content_type django_content_type_pkey; Type: CONSTRAINT; Schema: public; Owner: postgres
--

ALTER TABLE ONLY public.django_content_type
    ADD CONSTRAINT django_content_type_pkey PRIMARY KEY (id);


--
-- Name: django_migrations django_migrations_pkey; Type: CONSTRAINT; Schema: public; Owner: postgres
--

ALTER TABLE ONLY public.django_migrations
    ADD CONSTRAINT django_migrations_pkey PRIMARY KEY (id);


--
-- Name: django_session django_session_pkey; Type: CONSTRAINT; Schema: public; Owner: postgres
--

ALTER TABLE ONLY public.django_session
    ADD CONSTRAINT django_session_pkey PRIMARY KEY (session_key);


--
-- Name: doctor_doctor_doctorNotifs doctor_doctor_doctorNoti_doctor_id_doctornotifica_4aabd4ae_uniq; Type: CONSTRAINT; Schema: public; Owner: postgres
--

ALTER TABLE ONLY public."doctor_doctor_doctorNotifs"
    ADD CONSTRAINT "doctor_doctor_doctorNoti_doctor_id_doctornotifica_4aabd4ae_uniq" UNIQUE (doctor_id, doctornotification_id);


--
-- Name: doctor_doctor_doctorNotifs doctor_doctor_doctorNotifs_pkey; Type: CONSTRAINT; Schema: public; Owner: postgres
--

ALTER TABLE ONLY public."doctor_doctor_doctorNotifs"
    ADD CONSTRAINT "doctor_doctor_doctorNotifs_pkey" PRIMARY KEY (id);


--
-- Name: doctor_doctor_finished_scheds doctor_doctor_finished_s_doctor_id_doctorschedule_b90c794b_uniq; Type: CONSTRAINT; Schema: public; Owner: postgres
--

ALTER TABLE ONLY public.doctor_doctor_finished_scheds
    ADD CONSTRAINT doctor_doctor_finished_s_doctor_id_doctorschedule_b90c794b_uniq UNIQUE (doctor_id, doctorschedule_id);


--
-- Name: doctor_doctor_finished_scheds doctor_doctor_finished_scheds_pkey; Type: CONSTRAINT; Schema: public; Owner: postgres
--

ALTER TABLE ONLY public.doctor_doctor_finished_scheds
    ADD CONSTRAINT doctor_doctor_finished_scheds_pkey PRIMARY KEY (id);


--
-- Name: doctor_doctor_new_notifs doctor_doctor_new_notifs_doctor_id_doctornotifica_dcbc9409_uniq; Type: CONSTRAINT; Schema: public; Owner: postgres
--

ALTER TABLE ONLY public.doctor_doctor_new_notifs
    ADD CONSTRAINT doctor_doctor_new_notifs_doctor_id_doctornotifica_dcbc9409_uniq UNIQUE (doctor_id, doctornotification_id);


--
-- Name: doctor_doctor_new_notifs doctor_doctor_new_notifs_pkey; Type: CONSTRAINT; Schema: public; Owner: postgres
--

ALTER TABLE ONLY public.doctor_doctor_new_notifs
    ADD CONSTRAINT doctor_doctor_new_notifs_pkey PRIMARY KEY (id);


--
-- Name: doctor_doctor_pending_scheds doctor_doctor_pending_sc_doctor_id_doctorschedule_d9cd6807_uniq; Type: CONSTRAINT; Schema: public; Owner: postgres
--

ALTER TABLE ONLY public.doctor_doctor_pending_scheds
    ADD CONSTRAINT doctor_doctor_pending_sc_doctor_id_doctorschedule_d9cd6807_uniq UNIQUE (doctor_id, doctorschedule_id);


--
-- Name: doctor_doctor_pending_scheds doctor_doctor_pending_scheds_pkey; Type: CONSTRAINT; Schema: public; Owner: postgres
--

ALTER TABLE ONLY public.doctor_doctor_pending_scheds
    ADD CONSTRAINT doctor_doctor_pending_scheds_pkey PRIMARY KEY (id);


--
-- Name: doctor_doctor doctor_doctor_pkey; Type: CONSTRAINT; Schema: public; Owner: postgres
--

ALTER TABLE ONLY public.doctor_doctor
    ADD CONSTRAINT doctor_doctor_pkey PRIMARY KEY (id);


--
-- Name: doctor_doctor_rejected_scheds doctor_doctor_rejected_s_doctor_id_doctorschedule_f99c2aae_uniq; Type: CONSTRAINT; Schema: public; Owner: postgres
--

ALTER TABLE ONLY public.doctor_doctor_rejected_scheds
    ADD CONSTRAINT doctor_doctor_rejected_s_doctor_id_doctorschedule_f99c2aae_uniq UNIQUE (doctor_id, doctorschedule_id);


--
-- Name: doctor_doctor_rejected_scheds doctor_doctor_rejected_scheds_pkey; Type: CONSTRAINT; Schema: public; Owner: postgres
--

ALTER TABLE ONLY public.doctor_doctor_rejected_scheds
    ADD CONSTRAINT doctor_doctor_rejected_scheds_pkey PRIMARY KEY (id);


--
-- Name: doctor_doctor_schedules doctor_doctor_schedules_doctor_id_doctorschedule_d3adfdb5_uniq; Type: CONSTRAINT; Schema: public; Owner: postgres
--

ALTER TABLE ONLY public.doctor_doctor_schedules
    ADD CONSTRAINT doctor_doctor_schedules_doctor_id_doctorschedule_d3adfdb5_uniq UNIQUE (doctor_id, doctorschedule_id);


--
-- Name: doctor_doctor_schedules doctor_doctor_schedules_pkey; Type: CONSTRAINT; Schema: public; Owner: postgres
--

ALTER TABLE ONLY public.doctor_doctor_schedules
    ADD CONSTRAINT doctor_doctor_schedules_pkey PRIMARY KEY (id);


--
-- Name: doctor_doctor doctor_doctor_weekly_stats_id_key; Type: CONSTRAINT; Schema: public; Owner: postgres
--

ALTER TABLE ONLY public.doctor_doctor
    ADD CONSTRAINT doctor_doctor_weekly_stats_id_key UNIQUE (p_handled_stats_id);


--
-- Name: doctor_doctornotification doctor_doctornotification_pkey; Type: CONSTRAINT; Schema: public; Owner: postgres
--

ALTER TABLE ONLY public.doctor_doctornotification
    ADD CONSTRAINT doctor_doctornotification_pkey PRIMARY KEY (id);


--
-- Name: doctor_doctorschedule_doc_remark doctor_doctorschedule_do_doctorschedule_id_note_i_1fdf0288_uniq; Type: CONSTRAINT; Schema: public; Owner: postgres
--

ALTER TABLE ONLY public.doctor_doctorschedule_doc_remark
    ADD CONSTRAINT doctor_doctorschedule_do_doctorschedule_id_note_i_1fdf0288_uniq UNIQUE (doctorschedule_id, remark_id);


--
-- Name: doctor_doctorschedule_users_viewed doctor_doctorschedule_do_doctorschedule_id_usersv_ac687590_uniq; Type: CONSTRAINT; Schema: public; Owner: postgres
--

ALTER TABLE ONLY public.doctor_doctorschedule_users_viewed
    ADD CONSTRAINT doctor_doctorschedule_do_doctorschedule_id_usersv_ac687590_uniq UNIQUE (doctorschedule_id, usersviewed_id);


--
-- Name: doctor_doctorschedule_doc_remark doctor_doctorschedule_doc_remark_pkey; Type: CONSTRAINT; Schema: public; Owner: postgres
--

ALTER TABLE ONLY public.doctor_doctorschedule_doc_remark
    ADD CONSTRAINT doctor_doctorschedule_doc_remark_pkey PRIMARY KEY (id);


--
-- Name: doctor_doctorschedule_users_viewed doctor_doctorschedule_doc_views_details_pkey; Type: CONSTRAINT; Schema: public; Owner: postgres
--

ALTER TABLE ONLY public.doctor_doctorschedule_users_viewed
    ADD CONSTRAINT doctor_doctorschedule_doc_views_details_pkey PRIMARY KEY (id);


--
-- Name: doctor_doctorschedule doctor_doctorschedule_pkey; Type: CONSTRAINT; Schema: public; Owner: postgres
--

ALTER TABLE ONLY public.doctor_doctorschedule
    ADD CONSTRAINT doctor_doctorschedule_pkey PRIMARY KEY (id);


--
-- Name: doctor_doctorstats_monthly_stats doctor_doctorstats_month_doctorstats_id_monthlyst_908ccdfd_uniq; Type: CONSTRAINT; Schema: public; Owner: postgres
--

ALTER TABLE ONLY public.doctor_doctorstats_monthly_stats
    ADD CONSTRAINT doctor_doctorstats_month_doctorstats_id_monthlyst_908ccdfd_uniq UNIQUE (doctorstats_id, monthlystatistics_id);


--
-- Name: doctor_doctorstats_monthly_stats doctor_doctorstats_monthly_stats_pkey; Type: CONSTRAINT; Schema: public; Owner: postgres
--

ALTER TABLE ONLY public.doctor_doctorstats_monthly_stats
    ADD CONSTRAINT doctor_doctorstats_monthly_stats_pkey PRIMARY KEY (id);


--
-- Name: doctor_doctorstats doctor_doctorstats_pkey; Type: CONSTRAINT; Schema: public; Owner: postgres
--

ALTER TABLE ONLY public.doctor_doctorstats
    ADD CONSTRAINT doctor_doctorstats_pkey PRIMARY KEY (id);


--
-- Name: doctor_medicine doctor_medicine_pkey; Type: CONSTRAINT; Schema: public; Owner: postgres
--

ALTER TABLE ONLY public.doctor_medicine
    ADD CONSTRAINT doctor_medicine_pkey PRIMARY KEY (id);


--
-- Name: doctor_monthlystatistics doctor_monthlystatistics_pkey; Type: CONSTRAINT; Schema: public; Owner: postgres
--

ALTER TABLE ONLY public.doctor_monthlystatistics
    ADD CONSTRAINT doctor_monthlystatistics_pkey PRIMARY KEY (id);


--
-- Name: doctor_remark doctor_note_pkey; Type: CONSTRAINT; Schema: public; Owner: postgres
--

ALTER TABLE ONLY public.doctor_remark
    ADD CONSTRAINT doctor_note_pkey PRIMARY KEY (id);


--
-- Name: doctor_usersviewed doctor_usersviewed_pkey; Type: CONSTRAINT; Schema: public; Owner: postgres
--

ALTER TABLE ONLY public.doctor_usersviewed
    ADD CONSTRAINT doctor_usersviewed_pkey PRIMARY KEY (id);


--
-- Name: patient_icrform_doctor_remarks patient_icrform_doc_remarks_icrform_id_comment_id_9529ff62_uniq; Type: CONSTRAINT; Schema: public; Owner: postgres
--

ALTER TABLE ONLY public.patient_icrform_doctor_remarks
    ADD CONSTRAINT patient_icrform_doc_remarks_icrform_id_comment_id_9529ff62_uniq UNIQUE (icrform_id, remark_id);


--
-- Name: patient_icrform_doctor_remarks patient_icrform_doc_remarks_pkey; Type: CONSTRAINT; Schema: public; Owner: postgres
--

ALTER TABLE ONLY public.patient_icrform_doctor_remarks
    ADD CONSTRAINT patient_icrform_doc_remarks_pkey PRIMARY KEY (id);


--
-- Name: patient_icrform_docs_viewed patient_icrform_docs_vie_icrform_id_usersviewed_i_fd4f75c7_uniq; Type: CONSTRAINT; Schema: public; Owner: postgres
--

ALTER TABLE ONLY public.patient_icrform_docs_viewed
    ADD CONSTRAINT patient_icrform_docs_vie_icrform_id_usersviewed_i_fd4f75c7_uniq UNIQUE (icrform_id, usersviewed_id);


--
-- Name: patient_icrform_docs_viewed patient_icrform_docs_viewed_pkey; Type: CONSTRAINT; Schema: public; Owner: postgres
--

ALTER TABLE ONLY public.patient_icrform_docs_viewed
    ADD CONSTRAINT patient_icrform_docs_viewed_pkey PRIMARY KEY (id);


--
-- Name: patient_icrform patient_icrform_pkey; Type: CONSTRAINT; Schema: public; Owner: postgres
--

ALTER TABLE ONLY public.patient_icrform
    ADD CONSTRAINT patient_icrform_pkey PRIMARY KEY (id);


--
-- Name: patient_medhistform_doctor_remarks patient_medhistform_doc__medhistform_id_comment_i_10de27ed_uniq; Type: CONSTRAINT; Schema: public; Owner: postgres
--

ALTER TABLE ONLY public.patient_medhistform_doctor_remarks
    ADD CONSTRAINT patient_medhistform_doc__medhistform_id_comment_i_10de27ed_uniq UNIQUE (medhistform_id, remark_id);


--
-- Name: patient_medhistform_doctor_remarks patient_medhistform_doc_remarks_pkey; Type: CONSTRAINT; Schema: public; Owner: postgres
--

ALTER TABLE ONLY public.patient_medhistform_doctor_remarks
    ADD CONSTRAINT patient_medhistform_doc_remarks_pkey PRIMARY KEY (id);


--
-- Name: patient_medhistform_docs_viewed patient_medhistform_docs_medhistform_id_usersview_07b03ec3_uniq; Type: CONSTRAINT; Schema: public; Owner: postgres
--

ALTER TABLE ONLY public.patient_medhistform_docs_viewed
    ADD CONSTRAINT patient_medhistform_docs_medhistform_id_usersview_07b03ec3_uniq UNIQUE (medhistform_id, usersviewed_id);


--
-- Name: patient_medhistform_docs_viewed patient_medhistform_docs_viewed_pkey; Type: CONSTRAINT; Schema: public; Owner: postgres
--

ALTER TABLE ONLY public.patient_medhistform_docs_viewed
    ADD CONSTRAINT patient_medhistform_docs_viewed_pkey PRIMARY KEY (id);


--
-- Name: patient_medhistform patient_medhistform_pkey; Type: CONSTRAINT; Schema: public; Owner: postgres
--

ALTER TABLE ONLY public.patient_medhistform
    ADD CONSTRAINT patient_medhistform_pkey PRIMARY KEY (id);


--
-- Name: patient_medication patient_medication_pkey; Type: CONSTRAINT; Schema: public; Owner: postgres
--

ALTER TABLE ONLY public.patient_medication
    ADD CONSTRAINT patient_medication_pkey PRIMARY KEY (id);


--
-- Name: patient_patient_approved_schedules patient_patient_approvedScheds_pkey; Type: CONSTRAINT; Schema: public; Owner: postgres
--

ALTER TABLE ONLY public.patient_patient_approved_schedules
    ADD CONSTRAINT "patient_patient_approvedScheds_pkey" PRIMARY KEY (id);


--
-- Name: patient_patient_approved_schedules patient_patient_approved_patient_id_doctorschedul_0d51c825_uniq; Type: CONSTRAINT; Schema: public; Owner: postgres
--

ALTER TABLE ONLY public.patient_patient_approved_schedules
    ADD CONSTRAINT patient_patient_approved_patient_id_doctorschedul_0d51c825_uniq UNIQUE (patient_id, doctorschedule_id);


--
-- Name: patient_patient_finished_schedules patient_patient_finishedScheds_pkey; Type: CONSTRAINT; Schema: public; Owner: postgres
--

ALTER TABLE ONLY public.patient_patient_finished_schedules
    ADD CONSTRAINT "patient_patient_finishedScheds_pkey" PRIMARY KEY (id);


--
-- Name: patient_patient_finished_schedules patient_patient_finished_patient_id_doctorschedul_7486cc01_uniq; Type: CONSTRAINT; Schema: public; Owner: postgres
--

ALTER TABLE ONLY public.patient_patient_finished_schedules
    ADD CONSTRAINT patient_patient_finished_patient_id_doctorschedul_7486cc01_uniq UNIQUE (patient_id, doctorschedule_id);


--
-- Name: patient_patient_location_details patient_patient_location_details_pkey; Type: CONSTRAINT; Schema: public; Owner: postgres
--

ALTER TABLE ONLY public.patient_patient_location_details
    ADD CONSTRAINT patient_patient_location_details_pkey PRIMARY KEY (id);


--
-- Name: patient_patient_location_details patient_patient_location_patient_id_patientlocati_57a8bbd8_uniq; Type: CONSTRAINT; Schema: public; Owner: postgres
--

ALTER TABLE ONLY public.patient_patient_location_details
    ADD CONSTRAINT patient_patient_location_patient_id_patientlocati_57a8bbd8_uniq UNIQUE (patient_id, patientlocationdetails_id);


--
-- Name: patient_patient_medical_history patient_patient_medical__patient_id_medhistform_i_c31eb5be_uniq; Type: CONSTRAINT; Schema: public; Owner: postgres
--

ALTER TABLE ONLY public.patient_patient_medical_history
    ADD CONSTRAINT patient_patient_medical__patient_id_medhistform_i_c31eb5be_uniq UNIQUE (patient_id, medhistform_id);


--
-- Name: patient_patient_medical_history patient_patient_medical_history_pkey; Type: CONSTRAINT; Schema: public; Owner: postgres
--

ALTER TABLE ONLY public.patient_patient_medical_history
    ADD CONSTRAINT patient_patient_medical_history_pkey PRIMARY KEY (id);


--
-- Name: patient_patient_meds patient_patient_meds_patient_id_medication_id_b51b22bf_uniq; Type: CONSTRAINT; Schema: public; Owner: postgres
--

ALTER TABLE ONLY public.patient_patient_meds
    ADD CONSTRAINT patient_patient_meds_patient_id_medication_id_b51b22bf_uniq UNIQUE (patient_id, medication_id);


--
-- Name: patient_patient_meds patient_patient_meds_pkey; Type: CONSTRAINT; Schema: public; Owner: postgres
--

ALTER TABLE ONLY public.patient_patient_meds
    ADD CONSTRAINT patient_patient_meds_pkey PRIMARY KEY (id);


--
-- Name: patient_patient_my_doctors patient_patient_myDoctors_patient_id_doctor_id_7b3d880a_uniq; Type: CONSTRAINT; Schema: public; Owner: postgres
--

ALTER TABLE ONLY public.patient_patient_my_doctors
    ADD CONSTRAINT "patient_patient_myDoctors_patient_id_doctor_id_7b3d880a_uniq" UNIQUE (patient_id, doctor_id);


--
-- Name: patient_patient_my_doctors patient_patient_myDoctors_pkey; Type: CONSTRAINT; Schema: public; Owner: postgres
--

ALTER TABLE ONLY public.patient_patient_my_doctors
    ADD CONSTRAINT "patient_patient_myDoctors_pkey" PRIMARY KEY (id);


--
-- Name: patient_patient_patient_new_notifications patient_patient_new_pati_patient_id_patientnotifi_ae3a5c17_uniq; Type: CONSTRAINT; Schema: public; Owner: postgres
--

ALTER TABLE ONLY public.patient_patient_patient_new_notifications
    ADD CONSTRAINT patient_patient_new_pati_patient_id_patientnotifi_ae3a5c17_uniq UNIQUE (patient_id, patientnotification_id);


--
-- Name: patient_patient_patient_new_notifications patient_patient_new_patient_notifications_pkey; Type: CONSTRAINT; Schema: public; Owner: postgres
--

ALTER TABLE ONLY public.patient_patient_patient_new_notifications
    ADD CONSTRAINT patient_patient_new_patient_notifications_pkey PRIMARY KEY (id);


--
-- Name: patient_patient_patient_notifications patient_patient_patientN_patient_id_patientnotifi_4d5e2983_uniq; Type: CONSTRAINT; Schema: public; Owner: postgres
--

ALTER TABLE ONLY public.patient_patient_patient_notifications
    ADD CONSTRAINT "patient_patient_patientN_patient_id_patientnotifi_4d5e2983_uniq" UNIQUE (patient_id, patientnotification_id);


--
-- Name: patient_patient_patient_notifications patient_patient_patientNotif_pkey; Type: CONSTRAINT; Schema: public; Owner: postgres
--

ALTER TABLE ONLY public.patient_patient_patient_notifications
    ADD CONSTRAINT "patient_patient_patientNotif_pkey" PRIMARY KEY (id);


--
-- Name: patient_patient_pending_schedules patient_patient_pendingS_patient_id_doctorschedul_195ccbe8_uniq; Type: CONSTRAINT; Schema: public; Owner: postgres
--

ALTER TABLE ONLY public.patient_patient_pending_schedules
    ADD CONSTRAINT "patient_patient_pendingS_patient_id_doctorschedul_195ccbe8_uniq" UNIQUE (patient_id, doctorschedule_id);


--
-- Name: patient_patient_pending_schedules patient_patient_pendingScheds_pkey; Type: CONSTRAINT; Schema: public; Owner: postgres
--

ALTER TABLE ONLY public.patient_patient_pending_schedules
    ADD CONSTRAINT "patient_patient_pendingScheds_pkey" PRIMARY KEY (id);


--
-- Name: patient_patient_personal_records patient_patient_personalRecord_pkey; Type: CONSTRAINT; Schema: public; Owner: postgres
--

ALTER TABLE ONLY public.patient_patient_personal_records
    ADD CONSTRAINT "patient_patient_personalRecord_pkey" PRIMARY KEY (id);


--
-- Name: patient_patient_personal_records patient_patient_personal_patient_id_personalrecor_3f2eddfc_uniq; Type: CONSTRAINT; Schema: public; Owner: postgres
--

ALTER TABLE ONLY public.patient_patient_personal_records
    ADD CONSTRAINT patient_patient_personal_patient_id_personalrecor_3f2eddfc_uniq UNIQUE (patient_id, personalrecord_id);


--
-- Name: patient_patient patient_patient_pkey; Type: CONSTRAINT; Schema: public; Owner: postgres
--

ALTER TABLE ONLY public.patient_patient
    ADD CONSTRAINT patient_patient_pkey PRIMARY KEY (icr_id);


--
-- Name: patient_patient patient_patient_profile_id_key; Type: CONSTRAINT; Schema: public; Owner: postgres
--

ALTER TABLE ONLY public.patient_patient
    ADD CONSTRAINT patient_patient_profile_id_key UNIQUE (profile_id);


--
-- Name: patient_patient_rejected_schedules patient_patient_rejectedScheds_pkey; Type: CONSTRAINT; Schema: public; Owner: postgres
--

ALTER TABLE ONLY public.patient_patient_rejected_schedules
    ADD CONSTRAINT "patient_patient_rejectedScheds_pkey" PRIMARY KEY (id);


--
-- Name: patient_patient_rejected_schedules patient_patient_rejected_patient_id_doctorschedul_8f9bd58f_uniq; Type: CONSTRAINT; Schema: public; Owner: postgres
--

ALTER TABLE ONLY public.patient_patient_rejected_schedules
    ADD CONSTRAINT patient_patient_rejected_patient_id_doctorschedul_8f9bd58f_uniq UNIQUE (patient_id, doctorschedule_id);


--
-- Name: patient_patientlocationdetails patient_patientlocationdetails_pkey; Type: CONSTRAINT; Schema: public; Owner: postgres
--

ALTER TABLE ONLY public.patient_patientlocationdetails
    ADD CONSTRAINT patient_patientlocationdetails_pkey PRIMARY KEY (id);


--
-- Name: patient_patientnotification patient_patientnotification_pkey; Type: CONSTRAINT; Schema: public; Owner: postgres
--

ALTER TABLE ONLY public.patient_patientnotification
    ADD CONSTRAINT patient_patientnotification_pkey PRIMARY KEY (id);


--
-- Name: patient_patientsmonthlystatistics patient_patientsmonthlystatistics_pkey; Type: CONSTRAINT; Schema: public; Owner: postgres
--

ALTER TABLE ONLY public.patient_patientsmonthlystatistics
    ADD CONSTRAINT patient_patientsmonthlystatistics_pkey PRIMARY KEY (id);


--
-- Name: patient_personalrecord_comment patient_personalrecord_c_personalrecord_id_commen_7452e830_uniq; Type: CONSTRAINT; Schema: public; Owner: postgres
--

ALTER TABLE ONLY public.patient_personalrecord_comment
    ADD CONSTRAINT patient_personalrecord_c_personalrecord_id_commen_7452e830_uniq UNIQUE (personalrecord_id, remark_id);


--
-- Name: patient_personalrecord_comment patient_personalrecord_comment_pkey; Type: CONSTRAINT; Schema: public; Owner: postgres
--

ALTER TABLE ONLY public.patient_personalrecord_comment
    ADD CONSTRAINT patient_personalrecord_comment_pkey PRIMARY KEY (id);


--
-- Name: patient_personalrecord_docs_viewed patient_personalrecord_d_personalrecord_id_usersv_c376ec35_uniq; Type: CONSTRAINT; Schema: public; Owner: postgres
--

ALTER TABLE ONLY public.patient_personalrecord_docs_viewed
    ADD CONSTRAINT patient_personalrecord_d_personalrecord_id_usersv_c376ec35_uniq UNIQUE (personalrecord_id, usersviewed_id);


--
-- Name: patient_personalrecord_docs_viewed patient_personalrecord_docs_viewed_pkey; Type: CONSTRAINT; Schema: public; Owner: postgres
--

ALTER TABLE ONLY public.patient_personalrecord_docs_viewed
    ADD CONSTRAINT patient_personalrecord_docs_viewed_pkey PRIMARY KEY (id);


--
-- Name: patient_personalrecord patient_personalrecord_pkey; Type: CONSTRAINT; Schema: public; Owner: postgres
--

ALTER TABLE ONLY public.patient_personalrecord
    ADD CONSTRAINT patient_personalrecord_pkey PRIMARY KEY (id);


--
-- Name: patient_profileform_doctor_remarks patient_profileform_doc__profileform_id_comment_i_af395918_uniq; Type: CONSTRAINT; Schema: public; Owner: postgres
--

ALTER TABLE ONLY public.patient_profileform_doctor_remarks
    ADD CONSTRAINT patient_profileform_doc__profileform_id_comment_i_af395918_uniq UNIQUE (profileform_id, remark_id);


--
-- Name: patient_profileform_doctor_remarks patient_profileform_doc_remarks_pkey; Type: CONSTRAINT; Schema: public; Owner: postgres
--

ALTER TABLE ONLY public.patient_profileform_doctor_remarks
    ADD CONSTRAINT patient_profileform_doc_remarks_pkey PRIMARY KEY (id);


--
-- Name: patient_profileform_docs_viewed patient_profileform_docs_profileform_id_usersview_9accc661_uniq; Type: CONSTRAINT; Schema: public; Owner: postgres
--

ALTER TABLE ONLY public.patient_profileform_docs_viewed
    ADD CONSTRAINT patient_profileform_docs_profileform_id_usersview_9accc661_uniq UNIQUE (profileform_id, usersviewed_id);


--
-- Name: patient_profileform_docs_viewed patient_profileform_docs_viewed_pkey; Type: CONSTRAINT; Schema: public; Owner: postgres
--

ALTER TABLE ONLY public.patient_profileform_docs_viewed
    ADD CONSTRAINT patient_profileform_docs_viewed_pkey PRIMARY KEY (id);


--
-- Name: patient_profileform patient_profileform_pkey; Type: CONSTRAINT; Schema: public; Owner: postgres
--

ALTER TABLE ONLY public.patient_profileform
    ADD CONSTRAINT patient_profileform_pkey PRIMARY KEY (id);


--
-- Name: portal_adminnotification portal_adminnotification_pkey; Type: CONSTRAINT; Schema: public; Owner: postgres
--

ALTER TABLE ONLY public.portal_adminnotification
    ADD CONSTRAINT portal_adminnotification_pkey PRIMARY KEY (id);


--
-- Name: auth_group_name_a6ea08ec_like; Type: INDEX; Schema: public; Owner: postgres
--

CREATE INDEX auth_group_name_a6ea08ec_like ON public.auth_group USING btree (name varchar_pattern_ops);


--
-- Name: auth_group_permissions_group_id_b120cbf9; Type: INDEX; Schema: public; Owner: postgres
--

CREATE INDEX auth_group_permissions_group_id_b120cbf9 ON public.auth_group_permissions USING btree (group_id);


--
-- Name: auth_group_permissions_permission_id_84c5c92e; Type: INDEX; Schema: public; Owner: postgres
--

CREATE INDEX auth_group_permissions_permission_id_84c5c92e ON public.auth_group_permissions USING btree (permission_id);


--
-- Name: auth_permission_content_type_id_2f476e4b; Type: INDEX; Schema: public; Owner: postgres
--

CREATE INDEX auth_permission_content_type_id_2f476e4b ON public.auth_permission USING btree (content_type_id);


--
-- Name: auth_user_groups_group_id_97559544; Type: INDEX; Schema: public; Owner: postgres
--

CREATE INDEX auth_user_groups_group_id_97559544 ON public.auth_user_groups USING btree (group_id);


--
-- Name: auth_user_groups_user_id_6a12ed8b; Type: INDEX; Schema: public; Owner: postgres
--

CREATE INDEX auth_user_groups_user_id_6a12ed8b ON public.auth_user_groups USING btree (user_id);


--
-- Name: auth_user_user_permissions_permission_id_1fbb5f2c; Type: INDEX; Schema: public; Owner: postgres
--

CREATE INDEX auth_user_user_permissions_permission_id_1fbb5f2c ON public.auth_user_user_permissions USING btree (permission_id);


--
-- Name: auth_user_user_permissions_user_id_a95ead1b; Type: INDEX; Schema: public; Owner: postgres
--

CREATE INDEX auth_user_user_permissions_user_id_a95ead1b ON public.auth_user_user_permissions USING btree (user_id);


--
-- Name: auth_user_username_6821ab7c_like; Type: INDEX; Schema: public; Owner: postgres
--

CREATE INDEX auth_user_username_6821ab7c_like ON public.auth_user USING btree (username varchar_pattern_ops);


--
-- Name: cebuMap_cebubarangays_deceased_cebubarangays_id_6c41d17b; Type: INDEX; Schema: public; Owner: postgres
--

CREATE INDEX "cebuMap_cebubarangays_deceased_cebubarangays_id_6c41d17b" ON public."cebuMap_cebubarangays_deceased" USING btree (cebubarangays_id);


--
-- Name: cebuMap_cebubarangays_deceased_patient_id_39e2ce3c; Type: INDEX; Schema: public; Owner: postgres
--

CREATE INDEX "cebuMap_cebubarangays_deceased_patient_id_39e2ce3c" ON public."cebuMap_cebubarangays_deceased" USING btree (patient_id);


--
-- Name: cebuMap_cebubarangays_geom_id; Type: INDEX; Schema: public; Owner: postgres
--

CREATE INDEX "cebuMap_cebubarangays_geom_id" ON public."cebuMap_cebubarangays" USING gist (geom);


--
-- Name: cebuMap_cebubarangays_hiv_pop_cebubarangays_id_5aad2c08; Type: INDEX; Schema: public; Owner: postgres
--

CREATE INDEX "cebuMap_cebubarangays_hiv_pop_cebubarangays_id_5aad2c08" ON public."cebuMap_cebubarangays_hiv_pop" USING btree (cebubarangays_id);


--
-- Name: cebuMap_cebubarangays_hiv_pop_patient_id_6a8a4739; Type: INDEX; Schema: public; Owner: postgres
--

CREATE INDEX "cebuMap_cebubarangays_hiv_pop_patient_id_6a8a4739" ON public."cebuMap_cebubarangays_hiv_pop" USING btree (patient_id);


--
-- Name: cebuMap_cebubarangays_migrated_cebubarangays_id_fc7d6e87; Type: INDEX; Schema: public; Owner: postgres
--

CREATE INDEX "cebuMap_cebubarangays_migrated_cebubarangays_id_fc7d6e87" ON public."cebuMap_cebubarangays_migrated" USING btree (cebubarangays_id);


--
-- Name: cebuMap_cebubarangays_migrated_patient_id_6855413c; Type: INDEX; Schema: public; Owner: postgres
--

CREATE INDEX "cebuMap_cebubarangays_migrated_patient_id_6855413c" ON public."cebuMap_cebubarangays_migrated" USING btree (patient_id);


--
-- Name: cebuMap_cebubarangays_no_hiv_cebubarangays_id_d91618c9; Type: INDEX; Schema: public; Owner: postgres
--

CREATE INDEX "cebuMap_cebubarangays_no_hiv_cebubarangays_id_d91618c9" ON public."cebuMap_cebubarangays_for_screening" USING btree (cebubarangays_id);


--
-- Name: cebuMap_cebubarangays_no_hiv_patient_id_148aea79; Type: INDEX; Schema: public; Owner: postgres
--

CREATE INDEX "cebuMap_cebubarangays_no_hiv_patient_id_148aea79" ON public."cebuMap_cebubarangays_for_screening" USING btree (patient_id);


--
-- Name: cebuMap_cebubarangays_stage_0_cebubarangays_id_4631fb92; Type: INDEX; Schema: public; Owner: postgres
--

CREATE INDEX "cebuMap_cebubarangays_stage_0_cebubarangays_id_4631fb92" ON public."cebuMap_cebubarangays_stage_0" USING btree (cebubarangays_id);


--
-- Name: cebuMap_cebubarangays_stage_0_patient_id_082728e3; Type: INDEX; Schema: public; Owner: postgres
--

CREATE INDEX "cebuMap_cebubarangays_stage_0_patient_id_082728e3" ON public."cebuMap_cebubarangays_stage_0" USING btree (patient_id);


--
-- Name: cebuMap_cebubarangays_stage_1_cebubarangays_id_1467517c; Type: INDEX; Schema: public; Owner: postgres
--

CREATE INDEX "cebuMap_cebubarangays_stage_1_cebubarangays_id_1467517c" ON public."cebuMap_cebubarangays_stage_1" USING btree (cebubarangays_id);


--
-- Name: cebuMap_cebubarangays_stage_1_patient_id_37ee7a3d; Type: INDEX; Schema: public; Owner: postgres
--

CREATE INDEX "cebuMap_cebubarangays_stage_1_patient_id_37ee7a3d" ON public."cebuMap_cebubarangays_stage_1" USING btree (patient_id);


--
-- Name: cebuMap_cebubarangays_stage_2_cebubarangays_id_ec506841; Type: INDEX; Schema: public; Owner: postgres
--

CREATE INDEX "cebuMap_cebubarangays_stage_2_cebubarangays_id_ec506841" ON public."cebuMap_cebubarangays_stage_2" USING btree (cebubarangays_id);


--
-- Name: cebuMap_cebubarangays_stage_2_patient_id_cb0cbb0b; Type: INDEX; Schema: public; Owner: postgres
--

CREATE INDEX "cebuMap_cebubarangays_stage_2_patient_id_cb0cbb0b" ON public."cebuMap_cebubarangays_stage_2" USING btree (patient_id);


--
-- Name: cebuMap_cebubarangays_stage_3_cebubarangays_id_c0e46738; Type: INDEX; Schema: public; Owner: postgres
--

CREATE INDEX "cebuMap_cebubarangays_stage_3_cebubarangays_id_c0e46738" ON public."cebuMap_cebubarangays_stage_3" USING btree (cebubarangays_id);


--
-- Name: cebuMap_cebubarangays_stage_3_patient_id_086f6297; Type: INDEX; Schema: public; Owner: postgres
--

CREATE INDEX "cebuMap_cebubarangays_stage_3_patient_id_086f6297" ON public."cebuMap_cebubarangays_stage_3" USING btree (patient_id);


--
-- Name: cebuMap_cebumap_location_id; Type: INDEX; Schema: public; Owner: postgres
--

CREATE INDEX "cebuMap_cebumap_location_id" ON public."cebuMap_cebumap" USING gist (location);


--
-- Name: cebuMap_incidence_location_id; Type: INDEX; Schema: public; Owner: postgres
--

CREATE INDEX "cebuMap_incidence_location_id" ON public."cebuMap_incidence" USING gist (location);


--
-- Name: django_admin_log_content_type_id_c4bce8eb; Type: INDEX; Schema: public; Owner: postgres
--

CREATE INDEX django_admin_log_content_type_id_c4bce8eb ON public.django_admin_log USING btree (content_type_id);


--
-- Name: django_admin_log_user_id_c564eba6; Type: INDEX; Schema: public; Owner: postgres
--

CREATE INDEX django_admin_log_user_id_c564eba6 ON public.django_admin_log USING btree (user_id);


--
-- Name: django_session_expire_date_a5c62663; Type: INDEX; Schema: public; Owner: postgres
--

CREATE INDEX django_session_expire_date_a5c62663 ON public.django_session USING btree (expire_date);


--
-- Name: django_session_session_key_c0390e0f_like; Type: INDEX; Schema: public; Owner: postgres
--

CREATE INDEX django_session_session_key_c0390e0f_like ON public.django_session USING btree (session_key varchar_pattern_ops);


--
-- Name: doctor_doctor_doctorNotifs_doctor_id_6ba348a3; Type: INDEX; Schema: public; Owner: postgres
--

CREATE INDEX "doctor_doctor_doctorNotifs_doctor_id_6ba348a3" ON public."doctor_doctor_doctorNotifs" USING btree (doctor_id);


--
-- Name: doctor_doctor_doctorNotifs_doctornotification_id_f4f12d22; Type: INDEX; Schema: public; Owner: postgres
--

CREATE INDEX "doctor_doctor_doctorNotifs_doctornotification_id_f4f12d22" ON public."doctor_doctor_doctorNotifs" USING btree (doctornotification_id);


--
-- Name: doctor_doctor_finished_scheds_doctor_id_eb632f57; Type: INDEX; Schema: public; Owner: postgres
--

CREATE INDEX doctor_doctor_finished_scheds_doctor_id_eb632f57 ON public.doctor_doctor_finished_scheds USING btree (doctor_id);


--
-- Name: doctor_doctor_finished_scheds_doctorschedule_id_9b55f20b; Type: INDEX; Schema: public; Owner: postgres
--

CREATE INDEX doctor_doctor_finished_scheds_doctorschedule_id_9b55f20b ON public.doctor_doctor_finished_scheds USING btree (doctorschedule_id);


--
-- Name: doctor_doctor_new_notifs_doctor_id_b8c08f74; Type: INDEX; Schema: public; Owner: postgres
--

CREATE INDEX doctor_doctor_new_notifs_doctor_id_b8c08f74 ON public.doctor_doctor_new_notifs USING btree (doctor_id);


--
-- Name: doctor_doctor_new_notifs_doctornotification_id_33d72358; Type: INDEX; Schema: public; Owner: postgres
--

CREATE INDEX doctor_doctor_new_notifs_doctornotification_id_33d72358 ON public.doctor_doctor_new_notifs USING btree (doctornotification_id);


--
-- Name: doctor_doctor_pending_scheds_doctor_id_a2ff7d64; Type: INDEX; Schema: public; Owner: postgres
--

CREATE INDEX doctor_doctor_pending_scheds_doctor_id_a2ff7d64 ON public.doctor_doctor_pending_scheds USING btree (doctor_id);


--
-- Name: doctor_doctor_pending_scheds_doctorschedule_id_0234c1cc; Type: INDEX; Schema: public; Owner: postgres
--

CREATE INDEX doctor_doctor_pending_scheds_doctorschedule_id_0234c1cc ON public.doctor_doctor_pending_scheds USING btree (doctorschedule_id);


--
-- Name: doctor_doctor_rejected_scheds_doctor_id_c647f336; Type: INDEX; Schema: public; Owner: postgres
--

CREATE INDEX doctor_doctor_rejected_scheds_doctor_id_c647f336 ON public.doctor_doctor_rejected_scheds USING btree (doctor_id);


--
-- Name: doctor_doctor_rejected_scheds_doctorschedule_id_7da8f6ef; Type: INDEX; Schema: public; Owner: postgres
--

CREATE INDEX doctor_doctor_rejected_scheds_doctorschedule_id_7da8f6ef ON public.doctor_doctor_rejected_scheds USING btree (doctorschedule_id);


--
-- Name: doctor_doctor_schedules_doctor_id_a1f225ee; Type: INDEX; Schema: public; Owner: postgres
--

CREATE INDEX doctor_doctor_schedules_doctor_id_a1f225ee ON public.doctor_doctor_schedules USING btree (doctor_id);


--
-- Name: doctor_doctor_schedules_doctorschedule_id_bfe582ab; Type: INDEX; Schema: public; Owner: postgres
--

CREATE INDEX doctor_doctor_schedules_doctorschedule_id_bfe582ab ON public.doctor_doctor_schedules USING btree (doctorschedule_id);


--
-- Name: doctor_doctor_slug_7289a166; Type: INDEX; Schema: public; Owner: postgres
--

CREATE INDEX doctor_doctor_slug_7289a166 ON public.doctor_doctor USING btree (slug);


--
-- Name: doctor_doctor_slug_7289a166_like; Type: INDEX; Schema: public; Owner: postgres
--

CREATE INDEX doctor_doctor_slug_7289a166_like ON public.doctor_doctor USING btree (slug varchar_pattern_ops);


--
-- Name: doctor_doctorschedule_doc__doctorschedule_id_29da9469; Type: INDEX; Schema: public; Owner: postgres
--

CREATE INDEX doctor_doctorschedule_doc__doctorschedule_id_29da9469 ON public.doctor_doctorschedule_users_viewed USING btree (doctorschedule_id);


--
-- Name: doctor_doctorschedule_doc_remark_doctorschedule_id_262fab1d; Type: INDEX; Schema: public; Owner: postgres
--

CREATE INDEX doctor_doctorschedule_doc_remark_doctorschedule_id_262fab1d ON public.doctor_doctorschedule_doc_remark USING btree (doctorschedule_id);


--
-- Name: doctor_doctorschedule_doc_remark_note_id_c8ae6e6a; Type: INDEX; Schema: public; Owner: postgres
--

CREATE INDEX doctor_doctorschedule_doc_remark_note_id_c8ae6e6a ON public.doctor_doctorschedule_doc_remark USING btree (remark_id);


--
-- Name: doctor_doctorschedule_doc_views_details_usersviewed_id_5402743f; Type: INDEX; Schema: public; Owner: postgres
--

CREATE INDEX doctor_doctorschedule_doc_views_details_usersviewed_id_5402743f ON public.doctor_doctorschedule_users_viewed USING btree (usersviewed_id);


--
-- Name: doctor_doctorstats_monthly_stats_doctorstats_id_a1ea8317; Type: INDEX; Schema: public; Owner: postgres
--

CREATE INDEX doctor_doctorstats_monthly_stats_doctorstats_id_a1ea8317 ON public.doctor_doctorstats_monthly_stats USING btree (doctorstats_id);


--
-- Name: doctor_doctorstats_monthly_stats_monthlystatistics_id_f96d55e9; Type: INDEX; Schema: public; Owner: postgres
--

CREATE INDEX doctor_doctorstats_monthly_stats_monthlystatistics_id_f96d55e9 ON public.doctor_doctorstats_monthly_stats USING btree (monthlystatistics_id);


--
-- Name: patient_icrform_doc_remarks_comment_id_7c9769b2; Type: INDEX; Schema: public; Owner: postgres
--

CREATE INDEX patient_icrform_doc_remarks_comment_id_7c9769b2 ON public.patient_icrform_doctor_remarks USING btree (remark_id);


--
-- Name: patient_icrform_doc_remarks_icrform_id_9651116f; Type: INDEX; Schema: public; Owner: postgres
--

CREATE INDEX patient_icrform_doc_remarks_icrform_id_9651116f ON public.patient_icrform_doctor_remarks USING btree (icrform_id);


--
-- Name: patient_icrform_docs_viewed_icrform_id_bc5c4eb2; Type: INDEX; Schema: public; Owner: postgres
--

CREATE INDEX patient_icrform_docs_viewed_icrform_id_bc5c4eb2 ON public.patient_icrform_docs_viewed USING btree (icrform_id);


--
-- Name: patient_icrform_docs_viewed_usersviewed_id_449c9a1e; Type: INDEX; Schema: public; Owner: postgres
--

CREATE INDEX patient_icrform_docs_viewed_usersviewed_id_449c9a1e ON public.patient_icrform_docs_viewed USING btree (usersviewed_id);


--
-- Name: patient_medhistform_doc_remarks_comment_id_8cbe0197; Type: INDEX; Schema: public; Owner: postgres
--

CREATE INDEX patient_medhistform_doc_remarks_comment_id_8cbe0197 ON public.patient_medhistform_doctor_remarks USING btree (remark_id);


--
-- Name: patient_medhistform_doc_remarks_medhistform_id_5eeb339b; Type: INDEX; Schema: public; Owner: postgres
--

CREATE INDEX patient_medhistform_doc_remarks_medhistform_id_5eeb339b ON public.patient_medhistform_doctor_remarks USING btree (medhistform_id);


--
-- Name: patient_medhistform_docs_viewed_medhistform_id_1b3ed826; Type: INDEX; Schema: public; Owner: postgres
--

CREATE INDEX patient_medhistform_docs_viewed_medhistform_id_1b3ed826 ON public.patient_medhistform_docs_viewed USING btree (medhistform_id);


--
-- Name: patient_medhistform_docs_viewed_usersviewed_id_a03d8d0b; Type: INDEX; Schema: public; Owner: postgres
--

CREATE INDEX patient_medhistform_docs_viewed_usersviewed_id_a03d8d0b ON public.patient_medhistform_docs_viewed USING btree (usersviewed_id);


--
-- Name: patient_patient_approvedScheds_doctorschedule_id_2a685fae; Type: INDEX; Schema: public; Owner: postgres
--

CREATE INDEX "patient_patient_approvedScheds_doctorschedule_id_2a685fae" ON public.patient_patient_approved_schedules USING btree (doctorschedule_id);


--
-- Name: patient_patient_approvedScheds_patient_id_ffd99c84; Type: INDEX; Schema: public; Owner: postgres
--

CREATE INDEX "patient_patient_approvedScheds_patient_id_ffd99c84" ON public.patient_patient_approved_schedules USING btree (patient_id);


--
-- Name: patient_patient_finishedScheds_doctorschedule_id_226d4fad; Type: INDEX; Schema: public; Owner: postgres
--

CREATE INDEX "patient_patient_finishedScheds_doctorschedule_id_226d4fad" ON public.patient_patient_finished_schedules USING btree (doctorschedule_id);


--
-- Name: patient_patient_finishedScheds_patient_id_78583ebc; Type: INDEX; Schema: public; Owner: postgres
--

CREATE INDEX "patient_patient_finishedScheds_patient_id_78583ebc" ON public.patient_patient_finished_schedules USING btree (patient_id);


--
-- Name: patient_patient_location_d_patientlocationdetails_id_b8b64cb2; Type: INDEX; Schema: public; Owner: postgres
--

CREATE INDEX patient_patient_location_d_patientlocationdetails_id_b8b64cb2 ON public.patient_patient_location_details USING btree (patientlocationdetails_id);


--
-- Name: patient_patient_location_details_patient_id_e3cb8e8e; Type: INDEX; Schema: public; Owner: postgres
--

CREATE INDEX patient_patient_location_details_patient_id_e3cb8e8e ON public.patient_patient_location_details USING btree (patient_id);


--
-- Name: patient_patient_medical_history_medhistform_id_8afe2e17; Type: INDEX; Schema: public; Owner: postgres
--

CREATE INDEX patient_patient_medical_history_medhistform_id_8afe2e17 ON public.patient_patient_medical_history USING btree (medhistform_id);


--
-- Name: patient_patient_medical_history_patient_id_8f563ff3; Type: INDEX; Schema: public; Owner: postgres
--

CREATE INDEX patient_patient_medical_history_patient_id_8f563ff3 ON public.patient_patient_medical_history USING btree (patient_id);


--
-- Name: patient_patient_meds_medication_id_0f4fb49a; Type: INDEX; Schema: public; Owner: postgres
--

CREATE INDEX patient_patient_meds_medication_id_0f4fb49a ON public.patient_patient_meds USING btree (medication_id);


--
-- Name: patient_patient_meds_patient_id_f63de01f; Type: INDEX; Schema: public; Owner: postgres
--

CREATE INDEX patient_patient_meds_patient_id_f63de01f ON public.patient_patient_meds USING btree (patient_id);


--
-- Name: patient_patient_myDoctors_doctor_id_510aef53; Type: INDEX; Schema: public; Owner: postgres
--

CREATE INDEX "patient_patient_myDoctors_doctor_id_510aef53" ON public.patient_patient_my_doctors USING btree (doctor_id);


--
-- Name: patient_patient_myDoctors_patient_id_3ee97e2d; Type: INDEX; Schema: public; Owner: postgres
--

CREATE INDEX "patient_patient_myDoctors_patient_id_3ee97e2d" ON public.patient_patient_my_doctors USING btree (patient_id);


--
-- Name: patient_patient_new_patien_patientnotification_id_9d78158c; Type: INDEX; Schema: public; Owner: postgres
--

CREATE INDEX patient_patient_new_patien_patientnotification_id_9d78158c ON public.patient_patient_patient_new_notifications USING btree (patientnotification_id);


--
-- Name: patient_patient_new_patient_notifications_patient_id_1f9c0e8e; Type: INDEX; Schema: public; Owner: postgres
--

CREATE INDEX patient_patient_new_patient_notifications_patient_id_1f9c0e8e ON public.patient_patient_patient_new_notifications USING btree (patient_id);


--
-- Name: patient_patient_patientNotif_patient_id_b48eb1f5; Type: INDEX; Schema: public; Owner: postgres
--

CREATE INDEX "patient_patient_patientNotif_patient_id_b48eb1f5" ON public.patient_patient_patient_notifications USING btree (patient_id);


--
-- Name: patient_patient_patientNotif_patientnotification_id_9d1276ca; Type: INDEX; Schema: public; Owner: postgres
--

CREATE INDEX "patient_patient_patientNotif_patientnotification_id_9d1276ca" ON public.patient_patient_patient_notifications USING btree (patientnotification_id);


--
-- Name: patient_patient_pendingScheds_doctorschedule_id_58dd819a; Type: INDEX; Schema: public; Owner: postgres
--

CREATE INDEX "patient_patient_pendingScheds_doctorschedule_id_58dd819a" ON public.patient_patient_pending_schedules USING btree (doctorschedule_id);


--
-- Name: patient_patient_pendingScheds_patient_id_1d339a46; Type: INDEX; Schema: public; Owner: postgres
--

CREATE INDEX "patient_patient_pendingScheds_patient_id_1d339a46" ON public.patient_patient_pending_schedules USING btree (patient_id);


--
-- Name: patient_patient_personalRecord_patient_id_04758112; Type: INDEX; Schema: public; Owner: postgres
--

CREATE INDEX "patient_patient_personalRecord_patient_id_04758112" ON public.patient_patient_personal_records USING btree (patient_id);


--
-- Name: patient_patient_personalRecord_personalrecord_id_42d4790b; Type: INDEX; Schema: public; Owner: postgres
--

CREATE INDEX "patient_patient_personalRecord_personalrecord_id_42d4790b" ON public.patient_patient_personal_records USING btree (personalrecord_id);


--
-- Name: patient_patient_rejectedScheds_doctorschedule_id_05b469a5; Type: INDEX; Schema: public; Owner: postgres
--

CREATE INDEX "patient_patient_rejectedScheds_doctorschedule_id_05b469a5" ON public.patient_patient_rejected_schedules USING btree (doctorschedule_id);


--
-- Name: patient_patient_rejectedScheds_patient_id_9df2451c; Type: INDEX; Schema: public; Owner: postgres
--

CREATE INDEX "patient_patient_rejectedScheds_patient_id_9df2451c" ON public.patient_patient_rejected_schedules USING btree (patient_id);


--
-- Name: patient_patient_slug_7f8cce32; Type: INDEX; Schema: public; Owner: postgres
--

CREATE INDEX patient_patient_slug_7f8cce32 ON public.patient_patient USING btree (slug);


--
-- Name: patient_patient_slug_7f8cce32_like; Type: INDEX; Schema: public; Owner: postgres
--

CREATE INDEX patient_patient_slug_7f8cce32_like ON public.patient_patient USING btree (slug varchar_pattern_ops);


--
-- Name: patient_personalrecord_comment_comment_id_c24321ec; Type: INDEX; Schema: public; Owner: postgres
--

CREATE INDEX patient_personalrecord_comment_comment_id_c24321ec ON public.patient_personalrecord_comment USING btree (remark_id);


--
-- Name: patient_personalrecord_comment_personalrecord_id_55891b3e; Type: INDEX; Schema: public; Owner: postgres
--

CREATE INDEX patient_personalrecord_comment_personalrecord_id_55891b3e ON public.patient_personalrecord_comment USING btree (personalrecord_id);


--
-- Name: patient_personalrecord_docs_viewed_personalrecord_id_eb52405c; Type: INDEX; Schema: public; Owner: postgres
--

CREATE INDEX patient_personalrecord_docs_viewed_personalrecord_id_eb52405c ON public.patient_personalrecord_docs_viewed USING btree (personalrecord_id);


--
-- Name: patient_personalrecord_docs_viewed_usersviewed_id_04da4031; Type: INDEX; Schema: public; Owner: postgres
--

CREATE INDEX patient_personalrecord_docs_viewed_usersviewed_id_04da4031 ON public.patient_personalrecord_docs_viewed USING btree (usersviewed_id);


--
-- Name: patient_personalrecord_slug_bf7d5472; Type: INDEX; Schema: public; Owner: postgres
--

CREATE INDEX patient_personalrecord_slug_bf7d5472 ON public.patient_personalrecord USING btree (slug);


--
-- Name: patient_personalrecord_slug_bf7d5472_like; Type: INDEX; Schema: public; Owner: postgres
--

CREATE INDEX patient_personalrecord_slug_bf7d5472_like ON public.patient_personalrecord USING btree (slug varchar_pattern_ops);


--
-- Name: patient_profileform_doc_remarks_comment_id_9efaa491; Type: INDEX; Schema: public; Owner: postgres
--

CREATE INDEX patient_profileform_doc_remarks_comment_id_9efaa491 ON public.patient_profileform_doctor_remarks USING btree (remark_id);


--
-- Name: patient_profileform_doc_remarks_profileform_id_c57d05e2; Type: INDEX; Schema: public; Owner: postgres
--

CREATE INDEX patient_profileform_doc_remarks_profileform_id_c57d05e2 ON public.patient_profileform_doctor_remarks USING btree (profileform_id);


--
-- Name: patient_profileform_docs_viewed_profileform_id_205b4051; Type: INDEX; Schema: public; Owner: postgres
--

CREATE INDEX patient_profileform_docs_viewed_profileform_id_205b4051 ON public.patient_profileform_docs_viewed USING btree (profileform_id);


--
-- Name: patient_profileform_docs_viewed_usersviewed_id_7a43db87; Type: INDEX; Schema: public; Owner: postgres
--

CREATE INDEX patient_profileform_docs_viewed_usersviewed_id_7a43db87 ON public.patient_profileform_docs_viewed USING btree (usersviewed_id);


--
-- Name: auth_group_permissions auth_group_permissio_permission_id_84c5c92e_fk_auth_perm; Type: FK CONSTRAINT; Schema: public; Owner: postgres
--

ALTER TABLE ONLY public.auth_group_permissions
    ADD CONSTRAINT auth_group_permissio_permission_id_84c5c92e_fk_auth_perm FOREIGN KEY (permission_id) REFERENCES public.auth_permission(id) DEFERRABLE INITIALLY DEFERRED;


--
-- Name: auth_group_permissions auth_group_permissions_group_id_b120cbf9_fk_auth_group_id; Type: FK CONSTRAINT; Schema: public; Owner: postgres
--

ALTER TABLE ONLY public.auth_group_permissions
    ADD CONSTRAINT auth_group_permissions_group_id_b120cbf9_fk_auth_group_id FOREIGN KEY (group_id) REFERENCES public.auth_group(id) DEFERRABLE INITIALLY DEFERRED;


--
-- Name: auth_permission auth_permission_content_type_id_2f476e4b_fk_django_co; Type: FK CONSTRAINT; Schema: public; Owner: postgres
--

ALTER TABLE ONLY public.auth_permission
    ADD CONSTRAINT auth_permission_content_type_id_2f476e4b_fk_django_co FOREIGN KEY (content_type_id) REFERENCES public.django_content_type(id) DEFERRABLE INITIALLY DEFERRED;


--
-- Name: auth_user_groups auth_user_groups_group_id_97559544_fk_auth_group_id; Type: FK CONSTRAINT; Schema: public; Owner: postgres
--

ALTER TABLE ONLY public.auth_user_groups
    ADD CONSTRAINT auth_user_groups_group_id_97559544_fk_auth_group_id FOREIGN KEY (group_id) REFERENCES public.auth_group(id) DEFERRABLE INITIALLY DEFERRED;


--
-- Name: auth_user_groups auth_user_groups_user_id_6a12ed8b_fk_auth_user_id; Type: FK CONSTRAINT; Schema: public; Owner: postgres
--

ALTER TABLE ONLY public.auth_user_groups
    ADD CONSTRAINT auth_user_groups_user_id_6a12ed8b_fk_auth_user_id FOREIGN KEY (user_id) REFERENCES public.auth_user(id) DEFERRABLE INITIALLY DEFERRED;


--
-- Name: auth_user_user_permissions auth_user_user_permi_permission_id_1fbb5f2c_fk_auth_perm; Type: FK CONSTRAINT; Schema: public; Owner: postgres
--

ALTER TABLE ONLY public.auth_user_user_permissions
    ADD CONSTRAINT auth_user_user_permi_permission_id_1fbb5f2c_fk_auth_perm FOREIGN KEY (permission_id) REFERENCES public.auth_permission(id) DEFERRABLE INITIALLY DEFERRED;


--
-- Name: auth_user_user_permissions auth_user_user_permissions_user_id_a95ead1b_fk_auth_user_id; Type: FK CONSTRAINT; Schema: public; Owner: postgres
--

ALTER TABLE ONLY public.auth_user_user_permissions
    ADD CONSTRAINT auth_user_user_permissions_user_id_a95ead1b_fk_auth_user_id FOREIGN KEY (user_id) REFERENCES public.auth_user(id) DEFERRABLE INITIALLY DEFERRED;


--
-- Name: cebuMap_cebubarangays_stage_1 cebuMap_cebubarangay_cebubarangays_id_1467517c_fk_cebuMap_c; Type: FK CONSTRAINT; Schema: public; Owner: postgres
--

ALTER TABLE ONLY public."cebuMap_cebubarangays_stage_1"
    ADD CONSTRAINT "cebuMap_cebubarangay_cebubarangays_id_1467517c_fk_cebuMap_c" FOREIGN KEY (cebubarangays_id) REFERENCES public."cebuMap_cebubarangays"(id) DEFERRABLE INITIALLY DEFERRED;


--
-- Name: cebuMap_cebubarangays_stage_0 cebuMap_cebubarangay_cebubarangays_id_4631fb92_fk_cebuMap_c; Type: FK CONSTRAINT; Schema: public; Owner: postgres
--

ALTER TABLE ONLY public."cebuMap_cebubarangays_stage_0"
    ADD CONSTRAINT "cebuMap_cebubarangay_cebubarangays_id_4631fb92_fk_cebuMap_c" FOREIGN KEY (cebubarangays_id) REFERENCES public."cebuMap_cebubarangays"(id) DEFERRABLE INITIALLY DEFERRED;


--
-- Name: cebuMap_cebubarangays_hiv_pop cebuMap_cebubarangay_cebubarangays_id_5aad2c08_fk_cebuMap_c; Type: FK CONSTRAINT; Schema: public; Owner: postgres
--

ALTER TABLE ONLY public."cebuMap_cebubarangays_hiv_pop"
    ADD CONSTRAINT "cebuMap_cebubarangay_cebubarangays_id_5aad2c08_fk_cebuMap_c" FOREIGN KEY (cebubarangays_id) REFERENCES public."cebuMap_cebubarangays"(id) DEFERRABLE INITIALLY DEFERRED;


--
-- Name: cebuMap_cebubarangays_deceased cebuMap_cebubarangay_cebubarangays_id_6c41d17b_fk_cebuMap_c; Type: FK CONSTRAINT; Schema: public; Owner: postgres
--

ALTER TABLE ONLY public."cebuMap_cebubarangays_deceased"
    ADD CONSTRAINT "cebuMap_cebubarangay_cebubarangays_id_6c41d17b_fk_cebuMap_c" FOREIGN KEY (cebubarangays_id) REFERENCES public."cebuMap_cebubarangays"(id) DEFERRABLE INITIALLY DEFERRED;


--
-- Name: cebuMap_cebubarangays_for_screening cebuMap_cebubarangay_cebubarangays_id_983e7734_fk_cebuMap_c; Type: FK CONSTRAINT; Schema: public; Owner: postgres
--

ALTER TABLE ONLY public."cebuMap_cebubarangays_for_screening"
    ADD CONSTRAINT "cebuMap_cebubarangay_cebubarangays_id_983e7734_fk_cebuMap_c" FOREIGN KEY (cebubarangays_id) REFERENCES public."cebuMap_cebubarangays"(id) DEFERRABLE INITIALLY DEFERRED;


--
-- Name: cebuMap_cebubarangays_stage_3 cebuMap_cebubarangay_cebubarangays_id_c0e46738_fk_cebuMap_c; Type: FK CONSTRAINT; Schema: public; Owner: postgres
--

ALTER TABLE ONLY public."cebuMap_cebubarangays_stage_3"
    ADD CONSTRAINT "cebuMap_cebubarangay_cebubarangays_id_c0e46738_fk_cebuMap_c" FOREIGN KEY (cebubarangays_id) REFERENCES public."cebuMap_cebubarangays"(id) DEFERRABLE INITIALLY DEFERRED;


--
-- Name: cebuMap_cebubarangays_stage_2 cebuMap_cebubarangay_cebubarangays_id_ec506841_fk_cebuMap_c; Type: FK CONSTRAINT; Schema: public; Owner: postgres
--

ALTER TABLE ONLY public."cebuMap_cebubarangays_stage_2"
    ADD CONSTRAINT "cebuMap_cebubarangay_cebubarangays_id_ec506841_fk_cebuMap_c" FOREIGN KEY (cebubarangays_id) REFERENCES public."cebuMap_cebubarangays"(id) DEFERRABLE INITIALLY DEFERRED;


--
-- Name: cebuMap_cebubarangays_migrated cebuMap_cebubarangay_cebubarangays_id_fc7d6e87_fk_cebuMap_c; Type: FK CONSTRAINT; Schema: public; Owner: postgres
--

ALTER TABLE ONLY public."cebuMap_cebubarangays_migrated"
    ADD CONSTRAINT "cebuMap_cebubarangay_cebubarangays_id_fc7d6e87_fk_cebuMap_c" FOREIGN KEY (cebubarangays_id) REFERENCES public."cebuMap_cebubarangays"(id) DEFERRABLE INITIALLY DEFERRED;


--
-- Name: cebuMap_cebubarangays_stage_0 cebuMap_cebubarangay_patient_id_082728e3_fk_patient_p; Type: FK CONSTRAINT; Schema: public; Owner: postgres
--

ALTER TABLE ONLY public."cebuMap_cebubarangays_stage_0"
    ADD CONSTRAINT "cebuMap_cebubarangay_patient_id_082728e3_fk_patient_p" FOREIGN KEY (patient_id) REFERENCES public.patient_patient(icr_id) DEFERRABLE INITIALLY DEFERRED;


--
-- Name: cebuMap_cebubarangays_stage_3 cebuMap_cebubarangay_patient_id_086f6297_fk_patient_p; Type: FK CONSTRAINT; Schema: public; Owner: postgres
--

ALTER TABLE ONLY public."cebuMap_cebubarangays_stage_3"
    ADD CONSTRAINT "cebuMap_cebubarangay_patient_id_086f6297_fk_patient_p" FOREIGN KEY (patient_id) REFERENCES public.patient_patient(icr_id) DEFERRABLE INITIALLY DEFERRED;


--
-- Name: cebuMap_cebubarangays_for_screening cebuMap_cebubarangay_patient_id_1e0ba12b_fk_patient_p; Type: FK CONSTRAINT; Schema: public; Owner: postgres
--

ALTER TABLE ONLY public."cebuMap_cebubarangays_for_screening"
    ADD CONSTRAINT "cebuMap_cebubarangay_patient_id_1e0ba12b_fk_patient_p" FOREIGN KEY (patient_id) REFERENCES public.patient_patient(icr_id) DEFERRABLE INITIALLY DEFERRED;


--
-- Name: cebuMap_cebubarangays_stage_1 cebuMap_cebubarangay_patient_id_37ee7a3d_fk_patient_p; Type: FK CONSTRAINT; Schema: public; Owner: postgres
--

ALTER TABLE ONLY public."cebuMap_cebubarangays_stage_1"
    ADD CONSTRAINT "cebuMap_cebubarangay_patient_id_37ee7a3d_fk_patient_p" FOREIGN KEY (patient_id) REFERENCES public.patient_patient(icr_id) DEFERRABLE INITIALLY DEFERRED;


--
-- Name: cebuMap_cebubarangays_deceased cebuMap_cebubarangay_patient_id_39e2ce3c_fk_patient_p; Type: FK CONSTRAINT; Schema: public; Owner: postgres
--

ALTER TABLE ONLY public."cebuMap_cebubarangays_deceased"
    ADD CONSTRAINT "cebuMap_cebubarangay_patient_id_39e2ce3c_fk_patient_p" FOREIGN KEY (patient_id) REFERENCES public.patient_patient(icr_id) DEFERRABLE INITIALLY DEFERRED;


--
-- Name: cebuMap_cebubarangays_migrated cebuMap_cebubarangay_patient_id_6855413c_fk_patient_p; Type: FK CONSTRAINT; Schema: public; Owner: postgres
--

ALTER TABLE ONLY public."cebuMap_cebubarangays_migrated"
    ADD CONSTRAINT "cebuMap_cebubarangay_patient_id_6855413c_fk_patient_p" FOREIGN KEY (patient_id) REFERENCES public.patient_patient(icr_id) DEFERRABLE INITIALLY DEFERRED;


--
-- Name: cebuMap_cebubarangays_hiv_pop cebuMap_cebubarangay_patient_id_6a8a4739_fk_patient_p; Type: FK CONSTRAINT; Schema: public; Owner: postgres
--

ALTER TABLE ONLY public."cebuMap_cebubarangays_hiv_pop"
    ADD CONSTRAINT "cebuMap_cebubarangay_patient_id_6a8a4739_fk_patient_p" FOREIGN KEY (patient_id) REFERENCES public.patient_patient(icr_id) DEFERRABLE INITIALLY DEFERRED;


--
-- Name: cebuMap_cebubarangays_stage_2 cebuMap_cebubarangay_patient_id_cb0cbb0b_fk_patient_p; Type: FK CONSTRAINT; Schema: public; Owner: postgres
--

ALTER TABLE ONLY public."cebuMap_cebubarangays_stage_2"
    ADD CONSTRAINT "cebuMap_cebubarangay_patient_id_cb0cbb0b_fk_patient_p" FOREIGN KEY (patient_id) REFERENCES public.patient_patient(icr_id) DEFERRABLE INITIALLY DEFERRED;


--
-- Name: django_admin_log django_admin_log_content_type_id_c4bce8eb_fk_django_co; Type: FK CONSTRAINT; Schema: public; Owner: postgres
--

ALTER TABLE ONLY public.django_admin_log
    ADD CONSTRAINT django_admin_log_content_type_id_c4bce8eb_fk_django_co FOREIGN KEY (content_type_id) REFERENCES public.django_content_type(id) DEFERRABLE INITIALLY DEFERRED;


--
-- Name: django_admin_log django_admin_log_user_id_c564eba6_fk_auth_user_id; Type: FK CONSTRAINT; Schema: public; Owner: postgres
--

ALTER TABLE ONLY public.django_admin_log
    ADD CONSTRAINT django_admin_log_user_id_c564eba6_fk_auth_user_id FOREIGN KEY (user_id) REFERENCES public.auth_user(id) DEFERRABLE INITIALLY DEFERRED;


--
-- Name: doctor_doctor_doctorNotifs doctor_doctor_doctor_doctor_id_6ba348a3_fk_doctor_do; Type: FK CONSTRAINT; Schema: public; Owner: postgres
--

ALTER TABLE ONLY public."doctor_doctor_doctorNotifs"
    ADD CONSTRAINT doctor_doctor_doctor_doctor_id_6ba348a3_fk_doctor_do FOREIGN KEY (doctor_id) REFERENCES public.doctor_doctor(id) DEFERRABLE INITIALLY DEFERRED;


--
-- Name: doctor_doctor_doctorNotifs doctor_doctor_doctor_doctornotification_i_f4f12d22_fk_doctor_do; Type: FK CONSTRAINT; Schema: public; Owner: postgres
--

ALTER TABLE ONLY public."doctor_doctor_doctorNotifs"
    ADD CONSTRAINT doctor_doctor_doctor_doctornotification_i_f4f12d22_fk_doctor_do FOREIGN KEY (doctornotification_id) REFERENCES public.doctor_doctornotification(id) DEFERRABLE INITIALLY DEFERRED;


--
-- Name: doctor_doctor_finished_scheds doctor_doctor_finish_doctor_id_eb632f57_fk_doctor_do; Type: FK CONSTRAINT; Schema: public; Owner: postgres
--

ALTER TABLE ONLY public.doctor_doctor_finished_scheds
    ADD CONSTRAINT doctor_doctor_finish_doctor_id_eb632f57_fk_doctor_do FOREIGN KEY (doctor_id) REFERENCES public.doctor_doctor(id) DEFERRABLE INITIALLY DEFERRED;


--
-- Name: doctor_doctor_finished_scheds doctor_doctor_finish_doctorschedule_id_9b55f20b_fk_doctor_do; Type: FK CONSTRAINT; Schema: public; Owner: postgres
--

ALTER TABLE ONLY public.doctor_doctor_finished_scheds
    ADD CONSTRAINT doctor_doctor_finish_doctorschedule_id_9b55f20b_fk_doctor_do FOREIGN KEY (doctorschedule_id) REFERENCES public.doctor_doctorschedule(id) DEFERRABLE INITIALLY DEFERRED;


--
-- Name: doctor_doctor_new_notifs doctor_doctor_new_no_doctornotification_i_33d72358_fk_doctor_do; Type: FK CONSTRAINT; Schema: public; Owner: postgres
--

ALTER TABLE ONLY public.doctor_doctor_new_notifs
    ADD CONSTRAINT doctor_doctor_new_no_doctornotification_i_33d72358_fk_doctor_do FOREIGN KEY (doctornotification_id) REFERENCES public.doctor_doctornotification(id) DEFERRABLE INITIALLY DEFERRED;


--
-- Name: doctor_doctor_new_notifs doctor_doctor_new_notifs_doctor_id_b8c08f74_fk_doctor_doctor_id; Type: FK CONSTRAINT; Schema: public; Owner: postgres
--

ALTER TABLE ONLY public.doctor_doctor_new_notifs
    ADD CONSTRAINT doctor_doctor_new_notifs_doctor_id_b8c08f74_fk_doctor_doctor_id FOREIGN KEY (doctor_id) REFERENCES public.doctor_doctor(id) DEFERRABLE INITIALLY DEFERRED;


--
-- Name: doctor_doctor doctor_doctor_p_handled_stats_id_cb809bf1_fk_doctor_do; Type: FK CONSTRAINT; Schema: public; Owner: postgres
--

ALTER TABLE ONLY public.doctor_doctor
    ADD CONSTRAINT doctor_doctor_p_handled_stats_id_cb809bf1_fk_doctor_do FOREIGN KEY (p_handled_stats_id) REFERENCES public.doctor_doctorstats(id) DEFERRABLE INITIALLY DEFERRED;


--
-- Name: doctor_doctor_pending_scheds doctor_doctor_pendin_doctor_id_a2ff7d64_fk_doctor_do; Type: FK CONSTRAINT; Schema: public; Owner: postgres
--

ALTER TABLE ONLY public.doctor_doctor_pending_scheds
    ADD CONSTRAINT doctor_doctor_pendin_doctor_id_a2ff7d64_fk_doctor_do FOREIGN KEY (doctor_id) REFERENCES public.doctor_doctor(id) DEFERRABLE INITIALLY DEFERRED;


--
-- Name: doctor_doctor_pending_scheds doctor_doctor_pendin_doctorschedule_id_0234c1cc_fk_doctor_do; Type: FK CONSTRAINT; Schema: public; Owner: postgres
--

ALTER TABLE ONLY public.doctor_doctor_pending_scheds
    ADD CONSTRAINT doctor_doctor_pendin_doctorschedule_id_0234c1cc_fk_doctor_do FOREIGN KEY (doctorschedule_id) REFERENCES public.doctor_doctorschedule(id) DEFERRABLE INITIALLY DEFERRED;


--
-- Name: doctor_doctor_rejected_scheds doctor_doctor_reject_doctor_id_c647f336_fk_doctor_do; Type: FK CONSTRAINT; Schema: public; Owner: postgres
--

ALTER TABLE ONLY public.doctor_doctor_rejected_scheds
    ADD CONSTRAINT doctor_doctor_reject_doctor_id_c647f336_fk_doctor_do FOREIGN KEY (doctor_id) REFERENCES public.doctor_doctor(id) DEFERRABLE INITIALLY DEFERRED;


--
-- Name: doctor_doctor_rejected_scheds doctor_doctor_reject_doctorschedule_id_7da8f6ef_fk_doctor_do; Type: FK CONSTRAINT; Schema: public; Owner: postgres
--

ALTER TABLE ONLY public.doctor_doctor_rejected_scheds
    ADD CONSTRAINT doctor_doctor_reject_doctorschedule_id_7da8f6ef_fk_doctor_do FOREIGN KEY (doctorschedule_id) REFERENCES public.doctor_doctorschedule(id) DEFERRABLE INITIALLY DEFERRED;


--
-- Name: doctor_doctor_schedules doctor_doctor_schedu_doctorschedule_id_bfe582ab_fk_doctor_do; Type: FK CONSTRAINT; Schema: public; Owner: postgres
--

ALTER TABLE ONLY public.doctor_doctor_schedules
    ADD CONSTRAINT doctor_doctor_schedu_doctorschedule_id_bfe582ab_fk_doctor_do FOREIGN KEY (doctorschedule_id) REFERENCES public.doctor_doctorschedule(id) DEFERRABLE INITIALLY DEFERRED;


--
-- Name: doctor_doctor_schedules doctor_doctor_schedules_doctor_id_a1f225ee_fk_doctor_doctor_id; Type: FK CONSTRAINT; Schema: public; Owner: postgres
--

ALTER TABLE ONLY public.doctor_doctor_schedules
    ADD CONSTRAINT doctor_doctor_schedules_doctor_id_a1f225ee_fk_doctor_doctor_id FOREIGN KEY (doctor_id) REFERENCES public.doctor_doctor(id) DEFERRABLE INITIALLY DEFERRED;


--
-- Name: doctor_doctorschedule_doc_remark doctor_doctorschedul_doctorschedule_id_262fab1d_fk_doctor_do; Type: FK CONSTRAINT; Schema: public; Owner: postgres
--

ALTER TABLE ONLY public.doctor_doctorschedule_doc_remark
    ADD CONSTRAINT doctor_doctorschedul_doctorschedule_id_262fab1d_fk_doctor_do FOREIGN KEY (doctorschedule_id) REFERENCES public.doctor_doctorschedule(id) DEFERRABLE INITIALLY DEFERRED;


--
-- Name: doctor_doctorschedule_users_viewed doctor_doctorschedul_doctorschedule_id_6108b89e_fk_doctor_do; Type: FK CONSTRAINT; Schema: public; Owner: postgres
--

ALTER TABLE ONLY public.doctor_doctorschedule_users_viewed
    ADD CONSTRAINT doctor_doctorschedul_doctorschedule_id_6108b89e_fk_doctor_do FOREIGN KEY (doctorschedule_id) REFERENCES public.doctor_doctorschedule(id) DEFERRABLE INITIALLY DEFERRED;


--
-- Name: doctor_doctorschedule_doc_remark doctor_doctorschedul_remark_id_6996e7e4_fk_doctor_re; Type: FK CONSTRAINT; Schema: public; Owner: postgres
--

ALTER TABLE ONLY public.doctor_doctorschedule_doc_remark
    ADD CONSTRAINT doctor_doctorschedul_remark_id_6996e7e4_fk_doctor_re FOREIGN KEY (remark_id) REFERENCES public.doctor_remark(id) DEFERRABLE INITIALLY DEFERRED;


--
-- Name: doctor_doctorschedule_users_viewed doctor_doctorschedul_usersviewed_id_a922325f_fk_doctor_us; Type: FK CONSTRAINT; Schema: public; Owner: postgres
--

ALTER TABLE ONLY public.doctor_doctorschedule_users_viewed
    ADD CONSTRAINT doctor_doctorschedul_usersviewed_id_a922325f_fk_doctor_us FOREIGN KEY (usersviewed_id) REFERENCES public.doctor_usersviewed(id) DEFERRABLE INITIALLY DEFERRED;


--
-- Name: doctor_doctorstats_monthly_stats doctor_doctorstats_m_doctorstats_id_a1ea8317_fk_doctor_do; Type: FK CONSTRAINT; Schema: public; Owner: postgres
--

ALTER TABLE ONLY public.doctor_doctorstats_monthly_stats
    ADD CONSTRAINT doctor_doctorstats_m_doctorstats_id_a1ea8317_fk_doctor_do FOREIGN KEY (doctorstats_id) REFERENCES public.doctor_doctorstats(id) DEFERRABLE INITIALLY DEFERRED;


--
-- Name: doctor_doctorstats_monthly_stats doctor_doctorstats_m_monthlystatistics_id_f96d55e9_fk_doctor_mo; Type: FK CONSTRAINT; Schema: public; Owner: postgres
--

ALTER TABLE ONLY public.doctor_doctorstats_monthly_stats
    ADD CONSTRAINT doctor_doctorstats_m_monthlystatistics_id_f96d55e9_fk_doctor_mo FOREIGN KEY (monthlystatistics_id) REFERENCES public.doctor_monthlystatistics(id) DEFERRABLE INITIALLY DEFERRED;


--
-- Name: patient_icrform_docs_viewed patient_icrform_docs_icrform_id_bc5c4eb2_fk_patient_i; Type: FK CONSTRAINT; Schema: public; Owner: postgres
--

ALTER TABLE ONLY public.patient_icrform_docs_viewed
    ADD CONSTRAINT patient_icrform_docs_icrform_id_bc5c4eb2_fk_patient_i FOREIGN KEY (icrform_id) REFERENCES public.patient_icrform(id) DEFERRABLE INITIALLY DEFERRED;


--
-- Name: patient_icrform_docs_viewed patient_icrform_docs_usersviewed_id_449c9a1e_fk_doctor_us; Type: FK CONSTRAINT; Schema: public; Owner: postgres
--

ALTER TABLE ONLY public.patient_icrform_docs_viewed
    ADD CONSTRAINT patient_icrform_docs_usersviewed_id_449c9a1e_fk_doctor_us FOREIGN KEY (usersviewed_id) REFERENCES public.doctor_usersviewed(id) DEFERRABLE INITIALLY DEFERRED;


--
-- Name: patient_icrform_doctor_remarks patient_icrform_doct_icrform_id_9accf06e_fk_patient_i; Type: FK CONSTRAINT; Schema: public; Owner: postgres
--

ALTER TABLE ONLY public.patient_icrform_doctor_remarks
    ADD CONSTRAINT patient_icrform_doct_icrform_id_9accf06e_fk_patient_i FOREIGN KEY (icrform_id) REFERENCES public.patient_icrform(id) DEFERRABLE INITIALLY DEFERRED;


--
-- Name: patient_icrform_doctor_remarks patient_icrform_doct_remark_id_3fa260db_fk_doctor_re; Type: FK CONSTRAINT; Schema: public; Owner: postgres
--

ALTER TABLE ONLY public.patient_icrform_doctor_remarks
    ADD CONSTRAINT patient_icrform_doct_remark_id_3fa260db_fk_doctor_re FOREIGN KEY (remark_id) REFERENCES public.doctor_remark(id) DEFERRABLE INITIALLY DEFERRED;


--
-- Name: patient_medhistform_docs_viewed patient_medhistform__medhistform_id_1b3ed826_fk_patient_m; Type: FK CONSTRAINT; Schema: public; Owner: postgres
--

ALTER TABLE ONLY public.patient_medhistform_docs_viewed
    ADD CONSTRAINT patient_medhistform__medhistform_id_1b3ed826_fk_patient_m FOREIGN KEY (medhistform_id) REFERENCES public.patient_medhistform(id) DEFERRABLE INITIALLY DEFERRED;


--
-- Name: patient_medhistform_doctor_remarks patient_medhistform__medhistform_id_52bfc484_fk_patient_m; Type: FK CONSTRAINT; Schema: public; Owner: postgres
--

ALTER TABLE ONLY public.patient_medhistform_doctor_remarks
    ADD CONSTRAINT patient_medhistform__medhistform_id_52bfc484_fk_patient_m FOREIGN KEY (medhistform_id) REFERENCES public.patient_medhistform(id) DEFERRABLE INITIALLY DEFERRED;


--
-- Name: patient_medhistform_doctor_remarks patient_medhistform__remark_id_0e0a4e16_fk_doctor_re; Type: FK CONSTRAINT; Schema: public; Owner: postgres
--

ALTER TABLE ONLY public.patient_medhistform_doctor_remarks
    ADD CONSTRAINT patient_medhistform__remark_id_0e0a4e16_fk_doctor_re FOREIGN KEY (remark_id) REFERENCES public.doctor_remark(id) DEFERRABLE INITIALLY DEFERRED;


--
-- Name: patient_medhistform_docs_viewed patient_medhistform__usersviewed_id_a03d8d0b_fk_doctor_us; Type: FK CONSTRAINT; Schema: public; Owner: postgres
--

ALTER TABLE ONLY public.patient_medhistform_docs_viewed
    ADD CONSTRAINT patient_medhistform__usersviewed_id_a03d8d0b_fk_doctor_us FOREIGN KEY (usersviewed_id) REFERENCES public.doctor_usersviewed(id) DEFERRABLE INITIALLY DEFERRED;


--
-- Name: patient_patient_approved_schedules patient_patient_appr_doctorschedule_id_a029f022_fk_doctor_do; Type: FK CONSTRAINT; Schema: public; Owner: postgres
--

ALTER TABLE ONLY public.patient_patient_approved_schedules
    ADD CONSTRAINT patient_patient_appr_doctorschedule_id_a029f022_fk_doctor_do FOREIGN KEY (doctorschedule_id) REFERENCES public.doctor_doctorschedule(id) DEFERRABLE INITIALLY DEFERRED;


--
-- Name: patient_patient_approved_schedules patient_patient_appr_patient_id_df55b9aa_fk_patient_p; Type: FK CONSTRAINT; Schema: public; Owner: postgres
--

ALTER TABLE ONLY public.patient_patient_approved_schedules
    ADD CONSTRAINT patient_patient_appr_patient_id_df55b9aa_fk_patient_p FOREIGN KEY (patient_id) REFERENCES public.patient_patient(icr_id) DEFERRABLE INITIALLY DEFERRED;


--
-- Name: patient_patient_finished_schedules patient_patient_fini_doctorschedule_id_941ede49_fk_doctor_do; Type: FK CONSTRAINT; Schema: public; Owner: postgres
--

ALTER TABLE ONLY public.patient_patient_finished_schedules
    ADD CONSTRAINT patient_patient_fini_doctorschedule_id_941ede49_fk_doctor_do FOREIGN KEY (doctorschedule_id) REFERENCES public.doctor_doctorschedule(id) DEFERRABLE INITIALLY DEFERRED;


--
-- Name: patient_patient_finished_schedules patient_patient_fini_patient_id_3f1271b6_fk_patient_p; Type: FK CONSTRAINT; Schema: public; Owner: postgres
--

ALTER TABLE ONLY public.patient_patient_finished_schedules
    ADD CONSTRAINT patient_patient_fini_patient_id_3f1271b6_fk_patient_p FOREIGN KEY (patient_id) REFERENCES public.patient_patient(icr_id) DEFERRABLE INITIALLY DEFERRED;


--
-- Name: patient_patient patient_patient_icr_id_b786c1eb_fk_patient_icrform_id; Type: FK CONSTRAINT; Schema: public; Owner: postgres
--

ALTER TABLE ONLY public.patient_patient
    ADD CONSTRAINT patient_patient_icr_id_b786c1eb_fk_patient_icrform_id FOREIGN KEY (icr_id) REFERENCES public.patient_icrform(id) DEFERRABLE INITIALLY DEFERRED;


--
-- Name: patient_patient_location_details patient_patient_loca_patient_id_e3cb8e8e_fk_patient_p; Type: FK CONSTRAINT; Schema: public; Owner: postgres
--

ALTER TABLE ONLY public.patient_patient_location_details
    ADD CONSTRAINT patient_patient_loca_patient_id_e3cb8e8e_fk_patient_p FOREIGN KEY (patient_id) REFERENCES public.patient_patient(icr_id) DEFERRABLE INITIALLY DEFERRED;


--
-- Name: patient_patient_location_details patient_patient_loca_patientlocationdetai_b8b64cb2_fk_patient_p; Type: FK CONSTRAINT; Schema: public; Owner: postgres
--

ALTER TABLE ONLY public.patient_patient_location_details
    ADD CONSTRAINT patient_patient_loca_patientlocationdetai_b8b64cb2_fk_patient_p FOREIGN KEY (patientlocationdetails_id) REFERENCES public.patient_patientlocationdetails(id) DEFERRABLE INITIALLY DEFERRED;


--
-- Name: patient_patient_medical_history patient_patient_medi_medhistform_id_8afe2e17_fk_patient_m; Type: FK CONSTRAINT; Schema: public; Owner: postgres
--

ALTER TABLE ONLY public.patient_patient_medical_history
    ADD CONSTRAINT patient_patient_medi_medhistform_id_8afe2e17_fk_patient_m FOREIGN KEY (medhistform_id) REFERENCES public.patient_medhistform(id) DEFERRABLE INITIALLY DEFERRED;


--
-- Name: patient_patient_medical_history patient_patient_medi_patient_id_8f563ff3_fk_patient_p; Type: FK CONSTRAINT; Schema: public; Owner: postgres
--

ALTER TABLE ONLY public.patient_patient_medical_history
    ADD CONSTRAINT patient_patient_medi_patient_id_8f563ff3_fk_patient_p FOREIGN KEY (patient_id) REFERENCES public.patient_patient(icr_id) DEFERRABLE INITIALLY DEFERRED;


--
-- Name: patient_patient_meds patient_patient_meds_medication_id_0f4fb49a_fk_patient_m; Type: FK CONSTRAINT; Schema: public; Owner: postgres
--

ALTER TABLE ONLY public.patient_patient_meds
    ADD CONSTRAINT patient_patient_meds_medication_id_0f4fb49a_fk_patient_m FOREIGN KEY (medication_id) REFERENCES public.patient_medication(id) DEFERRABLE INITIALLY DEFERRED;


--
-- Name: patient_patient_meds patient_patient_meds_patient_id_f63de01f_fk_patient_p; Type: FK CONSTRAINT; Schema: public; Owner: postgres
--

ALTER TABLE ONLY public.patient_patient_meds
    ADD CONSTRAINT patient_patient_meds_patient_id_f63de01f_fk_patient_p FOREIGN KEY (patient_id) REFERENCES public.patient_patient(icr_id) DEFERRABLE INITIALLY DEFERRED;


--
-- Name: patient_patient_my_doctors patient_patient_my_d_doctor_id_2154af2b_fk_doctor_do; Type: FK CONSTRAINT; Schema: public; Owner: postgres
--

ALTER TABLE ONLY public.patient_patient_my_doctors
    ADD CONSTRAINT patient_patient_my_d_doctor_id_2154af2b_fk_doctor_do FOREIGN KEY (doctor_id) REFERENCES public.doctor_doctor(id) DEFERRABLE INITIALLY DEFERRED;


--
-- Name: patient_patient_my_doctors patient_patient_my_d_patient_id_ffd62b7f_fk_patient_p; Type: FK CONSTRAINT; Schema: public; Owner: postgres
--

ALTER TABLE ONLY public.patient_patient_my_doctors
    ADD CONSTRAINT patient_patient_my_d_patient_id_ffd62b7f_fk_patient_p FOREIGN KEY (patient_id) REFERENCES public.patient_patient(icr_id) DEFERRABLE INITIALLY DEFERRED;


--
-- Name: patient_patient_patient_notifications patient_patient_pati_patient_id_dc07c558_fk_patient_p; Type: FK CONSTRAINT; Schema: public; Owner: postgres
--

ALTER TABLE ONLY public.patient_patient_patient_notifications
    ADD CONSTRAINT patient_patient_pati_patient_id_dc07c558_fk_patient_p FOREIGN KEY (patient_id) REFERENCES public.patient_patient(icr_id) DEFERRABLE INITIALLY DEFERRED;


--
-- Name: patient_patient_patient_new_notifications patient_patient_pati_patient_id_fd9c6f16_fk_patient_p; Type: FK CONSTRAINT; Schema: public; Owner: postgres
--

ALTER TABLE ONLY public.patient_patient_patient_new_notifications
    ADD CONSTRAINT patient_patient_pati_patient_id_fd9c6f16_fk_patient_p FOREIGN KEY (patient_id) REFERENCES public.patient_patient(icr_id) DEFERRABLE INITIALLY DEFERRED;


--
-- Name: patient_patient_patient_new_notifications patient_patient_pati_patientnotification__2e8bde8c_fk_patient_p; Type: FK CONSTRAINT; Schema: public; Owner: postgres
--

ALTER TABLE ONLY public.patient_patient_patient_new_notifications
    ADD CONSTRAINT patient_patient_pati_patientnotification__2e8bde8c_fk_patient_p FOREIGN KEY (patientnotification_id) REFERENCES public.patient_patientnotification(id) DEFERRABLE INITIALLY DEFERRED;


--
-- Name: patient_patient_patient_notifications patient_patient_pati_patientnotification__c640c83e_fk_patient_p; Type: FK CONSTRAINT; Schema: public; Owner: postgres
--

ALTER TABLE ONLY public.patient_patient_patient_notifications
    ADD CONSTRAINT patient_patient_pati_patientnotification__c640c83e_fk_patient_p FOREIGN KEY (patientnotification_id) REFERENCES public.patient_patientnotification(id) DEFERRABLE INITIALLY DEFERRED;


--
-- Name: patient_patient_pending_schedules patient_patient_pend_doctorschedule_id_bf172319_fk_doctor_do; Type: FK CONSTRAINT; Schema: public; Owner: postgres
--

ALTER TABLE ONLY public.patient_patient_pending_schedules
    ADD CONSTRAINT patient_patient_pend_doctorschedule_id_bf172319_fk_doctor_do FOREIGN KEY (doctorschedule_id) REFERENCES public.doctor_doctorschedule(id) DEFERRABLE INITIALLY DEFERRED;


--
-- Name: patient_patient_pending_schedules patient_patient_pend_patient_id_46eb596a_fk_patient_p; Type: FK CONSTRAINT; Schema: public; Owner: postgres
--

ALTER TABLE ONLY public.patient_patient_pending_schedules
    ADD CONSTRAINT patient_patient_pend_patient_id_46eb596a_fk_patient_p FOREIGN KEY (patient_id) REFERENCES public.patient_patient(icr_id) DEFERRABLE INITIALLY DEFERRED;


--
-- Name: patient_patient_personal_records patient_patient_pers_patient_id_960c6c67_fk_patient_p; Type: FK CONSTRAINT; Schema: public; Owner: postgres
--

ALTER TABLE ONLY public.patient_patient_personal_records
    ADD CONSTRAINT patient_patient_pers_patient_id_960c6c67_fk_patient_p FOREIGN KEY (patient_id) REFERENCES public.patient_patient(icr_id) DEFERRABLE INITIALLY DEFERRED;


--
-- Name: patient_patient_personal_records patient_patient_pers_personalrecord_id_86f28561_fk_patient_p; Type: FK CONSTRAINT; Schema: public; Owner: postgres
--

ALTER TABLE ONLY public.patient_patient_personal_records
    ADD CONSTRAINT patient_patient_pers_personalrecord_id_86f28561_fk_patient_p FOREIGN KEY (personalrecord_id) REFERENCES public.patient_personalrecord(id) DEFERRABLE INITIALLY DEFERRED;


--
-- Name: patient_patient patient_patient_profile_id_77e9389a_fk_patient_profileform_id; Type: FK CONSTRAINT; Schema: public; Owner: postgres
--

ALTER TABLE ONLY public.patient_patient
    ADD CONSTRAINT patient_patient_profile_id_77e9389a_fk_patient_profileform_id FOREIGN KEY (profile_id) REFERENCES public.patient_profileform(id) DEFERRABLE INITIALLY DEFERRED;


--
-- Name: patient_patient_rejected_schedules patient_patient_reje_doctorschedule_id_43097324_fk_doctor_do; Type: FK CONSTRAINT; Schema: public; Owner: postgres
--

ALTER TABLE ONLY public.patient_patient_rejected_schedules
    ADD CONSTRAINT patient_patient_reje_doctorschedule_id_43097324_fk_doctor_do FOREIGN KEY (doctorschedule_id) REFERENCES public.doctor_doctorschedule(id) DEFERRABLE INITIALLY DEFERRED;


--
-- Name: patient_patient_rejected_schedules patient_patient_reje_patient_id_d54c5b54_fk_patient_p; Type: FK CONSTRAINT; Schema: public; Owner: postgres
--

ALTER TABLE ONLY public.patient_patient_rejected_schedules
    ADD CONSTRAINT patient_patient_reje_patient_id_d54c5b54_fk_patient_p FOREIGN KEY (patient_id) REFERENCES public.patient_patient(icr_id) DEFERRABLE INITIALLY DEFERRED;


--
-- Name: patient_personalrecord_comment patient_personalreco_personalrecord_id_55891b3e_fk_patient_p; Type: FK CONSTRAINT; Schema: public; Owner: postgres
--

ALTER TABLE ONLY public.patient_personalrecord_comment
    ADD CONSTRAINT patient_personalreco_personalrecord_id_55891b3e_fk_patient_p FOREIGN KEY (personalrecord_id) REFERENCES public.patient_personalrecord(id) DEFERRABLE INITIALLY DEFERRED;


--
-- Name: patient_personalrecord_docs_viewed patient_personalreco_personalrecord_id_eb52405c_fk_patient_p; Type: FK CONSTRAINT; Schema: public; Owner: postgres
--

ALTER TABLE ONLY public.patient_personalrecord_docs_viewed
    ADD CONSTRAINT patient_personalreco_personalrecord_id_eb52405c_fk_patient_p FOREIGN KEY (personalrecord_id) REFERENCES public.patient_personalrecord(id) DEFERRABLE INITIALLY DEFERRED;


--
-- Name: patient_personalrecord_comment patient_personalreco_remark_id_ff0016c0_fk_doctor_re; Type: FK CONSTRAINT; Schema: public; Owner: postgres
--

ALTER TABLE ONLY public.patient_personalrecord_comment
    ADD CONSTRAINT patient_personalreco_remark_id_ff0016c0_fk_doctor_re FOREIGN KEY (remark_id) REFERENCES public.doctor_remark(id) DEFERRABLE INITIALLY DEFERRED;


--
-- Name: patient_personalrecord_docs_viewed patient_personalreco_usersviewed_id_04da4031_fk_doctor_us; Type: FK CONSTRAINT; Schema: public; Owner: postgres
--

ALTER TABLE ONLY public.patient_personalrecord_docs_viewed
    ADD CONSTRAINT patient_personalreco_usersviewed_id_04da4031_fk_doctor_us FOREIGN KEY (usersviewed_id) REFERENCES public.doctor_usersviewed(id) DEFERRABLE INITIALLY DEFERRED;


--
-- Name: patient_profileform_docs_viewed patient_profileform__profileform_id_205b4051_fk_patient_p; Type: FK CONSTRAINT; Schema: public; Owner: postgres
--

ALTER TABLE ONLY public.patient_profileform_docs_viewed
    ADD CONSTRAINT patient_profileform__profileform_id_205b4051_fk_patient_p FOREIGN KEY (profileform_id) REFERENCES public.patient_profileform(id) DEFERRABLE INITIALLY DEFERRED;


--
-- Name: patient_profileform_doctor_remarks patient_profileform__profileform_id_4bcc26d2_fk_patient_p; Type: FK CONSTRAINT; Schema: public; Owner: postgres
--

ALTER TABLE ONLY public.patient_profileform_doctor_remarks
    ADD CONSTRAINT patient_profileform__profileform_id_4bcc26d2_fk_patient_p FOREIGN KEY (profileform_id) REFERENCES public.patient_profileform(id) DEFERRABLE INITIALLY DEFERRED;


--
-- Name: patient_profileform_doctor_remarks patient_profileform__remark_id_348e0f78_fk_doctor_re; Type: FK CONSTRAINT; Schema: public; Owner: postgres
--

ALTER TABLE ONLY public.patient_profileform_doctor_remarks
    ADD CONSTRAINT patient_profileform__remark_id_348e0f78_fk_doctor_re FOREIGN KEY (remark_id) REFERENCES public.doctor_remark(id) DEFERRABLE INITIALLY DEFERRED;


--
-- Name: patient_profileform_docs_viewed patient_profileform__usersviewed_id_7a43db87_fk_doctor_us; Type: FK CONSTRAINT; Schema: public; Owner: postgres
--

ALTER TABLE ONLY public.patient_profileform_docs_viewed
    ADD CONSTRAINT patient_profileform__usersviewed_id_7a43db87_fk_doctor_us FOREIGN KEY (usersviewed_id) REFERENCES public.doctor_usersviewed(id) DEFERRABLE INITIALLY DEFERRED;


--
-- Name: SCHEMA public; Type: ACL; Schema: -; Owner: postgres
--

GRANT ALL ON SCHEMA public TO PUBLIC;


--
-- PostgreSQL database dump complete
--

