--
-- PostgreSQL database dump
--

-- Dumped from database version 9.5.19
-- Dumped by pg_dump version 9.5.19

SET statement_timeout = 0;
SET lock_timeout = 0;
SET client_encoding = 'UTF8';
SET standard_conforming_strings = on;
SELECT pg_catalog.set_config('search_path', '', false);
SET check_function_bodies = false;
SET xmloption = content;
SET client_min_messages = warning;
SET row_security = off;

ALTER TABLE ONLY public.patient_profileform_docs_viewed DROP CONSTRAINT patient_profileform__usersviewed_id_7a43db87_fk_doctor_us;
ALTER TABLE ONLY public.patient_profileform_doctor_remarks DROP CONSTRAINT patient_profileform__profileform_id_4bcc26d2_fk_patient_p;
ALTER TABLE ONLY public.patient_profileform_docs_viewed DROP CONSTRAINT patient_profileform__profileform_id_205b4051_fk_patient_p;
ALTER TABLE ONLY public.patient_profileform_doctor_remarks DROP CONSTRAINT patient_profileform__note_id_d7c06bf2_fk_doctor_no;
ALTER TABLE ONLY public.patient_personalrecord_docs_viewed DROP CONSTRAINT patient_personalreco_usersviewed_id_04da4031_fk_doctor_us;
ALTER TABLE ONLY public.patient_personalrecord_comment DROP CONSTRAINT patient_personalreco_remark_id_ff0016c0_fk_doctor_re;
ALTER TABLE ONLY public.patient_personalrecord_docs_viewed DROP CONSTRAINT patient_personalreco_personalrecord_id_eb52405c_fk_patient_p;
ALTER TABLE ONLY public.patient_personalrecord_comment DROP CONSTRAINT patient_personalreco_personalrecord_id_55891b3e_fk_patient_p;
ALTER TABLE ONLY public.patient_patient_rejected_schedules DROP CONSTRAINT patient_patient_reje_patient_id_d54c5b54_fk_patient_p;
ALTER TABLE ONLY public.patient_patient_rejected_schedules DROP CONSTRAINT patient_patient_reje_doctorschedule_id_43097324_fk_doctor_do;
ALTER TABLE ONLY public.patient_patient DROP CONSTRAINT patient_patient_profile_id_77e9389a_fk_patient_profileform_id;
ALTER TABLE ONLY public.patient_patient_personal_records DROP CONSTRAINT patient_patient_pers_personalrecord_id_86f28561_fk_patient_p;
ALTER TABLE ONLY public.patient_patient_personal_records DROP CONSTRAINT patient_patient_pers_patient_id_960c6c67_fk_patient_p;
ALTER TABLE ONLY public.patient_patient_pending_schedules DROP CONSTRAINT patient_patient_pend_patient_id_46eb596a_fk_patient_p;
ALTER TABLE ONLY public.patient_patient_pending_schedules DROP CONSTRAINT patient_patient_pend_doctorschedule_id_bf172319_fk_doctor_do;
ALTER TABLE ONLY public.patient_patient_patient_notifications DROP CONSTRAINT patient_patient_pati_patientnotification__c640c83e_fk_patient_p;
ALTER TABLE ONLY public.patient_patient_patient_new_notifications DROP CONSTRAINT patient_patient_pati_patientnotification__2e8bde8c_fk_patient_p;
ALTER TABLE ONLY public.patient_patient_patient_new_notifications DROP CONSTRAINT patient_patient_pati_patient_id_fd9c6f16_fk_patient_p;
ALTER TABLE ONLY public.patient_patient_patient_notifications DROP CONSTRAINT patient_patient_pati_patient_id_dc07c558_fk_patient_p;
ALTER TABLE ONLY public.patient_patient_my_doctors DROP CONSTRAINT patient_patient_my_d_patient_id_ffd62b7f_fk_patient_p;
ALTER TABLE ONLY public.patient_patient_my_doctors DROP CONSTRAINT patient_patient_my_d_doctor_id_2154af2b_fk_doctor_do;
ALTER TABLE ONLY public.patient_patient_meds DROP CONSTRAINT patient_patient_meds_patient_id_f63de01f_fk_patient_p;
ALTER TABLE ONLY public.patient_patient_meds DROP CONSTRAINT patient_patient_meds_medication_id_0f4fb49a_fk_patient_m;
ALTER TABLE ONLY public.patient_patient_medical_history DROP CONSTRAINT patient_patient_medi_patient_id_8f563ff3_fk_patient_p;
ALTER TABLE ONLY public.patient_patient_medical_history DROP CONSTRAINT patient_patient_medi_medhistform_id_8afe2e17_fk_patient_m;
ALTER TABLE ONLY public.patient_patient_location_details DROP CONSTRAINT patient_patient_loca_patientlocationdetai_b8b64cb2_fk_patient_p;
ALTER TABLE ONLY public.patient_patient_location_details DROP CONSTRAINT patient_patient_loca_patient_id_e3cb8e8e_fk_patient_p;
ALTER TABLE ONLY public.patient_patient DROP CONSTRAINT patient_patient_icr_id_b786c1eb_fk_patient_icrform_id;
ALTER TABLE ONLY public.patient_patient_finished_schedules DROP CONSTRAINT patient_patient_fini_patient_id_3f1271b6_fk_patient_p;
ALTER TABLE ONLY public.patient_patient_finished_schedules DROP CONSTRAINT patient_patient_fini_doctorschedule_id_941ede49_fk_doctor_do;
ALTER TABLE ONLY public.patient_patient_approved_schedules DROP CONSTRAINT patient_patient_appr_patient_id_df55b9aa_fk_patient_p;
ALTER TABLE ONLY public.patient_patient_approved_schedules DROP CONSTRAINT patient_patient_appr_doctorschedule_id_a029f022_fk_doctor_do;
ALTER TABLE ONLY public.patient_medhistform_docs_viewed DROP CONSTRAINT patient_medhistform__usersviewed_id_a03d8d0b_fk_doctor_us;
ALTER TABLE ONLY public.patient_medhistform_doctor_remarks DROP CONSTRAINT patient_medhistform__remark_id_0e0a4e16_fk_doctor_re;
ALTER TABLE ONLY public.patient_medhistform_doctor_remarks DROP CONSTRAINT patient_medhistform__medhistform_id_52bfc484_fk_patient_m;
ALTER TABLE ONLY public.patient_medhistform_docs_viewed DROP CONSTRAINT patient_medhistform__medhistform_id_1b3ed826_fk_patient_m;
ALTER TABLE ONLY public.patient_icrform_doctor_remarks DROP CONSTRAINT patient_icrform_doct_remark_id_3fa260db_fk_doctor_re;
ALTER TABLE ONLY public.patient_icrform_doctor_remarks DROP CONSTRAINT patient_icrform_doct_icrform_id_9accf06e_fk_patient_i;
ALTER TABLE ONLY public.patient_icrform_docs_viewed DROP CONSTRAINT patient_icrform_docs_usersviewed_id_449c9a1e_fk_doctor_us;
ALTER TABLE ONLY public.patient_icrform_docs_viewed DROP CONSTRAINT patient_icrform_docs_icrform_id_bc5c4eb2_fk_patient_i;
ALTER TABLE ONLY public.doctor_doctorstats_monthly_stats DROP CONSTRAINT doctor_doctorstats_m_monthlystatistics_id_f96d55e9_fk_doctor_mo;
ALTER TABLE ONLY public.doctor_doctorstats_monthly_stats DROP CONSTRAINT doctor_doctorstats_m_doctorstats_id_a1ea8317_fk_doctor_do;
ALTER TABLE ONLY public.doctor_doctorschedule_users_viewed DROP CONSTRAINT doctor_doctorschedul_usersviewed_id_a922325f_fk_doctor_us;
ALTER TABLE ONLY public.doctor_doctorschedule_doc_remark DROP CONSTRAINT doctor_doctorschedul_remark_id_6996e7e4_fk_doctor_re;
ALTER TABLE ONLY public.doctor_doctorschedule_users_viewed DROP CONSTRAINT doctor_doctorschedul_doctorschedule_id_6108b89e_fk_doctor_do;
ALTER TABLE ONLY public.doctor_doctorschedule_doc_remark DROP CONSTRAINT doctor_doctorschedul_doctorschedule_id_262fab1d_fk_doctor_do;
ALTER TABLE ONLY public.doctor_doctor_schedules DROP CONSTRAINT doctor_doctor_schedules_doctor_id_a1f225ee_fk_doctor_doctor_id;
ALTER TABLE ONLY public.doctor_doctor_schedules DROP CONSTRAINT doctor_doctor_schedu_doctorschedule_id_bfe582ab_fk_doctor_do;
ALTER TABLE ONLY public.doctor_doctor_rejected_scheds DROP CONSTRAINT doctor_doctor_reject_doctorschedule_id_7da8f6ef_fk_doctor_do;
ALTER TABLE ONLY public.doctor_doctor_rejected_scheds DROP CONSTRAINT doctor_doctor_reject_doctor_id_c647f336_fk_doctor_do;
ALTER TABLE ONLY public.doctor_doctor_pending_scheds DROP CONSTRAINT doctor_doctor_pendin_doctorschedule_id_0234c1cc_fk_doctor_do;
ALTER TABLE ONLY public.doctor_doctor_pending_scheds DROP CONSTRAINT doctor_doctor_pendin_doctor_id_a2ff7d64_fk_doctor_do;
ALTER TABLE ONLY public.doctor_doctor DROP CONSTRAINT doctor_doctor_p_handled_stats_id_cb809bf1_fk_doctor_do;
ALTER TABLE ONLY public.doctor_doctor_new_notifs DROP CONSTRAINT doctor_doctor_new_notifs_doctor_id_b8c08f74_fk_doctor_doctor_id;
ALTER TABLE ONLY public.doctor_doctor_new_notifs DROP CONSTRAINT doctor_doctor_new_no_doctornotification_i_33d72358_fk_doctor_do;
ALTER TABLE ONLY public.doctor_doctor_finished_scheds DROP CONSTRAINT doctor_doctor_finish_doctorschedule_id_9b55f20b_fk_doctor_do;
ALTER TABLE ONLY public.doctor_doctor_finished_scheds DROP CONSTRAINT doctor_doctor_finish_doctor_id_eb632f57_fk_doctor_do;
ALTER TABLE ONLY public."doctor_doctor_doctorNotifs" DROP CONSTRAINT doctor_doctor_doctor_doctornotification_i_f4f12d22_fk_doctor_do;
ALTER TABLE ONLY public."doctor_doctor_doctorNotifs" DROP CONSTRAINT doctor_doctor_doctor_doctor_id_6ba348a3_fk_doctor_do;
ALTER TABLE ONLY public.django_admin_log DROP CONSTRAINT django_admin_log_user_id_c564eba6_fk_auth_user_id;
ALTER TABLE ONLY public.django_admin_log DROP CONSTRAINT django_admin_log_content_type_id_c4bce8eb_fk_django_co;
ALTER TABLE ONLY public."cebuMap_cebubarangays_stage_2" DROP CONSTRAINT "cebuMap_cebubarangay_patient_id_cb0cbb0b_fk_patient_p";
ALTER TABLE ONLY public."cebuMap_cebubarangays_hiv_pop" DROP CONSTRAINT "cebuMap_cebubarangay_patient_id_6a8a4739_fk_patient_p";
ALTER TABLE ONLY public."cebuMap_cebubarangays_migrated" DROP CONSTRAINT "cebuMap_cebubarangay_patient_id_6855413c_fk_patient_p";
ALTER TABLE ONLY public."cebuMap_cebubarangays_deceased" DROP CONSTRAINT "cebuMap_cebubarangay_patient_id_39e2ce3c_fk_patient_p";
ALTER TABLE ONLY public."cebuMap_cebubarangays_stage_1" DROP CONSTRAINT "cebuMap_cebubarangay_patient_id_37ee7a3d_fk_patient_p";
ALTER TABLE ONLY public."cebuMap_cebubarangays_for_screening" DROP CONSTRAINT "cebuMap_cebubarangay_patient_id_1e0ba12b_fk_patient_p";
ALTER TABLE ONLY public."cebuMap_cebubarangays_stage_3" DROP CONSTRAINT "cebuMap_cebubarangay_patient_id_086f6297_fk_patient_p";
ALTER TABLE ONLY public."cebuMap_cebubarangays_stage_0" DROP CONSTRAINT "cebuMap_cebubarangay_patient_id_082728e3_fk_patient_p";
ALTER TABLE ONLY public."cebuMap_cebubarangays_migrated" DROP CONSTRAINT "cebuMap_cebubarangay_cebubarangays_id_fc7d6e87_fk_cebuMap_c";
ALTER TABLE ONLY public."cebuMap_cebubarangays_stage_2" DROP CONSTRAINT "cebuMap_cebubarangay_cebubarangays_id_ec506841_fk_cebuMap_c";
ALTER TABLE ONLY public."cebuMap_cebubarangays_stage_3" DROP CONSTRAINT "cebuMap_cebubarangay_cebubarangays_id_c0e46738_fk_cebuMap_c";
ALTER TABLE ONLY public."cebuMap_cebubarangays_for_screening" DROP CONSTRAINT "cebuMap_cebubarangay_cebubarangays_id_983e7734_fk_cebuMap_c";
ALTER TABLE ONLY public."cebuMap_cebubarangays_deceased" DROP CONSTRAINT "cebuMap_cebubarangay_cebubarangays_id_6c41d17b_fk_cebuMap_c";
ALTER TABLE ONLY public."cebuMap_cebubarangays_hiv_pop" DROP CONSTRAINT "cebuMap_cebubarangay_cebubarangays_id_5aad2c08_fk_cebuMap_c";
ALTER TABLE ONLY public."cebuMap_cebubarangays_stage_0" DROP CONSTRAINT "cebuMap_cebubarangay_cebubarangays_id_4631fb92_fk_cebuMap_c";
ALTER TABLE ONLY public."cebuMap_cebubarangays_stage_1" DROP CONSTRAINT "cebuMap_cebubarangay_cebubarangays_id_1467517c_fk_cebuMap_c";
ALTER TABLE ONLY public.auth_user_user_permissions DROP CONSTRAINT auth_user_user_permissions_user_id_a95ead1b_fk_auth_user_id;
ALTER TABLE ONLY public.auth_user_user_permissions DROP CONSTRAINT auth_user_user_permi_permission_id_1fbb5f2c_fk_auth_perm;
ALTER TABLE ONLY public.auth_user_groups DROP CONSTRAINT auth_user_groups_user_id_6a12ed8b_fk_auth_user_id;
ALTER TABLE ONLY public.auth_user_groups DROP CONSTRAINT auth_user_groups_group_id_97559544_fk_auth_group_id;
ALTER TABLE ONLY public.auth_permission DROP CONSTRAINT auth_permission_content_type_id_2f476e4b_fk_django_co;
ALTER TABLE ONLY public.auth_group_permissions DROP CONSTRAINT auth_group_permissions_group_id_b120cbf9_fk_auth_group_id;
ALTER TABLE ONLY public.auth_group_permissions DROP CONSTRAINT auth_group_permissio_permission_id_84c5c92e_fk_auth_perm;
DROP INDEX public.patient_profileform_docs_viewed_usersviewed_id_7a43db87;
DROP INDEX public.patient_profileform_docs_viewed_profileform_id_205b4051;
DROP INDEX public.patient_profileform_doc_remarks_profileform_id_c57d05e2;
DROP INDEX public.patient_profileform_doc_remarks_comment_id_9efaa491;
DROP INDEX public.patient_personalrecord_slug_bf7d5472_like;
DROP INDEX public.patient_personalrecord_slug_bf7d5472;
DROP INDEX public.patient_personalrecord_docs_viewed_usersviewed_id_04da4031;
DROP INDEX public.patient_personalrecord_docs_viewed_personalrecord_id_eb52405c;
DROP INDEX public.patient_personalrecord_comment_remark_id_ff0016c0;
DROP INDEX public.patient_personalrecord_comment_personalrecord_id_55891b3e;
DROP INDEX public.patient_patient_slug_7f8cce32_like;
DROP INDEX public.patient_patient_slug_7f8cce32;
DROP INDEX public."patient_patient_rejectedScheds_patient_id_9df2451c";
DROP INDEX public."patient_patient_rejectedScheds_doctorschedule_id_05b469a5";
DROP INDEX public."patient_patient_personalRecord_personalrecord_id_42d4790b";
DROP INDEX public."patient_patient_personalRecord_patient_id_04758112";
DROP INDEX public."patient_patient_pendingScheds_patient_id_1d339a46";
DROP INDEX public."patient_patient_pendingScheds_doctorschedule_id_58dd819a";
DROP INDEX public."patient_patient_patientNotif_patientnotification_id_9d1276ca";
DROP INDEX public."patient_patient_patientNotif_patient_id_b48eb1f5";
DROP INDEX public.patient_patient_new_patient_notifications_patient_id_1f9c0e8e;
DROP INDEX public.patient_patient_new_patien_patientnotification_id_9d78158c;
DROP INDEX public."patient_patient_myDoctors_patient_id_3ee97e2d";
DROP INDEX public."patient_patient_myDoctors_doctor_id_510aef53";
DROP INDEX public.patient_patient_meds_patient_id_f63de01f;
DROP INDEX public.patient_patient_meds_medication_id_0f4fb49a;
DROP INDEX public.patient_patient_medical_history_patient_id_8f563ff3;
DROP INDEX public.patient_patient_medical_history_medhistform_id_8afe2e17;
DROP INDEX public.patient_patient_location_details_patient_id_e3cb8e8e;
DROP INDEX public.patient_patient_location_d_patientlocationdetails_id_b8b64cb2;
DROP INDEX public."patient_patient_finishedScheds_patient_id_78583ebc";
DROP INDEX public."patient_patient_finishedScheds_doctorschedule_id_226d4fad";
DROP INDEX public."patient_patient_approvedScheds_patient_id_ffd99c84";
DROP INDEX public."patient_patient_approvedScheds_doctorschedule_id_2a685fae";
DROP INDEX public.patient_medhistform_doctor_remarks_remark_id_0e0a4e16;
DROP INDEX public.patient_medhistform_doctor_remarks_medhistform_id_52bfc484;
DROP INDEX public.patient_medhistform_docs_viewed_usersviewed_id_a03d8d0b;
DROP INDEX public.patient_medhistform_docs_viewed_medhistform_id_1b3ed826;
DROP INDEX public.patient_icrform_doctor_remarks_remark_id_3fa260db;
DROP INDEX public.patient_icrform_doctor_remarks_icrform_id_9accf06e;
DROP INDEX public.patient_icrform_docs_viewed_usersviewed_id_449c9a1e;
DROP INDEX public.patient_icrform_docs_viewed_icrform_id_bc5c4eb2;
DROP INDEX public.doctor_doctorstats_monthly_stats_monthlystatistics_id_f96d55e9;
DROP INDEX public.doctor_doctorstats_monthly_stats_doctorstats_id_a1ea8317;
DROP INDEX public.doctor_doctorschedule_doc_views_details_usersviewed_id_5402743f;
DROP INDEX public.doctor_doctorschedule_doc_remark_note_id_c8ae6e6a;
DROP INDEX public.doctor_doctorschedule_doc_remark_doctorschedule_id_262fab1d;
DROP INDEX public.doctor_doctorschedule_doc__doctorschedule_id_29da9469;
DROP INDEX public.doctor_doctor_slug_7289a166_like;
DROP INDEX public.doctor_doctor_slug_7289a166;
DROP INDEX public.doctor_doctor_schedules_doctorschedule_id_bfe582ab;
DROP INDEX public.doctor_doctor_schedules_doctor_id_a1f225ee;
DROP INDEX public.doctor_doctor_rejected_scheds_doctorschedule_id_7da8f6ef;
DROP INDEX public.doctor_doctor_rejected_scheds_doctor_id_c647f336;
DROP INDEX public.doctor_doctor_pending_scheds_doctorschedule_id_0234c1cc;
DROP INDEX public.doctor_doctor_pending_scheds_doctor_id_a2ff7d64;
DROP INDEX public.doctor_doctor_new_notifs_doctornotification_id_33d72358;
DROP INDEX public.doctor_doctor_new_notifs_doctor_id_b8c08f74;
DROP INDEX public.doctor_doctor_finished_scheds_doctorschedule_id_9b55f20b;
DROP INDEX public.doctor_doctor_finished_scheds_doctor_id_eb632f57;
DROP INDEX public."doctor_doctor_doctorNotifs_doctornotification_id_f4f12d22";
DROP INDEX public."doctor_doctor_doctorNotifs_doctor_id_6ba348a3";
DROP INDEX public.django_session_session_key_c0390e0f_like;
DROP INDEX public.django_session_expire_date_a5c62663;
DROP INDEX public.django_admin_log_user_id_c564eba6;
DROP INDEX public.django_admin_log_content_type_id_c4bce8eb;
DROP INDEX public."cebuMap_incidence_location_id";
DROP INDEX public."cebuMap_cebumap_location_id";
DROP INDEX public."cebuMap_cebubarangays_stage_3_patient_id_086f6297";
DROP INDEX public."cebuMap_cebubarangays_stage_3_cebubarangays_id_c0e46738";
DROP INDEX public."cebuMap_cebubarangays_stage_2_patient_id_cb0cbb0b";
DROP INDEX public."cebuMap_cebubarangays_stage_2_cebubarangays_id_ec506841";
DROP INDEX public."cebuMap_cebubarangays_stage_1_patient_id_37ee7a3d";
DROP INDEX public."cebuMap_cebubarangays_stage_1_cebubarangays_id_1467517c";
DROP INDEX public."cebuMap_cebubarangays_stage_0_patient_id_082728e3";
DROP INDEX public."cebuMap_cebubarangays_stage_0_cebubarangays_id_4631fb92";
DROP INDEX public."cebuMap_cebubarangays_no_hiv_patient_id_148aea79";
DROP INDEX public."cebuMap_cebubarangays_no_hiv_cebubarangays_id_d91618c9";
DROP INDEX public."cebuMap_cebubarangays_migrated_patient_id_6855413c";
DROP INDEX public."cebuMap_cebubarangays_migrated_cebubarangays_id_fc7d6e87";
DROP INDEX public."cebuMap_cebubarangays_hiv_pop_patient_id_6a8a4739";
DROP INDEX public."cebuMap_cebubarangays_hiv_pop_cebubarangays_id_5aad2c08";
DROP INDEX public."cebuMap_cebubarangays_geom_id";
DROP INDEX public."cebuMap_cebubarangays_deceased_patient_id_39e2ce3c";
DROP INDEX public."cebuMap_cebubarangays_deceased_cebubarangays_id_6c41d17b";
DROP INDEX public.auth_user_username_6821ab7c_like;
DROP INDEX public.auth_user_user_permissions_user_id_a95ead1b;
DROP INDEX public.auth_user_user_permissions_permission_id_1fbb5f2c;
DROP INDEX public.auth_user_groups_user_id_6a12ed8b;
DROP INDEX public.auth_user_groups_group_id_97559544;
DROP INDEX public.auth_permission_content_type_id_2f476e4b;
DROP INDEX public.auth_group_permissions_permission_id_84c5c92e;
DROP INDEX public.auth_group_permissions_group_id_b120cbf9;
DROP INDEX public.auth_group_name_a6ea08ec_like;
ALTER TABLE ONLY public.portal_adminnotification DROP CONSTRAINT portal_adminnotification_pkey;
ALTER TABLE ONLY public.patient_profileform DROP CONSTRAINT patient_profileform_pkey;
ALTER TABLE ONLY public.patient_profileform_docs_viewed DROP CONSTRAINT patient_profileform_docs_viewed_pkey;
ALTER TABLE ONLY public.patient_profileform_docs_viewed DROP CONSTRAINT patient_profileform_docs_profileform_id_usersview_9accc661_uniq;
ALTER TABLE ONLY public.patient_profileform_doctor_remarks DROP CONSTRAINT patient_profileform_doc_remarks_pkey;
ALTER TABLE ONLY public.patient_profileform_doctor_remarks DROP CONSTRAINT patient_profileform_doc__profileform_id_comment_i_af395918_uniq;
ALTER TABLE ONLY public.patient_personalrecord DROP CONSTRAINT patient_personalrecord_pkey;
ALTER TABLE ONLY public.patient_personalrecord_docs_viewed DROP CONSTRAINT patient_personalrecord_docs_viewed_pkey;
ALTER TABLE ONLY public.patient_personalrecord_docs_viewed DROP CONSTRAINT patient_personalrecord_d_personalrecord_id_usersv_c376ec35_uniq;
ALTER TABLE ONLY public.patient_personalrecord_comment DROP CONSTRAINT patient_personalrecord_comment_pkey;
ALTER TABLE ONLY public.patient_personalrecord_comment DROP CONSTRAINT patient_personalrecord_c_personalrecord_id_remark_8eef242f_uniq;
ALTER TABLE ONLY public.patient_patientsmonthlystatistics DROP CONSTRAINT patient_patientsmonthlystatistics_pkey;
ALTER TABLE ONLY public.patient_patientnotification DROP CONSTRAINT patient_patientnotification_pkey;
ALTER TABLE ONLY public.patient_patientlocationdetails DROP CONSTRAINT patient_patientlocationdetails_pkey;
ALTER TABLE ONLY public.patient_patient_rejected_schedules DROP CONSTRAINT patient_patient_rejected_patient_id_doctorschedul_8f9bd58f_uniq;
ALTER TABLE ONLY public.patient_patient_rejected_schedules DROP CONSTRAINT "patient_patient_rejectedScheds_pkey";
ALTER TABLE ONLY public.patient_patient DROP CONSTRAINT patient_patient_profile_id_key;
ALTER TABLE ONLY public.patient_patient DROP CONSTRAINT patient_patient_pkey;
ALTER TABLE ONLY public.patient_patient_personal_records DROP CONSTRAINT patient_patient_personal_patient_id_personalrecor_3f2eddfc_uniq;
ALTER TABLE ONLY public.patient_patient_personal_records DROP CONSTRAINT "patient_patient_personalRecord_pkey";
ALTER TABLE ONLY public.patient_patient_pending_schedules DROP CONSTRAINT "patient_patient_pendingScheds_pkey";
ALTER TABLE ONLY public.patient_patient_pending_schedules DROP CONSTRAINT "patient_patient_pendingS_patient_id_doctorschedul_195ccbe8_uniq";
ALTER TABLE ONLY public.patient_patient_patient_notifications DROP CONSTRAINT "patient_patient_patientNotif_pkey";
ALTER TABLE ONLY public.patient_patient_patient_notifications DROP CONSTRAINT "patient_patient_patientN_patient_id_patientnotifi_4d5e2983_uniq";
ALTER TABLE ONLY public.patient_patient_patient_new_notifications DROP CONSTRAINT patient_patient_new_patient_notifications_pkey;
ALTER TABLE ONLY public.patient_patient_patient_new_notifications DROP CONSTRAINT patient_patient_new_pati_patient_id_patientnotifi_ae3a5c17_uniq;
ALTER TABLE ONLY public.patient_patient_my_doctors DROP CONSTRAINT "patient_patient_myDoctors_pkey";
ALTER TABLE ONLY public.patient_patient_my_doctors DROP CONSTRAINT "patient_patient_myDoctors_patient_id_doctor_id_7b3d880a_uniq";
ALTER TABLE ONLY public.patient_patient_meds DROP CONSTRAINT patient_patient_meds_pkey;
ALTER TABLE ONLY public.patient_patient_meds DROP CONSTRAINT patient_patient_meds_patient_id_medication_id_b51b22bf_uniq;
ALTER TABLE ONLY public.patient_patient_medical_history DROP CONSTRAINT patient_patient_medical_history_pkey;
ALTER TABLE ONLY public.patient_patient_medical_history DROP CONSTRAINT patient_patient_medical__patient_id_medhistform_i_c31eb5be_uniq;
ALTER TABLE ONLY public.patient_patient_location_details DROP CONSTRAINT patient_patient_location_patient_id_patientlocati_57a8bbd8_uniq;
ALTER TABLE ONLY public.patient_patient_location_details DROP CONSTRAINT patient_patient_location_details_pkey;
ALTER TABLE ONLY public.patient_patient_finished_schedules DROP CONSTRAINT patient_patient_finished_patient_id_doctorschedul_7486cc01_uniq;
ALTER TABLE ONLY public.patient_patient_finished_schedules DROP CONSTRAINT "patient_patient_finishedScheds_pkey";
ALTER TABLE ONLY public.patient_patient_approved_schedules DROP CONSTRAINT patient_patient_approved_patient_id_doctorschedul_0d51c825_uniq;
ALTER TABLE ONLY public.patient_patient_approved_schedules DROP CONSTRAINT "patient_patient_approvedScheds_pkey";
ALTER TABLE ONLY public.patient_medication DROP CONSTRAINT patient_medication_pkey;
ALTER TABLE ONLY public.patient_medhistform DROP CONSTRAINT patient_medhistform_pkey;
ALTER TABLE ONLY public.patient_medhistform_doctor_remarks DROP CONSTRAINT patient_medhistform_doctor_remarks_pkey;
ALTER TABLE ONLY public.patient_medhistform_doctor_remarks DROP CONSTRAINT patient_medhistform_doct_medhistform_id_remark_id_deeaba08_uniq;
ALTER TABLE ONLY public.patient_medhistform_docs_viewed DROP CONSTRAINT patient_medhistform_docs_viewed_pkey;
ALTER TABLE ONLY public.patient_medhistform_docs_viewed DROP CONSTRAINT patient_medhistform_docs_medhistform_id_usersview_07b03ec3_uniq;
ALTER TABLE ONLY public.patient_icrform DROP CONSTRAINT patient_icrform_pkey;
ALTER TABLE ONLY public.patient_icrform_doctor_remarks DROP CONSTRAINT patient_icrform_doctor_remarks_pkey;
ALTER TABLE ONLY public.patient_icrform_doctor_remarks DROP CONSTRAINT patient_icrform_doctor_r_icrform_id_remark_id_22c46a22_uniq;
ALTER TABLE ONLY public.patient_icrform_docs_viewed DROP CONSTRAINT patient_icrform_docs_viewed_pkey;
ALTER TABLE ONLY public.patient_icrform_docs_viewed DROP CONSTRAINT patient_icrform_docs_vie_icrform_id_usersviewed_i_fd4f75c7_uniq;
ALTER TABLE ONLY public.doctor_usersviewed DROP CONSTRAINT doctor_usersviewed_pkey;
ALTER TABLE ONLY public.doctor_remark DROP CONSTRAINT doctor_note_pkey;
ALTER TABLE ONLY public.doctor_monthlystatistics DROP CONSTRAINT doctor_monthlystatistics_pkey;
ALTER TABLE ONLY public.doctor_medicine DROP CONSTRAINT doctor_medicine_pkey;
ALTER TABLE ONLY public.doctor_doctorstats DROP CONSTRAINT doctor_doctorstats_pkey;
ALTER TABLE ONLY public.doctor_doctorstats_monthly_stats DROP CONSTRAINT doctor_doctorstats_monthly_stats_pkey;
ALTER TABLE ONLY public.doctor_doctorstats_monthly_stats DROP CONSTRAINT doctor_doctorstats_month_doctorstats_id_monthlyst_908ccdfd_uniq;
ALTER TABLE ONLY public.doctor_doctorschedule DROP CONSTRAINT doctor_doctorschedule_pkey;
ALTER TABLE ONLY public.doctor_doctorschedule_users_viewed DROP CONSTRAINT doctor_doctorschedule_doc_views_details_pkey;
ALTER TABLE ONLY public.doctor_doctorschedule_doc_remark DROP CONSTRAINT doctor_doctorschedule_doc_remark_pkey;
ALTER TABLE ONLY public.doctor_doctorschedule_users_viewed DROP CONSTRAINT doctor_doctorschedule_do_doctorschedule_id_usersv_ac687590_uniq;
ALTER TABLE ONLY public.doctor_doctorschedule_doc_remark DROP CONSTRAINT doctor_doctorschedule_do_doctorschedule_id_note_i_1fdf0288_uniq;
ALTER TABLE ONLY public.doctor_doctornotification DROP CONSTRAINT doctor_doctornotification_pkey;
ALTER TABLE ONLY public.doctor_doctor DROP CONSTRAINT doctor_doctor_weekly_stats_id_key;
ALTER TABLE ONLY public.doctor_doctor_schedules DROP CONSTRAINT doctor_doctor_schedules_pkey;
ALTER TABLE ONLY public.doctor_doctor_schedules DROP CONSTRAINT doctor_doctor_schedules_doctor_id_doctorschedule_d3adfdb5_uniq;
ALTER TABLE ONLY public.doctor_doctor_rejected_scheds DROP CONSTRAINT doctor_doctor_rejected_scheds_pkey;
ALTER TABLE ONLY public.doctor_doctor_rejected_scheds DROP CONSTRAINT doctor_doctor_rejected_s_doctor_id_doctorschedule_f99c2aae_uniq;
ALTER TABLE ONLY public.doctor_doctor DROP CONSTRAINT doctor_doctor_pkey;
ALTER TABLE ONLY public.doctor_doctor_pending_scheds DROP CONSTRAINT doctor_doctor_pending_scheds_pkey;
ALTER TABLE ONLY public.doctor_doctor_pending_scheds DROP CONSTRAINT doctor_doctor_pending_sc_doctor_id_doctorschedule_d9cd6807_uniq;
ALTER TABLE ONLY public.doctor_doctor_new_notifs DROP CONSTRAINT doctor_doctor_new_notifs_pkey;
ALTER TABLE ONLY public.doctor_doctor_new_notifs DROP CONSTRAINT doctor_doctor_new_notifs_doctor_id_doctornotifica_dcbc9409_uniq;
ALTER TABLE ONLY public.doctor_doctor_finished_scheds DROP CONSTRAINT doctor_doctor_finished_scheds_pkey;
ALTER TABLE ONLY public.doctor_doctor_finished_scheds DROP CONSTRAINT doctor_doctor_finished_s_doctor_id_doctorschedule_b90c794b_uniq;
ALTER TABLE ONLY public."doctor_doctor_doctorNotifs" DROP CONSTRAINT "doctor_doctor_doctorNotifs_pkey";
ALTER TABLE ONLY public."doctor_doctor_doctorNotifs" DROP CONSTRAINT "doctor_doctor_doctorNoti_doctor_id_doctornotifica_4aabd4ae_uniq";
ALTER TABLE ONLY public.django_session DROP CONSTRAINT django_session_pkey;
ALTER TABLE ONLY public.django_migrations DROP CONSTRAINT django_migrations_pkey;
ALTER TABLE ONLY public.django_content_type DROP CONSTRAINT django_content_type_pkey;
ALTER TABLE ONLY public.django_content_type DROP CONSTRAINT django_content_type_app_label_model_76bd3d3b_uniq;
ALTER TABLE ONLY public.django_admin_log DROP CONSTRAINT django_admin_log_pkey;
ALTER TABLE ONLY public."cebuMap_incidence" DROP CONSTRAINT "cebuMap_incidence_pkey";
ALTER TABLE ONLY public."cebuMap_cebumap" DROP CONSTRAINT "cebuMap_cebumap_pkey1";
ALTER TABLE ONLY public."cebuMap_cebubarangays_stage_3" DROP CONSTRAINT "cebuMap_cebubarangays_stage_3_pkey";
ALTER TABLE ONLY public."cebuMap_cebubarangays_stage_2" DROP CONSTRAINT "cebuMap_cebubarangays_stage_2_pkey";
ALTER TABLE ONLY public."cebuMap_cebubarangays_stage_1" DROP CONSTRAINT "cebuMap_cebubarangays_stage_1_pkey";
ALTER TABLE ONLY public."cebuMap_cebubarangays_stage_0" DROP CONSTRAINT "cebuMap_cebubarangays_stage_0_pkey";
ALTER TABLE ONLY public."cebuMap_cebubarangays_stage_1" DROP CONSTRAINT "cebuMap_cebubarangays_st_cebubarangays_id_patient_ebe059ae_uniq";
ALTER TABLE ONLY public."cebuMap_cebubarangays_stage_3" DROP CONSTRAINT "cebuMap_cebubarangays_st_cebubarangays_id_patient_965731ad_uniq";
ALTER TABLE ONLY public."cebuMap_cebubarangays_stage_2" DROP CONSTRAINT "cebuMap_cebubarangays_st_cebubarangays_id_patient_6247f3ec_uniq";
ALTER TABLE ONLY public."cebuMap_cebubarangays_stage_0" DROP CONSTRAINT "cebuMap_cebubarangays_st_cebubarangays_id_patient_0fa086c4_uniq";
ALTER TABLE ONLY public."cebuMap_cebubarangays" DROP CONSTRAINT "cebuMap_cebubarangays_pkey";
ALTER TABLE ONLY public."cebuMap_cebubarangays_for_screening" DROP CONSTRAINT "cebuMap_cebubarangays_no_hiv_pkey";
ALTER TABLE ONLY public."cebuMap_cebubarangays_for_screening" DROP CONSTRAINT "cebuMap_cebubarangays_no_cebubarangays_id_patient_d1fadfa2_uniq";
ALTER TABLE ONLY public."cebuMap_cebubarangays_migrated" DROP CONSTRAINT "cebuMap_cebubarangays_migrated_pkey";
ALTER TABLE ONLY public."cebuMap_cebubarangays_migrated" DROP CONSTRAINT "cebuMap_cebubarangays_mi_cebubarangays_id_patient_caebf437_uniq";
ALTER TABLE ONLY public."cebuMap_cebubarangays_hiv_pop" DROP CONSTRAINT "cebuMap_cebubarangays_hiv_pop_pkey";
ALTER TABLE ONLY public."cebuMap_cebubarangays_hiv_pop" DROP CONSTRAINT "cebuMap_cebubarangays_hi_cebubarangays_id_patient_cf6594d9_uniq";
ALTER TABLE ONLY public."cebuMap_cebubarangays_deceased" DROP CONSTRAINT "cebuMap_cebubarangays_deceased_pkey";
ALTER TABLE ONLY public."cebuMap_cebubarangays_deceased" DROP CONSTRAINT "cebuMap_cebubarangays_de_cebubarangays_id_patient_6ebfbd7b_uniq";
ALTER TABLE ONLY public.auth_user DROP CONSTRAINT auth_user_username_key;
ALTER TABLE ONLY public.auth_user_user_permissions DROP CONSTRAINT auth_user_user_permissions_user_id_permission_id_14a6b632_uniq;
ALTER TABLE ONLY public.auth_user_user_permissions DROP CONSTRAINT auth_user_user_permissions_pkey;
ALTER TABLE ONLY public.auth_user DROP CONSTRAINT auth_user_pkey;
ALTER TABLE ONLY public.auth_user_groups DROP CONSTRAINT auth_user_groups_user_id_group_id_94350c0c_uniq;
ALTER TABLE ONLY public.auth_user_groups DROP CONSTRAINT auth_user_groups_pkey;
ALTER TABLE ONLY public.auth_permission DROP CONSTRAINT auth_permission_pkey;
ALTER TABLE ONLY public.auth_permission DROP CONSTRAINT auth_permission_content_type_id_codename_01ab375a_uniq;
ALTER TABLE ONLY public.auth_group DROP CONSTRAINT auth_group_pkey;
ALTER TABLE ONLY public.auth_group_permissions DROP CONSTRAINT auth_group_permissions_pkey;
ALTER TABLE ONLY public.auth_group_permissions DROP CONSTRAINT auth_group_permissions_group_id_permission_id_0cd325b0_uniq;
ALTER TABLE ONLY public.auth_group DROP CONSTRAINT auth_group_name_key;
ALTER TABLE public.portal_adminnotification ALTER COLUMN id DROP DEFAULT;
ALTER TABLE public.patient_profileform_doctor_remarks ALTER COLUMN id DROP DEFAULT;
ALTER TABLE public.patient_profileform_docs_viewed ALTER COLUMN id DROP DEFAULT;
ALTER TABLE public.patient_profileform ALTER COLUMN id DROP DEFAULT;
ALTER TABLE public.patient_personalrecord_docs_viewed ALTER COLUMN id DROP DEFAULT;
ALTER TABLE public.patient_personalrecord_comment ALTER COLUMN id DROP DEFAULT;
ALTER TABLE public.patient_personalrecord ALTER COLUMN id DROP DEFAULT;
ALTER TABLE public.patient_patientsmonthlystatistics ALTER COLUMN id DROP DEFAULT;
ALTER TABLE public.patient_patientnotification ALTER COLUMN id DROP DEFAULT;
ALTER TABLE public.patient_patientlocationdetails ALTER COLUMN id DROP DEFAULT;
ALTER TABLE public.patient_patient_rejected_schedules ALTER COLUMN id DROP DEFAULT;
ALTER TABLE public.patient_patient_personal_records ALTER COLUMN id DROP DEFAULT;
ALTER TABLE public.patient_patient_pending_schedules ALTER COLUMN id DROP DEFAULT;
ALTER TABLE public.patient_patient_patient_notifications ALTER COLUMN id DROP DEFAULT;
ALTER TABLE public.patient_patient_patient_new_notifications ALTER COLUMN id DROP DEFAULT;
ALTER TABLE public.patient_patient_my_doctors ALTER COLUMN id DROP DEFAULT;
ALTER TABLE public.patient_patient_meds ALTER COLUMN id DROP DEFAULT;
ALTER TABLE public.patient_patient_medical_history ALTER COLUMN id DROP DEFAULT;
ALTER TABLE public.patient_patient_location_details ALTER COLUMN id DROP DEFAULT;
ALTER TABLE public.patient_patient_finished_schedules ALTER COLUMN id DROP DEFAULT;
ALTER TABLE public.patient_patient_approved_schedules ALTER COLUMN id DROP DEFAULT;
ALTER TABLE public.patient_medication ALTER COLUMN id DROP DEFAULT;
ALTER TABLE public.patient_medhistform_doctor_remarks ALTER COLUMN id DROP DEFAULT;
ALTER TABLE public.patient_medhistform_docs_viewed ALTER COLUMN id DROP DEFAULT;
ALTER TABLE public.patient_medhistform ALTER COLUMN id DROP DEFAULT;
ALTER TABLE public.patient_icrform_doctor_remarks ALTER COLUMN id DROP DEFAULT;
ALTER TABLE public.patient_icrform_docs_viewed ALTER COLUMN id DROP DEFAULT;
ALTER TABLE public.patient_icrform ALTER COLUMN id DROP DEFAULT;
ALTER TABLE public.doctor_usersviewed ALTER COLUMN id DROP DEFAULT;
ALTER TABLE public.doctor_remark ALTER COLUMN id DROP DEFAULT;
ALTER TABLE public.doctor_monthlystatistics ALTER COLUMN id DROP DEFAULT;
ALTER TABLE public.doctor_medicine ALTER COLUMN id DROP DEFAULT;
ALTER TABLE public.doctor_doctorstats_monthly_stats ALTER COLUMN id DROP DEFAULT;
ALTER TABLE public.doctor_doctorstats ALTER COLUMN id DROP DEFAULT;
ALTER TABLE public.doctor_doctorschedule_users_viewed ALTER COLUMN id DROP DEFAULT;
ALTER TABLE public.doctor_doctorschedule_doc_remark ALTER COLUMN id DROP DEFAULT;
ALTER TABLE public.doctor_doctorschedule ALTER COLUMN id DROP DEFAULT;
ALTER TABLE public.doctor_doctornotification ALTER COLUMN id DROP DEFAULT;
ALTER TABLE public.doctor_doctor_schedules ALTER COLUMN id DROP DEFAULT;
ALTER TABLE public.doctor_doctor_rejected_scheds ALTER COLUMN id DROP DEFAULT;
ALTER TABLE public.doctor_doctor_pending_scheds ALTER COLUMN id DROP DEFAULT;
ALTER TABLE public.doctor_doctor_new_notifs ALTER COLUMN id DROP DEFAULT;
ALTER TABLE public.doctor_doctor_finished_scheds ALTER COLUMN id DROP DEFAULT;
ALTER TABLE public."doctor_doctor_doctorNotifs" ALTER COLUMN id DROP DEFAULT;
ALTER TABLE public.doctor_doctor ALTER COLUMN id DROP DEFAULT;
ALTER TABLE public.django_migrations ALTER COLUMN id DROP DEFAULT;
ALTER TABLE public.django_content_type ALTER COLUMN id DROP DEFAULT;
ALTER TABLE public.django_admin_log ALTER COLUMN id DROP DEFAULT;
ALTER TABLE public."cebuMap_incidence" ALTER COLUMN id DROP DEFAULT;
ALTER TABLE public."cebuMap_cebumap" ALTER COLUMN id DROP DEFAULT;
ALTER TABLE public."cebuMap_cebubarangays_stage_3" ALTER COLUMN id DROP DEFAULT;
ALTER TABLE public."cebuMap_cebubarangays_stage_2" ALTER COLUMN id DROP DEFAULT;
ALTER TABLE public."cebuMap_cebubarangays_stage_1" ALTER COLUMN id DROP DEFAULT;
ALTER TABLE public."cebuMap_cebubarangays_stage_0" ALTER COLUMN id DROP DEFAULT;
ALTER TABLE public."cebuMap_cebubarangays_migrated" ALTER COLUMN id DROP DEFAULT;
ALTER TABLE public."cebuMap_cebubarangays_hiv_pop" ALTER COLUMN id DROP DEFAULT;
ALTER TABLE public."cebuMap_cebubarangays_for_screening" ALTER COLUMN id DROP DEFAULT;
ALTER TABLE public."cebuMap_cebubarangays_deceased" ALTER COLUMN id DROP DEFAULT;
ALTER TABLE public."cebuMap_cebubarangays" ALTER COLUMN id DROP DEFAULT;
ALTER TABLE public.auth_user_user_permissions ALTER COLUMN id DROP DEFAULT;
ALTER TABLE public.auth_user_groups ALTER COLUMN id DROP DEFAULT;
ALTER TABLE public.auth_user ALTER COLUMN id DROP DEFAULT;
ALTER TABLE public.auth_permission ALTER COLUMN id DROP DEFAULT;
ALTER TABLE public.auth_group_permissions ALTER COLUMN id DROP DEFAULT;
ALTER TABLE public.auth_group ALTER COLUMN id DROP DEFAULT;
DROP SEQUENCE public.portal_adminnotification_id_seq;
DROP TABLE public.portal_adminnotification;
DROP SEQUENCE public.patient_profileform_id_seq;
DROP SEQUENCE public.patient_profileform_docs_viewed_id_seq;
DROP TABLE public.patient_profileform_docs_viewed;
DROP SEQUENCE public.patient_profileform_doc_remarks_id_seq;
DROP TABLE public.patient_profileform_doctor_remarks;
DROP TABLE public.patient_profileform;
DROP SEQUENCE public.patient_personalrecord_id_seq;
DROP SEQUENCE public.patient_personalrecord_docs_viewed_id_seq;
DROP TABLE public.patient_personalrecord_docs_viewed;
DROP SEQUENCE public.patient_personalrecord_comment_id_seq;
DROP TABLE public.patient_personalrecord_comment;
DROP TABLE public.patient_personalrecord;
DROP SEQUENCE public.patient_patientsmonthlystatistics_id_seq;
DROP TABLE public.patient_patientsmonthlystatistics;
DROP SEQUENCE public.patient_patientnotification_id_seq;
DROP TABLE public.patient_patientnotification;
DROP SEQUENCE public.patient_patientlocationdetails_id_seq;
DROP TABLE public.patient_patientlocationdetails;
DROP SEQUENCE public."patient_patient_rejectedScheds_id_seq";
DROP TABLE public.patient_patient_rejected_schedules;
DROP SEQUENCE public."patient_patient_personalRecord_id_seq";
DROP TABLE public.patient_patient_personal_records;
DROP SEQUENCE public."patient_patient_pendingScheds_id_seq";
DROP TABLE public.patient_patient_pending_schedules;
DROP SEQUENCE public."patient_patient_patientNotif_id_seq";
DROP TABLE public.patient_patient_patient_notifications;
DROP SEQUENCE public.patient_patient_new_patient_notifications_id_seq;
DROP TABLE public.patient_patient_patient_new_notifications;
DROP SEQUENCE public."patient_patient_myDoctors_id_seq";
DROP TABLE public.patient_patient_my_doctors;
DROP SEQUENCE public.patient_patient_meds_id_seq;
DROP TABLE public.patient_patient_meds;
DROP SEQUENCE public.patient_patient_medical_history_id_seq;
DROP TABLE public.patient_patient_medical_history;
DROP SEQUENCE public.patient_patient_location_details_id_seq;
DROP TABLE public.patient_patient_location_details;
DROP SEQUENCE public."patient_patient_finishedScheds_id_seq";
DROP TABLE public.patient_patient_finished_schedules;
DROP SEQUENCE public."patient_patient_approvedScheds_id_seq";
DROP TABLE public.patient_patient_approved_schedules;
DROP TABLE public.patient_patient;
DROP SEQUENCE public.patient_medication_id_seq;
DROP TABLE public.patient_medication;
DROP SEQUENCE public.patient_medhistform_id_seq;
DROP SEQUENCE public.patient_medhistform_doctor_remarks_id_seq;
DROP TABLE public.patient_medhistform_doctor_remarks;
DROP SEQUENCE public.patient_medhistform_docs_viewed_id_seq;
DROP TABLE public.patient_medhistform_docs_viewed;
DROP TABLE public.patient_medhistform;
DROP SEQUENCE public.patient_icrform_id_seq;
DROP SEQUENCE public.patient_icrform_doctor_remarks_id_seq;
DROP TABLE public.patient_icrform_doctor_remarks;
DROP SEQUENCE public.patient_icrform_docs_viewed_id_seq;
DROP TABLE public.patient_icrform_docs_viewed;
DROP TABLE public.patient_icrform;
DROP SEQUENCE public.doctor_usersviewed_id_seq;
DROP TABLE public.doctor_usersviewed;
DROP SEQUENCE public.doctor_note_id_seq;
DROP TABLE public.doctor_remark;
DROP SEQUENCE public.doctor_monthlystatistics_id_seq;
DROP TABLE public.doctor_monthlystatistics;
DROP SEQUENCE public.doctor_medicine_id_seq;
DROP TABLE public.doctor_medicine;
DROP SEQUENCE public.doctor_doctorstats_monthly_stats_id_seq;
DROP TABLE public.doctor_doctorstats_monthly_stats;
DROP SEQUENCE public.doctor_doctorstats_id_seq;
DROP TABLE public.doctor_doctorstats;
DROP SEQUENCE public.doctor_doctorschedule_id_seq;
DROP SEQUENCE public.doctor_doctorschedule_doc_views_details_id_seq;
DROP TABLE public.doctor_doctorschedule_users_viewed;
DROP SEQUENCE public.doctor_doctorschedule_doc_remark_id_seq;
DROP TABLE public.doctor_doctorschedule_doc_remark;
DROP TABLE public.doctor_doctorschedule;
DROP SEQUENCE public.doctor_doctornotification_id_seq;
DROP TABLE public.doctor_doctornotification;
DROP SEQUENCE public.doctor_doctor_schedules_id_seq;
DROP TABLE public.doctor_doctor_schedules;
DROP SEQUENCE public.doctor_doctor_rejected_scheds_id_seq;
DROP TABLE public.doctor_doctor_rejected_scheds;
DROP SEQUENCE public.doctor_doctor_pending_scheds_id_seq;
DROP TABLE public.doctor_doctor_pending_scheds;
DROP SEQUENCE public.doctor_doctor_new_notifs_id_seq;
DROP TABLE public.doctor_doctor_new_notifs;
DROP SEQUENCE public.doctor_doctor_id_seq;
DROP SEQUENCE public.doctor_doctor_finished_scheds_id_seq;
DROP TABLE public.doctor_doctor_finished_scheds;
DROP SEQUENCE public."doctor_doctor_doctorNotifs_id_seq";
DROP TABLE public."doctor_doctor_doctorNotifs";
DROP TABLE public.doctor_doctor;
DROP TABLE public.django_session;
DROP SEQUENCE public.django_migrations_id_seq;
DROP TABLE public.django_migrations;
DROP SEQUENCE public.django_content_type_id_seq;
DROP TABLE public.django_content_type;
DROP SEQUENCE public.django_admin_log_id_seq;
DROP TABLE public.django_admin_log;
DROP SEQUENCE public."cebuMap_incidence_id_seq";
DROP TABLE public."cebuMap_incidence";
DROP SEQUENCE public."cebuMap_cebumap_id_seq1";
DROP TABLE public."cebuMap_cebumap";
DROP SEQUENCE public."cebuMap_cebubarangays_stage_3_id_seq";
DROP TABLE public."cebuMap_cebubarangays_stage_3";
DROP SEQUENCE public."cebuMap_cebubarangays_stage_2_id_seq";
DROP TABLE public."cebuMap_cebubarangays_stage_2";
DROP SEQUENCE public."cebuMap_cebubarangays_stage_1_id_seq";
DROP TABLE public."cebuMap_cebubarangays_stage_1";
DROP SEQUENCE public."cebuMap_cebubarangays_stage_0_id_seq";
DROP TABLE public."cebuMap_cebubarangays_stage_0";
DROP SEQUENCE public."cebuMap_cebubarangays_no_hiv_id_seq";
DROP SEQUENCE public."cebuMap_cebubarangays_migrated_id_seq";
DROP TABLE public."cebuMap_cebubarangays_migrated";
DROP SEQUENCE public."cebuMap_cebubarangays_id_seq";
DROP SEQUENCE public."cebuMap_cebubarangays_hiv_pop_id_seq";
DROP TABLE public."cebuMap_cebubarangays_hiv_pop";
DROP TABLE public."cebuMap_cebubarangays_for_screening";
DROP SEQUENCE public."cebuMap_cebubarangays_deceased_id_seq";
DROP TABLE public."cebuMap_cebubarangays_deceased";
DROP TABLE public."cebuMap_cebubarangays";
DROP SEQUENCE public.auth_user_user_permissions_id_seq;
DROP TABLE public.auth_user_user_permissions;
DROP SEQUENCE public.auth_user_id_seq;
DROP SEQUENCE public.auth_user_groups_id_seq;
DROP TABLE public.auth_user_groups;
DROP TABLE public.auth_user;
DROP SEQUENCE public.auth_permission_id_seq;
DROP TABLE public.auth_permission;
DROP SEQUENCE public.auth_group_permissions_id_seq;
DROP TABLE public.auth_group_permissions;
DROP SEQUENCE public.auth_group_id_seq;
DROP TABLE public.auth_group;
DROP EXTENSION postgis_topology;
DROP EXTENSION postgis;
DROP EXTENSION plpgsql;
DROP SCHEMA topology;
DROP SCHEMA public;
--
-- Name: public; Type: SCHEMA; Schema: -; Owner: postgres
--

CREATE SCHEMA public;


ALTER SCHEMA public OWNER TO postgres;

--
-- Name: SCHEMA public; Type: COMMENT; Schema: -; Owner: postgres
--

COMMENT ON SCHEMA public IS 'standard public schema';


--
-- Name: topology; Type: SCHEMA; Schema: -; Owner: postgres
--

CREATE SCHEMA topology;


ALTER SCHEMA topology OWNER TO postgres;

--
-- Name: SCHEMA topology; Type: COMMENT; Schema: -; Owner: postgres
--

COMMENT ON SCHEMA topology IS 'PostGIS Topology schema';


--
-- Name: plpgsql; Type: EXTENSION; Schema: -; Owner: 
--

CREATE EXTENSION IF NOT EXISTS plpgsql WITH SCHEMA pg_catalog;


--
-- Name: EXTENSION plpgsql; Type: COMMENT; Schema: -; Owner: 
--

COMMENT ON EXTENSION plpgsql IS 'PL/pgSQL procedural language';


--
-- Name: postgis; Type: EXTENSION; Schema: -; Owner: 
--

CREATE EXTENSION IF NOT EXISTS postgis WITH SCHEMA public;


--
-- Name: EXTENSION postgis; Type: COMMENT; Schema: -; Owner: 
--

COMMENT ON EXTENSION postgis IS 'PostGIS geometry, geography, and raster spatial types and functions';


--
-- Name: postgis_topology; Type: EXTENSION; Schema: -; Owner: 
--

CREATE EXTENSION IF NOT EXISTS postgis_topology WITH SCHEMA topology;


--
-- Name: EXTENSION postgis_topology; Type: COMMENT; Schema: -; Owner: 
--

COMMENT ON EXTENSION postgis_topology IS 'PostGIS topology spatial types and functions';


SET default_tablespace = '';

SET default_with_oids = false;

--
-- Name: auth_group; Type: TABLE; Schema: public; Owner: postgres
--

CREATE TABLE public.auth_group (
    id integer NOT NULL,
    name character varying(150) NOT NULL
);


ALTER TABLE public.auth_group OWNER TO postgres;

--
-- Name: auth_group_id_seq; Type: SEQUENCE; Schema: public; Owner: postgres
--

CREATE SEQUENCE public.auth_group_id_seq
    START WITH 1
    INCREMENT BY 1
    NO MINVALUE
    NO MAXVALUE
    CACHE 1;


ALTER TABLE public.auth_group_id_seq OWNER TO postgres;

--
-- Name: auth_group_id_seq; Type: SEQUENCE OWNED BY; Schema: public; Owner: postgres
--

ALTER SEQUENCE public.auth_group_id_seq OWNED BY public.auth_group.id;


--
-- Name: auth_group_permissions; Type: TABLE; Schema: public; Owner: postgres
--

CREATE TABLE public.auth_group_permissions (
    id integer NOT NULL,
    group_id integer NOT NULL,
    permission_id integer NOT NULL
);


ALTER TABLE public.auth_group_permissions OWNER TO postgres;

--
-- Name: auth_group_permissions_id_seq; Type: SEQUENCE; Schema: public; Owner: postgres
--

CREATE SEQUENCE public.auth_group_permissions_id_seq
    START WITH 1
    INCREMENT BY 1
    NO MINVALUE
    NO MAXVALUE
    CACHE 1;


ALTER TABLE public.auth_group_permissions_id_seq OWNER TO postgres;

--
-- Name: auth_group_permissions_id_seq; Type: SEQUENCE OWNED BY; Schema: public; Owner: postgres
--

ALTER SEQUENCE public.auth_group_permissions_id_seq OWNED BY public.auth_group_permissions.id;


--
-- Name: auth_permission; Type: TABLE; Schema: public; Owner: postgres
--

CREATE TABLE public.auth_permission (
    id integer NOT NULL,
    name character varying(255) NOT NULL,
    content_type_id integer NOT NULL,
    codename character varying(100) NOT NULL
);


ALTER TABLE public.auth_permission OWNER TO postgres;

--
-- Name: auth_permission_id_seq; Type: SEQUENCE; Schema: public; Owner: postgres
--

CREATE SEQUENCE public.auth_permission_id_seq
    START WITH 1
    INCREMENT BY 1
    NO MINVALUE
    NO MAXVALUE
    CACHE 1;


ALTER TABLE public.auth_permission_id_seq OWNER TO postgres;

--
-- Name: auth_permission_id_seq; Type: SEQUENCE OWNED BY; Schema: public; Owner: postgres
--

ALTER SEQUENCE public.auth_permission_id_seq OWNED BY public.auth_permission.id;


--
-- Name: auth_user; Type: TABLE; Schema: public; Owner: postgres
--

CREATE TABLE public.auth_user (
    id integer NOT NULL,
    password character varying(128) NOT NULL,
    last_login timestamp with time zone,
    is_superuser boolean NOT NULL,
    username character varying(150) NOT NULL,
    first_name character varying(30) NOT NULL,
    last_name character varying(150) NOT NULL,
    email character varying(254) NOT NULL,
    is_staff boolean NOT NULL,
    is_active boolean NOT NULL,
    date_joined timestamp with time zone NOT NULL
);


ALTER TABLE public.auth_user OWNER TO postgres;

--
-- Name: auth_user_groups; Type: TABLE; Schema: public; Owner: postgres
--

CREATE TABLE public.auth_user_groups (
    id integer NOT NULL,
    user_id integer NOT NULL,
    group_id integer NOT NULL
);


ALTER TABLE public.auth_user_groups OWNER TO postgres;

--
-- Name: auth_user_groups_id_seq; Type: SEQUENCE; Schema: public; Owner: postgres
--

CREATE SEQUENCE public.auth_user_groups_id_seq
    START WITH 1
    INCREMENT BY 1
    NO MINVALUE
    NO MAXVALUE
    CACHE 1;


ALTER TABLE public.auth_user_groups_id_seq OWNER TO postgres;

--
-- Name: auth_user_groups_id_seq; Type: SEQUENCE OWNED BY; Schema: public; Owner: postgres
--

ALTER SEQUENCE public.auth_user_groups_id_seq OWNED BY public.auth_user_groups.id;


--
-- Name: auth_user_id_seq; Type: SEQUENCE; Schema: public; Owner: postgres
--

CREATE SEQUENCE public.auth_user_id_seq
    START WITH 1
    INCREMENT BY 1
    NO MINVALUE
    NO MAXVALUE
    CACHE 1;


ALTER TABLE public.auth_user_id_seq OWNER TO postgres;

--
-- Name: auth_user_id_seq; Type: SEQUENCE OWNED BY; Schema: public; Owner: postgres
--

ALTER SEQUENCE public.auth_user_id_seq OWNED BY public.auth_user.id;


--
-- Name: auth_user_user_permissions; Type: TABLE; Schema: public; Owner: postgres
--

CREATE TABLE public.auth_user_user_permissions (
    id integer NOT NULL,
    user_id integer NOT NULL,
    permission_id integer NOT NULL
);


ALTER TABLE public.auth_user_user_permissions OWNER TO postgres;

--
-- Name: auth_user_user_permissions_id_seq; Type: SEQUENCE; Schema: public; Owner: postgres
--

CREATE SEQUENCE public.auth_user_user_permissions_id_seq
    START WITH 1
    INCREMENT BY 1
    NO MINVALUE
    NO MAXVALUE
    CACHE 1;


ALTER TABLE public.auth_user_user_permissions_id_seq OWNER TO postgres;

--
-- Name: auth_user_user_permissions_id_seq; Type: SEQUENCE OWNED BY; Schema: public; Owner: postgres
--

ALTER SEQUENCE public.auth_user_user_permissions_id_seq OWNED BY public.auth_user_user_permissions.id;


--
-- Name: cebuMap_cebubarangays; Type: TABLE; Schema: public; Owner: postgres
--

CREATE TABLE public."cebuMap_cebubarangays" (
    id integer NOT NULL,
    objectid integer NOT NULL,
    iso character varying(254) NOT NULL,
    name_0 character varying(254) NOT NULL,
    name_1 character varying(254) NOT NULL,
    varname_1 character varying(254) NOT NULL,
    nl_name_1 character varying(254) NOT NULL,
    hasc_1 character varying(254) NOT NULL,
    fips_1 character varying(254) NOT NULL,
    cc_1 character varying(254) NOT NULL,
    type_1 character varying(254) NOT NULL,
    engtype_1 character varying(254) NOT NULL,
    validfr_1 character varying(254) NOT NULL,
    validto_1 character varying(254) NOT NULL,
    remarks_1 character varying(254) NOT NULL,
    name_2 character varying(254) NOT NULL,
    varname_2 character varying(254) NOT NULL,
    nl_name_2 character varying(254) NOT NULL,
    hasc_2 character varying(254) NOT NULL,
    fips_2 character varying(254) NOT NULL,
    cc_2 character varying(254) NOT NULL,
    type_2 character varying(254) NOT NULL,
    engtype_2 character varying(254) NOT NULL,
    validfr_2 character varying(254) NOT NULL,
    validto_2 character varying(254) NOT NULL,
    remarks_2 character varying(254) NOT NULL,
    name_3 character varying(254) NOT NULL,
    varname_3 character varying(254) NOT NULL,
    nl_name_3 character varying(254) NOT NULL,
    hasc_3 character varying(254) NOT NULL,
    type_3 character varying(254) NOT NULL,
    engtype_3 character varying(254) NOT NULL,
    validfr_3 character varying(254) NOT NULL,
    validto_3 character varying(254) NOT NULL,
    remarks_3 character varying(254) NOT NULL,
    name_4 character varying(254) NOT NULL,
    varname_4 character varying(254) NOT NULL,
    type_4 character varying(254) NOT NULL,
    engtype_4 character varying(254) NOT NULL,
    validfr_4 character varying(254) NOT NULL,
    validto_4 character varying(254) NOT NULL,
    remarks_4 character varying(254) NOT NULL,
    name_5 character varying(254) NOT NULL,
    type_5 character varying(254) NOT NULL,
    engtype_5 character varying(254) NOT NULL,
    validfr_5 character varying(254) NOT NULL,
    validto_5 character varying(254) NOT NULL,
    shape_leng double precision NOT NULL,
    shape_area double precision NOT NULL,
    bngy character varying(30) NOT NULL,
    psgc_bgy character varying(15) NOT NULL,
    geom public.geometry(MultiPolygon,4326) NOT NULL
);


ALTER TABLE public."cebuMap_cebubarangays" OWNER TO postgres;

--
-- Name: cebuMap_cebubarangays_deceased; Type: TABLE; Schema: public; Owner: postgres
--

CREATE TABLE public."cebuMap_cebubarangays_deceased" (
    id integer NOT NULL,
    cebubarangays_id integer NOT NULL,
    patient_id integer NOT NULL
);


ALTER TABLE public."cebuMap_cebubarangays_deceased" OWNER TO postgres;

--
-- Name: cebuMap_cebubarangays_deceased_id_seq; Type: SEQUENCE; Schema: public; Owner: postgres
--

CREATE SEQUENCE public."cebuMap_cebubarangays_deceased_id_seq"
    START WITH 1
    INCREMENT BY 1
    NO MINVALUE
    NO MAXVALUE
    CACHE 1;


ALTER TABLE public."cebuMap_cebubarangays_deceased_id_seq" OWNER TO postgres;

--
-- Name: cebuMap_cebubarangays_deceased_id_seq; Type: SEQUENCE OWNED BY; Schema: public; Owner: postgres
--

ALTER SEQUENCE public."cebuMap_cebubarangays_deceased_id_seq" OWNED BY public."cebuMap_cebubarangays_deceased".id;


--
-- Name: cebuMap_cebubarangays_for_screening; Type: TABLE; Schema: public; Owner: postgres
--

CREATE TABLE public."cebuMap_cebubarangays_for_screening" (
    id integer NOT NULL,
    cebubarangays_id integer NOT NULL,
    patient_id integer NOT NULL
);


ALTER TABLE public."cebuMap_cebubarangays_for_screening" OWNER TO postgres;

--
-- Name: cebuMap_cebubarangays_hiv_pop; Type: TABLE; Schema: public; Owner: postgres
--

CREATE TABLE public."cebuMap_cebubarangays_hiv_pop" (
    id integer NOT NULL,
    cebubarangays_id integer NOT NULL,
    patient_id integer NOT NULL
);


ALTER TABLE public."cebuMap_cebubarangays_hiv_pop" OWNER TO postgres;

--
-- Name: cebuMap_cebubarangays_hiv_pop_id_seq; Type: SEQUENCE; Schema: public; Owner: postgres
--

CREATE SEQUENCE public."cebuMap_cebubarangays_hiv_pop_id_seq"
    START WITH 1
    INCREMENT BY 1
    NO MINVALUE
    NO MAXVALUE
    CACHE 1;


ALTER TABLE public."cebuMap_cebubarangays_hiv_pop_id_seq" OWNER TO postgres;

--
-- Name: cebuMap_cebubarangays_hiv_pop_id_seq; Type: SEQUENCE OWNED BY; Schema: public; Owner: postgres
--

ALTER SEQUENCE public."cebuMap_cebubarangays_hiv_pop_id_seq" OWNED BY public."cebuMap_cebubarangays_hiv_pop".id;


--
-- Name: cebuMap_cebubarangays_id_seq; Type: SEQUENCE; Schema: public; Owner: postgres
--

CREATE SEQUENCE public."cebuMap_cebubarangays_id_seq"
    START WITH 1
    INCREMENT BY 1
    NO MINVALUE
    NO MAXVALUE
    CACHE 1;


ALTER TABLE public."cebuMap_cebubarangays_id_seq" OWNER TO postgres;

--
-- Name: cebuMap_cebubarangays_id_seq; Type: SEQUENCE OWNED BY; Schema: public; Owner: postgres
--

ALTER SEQUENCE public."cebuMap_cebubarangays_id_seq" OWNED BY public."cebuMap_cebubarangays".id;


--
-- Name: cebuMap_cebubarangays_migrated; Type: TABLE; Schema: public; Owner: postgres
--

CREATE TABLE public."cebuMap_cebubarangays_migrated" (
    id integer NOT NULL,
    cebubarangays_id integer NOT NULL,
    patient_id integer NOT NULL
);


ALTER TABLE public."cebuMap_cebubarangays_migrated" OWNER TO postgres;

--
-- Name: cebuMap_cebubarangays_migrated_id_seq; Type: SEQUENCE; Schema: public; Owner: postgres
--

CREATE SEQUENCE public."cebuMap_cebubarangays_migrated_id_seq"
    START WITH 1
    INCREMENT BY 1
    NO MINVALUE
    NO MAXVALUE
    CACHE 1;


ALTER TABLE public."cebuMap_cebubarangays_migrated_id_seq" OWNER TO postgres;

--
-- Name: cebuMap_cebubarangays_migrated_id_seq; Type: SEQUENCE OWNED BY; Schema: public; Owner: postgres
--

ALTER SEQUENCE public."cebuMap_cebubarangays_migrated_id_seq" OWNED BY public."cebuMap_cebubarangays_migrated".id;


--
-- Name: cebuMap_cebubarangays_no_hiv_id_seq; Type: SEQUENCE; Schema: public; Owner: postgres
--

CREATE SEQUENCE public."cebuMap_cebubarangays_no_hiv_id_seq"
    START WITH 1
    INCREMENT BY 1
    NO MINVALUE
    NO MAXVALUE
    CACHE 1;


ALTER TABLE public."cebuMap_cebubarangays_no_hiv_id_seq" OWNER TO postgres;

--
-- Name: cebuMap_cebubarangays_no_hiv_id_seq; Type: SEQUENCE OWNED BY; Schema: public; Owner: postgres
--

ALTER SEQUENCE public."cebuMap_cebubarangays_no_hiv_id_seq" OWNED BY public."cebuMap_cebubarangays_for_screening".id;


--
-- Name: cebuMap_cebubarangays_stage_0; Type: TABLE; Schema: public; Owner: postgres
--

CREATE TABLE public."cebuMap_cebubarangays_stage_0" (
    id integer NOT NULL,
    cebubarangays_id integer NOT NULL,
    patient_id integer NOT NULL
);


ALTER TABLE public."cebuMap_cebubarangays_stage_0" OWNER TO postgres;

--
-- Name: cebuMap_cebubarangays_stage_0_id_seq; Type: SEQUENCE; Schema: public; Owner: postgres
--

CREATE SEQUENCE public."cebuMap_cebubarangays_stage_0_id_seq"
    START WITH 1
    INCREMENT BY 1
    NO MINVALUE
    NO MAXVALUE
    CACHE 1;


ALTER TABLE public."cebuMap_cebubarangays_stage_0_id_seq" OWNER TO postgres;

--
-- Name: cebuMap_cebubarangays_stage_0_id_seq; Type: SEQUENCE OWNED BY; Schema: public; Owner: postgres
--

ALTER SEQUENCE public."cebuMap_cebubarangays_stage_0_id_seq" OWNED BY public."cebuMap_cebubarangays_stage_0".id;


--
-- Name: cebuMap_cebubarangays_stage_1; Type: TABLE; Schema: public; Owner: postgres
--

CREATE TABLE public."cebuMap_cebubarangays_stage_1" (
    id integer NOT NULL,
    cebubarangays_id integer NOT NULL,
    patient_id integer NOT NULL
);


ALTER TABLE public."cebuMap_cebubarangays_stage_1" OWNER TO postgres;

--
-- Name: cebuMap_cebubarangays_stage_1_id_seq; Type: SEQUENCE; Schema: public; Owner: postgres
--

CREATE SEQUENCE public."cebuMap_cebubarangays_stage_1_id_seq"
    START WITH 1
    INCREMENT BY 1
    NO MINVALUE
    NO MAXVALUE
    CACHE 1;


ALTER TABLE public."cebuMap_cebubarangays_stage_1_id_seq" OWNER TO postgres;

--
-- Name: cebuMap_cebubarangays_stage_1_id_seq; Type: SEQUENCE OWNED BY; Schema: public; Owner: postgres
--

ALTER SEQUENCE public."cebuMap_cebubarangays_stage_1_id_seq" OWNED BY public."cebuMap_cebubarangays_stage_1".id;


--
-- Name: cebuMap_cebubarangays_stage_2; Type: TABLE; Schema: public; Owner: postgres
--

CREATE TABLE public."cebuMap_cebubarangays_stage_2" (
    id integer NOT NULL,
    cebubarangays_id integer NOT NULL,
    patient_id integer NOT NULL
);


ALTER TABLE public."cebuMap_cebubarangays_stage_2" OWNER TO postgres;

--
-- Name: cebuMap_cebubarangays_stage_2_id_seq; Type: SEQUENCE; Schema: public; Owner: postgres
--

CREATE SEQUENCE public."cebuMap_cebubarangays_stage_2_id_seq"
    START WITH 1
    INCREMENT BY 1
    NO MINVALUE
    NO MAXVALUE
    CACHE 1;


ALTER TABLE public."cebuMap_cebubarangays_stage_2_id_seq" OWNER TO postgres;

--
-- Name: cebuMap_cebubarangays_stage_2_id_seq; Type: SEQUENCE OWNED BY; Schema: public; Owner: postgres
--

ALTER SEQUENCE public."cebuMap_cebubarangays_stage_2_id_seq" OWNED BY public."cebuMap_cebubarangays_stage_2".id;


--
-- Name: cebuMap_cebubarangays_stage_3; Type: TABLE; Schema: public; Owner: postgres
--

CREATE TABLE public."cebuMap_cebubarangays_stage_3" (
    id integer NOT NULL,
    cebubarangays_id integer NOT NULL,
    patient_id integer NOT NULL
);


ALTER TABLE public."cebuMap_cebubarangays_stage_3" OWNER TO postgres;

--
-- Name: cebuMap_cebubarangays_stage_3_id_seq; Type: SEQUENCE; Schema: public; Owner: postgres
--

CREATE SEQUENCE public."cebuMap_cebubarangays_stage_3_id_seq"
    START WITH 1
    INCREMENT BY 1
    NO MINVALUE
    NO MAXVALUE
    CACHE 1;


ALTER TABLE public."cebuMap_cebubarangays_stage_3_id_seq" OWNER TO postgres;

--
-- Name: cebuMap_cebubarangays_stage_3_id_seq; Type: SEQUENCE OWNED BY; Schema: public; Owner: postgres
--

ALTER SEQUENCE public."cebuMap_cebubarangays_stage_3_id_seq" OWNED BY public."cebuMap_cebubarangays_stage_3".id;


--
-- Name: cebuMap_cebumap; Type: TABLE; Schema: public; Owner: postgres
--

CREATE TABLE public."cebuMap_cebumap" (
    id integer NOT NULL,
    location public.geometry(Point,4326)
);


ALTER TABLE public."cebuMap_cebumap" OWNER TO postgres;

--
-- Name: cebuMap_cebumap_id_seq1; Type: SEQUENCE; Schema: public; Owner: postgres
--

CREATE SEQUENCE public."cebuMap_cebumap_id_seq1"
    START WITH 1
    INCREMENT BY 1
    NO MINVALUE
    NO MAXVALUE
    CACHE 1;


ALTER TABLE public."cebuMap_cebumap_id_seq1" OWNER TO postgres;

--
-- Name: cebuMap_cebumap_id_seq1; Type: SEQUENCE OWNED BY; Schema: public; Owner: postgres
--

ALTER SEQUENCE public."cebuMap_cebumap_id_seq1" OWNED BY public."cebuMap_cebumap".id;


--
-- Name: cebuMap_incidence; Type: TABLE; Schema: public; Owner: postgres
--

CREATE TABLE public."cebuMap_incidence" (
    id integer NOT NULL,
    name character varying(100),
    address character varying(100),
    city character varying(50),
    location public.geometry(Point,4326)
);


ALTER TABLE public."cebuMap_incidence" OWNER TO postgres;

--
-- Name: cebuMap_incidence_id_seq; Type: SEQUENCE; Schema: public; Owner: postgres
--

CREATE SEQUENCE public."cebuMap_incidence_id_seq"
    START WITH 1
    INCREMENT BY 1
    NO MINVALUE
    NO MAXVALUE
    CACHE 1;


ALTER TABLE public."cebuMap_incidence_id_seq" OWNER TO postgres;

--
-- Name: cebuMap_incidence_id_seq; Type: SEQUENCE OWNED BY; Schema: public; Owner: postgres
--

ALTER SEQUENCE public."cebuMap_incidence_id_seq" OWNED BY public."cebuMap_incidence".id;


--
-- Name: django_admin_log; Type: TABLE; Schema: public; Owner: postgres
--

CREATE TABLE public.django_admin_log (
    id integer NOT NULL,
    action_time timestamp with time zone NOT NULL,
    object_id text,
    object_repr character varying(200) NOT NULL,
    action_flag smallint NOT NULL,
    change_message text NOT NULL,
    content_type_id integer,
    user_id integer NOT NULL,
    CONSTRAINT django_admin_log_action_flag_check CHECK ((action_flag >= 0))
);


ALTER TABLE public.django_admin_log OWNER TO postgres;

--
-- Name: django_admin_log_id_seq; Type: SEQUENCE; Schema: public; Owner: postgres
--

CREATE SEQUENCE public.django_admin_log_id_seq
    START WITH 1
    INCREMENT BY 1
    NO MINVALUE
    NO MAXVALUE
    CACHE 1;


ALTER TABLE public.django_admin_log_id_seq OWNER TO postgres;

--
-- Name: django_admin_log_id_seq; Type: SEQUENCE OWNED BY; Schema: public; Owner: postgres
--

ALTER SEQUENCE public.django_admin_log_id_seq OWNED BY public.django_admin_log.id;


--
-- Name: django_content_type; Type: TABLE; Schema: public; Owner: postgres
--

CREATE TABLE public.django_content_type (
    id integer NOT NULL,
    app_label character varying(100) NOT NULL,
    model character varying(100) NOT NULL
);


ALTER TABLE public.django_content_type OWNER TO postgres;

--
-- Name: django_content_type_id_seq; Type: SEQUENCE; Schema: public; Owner: postgres
--

CREATE SEQUENCE public.django_content_type_id_seq
    START WITH 1
    INCREMENT BY 1
    NO MINVALUE
    NO MAXVALUE
    CACHE 1;


ALTER TABLE public.django_content_type_id_seq OWNER TO postgres;

--
-- Name: django_content_type_id_seq; Type: SEQUENCE OWNED BY; Schema: public; Owner: postgres
--

ALTER SEQUENCE public.django_content_type_id_seq OWNED BY public.django_content_type.id;


--
-- Name: django_migrations; Type: TABLE; Schema: public; Owner: postgres
--

CREATE TABLE public.django_migrations (
    id integer NOT NULL,
    app character varying(255) NOT NULL,
    name character varying(255) NOT NULL,
    applied timestamp with time zone NOT NULL
);


ALTER TABLE public.django_migrations OWNER TO postgres;

--
-- Name: django_migrations_id_seq; Type: SEQUENCE; Schema: public; Owner: postgres
--

CREATE SEQUENCE public.django_migrations_id_seq
    START WITH 1
    INCREMENT BY 1
    NO MINVALUE
    NO MAXVALUE
    CACHE 1;


ALTER TABLE public.django_migrations_id_seq OWNER TO postgres;

--
-- Name: django_migrations_id_seq; Type: SEQUENCE OWNED BY; Schema: public; Owner: postgres
--

ALTER SEQUENCE public.django_migrations_id_seq OWNED BY public.django_migrations.id;


--
-- Name: django_session; Type: TABLE; Schema: public; Owner: postgres
--

CREATE TABLE public.django_session (
    session_key character varying(40) NOT NULL,
    session_data text NOT NULL,
    expire_date timestamp with time zone NOT NULL
);


ALTER TABLE public.django_session OWNER TO postgres;

--
-- Name: doctor_doctor; Type: TABLE; Schema: public; Owner: postgres
--

CREATE TABLE public.doctor_doctor (
    id integer NOT NULL,
    name character varying(100) NOT NULL,
    slug character varying(50) NOT NULL,
    birthdate date NOT NULL,
    email character varying(100) NOT NULL,
    hospital_name character varying(100) NOT NULL,
    hospital_address character varying(200) NOT NULL,
    password character varying(100) NOT NULL,
    p_handled_stats_id integer,
    last_log_in timestamp with time zone NOT NULL,
    last_log_out timestamp with time zone NOT NULL,
    login_flag boolean NOT NULL,
    field_specialty character varying(100) NOT NULL,
    phone_number character varying(20) NOT NULL,
    "position" character varying(100) NOT NULL,
    doc_image character varying(100) NOT NULL
);


ALTER TABLE public.doctor_doctor OWNER TO postgres;

--
-- Name: doctor_doctor_doctorNotifs; Type: TABLE; Schema: public; Owner: postgres
--

CREATE TABLE public."doctor_doctor_doctorNotifs" (
    id integer NOT NULL,
    doctor_id integer NOT NULL,
    doctornotification_id integer NOT NULL
);


ALTER TABLE public."doctor_doctor_doctorNotifs" OWNER TO postgres;

--
-- Name: doctor_doctor_doctorNotifs_id_seq; Type: SEQUENCE; Schema: public; Owner: postgres
--

CREATE SEQUENCE public."doctor_doctor_doctorNotifs_id_seq"
    START WITH 1
    INCREMENT BY 1
    NO MINVALUE
    NO MAXVALUE
    CACHE 1;


ALTER TABLE public."doctor_doctor_doctorNotifs_id_seq" OWNER TO postgres;

--
-- Name: doctor_doctor_doctorNotifs_id_seq; Type: SEQUENCE OWNED BY; Schema: public; Owner: postgres
--

ALTER SEQUENCE public."doctor_doctor_doctorNotifs_id_seq" OWNED BY public."doctor_doctor_doctorNotifs".id;


--
-- Name: doctor_doctor_finished_scheds; Type: TABLE; Schema: public; Owner: postgres
--

CREATE TABLE public.doctor_doctor_finished_scheds (
    id integer NOT NULL,
    doctor_id integer NOT NULL,
    doctorschedule_id integer NOT NULL
);


ALTER TABLE public.doctor_doctor_finished_scheds OWNER TO postgres;

--
-- Name: doctor_doctor_finished_scheds_id_seq; Type: SEQUENCE; Schema: public; Owner: postgres
--

CREATE SEQUENCE public.doctor_doctor_finished_scheds_id_seq
    START WITH 1
    INCREMENT BY 1
    NO MINVALUE
    NO MAXVALUE
    CACHE 1;


ALTER TABLE public.doctor_doctor_finished_scheds_id_seq OWNER TO postgres;

--
-- Name: doctor_doctor_finished_scheds_id_seq; Type: SEQUENCE OWNED BY; Schema: public; Owner: postgres
--

ALTER SEQUENCE public.doctor_doctor_finished_scheds_id_seq OWNED BY public.doctor_doctor_finished_scheds.id;


--
-- Name: doctor_doctor_id_seq; Type: SEQUENCE; Schema: public; Owner: postgres
--

CREATE SEQUENCE public.doctor_doctor_id_seq
    START WITH 1
    INCREMENT BY 1
    NO MINVALUE
    NO MAXVALUE
    CACHE 1;


ALTER TABLE public.doctor_doctor_id_seq OWNER TO postgres;

--
-- Name: doctor_doctor_id_seq; Type: SEQUENCE OWNED BY; Schema: public; Owner: postgres
--

ALTER SEQUENCE public.doctor_doctor_id_seq OWNED BY public.doctor_doctor.id;


--
-- Name: doctor_doctor_new_notifs; Type: TABLE; Schema: public; Owner: postgres
--

CREATE TABLE public.doctor_doctor_new_notifs (
    id integer NOT NULL,
    doctor_id integer NOT NULL,
    doctornotification_id integer NOT NULL
);


ALTER TABLE public.doctor_doctor_new_notifs OWNER TO postgres;

--
-- Name: doctor_doctor_new_notifs_id_seq; Type: SEQUENCE; Schema: public; Owner: postgres
--

CREATE SEQUENCE public.doctor_doctor_new_notifs_id_seq
    START WITH 1
    INCREMENT BY 1
    NO MINVALUE
    NO MAXVALUE
    CACHE 1;


ALTER TABLE public.doctor_doctor_new_notifs_id_seq OWNER TO postgres;

--
-- Name: doctor_doctor_new_notifs_id_seq; Type: SEQUENCE OWNED BY; Schema: public; Owner: postgres
--

ALTER SEQUENCE public.doctor_doctor_new_notifs_id_seq OWNED BY public.doctor_doctor_new_notifs.id;


--
-- Name: doctor_doctor_pending_scheds; Type: TABLE; Schema: public; Owner: postgres
--

CREATE TABLE public.doctor_doctor_pending_scheds (
    id integer NOT NULL,
    doctor_id integer NOT NULL,
    doctorschedule_id integer NOT NULL
);


ALTER TABLE public.doctor_doctor_pending_scheds OWNER TO postgres;

--
-- Name: doctor_doctor_pending_scheds_id_seq; Type: SEQUENCE; Schema: public; Owner: postgres
--

CREATE SEQUENCE public.doctor_doctor_pending_scheds_id_seq
    START WITH 1
    INCREMENT BY 1
    NO MINVALUE
    NO MAXVALUE
    CACHE 1;


ALTER TABLE public.doctor_doctor_pending_scheds_id_seq OWNER TO postgres;

--
-- Name: doctor_doctor_pending_scheds_id_seq; Type: SEQUENCE OWNED BY; Schema: public; Owner: postgres
--

ALTER SEQUENCE public.doctor_doctor_pending_scheds_id_seq OWNED BY public.doctor_doctor_pending_scheds.id;


--
-- Name: doctor_doctor_rejected_scheds; Type: TABLE; Schema: public; Owner: postgres
--

CREATE TABLE public.doctor_doctor_rejected_scheds (
    id integer NOT NULL,
    doctor_id integer NOT NULL,
    doctorschedule_id integer NOT NULL
);


ALTER TABLE public.doctor_doctor_rejected_scheds OWNER TO postgres;

--
-- Name: doctor_doctor_rejected_scheds_id_seq; Type: SEQUENCE; Schema: public; Owner: postgres
--

CREATE SEQUENCE public.doctor_doctor_rejected_scheds_id_seq
    START WITH 1
    INCREMENT BY 1
    NO MINVALUE
    NO MAXVALUE
    CACHE 1;


ALTER TABLE public.doctor_doctor_rejected_scheds_id_seq OWNER TO postgres;

--
-- Name: doctor_doctor_rejected_scheds_id_seq; Type: SEQUENCE OWNED BY; Schema: public; Owner: postgres
--

ALTER SEQUENCE public.doctor_doctor_rejected_scheds_id_seq OWNED BY public.doctor_doctor_rejected_scheds.id;


--
-- Name: doctor_doctor_schedules; Type: TABLE; Schema: public; Owner: postgres
--

CREATE TABLE public.doctor_doctor_schedules (
    id integer NOT NULL,
    doctor_id integer NOT NULL,
    doctorschedule_id integer NOT NULL
);


ALTER TABLE public.doctor_doctor_schedules OWNER TO postgres;

--
-- Name: doctor_doctor_schedules_id_seq; Type: SEQUENCE; Schema: public; Owner: postgres
--

CREATE SEQUENCE public.doctor_doctor_schedules_id_seq
    START WITH 1
    INCREMENT BY 1
    NO MINVALUE
    NO MAXVALUE
    CACHE 1;


ALTER TABLE public.doctor_doctor_schedules_id_seq OWNER TO postgres;

--
-- Name: doctor_doctor_schedules_id_seq; Type: SEQUENCE OWNED BY; Schema: public; Owner: postgres
--

ALTER SEQUENCE public.doctor_doctor_schedules_id_seq OWNED BY public.doctor_doctor_schedules.id;


--
-- Name: doctor_doctornotification; Type: TABLE; Schema: public; Owner: postgres
--

CREATE TABLE public.doctor_doctornotification (
    id integer NOT NULL,
    name character varying(100) NOT NULL,
    subject character varying(100) NOT NULL,
    user_type character varying(15) NOT NULL,
    notif character varying(2000) NOT NULL,
    created_on timestamp with time zone NOT NULL,
    patient_username character varying(100) NOT NULL,
    action_pk integer NOT NULL,
    action_type character varying(100) NOT NULL,
    action_taken integer NOT NULL,
    notif_status boolean NOT NULL
);


ALTER TABLE public.doctor_doctornotification OWNER TO postgres;

--
-- Name: doctor_doctornotification_id_seq; Type: SEQUENCE; Schema: public; Owner: postgres
--

CREATE SEQUENCE public.doctor_doctornotification_id_seq
    START WITH 1
    INCREMENT BY 1
    NO MINVALUE
    NO MAXVALUE
    CACHE 1;


ALTER TABLE public.doctor_doctornotification_id_seq OWNER TO postgres;

--
-- Name: doctor_doctornotification_id_seq; Type: SEQUENCE OWNED BY; Schema: public; Owner: postgres
--

ALTER SEQUENCE public.doctor_doctornotification_id_seq OWNED BY public.doctor_doctornotification.id;


--
-- Name: doctor_doctorschedule; Type: TABLE; Schema: public; Owner: postgres
--

CREATE TABLE public.doctor_doctorschedule (
    id integer NOT NULL,
    patient_username character varying(100) NOT NULL,
    patient_hiv_status character varying(100) NOT NULL,
    schedule_date timestamp with time zone NOT NULL,
    schedule_topic character varying(200) NOT NULL,
    schedule_notes text NOT NULL,
    doc_in_charge character varying(100) NOT NULL,
    status character varying(20) NOT NULL,
    created_on timestamp with time zone NOT NULL,
    new_notif_count integer NOT NULL,
    action_taken integer NOT NULL
);


ALTER TABLE public.doctor_doctorschedule OWNER TO postgres;

--
-- Name: doctor_doctorschedule_doc_remark; Type: TABLE; Schema: public; Owner: postgres
--

CREATE TABLE public.doctor_doctorschedule_doc_remark (
    id integer NOT NULL,
    doctorschedule_id integer NOT NULL,
    remark_id integer NOT NULL
);


ALTER TABLE public.doctor_doctorschedule_doc_remark OWNER TO postgres;

--
-- Name: doctor_doctorschedule_doc_remark_id_seq; Type: SEQUENCE; Schema: public; Owner: postgres
--

CREATE SEQUENCE public.doctor_doctorschedule_doc_remark_id_seq
    START WITH 1
    INCREMENT BY 1
    NO MINVALUE
    NO MAXVALUE
    CACHE 1;


ALTER TABLE public.doctor_doctorschedule_doc_remark_id_seq OWNER TO postgres;

--
-- Name: doctor_doctorschedule_doc_remark_id_seq; Type: SEQUENCE OWNED BY; Schema: public; Owner: postgres
--

ALTER SEQUENCE public.doctor_doctorschedule_doc_remark_id_seq OWNED BY public.doctor_doctorschedule_doc_remark.id;


--
-- Name: doctor_doctorschedule_users_viewed; Type: TABLE; Schema: public; Owner: postgres
--

CREATE TABLE public.doctor_doctorschedule_users_viewed (
    id integer NOT NULL,
    doctorschedule_id integer NOT NULL,
    usersviewed_id integer NOT NULL
);


ALTER TABLE public.doctor_doctorschedule_users_viewed OWNER TO postgres;

--
-- Name: doctor_doctorschedule_doc_views_details_id_seq; Type: SEQUENCE; Schema: public; Owner: postgres
--

CREATE SEQUENCE public.doctor_doctorschedule_doc_views_details_id_seq
    START WITH 1
    INCREMENT BY 1
    NO MINVALUE
    NO MAXVALUE
    CACHE 1;


ALTER TABLE public.doctor_doctorschedule_doc_views_details_id_seq OWNER TO postgres;

--
-- Name: doctor_doctorschedule_doc_views_details_id_seq; Type: SEQUENCE OWNED BY; Schema: public; Owner: postgres
--

ALTER SEQUENCE public.doctor_doctorschedule_doc_views_details_id_seq OWNED BY public.doctor_doctorschedule_users_viewed.id;


--
-- Name: doctor_doctorschedule_id_seq; Type: SEQUENCE; Schema: public; Owner: postgres
--

CREATE SEQUENCE public.doctor_doctorschedule_id_seq
    START WITH 1
    INCREMENT BY 1
    NO MINVALUE
    NO MAXVALUE
    CACHE 1;


ALTER TABLE public.doctor_doctorschedule_id_seq OWNER TO postgres;

--
-- Name: doctor_doctorschedule_id_seq; Type: SEQUENCE OWNED BY; Schema: public; Owner: postgres
--

ALTER SEQUENCE public.doctor_doctorschedule_id_seq OWNED BY public.doctor_doctorschedule.id;


--
-- Name: doctor_doctorstats; Type: TABLE; Schema: public; Owner: postgres
--

CREATE TABLE public.doctor_doctorstats (
    id integer NOT NULL,
    day_count integer NOT NULL,
    last_updated date NOT NULL,
    start_date date NOT NULL,
    week_count integer NOT NULL,
    doctor_name character varying(100) NOT NULL,
    neg_patients integer NOT NULL,
    stage_1 integer NOT NULL,
    stage_2 integer NOT NULL,
    stage_3 integer NOT NULL,
    all_patients_count integer NOT NULL,
    doc_patients_count integer NOT NULL,
    for_screening integer NOT NULL
);


ALTER TABLE public.doctor_doctorstats OWNER TO postgres;

--
-- Name: doctor_doctorstats_id_seq; Type: SEQUENCE; Schema: public; Owner: postgres
--

CREATE SEQUENCE public.doctor_doctorstats_id_seq
    START WITH 1
    INCREMENT BY 1
    NO MINVALUE
    NO MAXVALUE
    CACHE 1;


ALTER TABLE public.doctor_doctorstats_id_seq OWNER TO postgres;

--
-- Name: doctor_doctorstats_id_seq; Type: SEQUENCE OWNED BY; Schema: public; Owner: postgres
--

ALTER SEQUENCE public.doctor_doctorstats_id_seq OWNED BY public.doctor_doctorstats.id;


--
-- Name: doctor_doctorstats_monthly_stats; Type: TABLE; Schema: public; Owner: postgres
--

CREATE TABLE public.doctor_doctorstats_monthly_stats (
    id integer NOT NULL,
    doctorstats_id integer NOT NULL,
    monthlystatistics_id integer NOT NULL
);


ALTER TABLE public.doctor_doctorstats_monthly_stats OWNER TO postgres;

--
-- Name: doctor_doctorstats_monthly_stats_id_seq; Type: SEQUENCE; Schema: public; Owner: postgres
--

CREATE SEQUENCE public.doctor_doctorstats_monthly_stats_id_seq
    START WITH 1
    INCREMENT BY 1
    NO MINVALUE
    NO MAXVALUE
    CACHE 1;


ALTER TABLE public.doctor_doctorstats_monthly_stats_id_seq OWNER TO postgres;

--
-- Name: doctor_doctorstats_monthly_stats_id_seq; Type: SEQUENCE OWNED BY; Schema: public; Owner: postgres
--

ALTER SEQUENCE public.doctor_doctorstats_monthly_stats_id_seq OWNED BY public.doctor_doctorstats_monthly_stats.id;


--
-- Name: doctor_medicine; Type: TABLE; Schema: public; Owner: postgres
--

CREATE TABLE public.doctor_medicine (
    id integer NOT NULL,
    created_on timestamp with time zone NOT NULL,
    drug_name character varying(200) NOT NULL,
    unit_of_measure character varying(200) NOT NULL,
    content_per_bottle integer NOT NULL,
    availability boolean NOT NULL,
    stocks_on_hand integer NOT NULL,
    drug_group character varying(200) NOT NULL,
    medicine_type character varying(200) NOT NULL,
    patients_on_medication integer NOT NULL
);


ALTER TABLE public.doctor_medicine OWNER TO postgres;

--
-- Name: doctor_medicine_id_seq; Type: SEQUENCE; Schema: public; Owner: postgres
--

CREATE SEQUENCE public.doctor_medicine_id_seq
    START WITH 1
    INCREMENT BY 1
    NO MINVALUE
    NO MAXVALUE
    CACHE 1;


ALTER TABLE public.doctor_medicine_id_seq OWNER TO postgres;

--
-- Name: doctor_medicine_id_seq; Type: SEQUENCE OWNED BY; Schema: public; Owner: postgres
--

ALTER SEQUENCE public.doctor_medicine_id_seq OWNED BY public.doctor_medicine.id;


--
-- Name: doctor_monthlystatistics; Type: TABLE; Schema: public; Owner: postgres
--

CREATE TABLE public.doctor_monthlystatistics (
    id integer NOT NULL,
    year character varying(10) NOT NULL,
    january integer NOT NULL,
    february integer NOT NULL,
    march integer NOT NULL,
    april integer NOT NULL,
    may integer NOT NULL,
    june integer NOT NULL,
    july integer NOT NULL,
    august integer NOT NULL,
    september integer NOT NULL,
    october integer NOT NULL,
    november integer NOT NULL,
    december integer NOT NULL,
    doc_pk integer NOT NULL,
    doctor_name character varying(100) NOT NULL,
    created_on timestamp with time zone NOT NULL,
    patient_pk integer NOT NULL
);


ALTER TABLE public.doctor_monthlystatistics OWNER TO postgres;

--
-- Name: doctor_monthlystatistics_id_seq; Type: SEQUENCE; Schema: public; Owner: postgres
--

CREATE SEQUENCE public.doctor_monthlystatistics_id_seq
    START WITH 1
    INCREMENT BY 1
    NO MINVALUE
    NO MAXVALUE
    CACHE 1;


ALTER TABLE public.doctor_monthlystatistics_id_seq OWNER TO postgres;

--
-- Name: doctor_monthlystatistics_id_seq; Type: SEQUENCE OWNED BY; Schema: public; Owner: postgres
--

ALTER SEQUENCE public.doctor_monthlystatistics_id_seq OWNED BY public.doctor_monthlystatistics.id;


--
-- Name: doctor_remark; Type: TABLE; Schema: public; Owner: postgres
--

CREATE TABLE public.doctor_remark (
    id integer NOT NULL,
    author character varying(200) NOT NULL,
    text text NOT NULL,
    created_date timestamp with time zone NOT NULL,
    approved_comment boolean NOT NULL,
    remark_seen boolean NOT NULL,
    remark_parent_type character varying(100) NOT NULL,
    remark_receiver character varying(100) NOT NULL,
    seen_date timestamp with time zone NOT NULL
);


ALTER TABLE public.doctor_remark OWNER TO postgres;

--
-- Name: doctor_note_id_seq; Type: SEQUENCE; Schema: public; Owner: postgres
--

CREATE SEQUENCE public.doctor_note_id_seq
    START WITH 1
    INCREMENT BY 1
    NO MINVALUE
    NO MAXVALUE
    CACHE 1;


ALTER TABLE public.doctor_note_id_seq OWNER TO postgres;

--
-- Name: doctor_note_id_seq; Type: SEQUENCE OWNED BY; Schema: public; Owner: postgres
--

ALTER SEQUENCE public.doctor_note_id_seq OWNED BY public.doctor_remark.id;


--
-- Name: doctor_usersviewed; Type: TABLE; Schema: public; Owner: postgres
--

CREATE TABLE public.doctor_usersviewed (
    id integer NOT NULL,
    seen_flag boolean NOT NULL,
    seen_date timestamp with time zone NOT NULL,
    viewer_type character varying(100) NOT NULL,
    viewed_type character varying(100) NOT NULL,
    viewer_name character varying(100) NOT NULL,
    viewed_pk integer NOT NULL,
    file_owner character varying(100) NOT NULL
);


ALTER TABLE public.doctor_usersviewed OWNER TO postgres;

--
-- Name: doctor_usersviewed_id_seq; Type: SEQUENCE; Schema: public; Owner: postgres
--

CREATE SEQUENCE public.doctor_usersviewed_id_seq
    START WITH 1
    INCREMENT BY 1
    NO MINVALUE
    NO MAXVALUE
    CACHE 1;


ALTER TABLE public.doctor_usersviewed_id_seq OWNER TO postgres;

--
-- Name: doctor_usersviewed_id_seq; Type: SEQUENCE OWNED BY; Schema: public; Owner: postgres
--

ALTER SEQUENCE public.doctor_usersviewed_id_seq OWNED BY public.doctor_usersviewed.id;


--
-- Name: patient_icrform; Type: TABLE; Schema: public; Owner: postgres
--

CREATE TABLE public.patient_icrform (
    id integer NOT NULL,
    last_name character varying(100) NOT NULL,
    first_name character varying(100) NOT NULL,
    middle_name character varying(100) NOT NULL,
    date_of_visit character varying(100) NOT NULL,
    age character varying(100) NOT NULL,
    birthdate character varying(100) NOT NULL,
    sex character varying(100) NOT NULL,
    civil_status character varying(100) NOT NULL,
    phone_number character varying(100) NOT NULL,
    home_address character varying(100) NOT NULL,
    occupation character varying(100) NOT NULL,
    work_address character varying(100) NOT NULL,
    work_number character varying(100) NOT NULL,
    purpose_of_visit character varying(100) NOT NULL,
    symptoms character varying(100) NOT NULL,
    specification character varying(100) NOT NULL
);


ALTER TABLE public.patient_icrform OWNER TO postgres;

--
-- Name: patient_icrform_docs_viewed; Type: TABLE; Schema: public; Owner: postgres
--

CREATE TABLE public.patient_icrform_docs_viewed (
    id integer NOT NULL,
    icrform_id integer NOT NULL,
    usersviewed_id integer NOT NULL
);


ALTER TABLE public.patient_icrform_docs_viewed OWNER TO postgres;

--
-- Name: patient_icrform_docs_viewed_id_seq; Type: SEQUENCE; Schema: public; Owner: postgres
--

CREATE SEQUENCE public.patient_icrform_docs_viewed_id_seq
    START WITH 1
    INCREMENT BY 1
    NO MINVALUE
    NO MAXVALUE
    CACHE 1;


ALTER TABLE public.patient_icrform_docs_viewed_id_seq OWNER TO postgres;

--
-- Name: patient_icrform_docs_viewed_id_seq; Type: SEQUENCE OWNED BY; Schema: public; Owner: postgres
--

ALTER SEQUENCE public.patient_icrform_docs_viewed_id_seq OWNED BY public.patient_icrform_docs_viewed.id;


--
-- Name: patient_icrform_doctor_remarks; Type: TABLE; Schema: public; Owner: postgres
--

CREATE TABLE public.patient_icrform_doctor_remarks (
    id integer NOT NULL,
    icrform_id integer NOT NULL,
    remark_id integer NOT NULL
);


ALTER TABLE public.patient_icrform_doctor_remarks OWNER TO postgres;

--
-- Name: patient_icrform_doctor_remarks_id_seq; Type: SEQUENCE; Schema: public; Owner: postgres
--

CREATE SEQUENCE public.patient_icrform_doctor_remarks_id_seq
    START WITH 1
    INCREMENT BY 1
    NO MINVALUE
    NO MAXVALUE
    CACHE 1;


ALTER TABLE public.patient_icrform_doctor_remarks_id_seq OWNER TO postgres;

--
-- Name: patient_icrform_doctor_remarks_id_seq; Type: SEQUENCE OWNED BY; Schema: public; Owner: postgres
--

ALTER SEQUENCE public.patient_icrform_doctor_remarks_id_seq OWNED BY public.patient_icrform_doctor_remarks.id;


--
-- Name: patient_icrform_id_seq; Type: SEQUENCE; Schema: public; Owner: postgres
--

CREATE SEQUENCE public.patient_icrform_id_seq
    START WITH 1
    INCREMENT BY 1
    NO MINVALUE
    NO MAXVALUE
    CACHE 1;


ALTER TABLE public.patient_icrform_id_seq OWNER TO postgres;

--
-- Name: patient_icrform_id_seq; Type: SEQUENCE OWNED BY; Schema: public; Owner: postgres
--

ALTER SEQUENCE public.patient_icrform_id_seq OWNED BY public.patient_icrform.id;


--
-- Name: patient_medhistform; Type: TABLE; Schema: public; Owner: postgres
--

CREATE TABLE public.patient_medhistform (
    id integer NOT NULL,
    name character varying(100) NOT NULL,
    exposure character varying(100) NOT NULL,
    other_conditions character varying(100) NOT NULL,
    date_diagnosed date,
    created_on timestamp with time zone NOT NULL,
    parent_pk integer NOT NULL,
    username character varying(100) NOT NULL
);


ALTER TABLE public.patient_medhistform OWNER TO postgres;

--
-- Name: patient_medhistform_docs_viewed; Type: TABLE; Schema: public; Owner: postgres
--

CREATE TABLE public.patient_medhistform_docs_viewed (
    id integer NOT NULL,
    medhistform_id integer NOT NULL,
    usersviewed_id integer NOT NULL
);


ALTER TABLE public.patient_medhistform_docs_viewed OWNER TO postgres;

--
-- Name: patient_medhistform_docs_viewed_id_seq; Type: SEQUENCE; Schema: public; Owner: postgres
--

CREATE SEQUENCE public.patient_medhistform_docs_viewed_id_seq
    START WITH 1
    INCREMENT BY 1
    NO MINVALUE
    NO MAXVALUE
    CACHE 1;


ALTER TABLE public.patient_medhistform_docs_viewed_id_seq OWNER TO postgres;

--
-- Name: patient_medhistform_docs_viewed_id_seq; Type: SEQUENCE OWNED BY; Schema: public; Owner: postgres
--

ALTER SEQUENCE public.patient_medhistform_docs_viewed_id_seq OWNED BY public.patient_medhistform_docs_viewed.id;


--
-- Name: patient_medhistform_doctor_remarks; Type: TABLE; Schema: public; Owner: postgres
--

CREATE TABLE public.patient_medhistform_doctor_remarks (
    id integer NOT NULL,
    medhistform_id integer NOT NULL,
    remark_id integer NOT NULL
);


ALTER TABLE public.patient_medhistform_doctor_remarks OWNER TO postgres;

--
-- Name: patient_medhistform_doctor_remarks_id_seq; Type: SEQUENCE; Schema: public; Owner: postgres
--

CREATE SEQUENCE public.patient_medhistform_doctor_remarks_id_seq
    START WITH 1
    INCREMENT BY 1
    NO MINVALUE
    NO MAXVALUE
    CACHE 1;


ALTER TABLE public.patient_medhistform_doctor_remarks_id_seq OWNER TO postgres;

--
-- Name: patient_medhistform_doctor_remarks_id_seq; Type: SEQUENCE OWNED BY; Schema: public; Owner: postgres
--

ALTER SEQUENCE public.patient_medhistform_doctor_remarks_id_seq OWNED BY public.patient_medhistform_doctor_remarks.id;


--
-- Name: patient_medhistform_id_seq; Type: SEQUENCE; Schema: public; Owner: postgres
--

CREATE SEQUENCE public.patient_medhistform_id_seq
    START WITH 1
    INCREMENT BY 1
    NO MINVALUE
    NO MAXVALUE
    CACHE 1;


ALTER TABLE public.patient_medhistform_id_seq OWNER TO postgres;

--
-- Name: patient_medhistform_id_seq; Type: SEQUENCE OWNED BY; Schema: public; Owner: postgres
--

ALTER SEQUENCE public.patient_medhistform_id_seq OWNED BY public.patient_medhistform.id;


--
-- Name: patient_medication; Type: TABLE; Schema: public; Owner: postgres
--

CREATE TABLE public.patient_medication (
    id integer NOT NULL,
    created_on timestamp with time zone NOT NULL,
    username character varying(200) NOT NULL,
    drug_name character varying(200) NOT NULL,
    unit_of_measure character varying(200) NOT NULL,
    content_per_bottle integer NOT NULL,
    administered boolean NOT NULL,
    administered_by character varying(200) NOT NULL,
    patient_pk character varying(200) NOT NULL,
    doc_notes text NOT NULL,
    drug_group character varying(200) NOT NULL,
    medicine_type character varying(200) NOT NULL
);


ALTER TABLE public.patient_medication OWNER TO postgres;

--
-- Name: patient_medication_id_seq; Type: SEQUENCE; Schema: public; Owner: postgres
--

CREATE SEQUENCE public.patient_medication_id_seq
    START WITH 1
    INCREMENT BY 1
    NO MINVALUE
    NO MAXVALUE
    CACHE 1;


ALTER TABLE public.patient_medication_id_seq OWNER TO postgres;

--
-- Name: patient_medication_id_seq; Type: SEQUENCE OWNED BY; Schema: public; Owner: postgres
--

ALTER SEQUENCE public.patient_medication_id_seq OWNED BY public.patient_medication.id;


--
-- Name: patient_patient; Type: TABLE; Schema: public; Owner: postgres
--

CREATE TABLE public.patient_patient (
    first_name character varying(100) NOT NULL,
    last_name character varying(100) NOT NULL,
    username character varying(100) NOT NULL,
    birthdate date NOT NULL,
    age integer NOT NULL,
    present_address character varying(100) NOT NULL,
    work character varying(100) NOT NULL,
    work_address character varying(100) NOT NULL,
    call_number character varying(100) NOT NULL,
    email character varying(100) NOT NULL,
    password character varying(100),
    "HIV_status" character varying(100) NOT NULL,
    icr_id integer NOT NULL,
    profile_id integer,
    last_log_in timestamp with time zone NOT NULL,
    last_log_out timestamp with time zone NOT NULL,
    login_flag boolean NOT NULL,
    date_created timestamp with time zone NOT NULL,
    home_address character varying(100) NOT NULL,
    tel_number character varying(100) NOT NULL,
    status character varying(100) NOT NULL,
    slug character varying(50) NOT NULL,
    patient_image character varying(100) NOT NULL
);


ALTER TABLE public.patient_patient OWNER TO postgres;

--
-- Name: patient_patient_approved_schedules; Type: TABLE; Schema: public; Owner: postgres
--

CREATE TABLE public.patient_patient_approved_schedules (
    id integer NOT NULL,
    patient_id integer NOT NULL,
    doctorschedule_id integer NOT NULL
);


ALTER TABLE public.patient_patient_approved_schedules OWNER TO postgres;

--
-- Name: patient_patient_approvedScheds_id_seq; Type: SEQUENCE; Schema: public; Owner: postgres
--

CREATE SEQUENCE public."patient_patient_approvedScheds_id_seq"
    START WITH 1
    INCREMENT BY 1
    NO MINVALUE
    NO MAXVALUE
    CACHE 1;


ALTER TABLE public."patient_patient_approvedScheds_id_seq" OWNER TO postgres;

--
-- Name: patient_patient_approvedScheds_id_seq; Type: SEQUENCE OWNED BY; Schema: public; Owner: postgres
--

ALTER SEQUENCE public."patient_patient_approvedScheds_id_seq" OWNED BY public.patient_patient_approved_schedules.id;


--
-- Name: patient_patient_finished_schedules; Type: TABLE; Schema: public; Owner: postgres
--

CREATE TABLE public.patient_patient_finished_schedules (
    id integer NOT NULL,
    patient_id integer NOT NULL,
    doctorschedule_id integer NOT NULL
);


ALTER TABLE public.patient_patient_finished_schedules OWNER TO postgres;

--
-- Name: patient_patient_finishedScheds_id_seq; Type: SEQUENCE; Schema: public; Owner: postgres
--

CREATE SEQUENCE public."patient_patient_finishedScheds_id_seq"
    START WITH 1
    INCREMENT BY 1
    NO MINVALUE
    NO MAXVALUE
    CACHE 1;


ALTER TABLE public."patient_patient_finishedScheds_id_seq" OWNER TO postgres;

--
-- Name: patient_patient_finishedScheds_id_seq; Type: SEQUENCE OWNED BY; Schema: public; Owner: postgres
--

ALTER SEQUENCE public."patient_patient_finishedScheds_id_seq" OWNED BY public.patient_patient_finished_schedules.id;


--
-- Name: patient_patient_location_details; Type: TABLE; Schema: public; Owner: postgres
--

CREATE TABLE public.patient_patient_location_details (
    id integer NOT NULL,
    patient_id integer NOT NULL,
    patientlocationdetails_id integer NOT NULL
);


ALTER TABLE public.patient_patient_location_details OWNER TO postgres;

--
-- Name: patient_patient_location_details_id_seq; Type: SEQUENCE; Schema: public; Owner: postgres
--

CREATE SEQUENCE public.patient_patient_location_details_id_seq
    START WITH 1
    INCREMENT BY 1
    NO MINVALUE
    NO MAXVALUE
    CACHE 1;


ALTER TABLE public.patient_patient_location_details_id_seq OWNER TO postgres;

--
-- Name: patient_patient_location_details_id_seq; Type: SEQUENCE OWNED BY; Schema: public; Owner: postgres
--

ALTER SEQUENCE public.patient_patient_location_details_id_seq OWNED BY public.patient_patient_location_details.id;


--
-- Name: patient_patient_medical_history; Type: TABLE; Schema: public; Owner: postgres
--

CREATE TABLE public.patient_patient_medical_history (
    id integer NOT NULL,
    patient_id integer NOT NULL,
    medhistform_id integer NOT NULL
);


ALTER TABLE public.patient_patient_medical_history OWNER TO postgres;

--
-- Name: patient_patient_medical_history_id_seq; Type: SEQUENCE; Schema: public; Owner: postgres
--

CREATE SEQUENCE public.patient_patient_medical_history_id_seq
    START WITH 1
    INCREMENT BY 1
    NO MINVALUE
    NO MAXVALUE
    CACHE 1;


ALTER TABLE public.patient_patient_medical_history_id_seq OWNER TO postgres;

--
-- Name: patient_patient_medical_history_id_seq; Type: SEQUENCE OWNED BY; Schema: public; Owner: postgres
--

ALTER SEQUENCE public.patient_patient_medical_history_id_seq OWNED BY public.patient_patient_medical_history.id;


--
-- Name: patient_patient_meds; Type: TABLE; Schema: public; Owner: postgres
--

CREATE TABLE public.patient_patient_meds (
    id integer NOT NULL,
    patient_id integer NOT NULL,
    medication_id integer NOT NULL
);


ALTER TABLE public.patient_patient_meds OWNER TO postgres;

--
-- Name: patient_patient_meds_id_seq; Type: SEQUENCE; Schema: public; Owner: postgres
--

CREATE SEQUENCE public.patient_patient_meds_id_seq
    START WITH 1
    INCREMENT BY 1
    NO MINVALUE
    NO MAXVALUE
    CACHE 1;


ALTER TABLE public.patient_patient_meds_id_seq OWNER TO postgres;

--
-- Name: patient_patient_meds_id_seq; Type: SEQUENCE OWNED BY; Schema: public; Owner: postgres
--

ALTER SEQUENCE public.patient_patient_meds_id_seq OWNED BY public.patient_patient_meds.id;


--
-- Name: patient_patient_my_doctors; Type: TABLE; Schema: public; Owner: postgres
--

CREATE TABLE public.patient_patient_my_doctors (
    id integer NOT NULL,
    patient_id integer NOT NULL,
    doctor_id integer NOT NULL
);


ALTER TABLE public.patient_patient_my_doctors OWNER TO postgres;

--
-- Name: patient_patient_myDoctors_id_seq; Type: SEQUENCE; Schema: public; Owner: postgres
--

CREATE SEQUENCE public."patient_patient_myDoctors_id_seq"
    START WITH 1
    INCREMENT BY 1
    NO MINVALUE
    NO MAXVALUE
    CACHE 1;


ALTER TABLE public."patient_patient_myDoctors_id_seq" OWNER TO postgres;

--
-- Name: patient_patient_myDoctors_id_seq; Type: SEQUENCE OWNED BY; Schema: public; Owner: postgres
--

ALTER SEQUENCE public."patient_patient_myDoctors_id_seq" OWNED BY public.patient_patient_my_doctors.id;


--
-- Name: patient_patient_patient_new_notifications; Type: TABLE; Schema: public; Owner: postgres
--

CREATE TABLE public.patient_patient_patient_new_notifications (
    id integer NOT NULL,
    patient_id integer NOT NULL,
    patientnotification_id integer NOT NULL
);


ALTER TABLE public.patient_patient_patient_new_notifications OWNER TO postgres;

--
-- Name: patient_patient_new_patient_notifications_id_seq; Type: SEQUENCE; Schema: public; Owner: postgres
--

CREATE SEQUENCE public.patient_patient_new_patient_notifications_id_seq
    START WITH 1
    INCREMENT BY 1
    NO MINVALUE
    NO MAXVALUE
    CACHE 1;


ALTER TABLE public.patient_patient_new_patient_notifications_id_seq OWNER TO postgres;

--
-- Name: patient_patient_new_patient_notifications_id_seq; Type: SEQUENCE OWNED BY; Schema: public; Owner: postgres
--

ALTER SEQUENCE public.patient_patient_new_patient_notifications_id_seq OWNED BY public.patient_patient_patient_new_notifications.id;


--
-- Name: patient_patient_patient_notifications; Type: TABLE; Schema: public; Owner: postgres
--

CREATE TABLE public.patient_patient_patient_notifications (
    id integer NOT NULL,
    patient_id integer NOT NULL,
    patientnotification_id integer NOT NULL
);


ALTER TABLE public.patient_patient_patient_notifications OWNER TO postgres;

--
-- Name: patient_patient_patientNotif_id_seq; Type: SEQUENCE; Schema: public; Owner: postgres
--

CREATE SEQUENCE public."patient_patient_patientNotif_id_seq"
    START WITH 1
    INCREMENT BY 1
    NO MINVALUE
    NO MAXVALUE
    CACHE 1;


ALTER TABLE public."patient_patient_patientNotif_id_seq" OWNER TO postgres;

--
-- Name: patient_patient_patientNotif_id_seq; Type: SEQUENCE OWNED BY; Schema: public; Owner: postgres
--

ALTER SEQUENCE public."patient_patient_patientNotif_id_seq" OWNED BY public.patient_patient_patient_notifications.id;


--
-- Name: patient_patient_pending_schedules; Type: TABLE; Schema: public; Owner: postgres
--

CREATE TABLE public.patient_patient_pending_schedules (
    id integer NOT NULL,
    patient_id integer NOT NULL,
    doctorschedule_id integer NOT NULL
);


ALTER TABLE public.patient_patient_pending_schedules OWNER TO postgres;

--
-- Name: patient_patient_pendingScheds_id_seq; Type: SEQUENCE; Schema: public; Owner: postgres
--

CREATE SEQUENCE public."patient_patient_pendingScheds_id_seq"
    START WITH 1
    INCREMENT BY 1
    NO MINVALUE
    NO MAXVALUE
    CACHE 1;


ALTER TABLE public."patient_patient_pendingScheds_id_seq" OWNER TO postgres;

--
-- Name: patient_patient_pendingScheds_id_seq; Type: SEQUENCE OWNED BY; Schema: public; Owner: postgres
--

ALTER SEQUENCE public."patient_patient_pendingScheds_id_seq" OWNED BY public.patient_patient_pending_schedules.id;


--
-- Name: patient_patient_personal_records; Type: TABLE; Schema: public; Owner: postgres
--

CREATE TABLE public.patient_patient_personal_records (
    id integer NOT NULL,
    patient_id integer NOT NULL,
    personalrecord_id integer NOT NULL
);


ALTER TABLE public.patient_patient_personal_records OWNER TO postgres;

--
-- Name: patient_patient_personalRecord_id_seq; Type: SEQUENCE; Schema: public; Owner: postgres
--

CREATE SEQUENCE public."patient_patient_personalRecord_id_seq"
    START WITH 1
    INCREMENT BY 1
    NO MINVALUE
    NO MAXVALUE
    CACHE 1;


ALTER TABLE public."patient_patient_personalRecord_id_seq" OWNER TO postgres;

--
-- Name: patient_patient_personalRecord_id_seq; Type: SEQUENCE OWNED BY; Schema: public; Owner: postgres
--

ALTER SEQUENCE public."patient_patient_personalRecord_id_seq" OWNED BY public.patient_patient_personal_records.id;


--
-- Name: patient_patient_rejected_schedules; Type: TABLE; Schema: public; Owner: postgres
--

CREATE TABLE public.patient_patient_rejected_schedules (
    id integer NOT NULL,
    patient_id integer NOT NULL,
    doctorschedule_id integer NOT NULL
);


ALTER TABLE public.patient_patient_rejected_schedules OWNER TO postgres;

--
-- Name: patient_patient_rejectedScheds_id_seq; Type: SEQUENCE; Schema: public; Owner: postgres
--

CREATE SEQUENCE public."patient_patient_rejectedScheds_id_seq"
    START WITH 1
    INCREMENT BY 1
    NO MINVALUE
    NO MAXVALUE
    CACHE 1;


ALTER TABLE public."patient_patient_rejectedScheds_id_seq" OWNER TO postgres;

--
-- Name: patient_patient_rejectedScheds_id_seq; Type: SEQUENCE OWNED BY; Schema: public; Owner: postgres
--

ALTER SEQUENCE public."patient_patient_rejectedScheds_id_seq" OWNED BY public.patient_patient_rejected_schedules.id;


--
-- Name: patient_patientlocationdetails; Type: TABLE; Schema: public; Owner: postgres
--

CREATE TABLE public.patient_patientlocationdetails (
    id integer NOT NULL,
    lat character varying(200) NOT NULL,
    lon character varying(200) NOT NULL,
    location character varying(200) NOT NULL,
    patient_name character varying(200) NOT NULL,
    username character varying(200) NOT NULL,
    work character varying(200) NOT NULL,
    hiv_level character varying(200) NOT NULL,
    created_on timestamp with time zone NOT NULL,
    patient_pk integer NOT NULL,
    status character varying(200) NOT NULL,
    general_location character varying(100) NOT NULL
);


ALTER TABLE public.patient_patientlocationdetails OWNER TO postgres;

--
-- Name: patient_patientlocationdetails_id_seq; Type: SEQUENCE; Schema: public; Owner: postgres
--

CREATE SEQUENCE public.patient_patientlocationdetails_id_seq
    START WITH 1
    INCREMENT BY 1
    NO MINVALUE
    NO MAXVALUE
    CACHE 1;


ALTER TABLE public.patient_patientlocationdetails_id_seq OWNER TO postgres;

--
-- Name: patient_patientlocationdetails_id_seq; Type: SEQUENCE OWNED BY; Schema: public; Owner: postgres
--

ALTER SEQUENCE public.patient_patientlocationdetails_id_seq OWNED BY public.patient_patientlocationdetails.id;


--
-- Name: patient_patientnotification; Type: TABLE; Schema: public; Owner: postgres
--

CREATE TABLE public.patient_patientnotification (
    id integer NOT NULL,
    doctor_name character varying(100) NOT NULL,
    subject character varying(100) NOT NULL,
    user_type character varying(15) NOT NULL,
    notification character varying(2000) NOT NULL,
    created_on timestamp with time zone NOT NULL,
    patient_username character varying(100) NOT NULL,
    action_type character varying(15) NOT NULL,
    action_pk integer NOT NULL,
    status boolean NOT NULL,
    notif_status boolean NOT NULL
);


ALTER TABLE public.patient_patientnotification OWNER TO postgres;

--
-- Name: patient_patientnotification_id_seq; Type: SEQUENCE; Schema: public; Owner: postgres
--

CREATE SEQUENCE public.patient_patientnotification_id_seq
    START WITH 1
    INCREMENT BY 1
    NO MINVALUE
    NO MAXVALUE
    CACHE 1;


ALTER TABLE public.patient_patientnotification_id_seq OWNER TO postgres;

--
-- Name: patient_patientnotification_id_seq; Type: SEQUENCE OWNED BY; Schema: public; Owner: postgres
--

ALTER SEQUENCE public.patient_patientnotification_id_seq OWNED BY public.patient_patientnotification.id;


--
-- Name: patient_patientsmonthlystatistics; Type: TABLE; Schema: public; Owner: postgres
--

CREATE TABLE public.patient_patientsmonthlystatistics (
    id integer NOT NULL,
    created_on timestamp with time zone NOT NULL,
    patient_pk integer NOT NULL,
    year character varying(10) NOT NULL,
    january integer NOT NULL,
    february integer NOT NULL,
    march integer NOT NULL,
    april integer NOT NULL,
    may integer NOT NULL,
    june integer NOT NULL,
    july integer NOT NULL,
    august integer NOT NULL,
    september integer NOT NULL,
    october integer NOT NULL,
    november integer NOT NULL,
    december integer NOT NULL,
    patient_username character varying(100) NOT NULL
);


ALTER TABLE public.patient_patientsmonthlystatistics OWNER TO postgres;

--
-- Name: patient_patientsmonthlystatistics_id_seq; Type: SEQUENCE; Schema: public; Owner: postgres
--

CREATE SEQUENCE public.patient_patientsmonthlystatistics_id_seq
    START WITH 1
    INCREMENT BY 1
    NO MINVALUE
    NO MAXVALUE
    CACHE 1;


ALTER TABLE public.patient_patientsmonthlystatistics_id_seq OWNER TO postgres;

--
-- Name: patient_patientsmonthlystatistics_id_seq; Type: SEQUENCE OWNED BY; Schema: public; Owner: postgres
--

ALTER SEQUENCE public.patient_patientsmonthlystatistics_id_seq OWNED BY public.patient_patientsmonthlystatistics.id;


--
-- Name: patient_personalrecord; Type: TABLE; Schema: public; Owner: postgres
--

CREATE TABLE public.patient_personalrecord (
    id integer NOT NULL,
    author character varying(200) NOT NULL,
    title character varying(200) NOT NULL,
    slug character varying(200) NOT NULL,
    updated_on timestamp with time zone NOT NULL,
    content text NOT NULL,
    created_on timestamp with time zone NOT NULL,
    status integer NOT NULL
);


ALTER TABLE public.patient_personalrecord OWNER TO postgres;

--
-- Name: patient_personalrecord_comment; Type: TABLE; Schema: public; Owner: postgres
--

CREATE TABLE public.patient_personalrecord_comment (
    id integer NOT NULL,
    personalrecord_id integer NOT NULL,
    remark_id integer NOT NULL
);


ALTER TABLE public.patient_personalrecord_comment OWNER TO postgres;

--
-- Name: patient_personalrecord_comment_id_seq; Type: SEQUENCE; Schema: public; Owner: postgres
--

CREATE SEQUENCE public.patient_personalrecord_comment_id_seq
    START WITH 1
    INCREMENT BY 1
    NO MINVALUE
    NO MAXVALUE
    CACHE 1;


ALTER TABLE public.patient_personalrecord_comment_id_seq OWNER TO postgres;

--
-- Name: patient_personalrecord_comment_id_seq; Type: SEQUENCE OWNED BY; Schema: public; Owner: postgres
--

ALTER SEQUENCE public.patient_personalrecord_comment_id_seq OWNED BY public.patient_personalrecord_comment.id;


--
-- Name: patient_personalrecord_docs_viewed; Type: TABLE; Schema: public; Owner: postgres
--

CREATE TABLE public.patient_personalrecord_docs_viewed (
    id integer NOT NULL,
    personalrecord_id integer NOT NULL,
    usersviewed_id integer NOT NULL
);


ALTER TABLE public.patient_personalrecord_docs_viewed OWNER TO postgres;

--
-- Name: patient_personalrecord_docs_viewed_id_seq; Type: SEQUENCE; Schema: public; Owner: postgres
--

CREATE SEQUENCE public.patient_personalrecord_docs_viewed_id_seq
    START WITH 1
    INCREMENT BY 1
    NO MINVALUE
    NO MAXVALUE
    CACHE 1;


ALTER TABLE public.patient_personalrecord_docs_viewed_id_seq OWNER TO postgres;

--
-- Name: patient_personalrecord_docs_viewed_id_seq; Type: SEQUENCE OWNED BY; Schema: public; Owner: postgres
--

ALTER SEQUENCE public.patient_personalrecord_docs_viewed_id_seq OWNED BY public.patient_personalrecord_docs_viewed.id;


--
-- Name: patient_personalrecord_id_seq; Type: SEQUENCE; Schema: public; Owner: postgres
--

CREATE SEQUENCE public.patient_personalrecord_id_seq
    START WITH 1
    INCREMENT BY 1
    NO MINVALUE
    NO MAXVALUE
    CACHE 1;


ALTER TABLE public.patient_personalrecord_id_seq OWNER TO postgres;

--
-- Name: patient_personalrecord_id_seq; Type: SEQUENCE OWNED BY; Schema: public; Owner: postgres
--

ALTER SEQUENCE public.patient_personalrecord_id_seq OWNED BY public.patient_personalrecord.id;


--
-- Name: patient_profileform; Type: TABLE; Schema: public; Owner: postgres
--

CREATE TABLE public.patient_profileform (
    id integer NOT NULL,
    uid character varying(100) NOT NULL,
    code_name character varying(100) NOT NULL,
    real_name character varying(100) NOT NULL,
    mother_maiden_name character varying(100) NOT NULL,
    address character varying(100) NOT NULL,
    province character varying(100) NOT NULL,
    age character varying(3) NOT NULL,
    sex character varying(100) NOT NULL,
    status character varying(100) NOT NULL,
    birthdate character varying(100) NOT NULL,
    pdate character varying(100) NOT NULL,
    nation character varying(100) NOT NULL,
    ed character varying(100) NOT NULL,
    occupation character varying(100) NOT NULL,
    contact character varying(100) NOT NULL,
    "philNum" character varying(100) NOT NULL
);


ALTER TABLE public.patient_profileform OWNER TO postgres;

--
-- Name: patient_profileform_doctor_remarks; Type: TABLE; Schema: public; Owner: postgres
--

CREATE TABLE public.patient_profileform_doctor_remarks (
    id integer NOT NULL,
    profileform_id integer NOT NULL,
    note_id integer NOT NULL
);


ALTER TABLE public.patient_profileform_doctor_remarks OWNER TO postgres;

--
-- Name: patient_profileform_doc_remarks_id_seq; Type: SEQUENCE; Schema: public; Owner: postgres
--

CREATE SEQUENCE public.patient_profileform_doc_remarks_id_seq
    START WITH 1
    INCREMENT BY 1
    NO MINVALUE
    NO MAXVALUE
    CACHE 1;


ALTER TABLE public.patient_profileform_doc_remarks_id_seq OWNER TO postgres;

--
-- Name: patient_profileform_doc_remarks_id_seq; Type: SEQUENCE OWNED BY; Schema: public; Owner: postgres
--

ALTER SEQUENCE public.patient_profileform_doc_remarks_id_seq OWNED BY public.patient_profileform_doctor_remarks.id;


--
-- Name: patient_profileform_docs_viewed; Type: TABLE; Schema: public; Owner: postgres
--

CREATE TABLE public.patient_profileform_docs_viewed (
    id integer NOT NULL,
    profileform_id integer NOT NULL,
    usersviewed_id integer NOT NULL
);


ALTER TABLE public.patient_profileform_docs_viewed OWNER TO postgres;

--
-- Name: patient_profileform_docs_viewed_id_seq; Type: SEQUENCE; Schema: public; Owner: postgres
--

CREATE SEQUENCE public.patient_profileform_docs_viewed_id_seq
    START WITH 1
    INCREMENT BY 1
    NO MINVALUE
    NO MAXVALUE
    CACHE 1;


ALTER TABLE public.patient_profileform_docs_viewed_id_seq OWNER TO postgres;

--
-- Name: patient_profileform_docs_viewed_id_seq; Type: SEQUENCE OWNED BY; Schema: public; Owner: postgres
--

ALTER SEQUENCE public.patient_profileform_docs_viewed_id_seq OWNED BY public.patient_profileform_docs_viewed.id;


--
-- Name: patient_profileform_id_seq; Type: SEQUENCE; Schema: public; Owner: postgres
--

CREATE SEQUENCE public.patient_profileform_id_seq
    START WITH 1
    INCREMENT BY 1
    NO MINVALUE
    NO MAXVALUE
    CACHE 1;


ALTER TABLE public.patient_profileform_id_seq OWNER TO postgres;

--
-- Name: patient_profileform_id_seq; Type: SEQUENCE OWNED BY; Schema: public; Owner: postgres
--

ALTER SEQUENCE public.patient_profileform_id_seq OWNED BY public.patient_profileform.id;


--
-- Name: portal_adminnotification; Type: TABLE; Schema: public; Owner: postgres
--

CREATE TABLE public.portal_adminnotification (
    id integer NOT NULL,
    name character varying(100) NOT NULL,
    user_type character varying(15) NOT NULL,
    notif character varying(100) NOT NULL,
    created_on timestamp with time zone NOT NULL
);


ALTER TABLE public.portal_adminnotification OWNER TO postgres;

--
-- Name: portal_adminnotification_id_seq; Type: SEQUENCE; Schema: public; Owner: postgres
--

CREATE SEQUENCE public.portal_adminnotification_id_seq
    START WITH 1
    INCREMENT BY 1
    NO MINVALUE
    NO MAXVALUE
    CACHE 1;


ALTER TABLE public.portal_adminnotification_id_seq OWNER TO postgres;

--
-- Name: portal_adminnotification_id_seq; Type: SEQUENCE OWNED BY; Schema: public; Owner: postgres
--

ALTER SEQUENCE public.portal_adminnotification_id_seq OWNED BY public.portal_adminnotification.id;


--
-- Name: id; Type: DEFAULT; Schema: public; Owner: postgres
--

ALTER TABLE ONLY public.auth_group ALTER COLUMN id SET DEFAULT nextval('public.auth_group_id_seq'::regclass);


--
-- Name: id; Type: DEFAULT; Schema: public; Owner: postgres
--

ALTER TABLE ONLY public.auth_group_permissions ALTER COLUMN id SET DEFAULT nextval('public.auth_group_permissions_id_seq'::regclass);


--
-- Name: id; Type: DEFAULT; Schema: public; Owner: postgres
--

ALTER TABLE ONLY public.auth_permission ALTER COLUMN id SET DEFAULT nextval('public.auth_permission_id_seq'::regclass);


--
-- Name: id; Type: DEFAULT; Schema: public; Owner: postgres
--

ALTER TABLE ONLY public.auth_user ALTER COLUMN id SET DEFAULT nextval('public.auth_user_id_seq'::regclass);


--
-- Name: id; Type: DEFAULT; Schema: public; Owner: postgres
--

ALTER TABLE ONLY public.auth_user_groups ALTER COLUMN id SET DEFAULT nextval('public.auth_user_groups_id_seq'::regclass);


--
-- Name: id; Type: DEFAULT; Schema: public; Owner: postgres
--

ALTER TABLE ONLY public.auth_user_user_permissions ALTER COLUMN id SET DEFAULT nextval('public.auth_user_user_permissions_id_seq'::regclass);


--
-- Name: id; Type: DEFAULT; Schema: public; Owner: postgres
--

ALTER TABLE ONLY public."cebuMap_cebubarangays" ALTER COLUMN id SET DEFAULT nextval('public."cebuMap_cebubarangays_id_seq"'::regclass);


--
-- Name: id; Type: DEFAULT; Schema: public; Owner: postgres
--

ALTER TABLE ONLY public."cebuMap_cebubarangays_deceased" ALTER COLUMN id SET DEFAULT nextval('public."cebuMap_cebubarangays_deceased_id_seq"'::regclass);


--
-- Name: id; Type: DEFAULT; Schema: public; Owner: postgres
--

ALTER TABLE ONLY public."cebuMap_cebubarangays_for_screening" ALTER COLUMN id SET DEFAULT nextval('public."cebuMap_cebubarangays_no_hiv_id_seq"'::regclass);


--
-- Name: id; Type: DEFAULT; Schema: public; Owner: postgres
--

ALTER TABLE ONLY public."cebuMap_cebubarangays_hiv_pop" ALTER COLUMN id SET DEFAULT nextval('public."cebuMap_cebubarangays_hiv_pop_id_seq"'::regclass);


--
-- Name: id; Type: DEFAULT; Schema: public; Owner: postgres
--

ALTER TABLE ONLY public."cebuMap_cebubarangays_migrated" ALTER COLUMN id SET DEFAULT nextval('public."cebuMap_cebubarangays_migrated_id_seq"'::regclass);


--
-- Name: id; Type: DEFAULT; Schema: public; Owner: postgres
--

ALTER TABLE ONLY public."cebuMap_cebubarangays_stage_0" ALTER COLUMN id SET DEFAULT nextval('public."cebuMap_cebubarangays_stage_0_id_seq"'::regclass);


--
-- Name: id; Type: DEFAULT; Schema: public; Owner: postgres
--

ALTER TABLE ONLY public."cebuMap_cebubarangays_stage_1" ALTER COLUMN id SET DEFAULT nextval('public."cebuMap_cebubarangays_stage_1_id_seq"'::regclass);


--
-- Name: id; Type: DEFAULT; Schema: public; Owner: postgres
--

ALTER TABLE ONLY public."cebuMap_cebubarangays_stage_2" ALTER COLUMN id SET DEFAULT nextval('public."cebuMap_cebubarangays_stage_2_id_seq"'::regclass);


--
-- Name: id; Type: DEFAULT; Schema: public; Owner: postgres
--

ALTER TABLE ONLY public."cebuMap_cebubarangays_stage_3" ALTER COLUMN id SET DEFAULT nextval('public."cebuMap_cebubarangays_stage_3_id_seq"'::regclass);


--
-- Name: id; Type: DEFAULT; Schema: public; Owner: postgres
--

ALTER TABLE ONLY public."cebuMap_cebumap" ALTER COLUMN id SET DEFAULT nextval('public."cebuMap_cebumap_id_seq1"'::regclass);


--
-- Name: id; Type: DEFAULT; Schema: public; Owner: postgres
--

ALTER TABLE ONLY public."cebuMap_incidence" ALTER COLUMN id SET DEFAULT nextval('public."cebuMap_incidence_id_seq"'::regclass);


--
-- Name: id; Type: DEFAULT; Schema: public; Owner: postgres
--

ALTER TABLE ONLY public.django_admin_log ALTER COLUMN id SET DEFAULT nextval('public.django_admin_log_id_seq'::regclass);


--
-- Name: id; Type: DEFAULT; Schema: public; Owner: postgres
--

ALTER TABLE ONLY public.django_content_type ALTER COLUMN id SET DEFAULT nextval('public.django_content_type_id_seq'::regclass);


--
-- Name: id; Type: DEFAULT; Schema: public; Owner: postgres
--

ALTER TABLE ONLY public.django_migrations ALTER COLUMN id SET DEFAULT nextval('public.django_migrations_id_seq'::regclass);


--
-- Name: id; Type: DEFAULT; Schema: public; Owner: postgres
--

ALTER TABLE ONLY public.doctor_doctor ALTER COLUMN id SET DEFAULT nextval('public.doctor_doctor_id_seq'::regclass);


--
-- Name: id; Type: DEFAULT; Schema: public; Owner: postgres
--

ALTER TABLE ONLY public."doctor_doctor_doctorNotifs" ALTER COLUMN id SET DEFAULT nextval('public."doctor_doctor_doctorNotifs_id_seq"'::regclass);


--
-- Name: id; Type: DEFAULT; Schema: public; Owner: postgres
--

ALTER TABLE ONLY public.doctor_doctor_finished_scheds ALTER COLUMN id SET DEFAULT nextval('public.doctor_doctor_finished_scheds_id_seq'::regclass);


--
-- Name: id; Type: DEFAULT; Schema: public; Owner: postgres
--

ALTER TABLE ONLY public.doctor_doctor_new_notifs ALTER COLUMN id SET DEFAULT nextval('public.doctor_doctor_new_notifs_id_seq'::regclass);


--
-- Name: id; Type: DEFAULT; Schema: public; Owner: postgres
--

ALTER TABLE ONLY public.doctor_doctor_pending_scheds ALTER COLUMN id SET DEFAULT nextval('public.doctor_doctor_pending_scheds_id_seq'::regclass);


--
-- Name: id; Type: DEFAULT; Schema: public; Owner: postgres
--

ALTER TABLE ONLY public.doctor_doctor_rejected_scheds ALTER COLUMN id SET DEFAULT nextval('public.doctor_doctor_rejected_scheds_id_seq'::regclass);


--
-- Name: id; Type: DEFAULT; Schema: public; Owner: postgres
--

ALTER TABLE ONLY public.doctor_doctor_schedules ALTER COLUMN id SET DEFAULT nextval('public.doctor_doctor_schedules_id_seq'::regclass);


--
-- Name: id; Type: DEFAULT; Schema: public; Owner: postgres
--

ALTER TABLE ONLY public.doctor_doctornotification ALTER COLUMN id SET DEFAULT nextval('public.doctor_doctornotification_id_seq'::regclass);


--
-- Name: id; Type: DEFAULT; Schema: public; Owner: postgres
--

ALTER TABLE ONLY public.doctor_doctorschedule ALTER COLUMN id SET DEFAULT nextval('public.doctor_doctorschedule_id_seq'::regclass);


--
-- Name: id; Type: DEFAULT; Schema: public; Owner: postgres
--

ALTER TABLE ONLY public.doctor_doctorschedule_doc_remark ALTER COLUMN id SET DEFAULT nextval('public.doctor_doctorschedule_doc_remark_id_seq'::regclass);


--
-- Name: id; Type: DEFAULT; Schema: public; Owner: postgres
--

ALTER TABLE ONLY public.doctor_doctorschedule_users_viewed ALTER COLUMN id SET DEFAULT nextval('public.doctor_doctorschedule_doc_views_details_id_seq'::regclass);


--
-- Name: id; Type: DEFAULT; Schema: public; Owner: postgres
--

ALTER TABLE ONLY public.doctor_doctorstats ALTER COLUMN id SET DEFAULT nextval('public.doctor_doctorstats_id_seq'::regclass);


--
-- Name: id; Type: DEFAULT; Schema: public; Owner: postgres
--

ALTER TABLE ONLY public.doctor_doctorstats_monthly_stats ALTER COLUMN id SET DEFAULT nextval('public.doctor_doctorstats_monthly_stats_id_seq'::regclass);


--
-- Name: id; Type: DEFAULT; Schema: public; Owner: postgres
--

ALTER TABLE ONLY public.doctor_medicine ALTER COLUMN id SET DEFAULT nextval('public.doctor_medicine_id_seq'::regclass);


--
-- Name: id; Type: DEFAULT; Schema: public; Owner: postgres
--

ALTER TABLE ONLY public.doctor_monthlystatistics ALTER COLUMN id SET DEFAULT nextval('public.doctor_monthlystatistics_id_seq'::regclass);


--
-- Name: id; Type: DEFAULT; Schema: public; Owner: postgres
--

ALTER TABLE ONLY public.doctor_remark ALTER COLUMN id SET DEFAULT nextval('public.doctor_note_id_seq'::regclass);


--
-- Name: id; Type: DEFAULT; Schema: public; Owner: postgres
--

ALTER TABLE ONLY public.doctor_usersviewed ALTER COLUMN id SET DEFAULT nextval('public.doctor_usersviewed_id_seq'::regclass);


--
-- Name: id; Type: DEFAULT; Schema: public; Owner: postgres
--

ALTER TABLE ONLY public.patient_icrform ALTER COLUMN id SET DEFAULT nextval('public.patient_icrform_id_seq'::regclass);


--
-- Name: id; Type: DEFAULT; Schema: public; Owner: postgres
--

ALTER TABLE ONLY public.patient_icrform_docs_viewed ALTER COLUMN id SET DEFAULT nextval('public.patient_icrform_docs_viewed_id_seq'::regclass);


--
-- Name: id; Type: DEFAULT; Schema: public; Owner: postgres
--

ALTER TABLE ONLY public.patient_icrform_doctor_remarks ALTER COLUMN id SET DEFAULT nextval('public.patient_icrform_doctor_remarks_id_seq'::regclass);


--
-- Name: id; Type: DEFAULT; Schema: public; Owner: postgres
--

ALTER TABLE ONLY public.patient_medhistform ALTER COLUMN id SET DEFAULT nextval('public.patient_medhistform_id_seq'::regclass);


--
-- Name: id; Type: DEFAULT; Schema: public; Owner: postgres
--

ALTER TABLE ONLY public.patient_medhistform_docs_viewed ALTER COLUMN id SET DEFAULT nextval('public.patient_medhistform_docs_viewed_id_seq'::regclass);


--
-- Name: id; Type: DEFAULT; Schema: public; Owner: postgres
--

ALTER TABLE ONLY public.patient_medhistform_doctor_remarks ALTER COLUMN id SET DEFAULT nextval('public.patient_medhistform_doctor_remarks_id_seq'::regclass);


--
-- Name: id; Type: DEFAULT; Schema: public; Owner: postgres
--

ALTER TABLE ONLY public.patient_medication ALTER COLUMN id SET DEFAULT nextval('public.patient_medication_id_seq'::regclass);


--
-- Name: id; Type: DEFAULT; Schema: public; Owner: postgres
--

ALTER TABLE ONLY public.patient_patient_approved_schedules ALTER COLUMN id SET DEFAULT nextval('public."patient_patient_approvedScheds_id_seq"'::regclass);


--
-- Name: id; Type: DEFAULT; Schema: public; Owner: postgres
--

ALTER TABLE ONLY public.patient_patient_finished_schedules ALTER COLUMN id SET DEFAULT nextval('public."patient_patient_finishedScheds_id_seq"'::regclass);


--
-- Name: id; Type: DEFAULT; Schema: public; Owner: postgres
--

ALTER TABLE ONLY public.patient_patient_location_details ALTER COLUMN id SET DEFAULT nextval('public.patient_patient_location_details_id_seq'::regclass);


--
-- Name: id; Type: DEFAULT; Schema: public; Owner: postgres
--

ALTER TABLE ONLY public.patient_patient_medical_history ALTER COLUMN id SET DEFAULT nextval('public.patient_patient_medical_history_id_seq'::regclass);


--
-- Name: id; Type: DEFAULT; Schema: public; Owner: postgres
--

ALTER TABLE ONLY public.patient_patient_meds ALTER COLUMN id SET DEFAULT nextval('public.patient_patient_meds_id_seq'::regclass);


--
-- Name: id; Type: DEFAULT; Schema: public; Owner: postgres
--

ALTER TABLE ONLY public.patient_patient_my_doctors ALTER COLUMN id SET DEFAULT nextval('public."patient_patient_myDoctors_id_seq"'::regclass);


--
-- Name: id; Type: DEFAULT; Schema: public; Owner: postgres
--

ALTER TABLE ONLY public.patient_patient_patient_new_notifications ALTER COLUMN id SET DEFAULT nextval('public.patient_patient_new_patient_notifications_id_seq'::regclass);


--
-- Name: id; Type: DEFAULT; Schema: public; Owner: postgres
--

ALTER TABLE ONLY public.patient_patient_patient_notifications ALTER COLUMN id SET DEFAULT nextval('public."patient_patient_patientNotif_id_seq"'::regclass);


--
-- Name: id; Type: DEFAULT; Schema: public; Owner: postgres
--

ALTER TABLE ONLY public.patient_patient_pending_schedules ALTER COLUMN id SET DEFAULT nextval('public."patient_patient_pendingScheds_id_seq"'::regclass);


--
-- Name: id; Type: DEFAULT; Schema: public; Owner: postgres
--

ALTER TABLE ONLY public.patient_patient_personal_records ALTER COLUMN id SET DEFAULT nextval('public."patient_patient_personalRecord_id_seq"'::regclass);


--
-- Name: id; Type: DEFAULT; Schema: public; Owner: postgres
--

ALTER TABLE ONLY public.patient_patient_rejected_schedules ALTER COLUMN id SET DEFAULT nextval('public."patient_patient_rejectedScheds_id_seq"'::regclass);


--
-- Name: id; Type: DEFAULT; Schema: public; Owner: postgres
--

ALTER TABLE ONLY public.patient_patientlocationdetails ALTER COLUMN id SET DEFAULT nextval('public.patient_patientlocationdetails_id_seq'::regclass);


--
-- Name: id; Type: DEFAULT; Schema: public; Owner: postgres
--

ALTER TABLE ONLY public.patient_patientnotification ALTER COLUMN id SET DEFAULT nextval('public.patient_patientnotification_id_seq'::regclass);


--
-- Name: id; Type: DEFAULT; Schema: public; Owner: postgres
--

ALTER TABLE ONLY public.patient_patientsmonthlystatistics ALTER COLUMN id SET DEFAULT nextval('public.patient_patientsmonthlystatistics_id_seq'::regclass);


--
-- Name: id; Type: DEFAULT; Schema: public; Owner: postgres
--

ALTER TABLE ONLY public.patient_personalrecord ALTER COLUMN id SET DEFAULT nextval('public.patient_personalrecord_id_seq'::regclass);


--
-- Name: id; Type: DEFAULT; Schema: public; Owner: postgres
--

ALTER TABLE ONLY public.patient_personalrecord_comment ALTER COLUMN id SET DEFAULT nextval('public.patient_personalrecord_comment_id_seq'::regclass);


--
-- Name: id; Type: DEFAULT; Schema: public; Owner: postgres
--

ALTER TABLE ONLY public.patient_personalrecord_docs_viewed ALTER COLUMN id SET DEFAULT nextval('public.patient_personalrecord_docs_viewed_id_seq'::regclass);


--
-- Name: id; Type: DEFAULT; Schema: public; Owner: postgres
--

ALTER TABLE ONLY public.patient_profileform ALTER COLUMN id SET DEFAULT nextval('public.patient_profileform_id_seq'::regclass);


--
-- Name: id; Type: DEFAULT; Schema: public; Owner: postgres
--

ALTER TABLE ONLY public.patient_profileform_docs_viewed ALTER COLUMN id SET DEFAULT nextval('public.patient_profileform_docs_viewed_id_seq'::regclass);


--
-- Name: id; Type: DEFAULT; Schema: public; Owner: postgres
--

ALTER TABLE ONLY public.patient_profileform_doctor_remarks ALTER COLUMN id SET DEFAULT nextval('public.patient_profileform_doc_remarks_id_seq'::regclass);


--
-- Name: id; Type: DEFAULT; Schema: public; Owner: postgres
--

ALTER TABLE ONLY public.portal_adminnotification ALTER COLUMN id SET DEFAULT nextval('public.portal_adminnotification_id_seq'::regclass);


--
-- Data for Name: auth_group; Type: TABLE DATA; Schema: public; Owner: postgres
--

COPY public.auth_group (id, name) FROM stdin;
\.


--
-- Name: auth_group_id_seq; Type: SEQUENCE SET; Schema: public; Owner: postgres
--

SELECT pg_catalog.setval('public.auth_group_id_seq', 1, false);


--
-- Data for Name: auth_group_permissions; Type: TABLE DATA; Schema: public; Owner: postgres
--

COPY public.auth_group_permissions (id, group_id, permission_id) FROM stdin;
\.


--
-- Name: auth_group_permissions_id_seq; Type: SEQUENCE SET; Schema: public; Owner: postgres
--

SELECT pg_catalog.setval('public.auth_group_permissions_id_seq', 1, false);


--
-- Data for Name: auth_permission; Type: TABLE DATA; Schema: public; Owner: postgres
--

COPY public.auth_permission (id, name, content_type_id, codename) FROM stdin;
1	Can add log entry	1	add_logentry
2	Can change log entry	1	change_logentry
3	Can delete log entry	1	delete_logentry
4	Can view log entry	1	view_logentry
5	Can add group	4	add_group
6	Can change group	4	change_group
7	Can delete group	4	delete_group
8	Can view group	4	view_group
9	Can add permission	2	add_permission
10	Can change permission	2	change_permission
11	Can delete permission	2	delete_permission
12	Can view permission	2	view_permission
13	Can add user	3	add_user
14	Can change user	3	change_user
15	Can delete user	3	delete_user
16	Can view user	3	view_user
17	Can add content type	5	add_contenttype
18	Can change content type	5	change_contenttype
19	Can delete content type	5	delete_contenttype
20	Can view content type	5	view_contenttype
21	Can add session	6	add_session
22	Can change session	6	change_session
23	Can delete session	6	delete_session
24	Can view session	6	view_session
25	Can add admin notification	7	add_adminnotification
26	Can change admin notification	7	change_adminnotification
27	Can delete admin notification	7	delete_adminnotification
28	Can view admin notification	7	view_adminnotification
29	Can add doctor schedule	11	add_doctorschedule
30	Can change doctor schedule	11	change_doctorschedule
31	Can delete doctor schedule	11	delete_doctorschedule
32	Can view doctor schedule	11	view_doctorschedule
33	Can add doctor	15	add_doctor
34	Can change doctor	15	change_doctor
35	Can delete doctor	15	delete_doctor
36	Can view doctor	15	view_doctor
37	Can add doctor notification	14	add_doctornotification
38	Can change doctor notification	14	change_doctornotification
39	Can delete doctor notification	14	delete_doctornotification
40	Can view doctor notification	14	view_doctornotification
41	Can add doctor stats	10	add_doctorstats
42	Can change doctor stats	10	change_doctorstats
43	Can delete doctor stats	10	delete_doctorstats
44	Can view doctor stats	10	view_doctorstats
45	Can add users viewed	9	add_usersviewed
46	Can change users viewed	9	change_usersviewed
47	Can delete users viewed	9	delete_usersviewed
48	Can view users viewed	9	view_usersviewed
49	Can add remark	13	add_remark
50	Can change remark	13	change_remark
51	Can delete remark	13	delete_remark
52	Can view remark	13	view_remark
53	Can add monthly statistics	8	add_monthlystatistics
54	Can change monthly statistics	8	change_monthlystatistics
55	Can delete monthly statistics	8	delete_monthlystatistics
56	Can view monthly statistics	8	view_monthlystatistics
57	Can add medicine	12	add_medicine
58	Can change medicine	12	change_medicine
59	Can delete medicine	12	delete_medicine
60	Can view medicine	12	view_medicine
61	Can add patient location details	24	add_patientlocationdetails
62	Can change patient location details	24	change_patientlocationdetails
63	Can delete patient location details	24	delete_patientlocationdetails
64	Can view patient location details	24	view_patientlocationdetails
65	Can add icr form	19	add_icrform
66	Can change icr form	19	change_icrform
67	Can delete icr form	19	delete_icrform
68	Can view icr form	19	view_icrform
69	Can add medication	23	add_medication
70	Can change medication	23	change_medication
71	Can delete medication	23	delete_medication
72	Can view medication	23	view_medication
73	Can add patient notification	17	add_patientnotification
74	Can change patient notification	17	change_patientnotification
75	Can delete patient notification	17	delete_patientnotification
76	Can view patient notification	17	view_patientnotification
77	Can add patients monthly statistics	22	add_patientsmonthlystatistics
78	Can change patients monthly statistics	22	change_patientsmonthlystatistics
79	Can delete patients monthly statistics	22	delete_patientsmonthlystatistics
80	Can view patients monthly statistics	22	view_patientsmonthlystatistics
81	Can add med hist form	18	add_medhistform
82	Can change med hist form	18	change_medhistform
83	Can delete med hist form	18	delete_medhistform
84	Can view med hist form	18	view_medhistform
85	Can add personal record	16	add_personalrecord
86	Can change personal record	16	change_personalrecord
87	Can delete personal record	16	delete_personalrecord
88	Can view personal record	16	view_personalrecord
89	Can add patient	21	add_patient
90	Can change patient	21	change_patient
91	Can delete patient	21	delete_patient
92	Can view patient	21	view_patient
93	Can add profile form	20	add_profileform
94	Can change profile form	20	change_profileform
95	Can delete profile form	20	delete_profileform
96	Can view profile form	20	view_profileform
97	Can add cebu barangays	25	add_cebubarangays
98	Can change cebu barangays	25	change_cebubarangays
99	Can delete cebu barangays	25	delete_cebubarangays
100	Can view cebu barangays	25	view_cebubarangays
101	Can add incidence	26	add_incidence
102	Can change incidence	26	change_incidence
103	Can delete incidence	26	delete_incidence
104	Can view incidence	26	view_incidence
105	Can add cebu map	27	add_cebumap
106	Can change cebu map	27	change_cebumap
107	Can delete cebu map	27	delete_cebumap
108	Can view cebu map	27	view_cebumap
\.


--
-- Name: auth_permission_id_seq; Type: SEQUENCE SET; Schema: public; Owner: postgres
--

SELECT pg_catalog.setval('public.auth_permission_id_seq', 108, true);


--
-- Data for Name: auth_user; Type: TABLE DATA; Schema: public; Owner: postgres
--

COPY public.auth_user (id, password, last_login, is_superuser, username, first_name, last_name, email, is_staff, is_active, date_joined) FROM stdin;
1	pbkdf2_sha256$150000$cZEZDkMIn8Gm$5MYbb9u53XaXRmf3Q/4woSZ9XIaathK/dqzMo6cTNY4=	2020-02-12 05:33:08.8026+00	t	denden			dendenvelcu@gmail.com	t	t	2020-02-10 17:10:06.826516+00
\.


--
-- Data for Name: auth_user_groups; Type: TABLE DATA; Schema: public; Owner: postgres
--

COPY public.auth_user_groups (id, user_id, group_id) FROM stdin;
\.


--
-- Name: auth_user_groups_id_seq; Type: SEQUENCE SET; Schema: public; Owner: postgres
--

SELECT pg_catalog.setval('public.auth_user_groups_id_seq', 1, false);


--
-- Name: auth_user_id_seq; Type: SEQUENCE SET; Schema: public; Owner: postgres
--

SELECT pg_catalog.setval('public.auth_user_id_seq', 1, true);


--
-- Data for Name: auth_user_user_permissions; Type: TABLE DATA; Schema: public; Owner: postgres
--

COPY public.auth_user_user_permissions (id, user_id, permission_id) FROM stdin;
\.


--
-- Name: auth_user_user_permissions_id_seq; Type: SEQUENCE SET; Schema: public; Owner: postgres
--

SELECT pg_catalog.setval('public.auth_user_user_permissions_id_seq', 1, false);


--
-- Data for Name: cebuMap_cebubarangays; Type: TABLE DATA; Schema: public; Owner: postgres
--

COPY public."cebuMap_cebubarangays" (id, objectid, iso, name_0, name_1, varname_1, nl_name_1, hasc_1, fips_1, cc_1, type_1, engtype_1, validfr_1, validto_1, remarks_1, name_2, varname_2, nl_name_2, hasc_2, fips_2, cc_2, type_2, engtype_2, validfr_2, validto_2, remarks_2, name_3, varname_3, nl_name_3, hasc_3, type_3, engtype_3, validfr_3, validto_3, remarks_3, name_4, varname_4, type_4, engtype_4, validfr_4, validto_4, remarks_4, name_5, type_5, engtype_5, validfr_5, validto_5, shape_leng, shape_area, bngy, psgc_bgy, geom) FROM stdin;
1	62308	PHL	Pilipinas	Cebu			PH.CB	RP21		Lalawigan|Probinsya	Province	Unknown	Present		Cebu City			PH.CB.CB			Lungsod|Siyudad	City	Unknown	Present		Inayawan				Barangay	Village	Unknown	Present														0.0496547353621000012	0.000132149658753000009	Inayawan	072217032	0106000020E61000000100000001030000000100000010000000EB490C422CF85E409DEB09FE41872440C40DF41C28F85E409F30FF5D30872440CF3D77001FF85E40C83604EC0B872440AF42DA9C13F85E407EFB1268B18624409346C4200AF85E40BE0BDF07368624402E0914A0DEF75E4093A522C52C86244036F89EE187F75E403F23527B1286244056AD8CC467F75E40A603516E1E862440FBBF0C8150F75E407E0EA87D6E862440BE771A9E3EF75E40384D8607AC862440639B4DBC28F75E402F1CB6BA218724401D125782DFF65E4064B01145798824404EFA16432EF75E40C37A4B9E768B24400C6CF2BF45F75E403FE070AE6A8C2440FC9D5B02F7F75E403DDEA57960882440EB490C422CF85E409DEB09FE41872440
2	65236	PHL	Pilipinas	Cebu			PH.CB	RP21		Lalawigan|Probinsya	Province	Unknown	Present		Cebu City			PH.CB.CB			Lungsod|Siyudad	City	Unknown	Present		Camputhaw				Barangay	Village	Unknown	Present														0.0348963904211999978	6.94842699133999946e-05	Camputhaw (Pob.)	072217036	0106000020E61000000100000001030000000100000017000000D75A7582D6F95E40B34D0DF298A124401D0A367FD9F95E40F7E449EE81A0244031BAB721DAF95E40C6BA1562E89F244008F78DDBDCF95E40AF031C58649F2440ADB87D63DEF95E40913A90D8349F2440BC4EE040C9F95E40A1412C99259E2440B209C91BC5F95E400281F067389D2440072E0B0098F95E40095583630D9D24402ECB321F87F95E407D9FE79FAC9E24408677185E7CF95E404B66D94CB59F2440DC4430C476F95E40536451C263A0244052743DA06EF95E4066C5F9CECDA02440658D2E5C72F95E40B34A938E20A12440D5E950C167F95E40657F0CE234A224406382154462F95E4057AC09E406A324407C17695B64F95E40DF9D031AA9A32440698CB54374F95E4042180900C1A324407EDAA21EA2F95E4071E4BE4FBEA32440D9B7A39CB5F95E40467E020DB5A32440E6F0D75FC1F95E408E9C61D42CA32440BBECEDDBCAF95E40D33618348EA224405FB3F2DFD5F95E40D46CEA6EE2A12440D75A7582D6F95E40B34D0DF298A12440
3	65237	PHL	Pilipinas	Cebu			PH.CB	RP21		Lalawigan|Probinsya	Province	Unknown	Present		Cebu City			PH.CB.CB			Lungsod|Siyudad	City	Unknown	Present		Capitol Site				Barangay	Village	Unknown	Present														0.0397059263826999992	6.40816477961999947e-05	Capitol Site (Pob.)	072217020	0106000020E61000000100000001030000000100000019000000072E0B0098F95E40095583630D9D2440E24ED0C388F95E40B6FB56A8E59C2440A45D66FC7AF95E409953CFD5BB9C24401D72967E5EF95E4034A769A5729C24409050DBC11AF95E40538EF2109A9B2440528A889D24F95E4064AD1F218E9C244082A9C5822EF95E403EE89D027E9D24407DBABD6030F95E4045C224C5439E2440C847D31D30F95E40D80B5A5ED19E2440193796C32DF95E403371E0C85A9F2440E24983E32AF95E4087F62A76ED9F24407DBABD6030F95E40D58F9A36E4A024401C2BB36135F95E40CD95DD0F95A12440D13BAB3F37F95E40A8D05BF184A2244095D2350436F95E401D8818311EA32440AB0A5B0159F95E40C32F7C739DA324407C17695B64F95E40DF9D031AA9A324406382154462F95E4057AC09E406A32440D5E950C167F95E40657F0CE234A22440658D2E5C72F95E40B34A938E20A1244052743DA06EF95E4066C5F9CECDA02440DC4430C476F95E40536451C263A024408677185E7CF95E404B66D94CB59F24402ECB321F87F95E407D9FE79FAC9E2440072E0B0098F95E40095583630D9D2440
4	65250	PHL	Pilipinas	Cebu			PH.CB	RP21		Lalawigan|Probinsya	Province	Unknown	Present		Cebu City			PH.CB.CB			Lungsod|Siyudad	City	Unknown	Present		Hippodromo				Barangay	Village	Unknown	Present														0.0294907704415999991	4.62655560520000024e-05	Hippodromo	072217031	0106000020E6100000010000000103000000010000000E000000CC0428DC25FA5E40046FE59B9EA02440ED7C4F8243FA5E40A484E880829E2440C41BBA0319FA5E40BCBB13A3169C2440D9BCF07C13FA5E401CB5EA84909C2440EE929A7FF9F95E4046D23F77889D24402FD07FFFE4F95E40737E3205679E2440ADB87D63DEF95E40913A90D8349F244008F78DDBDCF95E40AF031C58649F244031BAB721DAF95E40C6BA1562E89F24401D0A367FD9F95E40F7E449EE81A02440D75A7582D6F95E40B34D0DF298A124403816CBC0E6F95E40B7C4629CB8A12440C9DFAA82FFF95E40AFBAFD658FA22440CC0428DC25FA5E40046FE59B9EA02440
5	65268	PHL	Pilipinas	Cebu			PH.CB	RP21		Lalawigan|Probinsya	Province	Unknown	Present		Cebu City			PH.CB.CB			Lungsod|Siyudad	City	Unknown	Present		Tisa				Barangay	Village	Unknown	Present														0.0765636134772999938	0.000259130820067999992	Tisa	072217085	0106000020E6100000010000000103000000010000001900000049C8E0BF7AF85E40C4D452A09D992440071F245F7EF85E40CE1B32665D992440B73ACB027BF85E40DA8E7DAF5D982440CB42095D7DF85E407CDF4E09DC972440E938D6C07FF85E40F3DCF8350E972440A38A49607AF85E4004F17EA307972440285B236357F85E40150F6BC81497244088A47EE126F85E40286D997106972440FCC9A6410CF85E409626DE3BF19624401318173CE5F75E40A07E199FDC96244086335A20B8F75E40DBD46A9CF696244039FD6EE190F75E40E3E57727629724408C27FADD6AF75E40974E8A3D39982440474D223E50F75E40C744250710992440E81912BD36F75E40D4CF01A0139A244023CAE17F22F75E409DF6F9130A9B2440FE5D9D3BFDF65E4004B4483F149C244090DB8464E3F65E40704A50E4679C2440FE11A5A2CAF65E40A2871986BE9C2440C0203BDBBCF65E4051480524019D2440FB7E97FEADF65E40E4913ABD8E9D24401AE7BCBF1CF75E402A35A8A595A0244005CF7C806BF75E40EF1F485BCE9C24406DB3817D2DF85E4016DF1E112A9D244049C8E0BF7AF85E40C4D452A09D992440
6	68300	PHL	Pilipinas	Cebu			PH.CB	RP21		Lalawigan|Probinsya	Province	Unknown	Present		Cebu City			PH.CB.CB			Lungsod|Siyudad	City	Unknown	Present		Lusaran				Barangay	Village	Unknown	Present														0.136887280818000001	0.000772365753323000018	Lusaran	072217043	0106000020E61000000100000001030000000100000018000000B67A254188FA5E401E4C527B5CF82440014A35C33FF95E4018DF91FF17F224400F0962C0C9F75E4043A1BD1E10E924408054D1C3BDF75E4005AD867B2AEF244051FFE64237F75E408D803FC67BF22440D43B2E5FE2F85E4042969EBBA2FC2440082E56BBEEF85E406298E97B09FC2440C999E81FFFF85E4085002E4964FB2440971EB1BC13F95E40EBCC563BCCFA2440DF44B3E321F95E40773C051294FA2440F10B31002BF95E40A2A2C1549DFA244098D705043FF95E40AE19C8ECFCFA2440EA5D085F4FF95E404BC62D1D46FB2440601B53DF5AF95E4055FA77CD48FB24405B5896FC71F95E408E31FE95EEFA24402ECB321F87F95E40E19FF8DE64FA244099CB9F829BF95E40486C21D1CCF92440429D7822B6F95E40952A7AD156F92440F8459320DEF95E40862FCBD1E0F82440F0A81DE103FA5E4097604C0CABF82440F645100133FA5E408D2C025CA8F82440B4B6B7E14CFA5E40E88265A197F8244022AC757F66FA5E40EF6C0716A2F82440B67A254188FA5E401E4C527B5CF82440
7	68341	PHL	Pilipinas	Cebu			PH.CB	RP21		Lalawigan|Probinsya	Province	Unknown	Present		Cebu City			PH.CB.CB			Lungsod|Siyudad	City	Unknown	Present		Cambinocot				Barangay	Village	Unknown	Present														0.127248565336000014	0.000679036063218000003	Cambinocot	072217019	0106000020E610000001000000010300000001000000130000009C622A7ED7FA5E40D55293953BF52440A8606A3B9CFA5E40645551F80CF4244004B6A81B64FA5E40ED7916A8F5F2244053FB61A33CFA5E40790BC1B86DF124402FAAB53C2BFA5E409242ECDA01EF24401757F861F4F95E40798AE05C5EE72440914AF6BCD2F95E407500F69C81E72440916626BFD0F85E407966EFA975E724403754AC413EF85E40E16D59B3E2E72440906C0BC418F85E400BB0244303E82440EF5374DDE9F75E401F4BCD7B8BE824409FB7A9A4CEF75E402BC2D313EBE824400F0962C0C9F75E4043A1BD1E10E92440014A35C33FF95E4018DF91FF17F22440B67A254188FA5E401E4C527B5CF82440C656379F9EFA5E402649890524F824403147253DAFFA5E4021BC24E2CEF724409112FA40C3FA5E401B05DB44A0F624409C622A7ED7FA5E40D55293953BF52440
8	68362	PHL	Pilipinas	Cebu			PH.CB	RP21		Lalawigan|Probinsya	Province	Unknown	Present		Cebu City			PH.CB.CB			Lungsod|Siyudad	City	Unknown	Present		Paril				Barangay	Village	Unknown	Present														0.0580542613703999982	0.000188297468543000002	Paril	072217055	0106000020E6100000010000000103000000010000001800000087198A8307FB5E4040E5968DF3F12440833467DD1BFB5E409A170920FAF1244008C512DC28FB5E4010E25A7550F22440EDD2E1DB31FB5E40DA186E9B8BF224402C16BF423AFB5E405B30E10E68F22440EE4F6C1E44FB5E40A33BABC022F2244084EDBB2447FB5E40D8DD2C8486F12440036314C240FB5E40DB4A858780F02440F5395FC438FB5E40548E1CA14BEE244031FA5C1B3EFB5E40F146E2347AEC24403147253DAFFA5E40839017CE07ED244068E83F847FFA5E40F247232061ED2440CFC24C235AFA5E40A255315D14EE2440BC7E44C43EFA5E40F0013633C8EE24402FAAB53C2BFA5E409242ECDA01EF244053FB61A33CFA5E40790BC1B86DF1244004B6A81B64FA5E40ED7916A8F5F22440A8606A3B9CFA5E40645551F80CF424409C622A7ED7FA5E40D55293953BF5244057DFB4C0E9FA5E40869A58A0D0F324400B529F03EAFA5E407568967A1FF324401514929CEAFA5E403E8BD39FB6F22440ABC29404EFFA5E4009F8B80046F2244087198A8307FB5E4040E5968DF3F12440
9	68386	PHL	Pilipinas	Cebu			PH.CB	RP21		Lalawigan|Probinsya	Province	Unknown	Present		Cebu City			PH.CB.CB			Lungsod|Siyudad	City	Unknown	Present		Tagbao				Barangay	Village	Unknown	Present														0.131166218751999991	0.000828882278823000031	Tagbao	072217080	0106000020E6100000010000000103000000010000000F0000000F0962C0C9F75E4043A1BD1E10E9244023F1DFDED9F65E40D7524F8151E6244061869AE35CF65E405D5B0C9230E024403378937FFFF55E40F915C23FB4DB24400375869CF3F45E402BF4A1A1A3E4244009E1180104F55E40E3D542DA2BE5244043FE128427F55E404653C223BCE5244087DE333C49F55E40687519047EE62440D01FCE406BF55E4075138BB23EE724409CCADD808EF55E401AA859DF00E82440C1A918BD9DF55E405CD5B73B68E824401FEDA703BBF55E40A16381DA4EE9244051FFE64237F75E408D803FC67BF224408054D1C3BDF75E4005AD867B2AEF24400F0962C0C9F75E4043A1BD1E10E92440
10	68400	PHL	Pilipinas	Cebu			PH.CB	RP21		Lalawigan|Probinsya	Province	Unknown	Present		Cebu City			PH.CB.CB			Lungsod|Siyudad	City	Unknown	Present		Mabini				Barangay	Village	Unknown	Present														0.0635591231186	0.000221601412242999999	Mabini	072217045	0106000020E6100000010000000103000000010000000A00000031FA5C1B3EFB5E40F146E2347AEC2440451D84843EFB5E4002A345A961E8244054DF31A13EFB5E40A4DF40023CE724401757F861F4F95E40798AE05C5EE724402FAAB53C2BFA5E409242ECDA01EF2440BC7E44C43EFA5E40F0013633C8EE2440CFC24C235AFA5E40A255315D14EE244068E83F847FFA5E40F247232061ED24403147253DAFFA5E40839017CE07ED244031FA5C1B3EFB5E40F146E2347AEC2440
11	68443	PHL	Pilipinas	Cebu			PH.CB	RP21		Lalawigan|Probinsya	Province	Unknown	Present		Cebu City			PH.CB.CB			Lungsod|Siyudad	City	Unknown	Present		Adlaon				Barangay	Village	Unknown	Present														0.103584839563999997	0.000621783573720999954	Adlaon	072217001	0106000020E61000000100000001030000000100000027000000916626BFD0F85E407966EFA975E72440C0F72500C7F85E404CE16732F8E62440546F73DFBBF85E40C858E16CC2E62440D6E99B7CBEF85E40D7524F8151E624402766B95BBCF85E406F5C411510E62440F4DF68E0C0F85E4052A35DA5BAE52440AF4C745DCFF85E409E4E219087E524407C537E1BD4F85E4069BB06F116E5244033C153E2CAF85E40AD32802BE1E4244030ABD080C0F85E40F4034AB17DE4244061BA8EA0C6F85E40FC13165102E42440558A0BBDCFF85E40C3FC524A7BE32440D9EE6B7CC7F85E40BC2546EB2DE3244032A6BB04B7F85E402AC97B3CE3E22440CF002EA4B1F85E405D3F041F71E22440AEA39EDBA7F85E405C29F5A53BE224402A1F91C292F85E40F0BB918FDAE12440985AC67C83F85E4058C2BAAD60E1244012EC804179F85E40E1E60CBBDEE02440AF47277D71F85E4011EA48D381E02440AB52D6426CF85E40E9E0C9E12DE024400CE2E04167F85E400D7079C5E9DF2440983A192366F85E403E996C669CDF244032A16E2459F85E4075864AF349DF2440356A741F49F85E40520A30254BDF24400A3A3F5C3DF85E4065685ECE3CDF2440DC14B95E2CF85E407C5C1667B0DE244057A6732322F85E40756FFA8E2DDE2440D02CC49E1DF85E408B3DFB9E91DD2440F31199241EF85E4010FC539F1BDD2440E5C3FC439DF65E40234A6796C8DD244061869AE35CF65E405D5B0C9230E0244023F1DFDED9F65E40D7524F8151E624400F0962C0C9F75E4043A1BD1E10E924409FB7A9A4CEF75E402BC2D313EBE82440EF5374DDE9F75E401F4BCD7B8BE82440906C0BC418F85E400BB0244303E824403754AC413EF85E40E16D59B3E2E72440916626BFD0F85E407966EFA975E72440
22	68926	PHL	Pilipinas	Cebu			PH.CB	RP21		Lalawigan|Probinsya	Province	Unknown	Present		Cebu City			PH.CB.CB			Lungsod|Siyudad	City	Unknown	Present		Pamutan				Barangay	Village	Unknown	Present														0.104615789961999994	0.000705279315965999954	Pamutan	072217052	0106000020E6100000010000000103000000010000000E00000099A9DD7E87F65E403054922062AD2440C7FF5F24F8F55E40609BF0F093A72440916094BDBAF45E4043FA9DD041A9244028ED3062BCF45E4012AB800415AA2440C4F663FEB9F45E40CD10CAA4B3AA2440DCFD2840BEF45E40D2B33D413EAB2440D70E211EC0F45E40B87CC9C06DAB244069A7A024BAF45E40E75E8E89A0AB244015C4C0E0B4F45E40A2C15DC6C6AB2440DEE76062B3F45E405D003C5004AC244051A0DBE2B5F45E4094F093402AAC24402955916141F45E406360CE1FE7B22440CA1A7B21B7F55E4052F2168129B8244099A9DD7E87F65E403054922062AD2440
12	68460	PHL	Pilipinas	Cebu			PH.CB	RP21		Lalawigan|Probinsya	Province	Unknown	Present		Cebu City			PH.CB.CB			Lungsod|Siyudad	City	Unknown	Present		Guba				Barangay	Village	Unknown	Present														0.130374387073000003	0.00062934202634500004	Guba	072217030	0106000020E6100000010000000103000000010000003C0000005622E3219FF95E402144E1125FD82440F69E895F9EF85E409DBB5A4D29D82440E7D8AF1C69F75E4052691965B2D62440B94167C36BF75E40C15A25E329D72440F0BBD4DC6EF75E407265B9BC64D724406E41AC3F6CF75E400DE33806F5D724403FB0ACFE75F75E40E269E7AD2ED824409C76B10281F75E406EEFA4FD2BD82440E02A877B8DF75E40A93261E588D824404EFF63238CF75E407EE07AA323D92440E880510293F75E407FF450A4C7D924400F5B77C298F75E401A5EFAECB3D924408FDAB4DBA4F75E40CDC5CB17A4D92440D8EF03A1B1F75E4026E8959AD0D92440EAB681BDBAF75E4000FCA8655FDA24400BA29F5BC2F75E40948F863AE5DA2440A5330C00CDF75E4041218CF16EDB24406CBEB362D3F75E40EC68E96C00DC244037ED6CFCE1F75E40FA29984058DC24406DEAFEA1E8F75E403364986C76DC24402935A45BF4F75E4017D21F1382DC24402B5BA68202F85E4001143AB562DC2440963AE1BE11F85E400FE87D9E77DC24401BCB8CBD1EF85E4006A19ED8B7DC2440F31199241EF85E4010FC539F1BDD2440D02CC49E1DF85E408B3DFB9E91DD244057A6732322F85E40756FFA8E2DDE2440DC14B95E2CF85E407C5C1667B0DE24400A3A3F5C3DF85E4065685ECE3CDF2440356A741F49F85E40520A30254BDF244032A16E2459F85E4075864AF349DF2440983A192366F85E403E996C669CDF24400CE2E04167F85E400D7079C5E9DF2440AB52D6426CF85E40E9E0C9E12DE02440AF47277D71F85E4011EA48D381E0244012EC804179F85E40E1E60CBBDEE02440985AC67C83F85E4058C2BAAD60E124402A1F91C292F85E40F0BB918FDAE12440AEA39EDBA7F85E405C29F5A53BE22440CF002EA4B1F85E405D3F041F71E2244032A6BB04B7F85E402AC97B3CE3E22440D9EE6B7CC7F85E40BC2546EB2DE32440558A0BBDCFF85E40C3FC524A7BE3244061BA8EA0C6F85E40FC13165102E4244030ABD080C0F85E40F4034AB17DE4244033C153E2CAF85E40AD32802BE1E424407C537E1BD4F85E4069BB06F116E52440AF4C745DCFF85E409E4E219087E52440F4DF68E0C0F85E4052A35DA5BAE524402766B95BBCF85E406F5C411510E62440D6E99B7CBEF85E40D7524F8151E62440546F73DFBBF85E40C858E16CC2E62440C0F72500C7F85E404CE16732F8E62440916626BFD0F85E407966EFA975E72440914AF6BCD2F95E407500F69C81E724403DD987A3CFF95E40207A6A0408E6244072491041C0F95E409F61B6A544E52440487BCDE2B2F95E40308106C5F8E4244022E33D5F78F95E40409B379BA6E324405622E3219FF95E402144E1125FD82440
13	68461	PHL	Pilipinas	Cebu			PH.CB	RP21		Lalawigan|Probinsya	Province	Unknown	Present		Cebu City			PH.CB.CB			Lungsod|Siyudad	City	Unknown	Present		Agsungot				Barangay	Village	Unknown	Present														0.102137447372000006	0.000526051100738000009	Agsungot	072217002	0106000020E6100000010000000103000000010000000C0000001757F861F4F95E40798AE05C5EE7244054DF31A13EFB5E40A4DF40023CE72440C330EABC39FB5E40990124D661DE24402E47A21D04FB5E404569441312DE244013A36DDB7BFA5E40BA0D6C3DEEDE24405622E3219FF95E402144E1125FD8244022E33D5F78F95E40409B379BA6E32440487BCDE2B2F95E40308106C5F8E4244072491041C0F95E409F61B6A544E524403DD987A3CFF95E40207A6A0408E62440914AF6BCD2F95E407500F69C81E724401757F861F4F95E40798AE05C5EE72440
14	68480	PHL	Pilipinas	Cebu			PH.CB	RP21		Lalawigan|Probinsya	Province	Unknown	Present		Cebu City			PH.CB.CB			Lungsod|Siyudad	City	Unknown	Present		Tabunan				Barangay	Village	Unknown	Present														0.133189915194000003	0.000903925648741999983	Tabunan	072217079	0106000020E610000001000000010300000001000000220000003378937FFFF55E40F915C23FB4DB244010F005E173F55E40CF17196822D62440C15D20246BF55E4016FC77037CD524407DF0F56333F55E409CFC02A23FD224402EF7D061CEF45E40B9DE4675E4CC2440D0153480AFF45E404F64D4CC2FD224404C36985E38F35E406499EB700EDA2440C8D1379F40F35E40992C06107FDA24408CF51C9D3FF35E40036DBCB7B8DA2440118594FF4EF35E40F49878CEA3DA244035D774025EF35E40D11C5E00A5DA2440826E6F3B70F35E4076C4C14224DB2440D388498485F35E40CC801F16F2DB24406B10807B93F35E4076A1117B22DC24406E15507B9CF35E40680A4821A4DC2440F9D48F3DA3F35E40B34539A5FEDC24404777F4BFAFF35E40C106E87856DD2440A03E72DCB8F35E40321EAB7FDDDD24402430DCA3C6F35E400C592961CDDE24404636921FE2F35E4030C5287D87DF244041835402FDF35E407FA0133AF4DF24401EC9961F14F45E405C38CF6C99E02440055524FE2CF45E40D312C9D1C9E024406FF39EFC42F45E405C28B4BA54E12440C0FDF97F54F45E40DBFDAB31BBE12440B05BF9BC71F45E405E739DE133E2244085C980637DF45E40D8A06EE005E2244077239FC08EF45E4040AA116204E22440C2C0334392F45E40C669AB4D75E2244063C94B64BDF45E40B3F1FB3A2BE3244053D60B9EDDF45E4062CDA92DADE32440D2D86D43EDF45E40F416DFC63AE424400375869CF3F45E402BF4A1A1A3E424403378937FFFF55E40F915C23FB4DB2440
15	68513	PHL	Pilipinas	Cebu			PH.CB	RP21		Lalawigan|Probinsya	Province	Unknown	Present		Cebu City			PH.CB.CB			Lungsod|Siyudad	City	Unknown	Present		Taptap				Barangay	Village	Unknown	Present														0.119108803127000007	0.000689753560046999967	Taptap	072217082	0106000020E61000000100000001030000000100000037000000F31199241EF85E4010FC539F1BDD24401BCB8CBD1EF85E4006A19ED8B7DC2440963AE1BE11F85E400FE87D9E77DC24402B5BA68202F85E4001143AB562DC24402935A45BF4F75E4017D21F1382DC24406DEAFEA1E8F75E403364986C76DC244037ED6CFCE1F75E40FA29984058DC24406CBEB362D3F75E40EC68E96C00DC2440A5330C00CDF75E4041218CF16EDB24400BA29F5BC2F75E40948F863AE5DA2440EAB681BDBAF75E4000FCA8655FDA2440D8EF03A1B1F75E4026E8959AD0D924408FDAB4DBA4F75E40CDC5CB17A4D924400F5B77C298F75E401A5EFAECB3D92440E880510293F75E407FF450A4C7D924404EFF63238CF75E407EE07AA323D92440E02A877B8DF75E40A93261E588D824409C76B10281F75E406EEFA4FD2BD824403FB0ACFE75F75E40E269E7AD2ED824406E41AC3F6CF75E400DE33806F5D72440F0BBD4DC6EF75E407265B9BC64D72440B94167C36BF75E40C15A25E329D72440E7D8AF1C69F75E4052691965B2D62440DA003A225EF75E40D161C1A31AD62440A9022F6459F75E404BA227B8A9D52440E6BD173F55F75E40296D3BC22AD52440F27AF55B4CF75E400A980681D9D42440DC5C34A03FF75E403E174B1FA6D42440331ACD4036F75E4084D86C9568D42440E51442BD2DF75E40B3B7B7FA22D42440121F30DD2AF75E40A2B34C3F6ED3244026CFB17F2BF75E4064FF7C05B8D2244056C3D7C11DF75E405517631BFFD12440EAD8323C14F75E40087CBAE276D12440514762844AF65E406664ECC888CF244093F1528144F65E40BAE6BC12A3CF244092D6BAA330F65E40F2D61403C9CF24408FD1EAA327F65E40C65DC3AA02D02440DB4D4DFF25F65E40977E784548D024409E674D8112F65E4026579A8C7CD02440A14106DE03F65E402094632ED3D024403DBDAAA403F65E402C0B6AC632D124409AE5F23EF7F55E405774A06CB4D12440A88C087EE3F55E403BE0EE9A2ED22440082DC6DEDFF55E405D15DB90ADD2244060C8F8BBD3F55E40886802BEF9D224408676D33CC4F55E405AA5082A3BD324409722B97BB9F55E40A069A40376D324400DC56B1EB1F55E40BDFE96C0E2D32440C15D20246BF55E4016FC77037CD5244010F005E173F55E40CF17196822D624403378937FFFF55E40F915C23FB4DB244061869AE35CF65E405D5B0C9230E02440E5C3FC439DF65E40234A6796C8DD2440F31199241EF85E4010FC539F1BDD2440
17	68562	PHL	Pilipinas	Cebu			PH.CB	RP21		Lalawigan|Probinsya	Province	Unknown	Present		Cebu City			PH.CB.CB			Lungsod|Siyudad	City	Unknown	Present		Sudlon II				Barangay	Village	Unknown	Present														0.131879165386000002	0.000937333011526999996	Sudlon II	072217088	0106000020E6100000010000000103000000010000000F0000002EF7D061CEF45E40B9DE4675E4CC24408E7C41A00DF45E4096BD9EC390C82440A0E4B35C95F15E403222DE8EAFCA2440F5C07AFF54F25E40B2DC57DC79D024406FC40A020CF35E405E03D0C413D6244084640DDF08F35E40B4BCB33469D6244002EAE44106F35E40B4BF2D98E1D6244014A0AFFC0DF35E4096E1D38A63D7244027C91F7E15F35E409DBB5A4D29D82440A843481B18F35E40E27FF62664D82440F737203D1FF35E40D5BF883EF3D824407C298A042DF35E40B807E6B984D924404C36985E38F35E406499EB700EDA2440D0153480AFF45E404F64D4CC2FD224402EF7D061CEF45E40B9DE4675E4CC2440
18	68574	PHL	Pilipinas	Cebu			PH.CB	RP21		Lalawigan|Probinsya	Province	Unknown	Present		Cebu City			PH.CB.CB			Lungsod|Siyudad	City	Unknown	Present		Sirao				Barangay	Village	Unknown	Present														0.119334598639999998	0.000880195361146999958	Sirao	072217074	0106000020E6100000010000000103000000010000001F000000AD6CD6FB95F95E40A1F0394525CC244008F240FB7EF95E40D0BCEF9422CC2440658D2E5C72F95E40B42A773B2ECC24408106717D62F95E40D0BCEF9422CC2440386393E257F95E40AF9D1218D9CB24404876800255F95E4078D3E4522DCB2440C0AA5DDE55F95E40B0E3FF0472CA2440440FBE9D4DF95E40CD7437737FC92440AD7708E13BF95E40AB3F4B7D00C924407A53FBFB28F95E405FE11CD40EC92440566FAB4310F95E40D45B5F8411C924401489F041FDF85E40D45B5F8411C9244081D5D85DEFF85E400DA9F4C5ECC82440F322974176F75E4051CC3096E3CE2440EAD8323C14F75E40087CBAE276D1244056C3D7C11DF75E405517631BFFD1244026CFB17F2BF75E4064FF7C05B8D22440121F30DD2AF75E40A2B34C3F6ED32440E51442BD2DF75E40B3B7B7FA22D42440331ACD4036F75E4084D86C9568D42440DC5C34A03FF75E403E174B1FA6D42440F27AF55B4CF75E400A980681D9D42440E6BD173F55F75E40296D3BC22AD52440A9022F6459F75E404BA227B8A9D52440DA003A225EF75E40D161C1A31AD62440E7D8AF1C69F75E4052691965B2D62440F69E895F9EF85E409DBB5A4D29D824405622E3219FF95E402144E1125FD82440A81B8B43AFF95E40E75CDD652DD12440F3A8A000AFF95E400AC2A7CF0FD02440AD6CD6FB95F95E40A1F0394525CC2440
19	68602	PHL	Pilipinas	Cebu			PH.CB	RP21		Lalawigan|Probinsya	Province	Unknown	Present		Cebu City			PH.CB.CB			Lungsod|Siyudad	City	Unknown	Present		Pung-Ol-Sibugay				Barangay	Village	Unknown	Present														0.155137944761999991	0.00115780626252000004	Pung-ol-Sibugay	072217060	0106000020E61000000100000001030000000100000019000000EAD8323C14F75E40087CBAE276D12440F322974176F75E4051CC3096E3CE24409B464D7F0BF75E406F9F9AA22ACB244076EAD2BB40F65E40CF1EC6DA6CC32440D167943DD5F35E40B852B5E45DC124408E7C41A00DF45E4096BD9EC390C824402EF7D061CEF45E40B9DE4675E4CC24407DF0F56333F55E409CFC02A23FD22440C15D20246BF55E4016FC77037CD524400DC56B1EB1F55E40BDFE96C0E2D324409722B97BB9F55E40A069A40376D324408676D33CC4F55E405AA5082A3BD3244060C8F8BBD3F55E40886802BEF9D22440082DC6DEDFF55E405D15DB90ADD22440A88C087EE3F55E403BE0EE9A2ED224409AE5F23EF7F55E405774A06CB4D124403DBDAAA403F65E402C0B6AC632D12440A14106DE03F65E402094632ED3D024409E674D8112F65E4026579A8C7CD02440DB4D4DFF25F65E40977E784548D024408FD1EAA327F65E40C65DC3AA02D0244092D6BAA330F65E40F2D61403C9CF244093F1528144F65E40BAE6BC12A3CF2440514762844AF65E406664ECC888CF2440EAD8323C14F75E40087CBAE276D12440
20	68613	PHL	Pilipinas	Cebu			PH.CB	RP21		Lalawigan|Probinsya	Province	Unknown	Present		Cebu City			PH.CB.CB			Lungsod|Siyudad	City	Unknown	Present		Pulangbato				Barangay	Village	Unknown	Present														0.107978349860999995	0.000542371398571999991	Pulangbato	072217059	0106000020E61000000100000001030000000100000015000000628647E02AFB5E40EAEC728EBECF2440DB1C17212AFB5E40E3FE15CB54CE2440D99A3FFEB9FA5E4071FD18DFC6CB24404A1D8AC394FA5E40AB61BA591BC724403A88103C7EF95E4065E5FB86CEC2244081D5D85DEFF85E400DA9F4C5ECC824401489F041FDF85E40D45B5F8411C92440566FAB4310F95E40D45B5F8411C924407A53FBFB28F95E405FE11CD40EC92440AD7708E13BF95E40AB3F4B7D00C92440440FBE9D4DF95E40CD7437737FC92440C0AA5DDE55F95E40B0E3FF0472CA24404876800255F95E4078D3E4522DCB2440386393E257F95E40AF9D1218D9CB24408106717D62F95E40D0BCEF9422CC2440658D2E5C72F95E40B42A773B2ECC244008F240FB7EF95E40D0BCEF9422CC2440AD6CD6FB95F95E40A1F0394525CC2440C078E2DEA1FA5E407076839D17D32440F2348FC42FFB5E40E0671C7924D42440628647E02AFB5E40EAEC728EBECF2440
21	68662	PHL	Pilipinas	Cebu			PH.CB	RP21		Lalawigan|Probinsya	Province	Unknown	Present		Cebu City			PH.CB.CB			Lungsod|Siyudad	City	Unknown	Present		Apas				Barangay	Village	Unknown	Present														0.0264873214660000002	4.22745100821000005e-05	Apas	072217003	0106000020E6100000010000000103000000010000000E000000866B672182FA5E40EAA28B5CE4AC24404A9080BB7EFA5E40407B6445DCAA2440544245C065FA5E40364DC5FD8DA92440427BC7A35CFA5E4012D1AA2F8FA924405327ADE251FA5E40E06DB762BEA924406919235F49FA5E407F64C5CEFFA92440C07395FE43FA5E409BD300035DAA24402F37BF4441FA5E40EF584BB0EFAA24400E4DD54237FA5E40E9A5BC6120AB244058A4BA440FFA5E407511F947C5AB2440A820D8230DFA5E40F986EAF73DAC2440854B826310FA5E40DE2B85C484AC244044D8F5BD3BFA5E4089640879B8AE2440866B672182FA5E40EAA28B5CE4AC2440
62	69152	PHL	Pilipinas	Cebu			PH.CB	RP21		Lalawigan|Probinsya	Province	Unknown	Present		Cebu City			PH.CB.CB			Lungsod|Siyudad	City	Unknown	Present		San Antonio				Barangay	Village	Unknown	Present														0.0179544538502999992	1.9358415032999999e-05	San Antonio (Pob.)	072217066	0106000020E61000000100000001030000000100000006000000ADB87D63DEF95E400508CF0724982440D870C07F8CF95E40E2AB77FB43972440C83188207AF95E40B173AA93339924408A6188E4C5F95E40FCC4AA90C399244007EC74C3CCF95E4014CD382ADB992440ADB87D63DEF95E400508CF0724982440
23	69202	PHL	Pilipinas	Cebu			PH.CB	RP21		Lalawigan|Probinsya	Province	Unknown	Present		Cebu City			PH.CB.CB			Lungsod|Siyudad	City	Unknown	Present		Basak San Nicolas				Barangay	Village	Unknown	Present														0.0420946059838	9.97394763345000029e-05	Basak San Nicolas	072217008	0106000020E6100000010000000103000000010000000B0000000F13FC8085F85E40BB3F9DC4D48F244001409B0284F85E405B448D6AC98F2440E544B92278F85E401FDA656C0B8F24403C8FACFC6EF85E40BEA97B64568E2440E4B67B7E64F85E40D7DD7581AE8D2440596AE1825DF85E4069004004DB8D2440CEBB9FDDAEF75E409B1ED02D36922440C2D27681A2F75E407AED9E8616932440B088891D3FF85E40E774CC640C9524400C0E2C817CF85E40C1E0D7E8CD9024400F13FC8085F85E40BB3F9DC4D48F2440
24	68708	PHL	Pilipinas	Cebu			PH.CB	RP21		Lalawigan|Probinsya	Province	Unknown	Present		Cebu City			PH.CB.CB			Lungsod|Siyudad	City	Unknown	Present		Malubog				Barangay	Village	Unknown	Present														0.0858189873428999994	0.000399516997978999991	Malubog	072217048	0106000020E6100000010000000103000000010000000700000081D5D85DEFF85E400DA9F4C5ECC8244036850CFD5CF85E406CCE5C10F2C12440CAA084E0EFF75E40098722A420C024400F5B77C298F75E40359AE2673DC724409B464D7F0BF75E406F9F9AA22ACB2440F322974176F75E4051CC3096E3CE244081D5D85DEFF85E400DA9F4C5ECC82440
25	68716	PHL	Pilipinas	Cebu			PH.CB	RP21		Lalawigan|Probinsya	Province	Unknown	Present		Cebu City			PH.CB.CB			Lungsod|Siyudad	City	Unknown	Present		Pit-Os				Barangay	Village	Unknown	Present														0.0461082521775000032	0.000120755536846000005	Pit-os	072217057	0106000020E61000000100000001030000000100000008000000D5595A3E41FB5E401C54DD7E4BCB2440DB1C17212AFB5E40627F4BD816C524404A1D8AC394FA5E40AB61BA591BC72440D99A3FFEB9FA5E4071FD18DFC6CB2440DB1C17212AFB5E40E3FE15CB54CE244047954A7C31FB5E40FAEF530050CD2440B47FEF013BFB5E40FB38BB5061CC2440D5595A3E41FB5E401C54DD7E4BCB2440
26	68746	PHL	Pilipinas	Cebu			PH.CB	RP21		Lalawigan|Probinsya	Province	Unknown	Present		Cebu City			PH.CB.CB			Lungsod|Siyudad	City	Unknown	Present		Babag				Barangay	Village	Unknown	Present														0.0858724057330999963	0.000496087945002000028	Babag	072217004	0106000020E61000000100000001030000000100000007000000CAA084E0EFF75E40098722A420C024409FB7A9A4CEF75E403AC361FC53BD24401CB10F24A0F65E408BF7CEBB16BC244076EAD2BB40F65E40CF1EC6DA6CC324409B464D7F0BF75E406F9F9AA22ACB24400F5B77C298F75E40359AE2673DC72440CAA084E0EFF75E40098722A420C02440
27	68755	PHL	Pilipinas	Cebu			PH.CB	RP21		Lalawigan|Probinsya	Province	Unknown	Present		Cebu City			PH.CB.CB			Lungsod|Siyudad	City	Unknown	Present		Sudlon I				Barangay	Village	Unknown	Present														0.117418124301999993	0.000755577790524999959	Sudlon I	072217076	0106000020E6100000010000000103000000010000000C0000008E7C41A00DF45E4096BD9EC390C82440D167943DD5F35E40B852B5E45DC12440D247E7E3B7F35E409744340540C12440AB5AAE5C63F15E4014015A41BCBE24407D61739E67F15E40FDFDC7E1EAC02440A57C599C66F15E40504D405429C2244038A233DC60F15E409BA2FB9F18C42440359D63DC57F15E40B6EE860C74C524407852BE224CF15E400007C8C8CCC62440D9D1495C43F15E4027F083F801C82440A0E4B35C95F15E403222DE8EAFCA24408E7C41A00DF45E4096BD9EC390C82440
28	68773	PHL	Pilipinas	Cebu			PH.CB	RP21		Lalawigan|Probinsya	Province	Unknown	Present		Cebu City			PH.CB.CB			Lungsod|Siyudad	City	Unknown	Present		Budla-An				Barangay	Village	Unknown	Present														0.0898501590338000033	0.000407560028720000019	Budla-an (Pob.)	072217013	0106000020E610000001000000010300000001000000090000003A88103C7EF95E4065E5FB86CEC22440828848A0D2F95E40BC01408691BD2440C05D95BCE4F95E404E79D1BCB4BA2440582CC89DB1F95E403D5E169DE3B824405B11EB439DF95E40D7D2DE5DCEB5244061BFDB8024F95E4012FC14A939BA244036850CFD5CF85E406CCE5C10F2C1244081D5D85DEFF85E400DA9F4C5ECC824403A88103C7EF95E4065E5FB86CEC22440
29	68788	PHL	Pilipinas	Cebu			PH.CB	RP21		Lalawigan|Probinsya	Province	Unknown	Present		Cebu City			PH.CB.CB			Lungsod|Siyudad	City	Unknown	Present		San Jose				Barangay	Village	Unknown	Present														0.0560223606540999966	0.000178069744303000003	San Jose	072217067	0106000020E61000000100000001030000000100000006000000AD09C3DC6EFA5E40F0522887C8C02440BA69F5FE31FA5E409F6FC72C9DBD2440828848A0D2F95E40BC01408691BD24403A88103C7EF95E4065E5FB86CEC224404A1D8AC394FA5E40AB61BA591BC72440AD09C3DC6EFA5E40F0522887C8C02440
30	68789	PHL	Pilipinas	Cebu			PH.CB	RP21		Lalawigan|Probinsya	Province	Unknown	Present		Cebu City			PH.CB.CB			Lungsod|Siyudad	City	Unknown	Present		Bacayan				Barangay	Village	Unknown	Present														0.0410387104278999992	0.000102698655937	Bacayan	072217006	0106000020E61000000100000001030000000100000005000000DB1C17212AFB5E40627F4BD816C524404385616418FB5E40E3B5F7C3EEC02440AD09C3DC6EFA5E40F0522887C8C024404A1D8AC394FA5E40AB61BA591BC72440DB1C17212AFB5E40627F4BD816C52440
31	68829	PHL	Pilipinas	Cebu			PH.CB	RP21		Lalawigan|Probinsya	Province	Unknown	Present		Cebu City			PH.CB.CB			Lungsod|Siyudad	City	Unknown	Present		Bonbon				Barangay	Village	Unknown	Present														0.12592395093799999	0.000923737807589999969	Bonbon	072217011	0106000020E6100000010000000103000000010000000C0000001CB10F24A0F65E408BF7CEBB16BC2440CA1A7B21B7F55E4052F2168129B824402955916141F45E406360CE1FE7B2244048053264C3F35E401E45BFA303BE244017F67344BDF35E40DBC659159EBE2440DC09DA7CB8F35E409F60ED653FBF2440B4511A80B5F35E40E06A0E9D0FC024404BDEB624B7F35E40039EC11AFDC02440D247E7E3B7F35E409744340540C12440D167943DD5F35E40B852B5E45DC1244076EAD2BB40F65E40CF1EC6DA6CC324401CB10F24A0F65E408BF7CEBB16BC2440
32	68849	PHL	Pilipinas	Cebu			PH.CB	RP21		Lalawigan|Probinsya	Province	Unknown	Present		Cebu City			PH.CB.CB			Lungsod|Siyudad	City	Unknown	Present		Busay				Barangay	Village	Unknown	Present														0.106612926171999994	0.000475592714755999988	Busay (Pob.)	072217017	0106000020E6100000010000000103000000010000000C0000005B11EB439DF95E40D7D2DE5DCEB52440585813DDC6F95E40D92B616024B42440D7F8821DD8F95E40792F101B32B3244014DF829BEBF95E40E258765E4FB2244086C4E07FEDF85E40BBB32545E5AD2440EC42F3A0E6F85E406EDA05BD82B1244083BAC39F86F85E4098C9477021B824409FB7A9A4CEF75E403AC361FC53BD2440CAA084E0EFF75E40098722A420C0244036850CFD5CF85E406CCE5C10F2C1244061BFDB8024F95E4012FC14A939BA24405B11EB439DF95E40D7D2DE5DCEB52440
33	68857	PHL	Pilipinas	Cebu			PH.CB	RP21		Lalawigan|Probinsya	Province	Unknown	Present		Cebu City			PH.CB.CB			Lungsod|Siyudad	City	Unknown	Present		Sinsin				Barangay	Village	Unknown	Present														0.130011456356000005	0.000965279085977000027	Sinsin	072217073	0106000020E6100000010000000103000000010000001D0000002955916141F45E406360CE1FE7B2244065107A3C3DF45E4002546228B0B22440B9651CDC2EF45E4057E9C78787B2244021CE661F1DF45E4043758A6560B22440428D397E0FF45E40F4A5486A15B2244072815FC001F45E40037712F0B1B12440890B9ABFF3F35E40B8288C569AB124409B08BF01E6F35E40A36AA6F87AB124402735ACA3CFF35E4026CCC1A74FB124408169D79FBBF35E40B1517FF74CB12440BC19A762A7F35E40815E5E91EEB024405985CC63A3F35E40425E3A0144B12440474CDD1C98F35E40F6EC764295B124405503722188F35E40B815F740DDB12440A9AA876074F35E40FB7C55C962B22440B183C7A467F35E403A4140B55DB22440D2429A035AF35E40412BE22968B224408F8AE31F6FF15E40F1F4845050B624402BF608216BF15E4017985393ECB8244032C4DE1B64F15E40178979CC8EBA24400A0BEB8263F15E40606E62B10BBD2440AB5AAE5C63F15E4014015A41BCBE2440D247E7E3B7F35E409744340540C124404BDEB624B7F35E40039EC11AFDC02440B4511A80B5F35E40E06A0E9D0FC02440DC09DA7CB8F35E409F60ED653FBF244017F67344BDF35E40DBC659159EBE244048053264C3F35E401E45BFA303BE24402955916141F45E406360CE1FE7B22440
34	68860	PHL	Pilipinas	Cebu			PH.CB	RP21		Lalawigan|Probinsya	Province	Unknown	Present		Cebu City			PH.CB.CB			Lungsod|Siyudad	City	Unknown	Present		Talamban				Barangay	Village	Unknown	Present														0.0907424567599000031	0.000435655428283000009	Talamban	072217081	0106000020E6100000010000000103000000010000000C000000115C3F03FCFA5E402BEEDC2758BC2440F839E2E3E3FA5E40E44A26E114B72440E7FFBE00DBFA5E40758F5F405CB52440EF2A72E4C8FA5E405DBC199875B124405B11EB439DF95E40D7D2DE5DCEB52440582CC89DB1F95E403D5E169DE3B82440C05D95BCE4F95E404E79D1BCB4BA2440828848A0D2F95E40BC01408691BD2440BA69F5FE31FA5E409F6FC72C9DBD2440AD09C3DC6EFA5E40F0522887C8C024404385616418FB5E40E3B5F7C3EEC02440115C3F03FCFA5E402BEEDC2758BC2440
35	68888	PHL	Pilipinas	Cebu			PH.CB	RP21		Lalawigan|Probinsya	Province	Unknown	Present		Cebu City			PH.CB.CB			Lungsod|Siyudad	City	Unknown	Present		Kalunasan				Barangay	Village	Unknown	Present														0.129385112333999991	0.000807245498592999949	Kalunasan	072217034	0106000020E6100000010000000103000000010000000A00000086C4E07FEDF85E40BBB32545E5AD2440441B241FF1F85E40CD1344082CAB2440C8C74ADB52F75E40A660CDB5B5A824402E04C7BF80F75E4034E1ADE57AAB24409F506A5F72F75E4015930EFB69B424401CB10F24A0F65E408BF7CEBB16BC24409FB7A9A4CEF75E403AC361FC53BD244083BAC39F86F85E4098C9477021B82440EC42F3A0E6F85E406EDA05BD82B1244086C4E07FEDF85E40BBB32545E5AD2440
36	68894	PHL	Pilipinas	Cebu			PH.CB	RP21		Lalawigan|Probinsya	Province	Unknown	Present		Cebu City			PH.CB.CB			Lungsod|Siyudad	City	Unknown	Present		Sapangdaku				Barangay	Village	Unknown	Present														0.101781058521000001	0.000575993300317999973	Sapangdaku	072217077	0106000020E61000000100000001030000000100000012000000C8C74ADB52F75E40A660CDB5B5A82440818067BE29F75E4052DEFC6B9BA82440DC311DFD27F75E40875E82F54EA92440FC1122831FF75E4033DDF2961BAA244035C83A5E12F75E40DBF7A2A385AA24401665627D01F75E403407D810F5AA2440BB981461EFF65E40E9A5BC6120AB244036099DFEDFF65E404F4FA82EF1AA244051EA1A9DD5F65E40407B6445DCAA2440B7682DBECEF65E40819F06E604AB2440713CE27EB9F65E409290DC8BFCAB2440073C751BA5F65E40117CE37B98AC244099A9DD7E87F65E403054922062AD2440CA1A7B21B7F55E4052F2168129B824401CB10F24A0F65E408BF7CEBB16BC24409F506A5F72F75E4015930EFB69B424402E04C7BF80F75E4034E1ADE57AAB2440C8C74ADB52F75E40A660CDB5B5A82440
47	69107	PHL	Pilipinas	Cebu			PH.CB	RP21		Lalawigan|Probinsya	Province	Unknown	Present		Cebu City			PH.CB.CB			Lungsod|Siyudad	City	Unknown	Present		Carreta				Barangay	Village	Unknown	Present														0.0275888672731000005	3.64526795115999991e-05	Carreta	072217021	0106000020E610000001000000010300000001000000130000003AB887A1C8FA5E40D94A1299929B24408634EAFCC6FA5E409F15C5487E9B244082504C24C3FA5E4055EB2F624F9B24403D910C62BCFA5E40ECC088334B9B2440353B42DBB6FA5E402A85731F469B24406D23403FB0FA5E40FA7EBDA32A9B24402C638764ABFA5E4012713CC40C9B2440C4DFA443A9FA5E4072903DD1009B2440A6E9D7DFA6FA5E409A7251ACF39A24407EBE721CA4FA5E408CC7B151D19A2440390FB21FA1FA5E40D164E214AB9A244099AF6F809DFA5E40361381BD859A24401236C0FB98FA5E4019810864919A2440824BFF4365FA5E40CB9F723E709B2440C41BBA0319FA5E40BCBB13A3169C2440ED7C4F8243FA5E40A484E880829E24409112FA40C3FA5E40A02621E6A99B2440138D22DEC5FA5E405CC23CC19C9B24403AB887A1C8FA5E40D94A1299929B2440
37	68940	PHL	Pilipinas	Cebu			PH.CB	RP21		Lalawigan|Probinsya	Province	Unknown	Present		Cebu City			PH.CB.CB			Lungsod|Siyudad	City	Unknown	Present		Buot-Taup Pardo				Barangay	Village	Unknown	Present														0.155937829844000009	0.00116614022453000003	Buot-Taup Pardo	072217016	0106000020E6100000010000000103000000010000003A0000002955916141F45E406360CE1FE7B2244051A0DBE2B5F45E4094F093402AAC2440DEE76062B3F45E405D003C5004AC244015C4C0E0B4F45E40A2C15DC6C6AB244069A7A024BAF45E40E75E8E89A0AB2440D70E211EC0F45E40B87CC9C06DAB2440DCFD2840BEF45E40D2B33D413EAB2440C4F663FEB9F45E40CD10CAA4B3AA244028ED3062BCF45E4012AB800415AA2440916094BDBAF45E4043FA9DD041A92440725FAE41A8F45E400AD0B85668A82440E49A9E7F98F45E40C094C7D20DA82440B96A69BC8CF45E4084170BBF92A7244066E97BDD85F45E40377FDCE982A72440FBF9C1DB72F45E409E62554007A8244016DA0BDE6AF45E408E44691BFAA72440853C775B67F45E40EB0D192BD4A72440D609D43D62F45E40CE5435BB7EA724401EA3CC5C5AF45E409788CE7D41A724405385C6244DF45E40C1CA990D62A72440BAF3598042F45E409E5FDBDC8EA72440C5946B2328F45E401F67339E26A824400C2E644220F45E40C094C7D20DA82440034B3F821AF45E4045408BBDDAA724401BC4C61F0BF45E40FD44DCBD64A72440F0063723FFF35E40AD46B4DB60A724401ABAE1A3F8F35E409E5FDBDC8EA72440D84C3A036CF35E401AEAE92C16A72440DA1B2503A4F25E40CC1E63802AA82440C8E235BC98F25E401661405820A82440C1F9C7E38BF25E407AE63A7208A82440003DF67B7EF25E40C0A75CE8CAA72440D1D1C0FD41F25E40DE6FA77C13A7244079F98F7F37F25E409D4B05DCEAA6244099AE7D6217F25E40BF900C84AEA624408E4ECE5FFFF15E401D47277ECBA624409B1B76FD50F15E40CD3E264249A724403D913BFE5EF15E403196C4BE9BAA2440719416BC6CF15E403608625A18AE2440C0986DA377F15E40325A18A4CBB224408F8AE31F6FF15E40F1F4845050B62440D2429A035AF35E40412BE22968B22440B183C7A467F35E403A4140B55DB22440A9AA876074F35E40FB7C55C962B224405503722188F35E40B815F740DDB12440474CDD1C98F35E40F6EC764295B124405985CC63A3F35E40425E3A0144B12440BC19A762A7F35E40815E5E91EEB024408169D79FBBF35E40B1517FF74CB124402735ACA3CFF35E4026CCC1A74FB124409B08BF01E6F35E40A36AA6F87AB12440890B9ABFF3F35E40B8288C569AB1244072815FC001F45E40037712F0B1B12440428D397E0FF45E40F4A5486A15B2244021CE661F1DF45E4043758A6560B22440B9651CDC2EF45E4057E9C78787B2244065107A3C3DF45E4002546228B0B224402955916141F45E406360CE1FE7B22440
38	68948	PHL	Pilipinas	Cebu			PH.CB	RP21		Lalawigan|Probinsya	Province	Unknown	Present		Cebu City			PH.CB.CB			Lungsod|Siyudad	City	Unknown	Present		Banilad				Barangay	Village	Unknown	Present														0.0564253243962000023	0.000127760834078000009	Banilad	072217007	0106000020E6100000010000000103000000010000000A000000EF2A72E4C8FA5E405DBC199875B12440B1C7E723A3FA5E40329A7F0DFBAB2440866B672182FA5E40EAA28B5CE4AC244044D8F5BD3BFA5E4089640879B8AE24400D9480FB0BFA5E40B384D7CE28B0244014DF829BEBF95E40E258765E4FB22440D7F8821DD8F95E40792F101B32B32440585813DDC6F95E40D92B616024B424405B11EB439DF95E40D7D2DE5DCEB52440EF2A72E4C8FA5E405DBC199875B12440
40	69013	PHL	Pilipinas	Cebu			PH.CB	RP21		Lalawigan|Probinsya	Province	Unknown	Present		Cebu City			PH.CB.CB			Lungsod|Siyudad	City	Unknown	Present		Buhisan				Barangay	Village	Unknown	Present														0.0909698236182999997	0.000421897679322999996	Buhisan	072217014	0106000020E6100000010000000103000000010000001A000000818067BE29F75E4052DEFC6B9BA82440882D5CC307F75E4021C0B5A07CA62440C5E8449E03F75E40C9C1DCD038A6244002B4AC3E03F75E40E79F36DEB6A5244065593A9F08F75E40B5626D3C60A524401071C2BF4EF75E405E96AB5811A324401AE7BCBF1CF75E402A35A8A595A02440FB7E97FEADF65E40E4913ABD8E9D24408C432AE068F65E40B84144957E9B2440842FA56444F65E40E0372E71159C24408FD1EAA327F65E40394763DE849C2440304CC5203FF65E404E8F0F9820A424402C9F533B0CF65E407D5F80367DA52440C7FF5F24F8F55E40609BF0F093A7244099A9DD7E87F65E403054922062AD2440073C751BA5F65E40117CE37B98AC2440713CE27EB9F65E409290DC8BFCAB2440B7682DBECEF65E40819F06E604AB244051EA1A9DD5F65E40407B6445DCAA244036099DFEDFF65E404F4FA82EF1AA2440BB981461EFF65E40E9A5BC6120AB24401665627D01F75E403407D810F5AA244035C83A5E12F75E40DBF7A2A385AA2440FC1122831FF75E4033DDF2961BAA2440DC311DFD27F75E40875E82F54EA92440818067BE29F75E4052DEFC6B9BA82440
42	69042	PHL	Pilipinas	Cebu			PH.CB	RP21		Lalawigan|Probinsya	Province	Unknown	Present		Cebu City			PH.CB.CB			Lungsod|Siyudad	City	Unknown	Present		Guadalupe				Barangay	Village	Unknown	Present														0.119042897671	0.000833221896391999998	Guadalupe	072217029	0106000020E6100000010000000103000000010000002600000095D2350436F95E401D8818311EA32440D13BAB3F37F95E40A8D05BF184A224401C2BB36135F95E40CD95DD0F95A124407DBABD6030F95E40D58F9A36E4A02440E24983E32AF95E4087F62A76ED9F2440193796C32DF95E403371E0C85A9F2440C847D31D30F95E40D80B5A5ED19E24407DBABD6030F95E4045C224C5439E244082A9C5822EF95E403EE89D027E9D2440528A889D24F95E4064AD1F218E9C24409050DBC11AF95E40538EF2109A9B244033C153E2CAF85E40B96107579D9A244049C8E0BF7AF85E40C4D452A09D9924406DB3817D2DF85E4016DF1E112A9D244005CF7C806BF75E40EF1F485BCE9C24401AE7BCBF1CF75E402A35A8A595A024401071C2BF4EF75E405E96AB5811A3244065593A9F08F75E40B5626D3C60A5244002B4AC3E03F75E40E79F36DEB6A52440C5E8449E03F75E40C9C1DCD038A62440882D5CC307F75E4021C0B5A07CA62440818067BE29F75E4052DEFC6B9BA82440C8C74ADB52F75E40A660CDB5B5A82440441B241FF1F85E40CD1344082CAB24409FBB26FCEDF85E40A2BDA27767AA24407124DEA2F0F85E40E76AEEEC85A92440F6A3D63FFCF85E401BF11EDFEDA824407D0CD362FFF85E406F830ADB4CA824400AD72B3D16F95E40154D6A577CA72440D6FF9BBE1DF95E40A792E4A1AAA62440C553B67F28F95E4099BEA0B895A6244037AA3E9B2CF95E40779FC33B4CA624405FD5A35E2FF95E400662D6094BA624405FD5A35E2FF95E40FA00DFEA20A624407CCB70C231F95E40D1E1508097A52440DD5A7BC12CF95E405569965AE6A4244082BA78E42FF95E40E7AE10A514A4244095D2350436F95E401D8818311EA32440
43	69053	PHL	Pilipinas	Cebu			PH.CB	RP21		Lalawigan|Probinsya	Province	Unknown	Present		Cebu City			PH.CB.CB			Lungsod|Siyudad	City	Unknown	Present		To-Ong Pardo				Barangay	Village	Unknown	Present														0.107492719646999996	0.000686113919250999995	To-ong Pardo	072217086	0106000020E6100000010000000103000000010000001A000000C7FF5F24F8F55E40609BF0F093A724402C9F533B0CF65E407D5F80367DA52440304CC5203FF65E404E8F0F9820A424408FD1EAA327F65E40394763DE849C2440842FA56444F65E40E0372E71159C24401EF83DFC1FF65E407954B51A919B2440E0113E7E0CF65E4034B9BDCF489B2440DCB5ADFEAAF55E406DEC88498F992440603B8BA0FEF45E404629F744D4972440FA0941A176F45E40A5B740585E9D244053D1BEBD7FF45E40713B761D0A9E244056D68EBD88F45E406ECBA3B6979E2440037039BC95F45E403371E0C85A9F2440B4099F3EA2F45E402EC1CBDD03A02440697C8981A2F45E40CDA5F8C1D9A0244030A53E7FAAF45E4055845DE2BEA1244063C94B64BDF45E402EB61F0870A224409859815BCBF45E40EE82A3A0E9A32440B34A7EBFC4F45E400FA5FA80ABA4244006A154FBB3F45E4001EB805F2BA6244066E97BDD85F45E40377FDCE982A72440B96A69BC8CF45E4084170BBF92A72440E49A9E7F98F45E40C094C7D20DA82440725FAE41A8F45E400AD0B85668A82440916094BDBAF45E4043FA9DD041A92440C7FF5F24F8F55E40609BF0F093A72440
44	69070	PHL	Pilipinas	Cebu			PH.CB	RP21		Lalawigan|Probinsya	Province	Unknown	Present		Cebu City			PH.CB.CB			Lungsod|Siyudad	City	Unknown	Present		Mabolo				Barangay	Village	Unknown	Present														0.0694013222477000008	0.000226476677263999987	Mabolo	072217046	0106000020E61000000100000001030000000100000036000000624A7DDB11FB5E408F9DEB1D50A62440E6BE5C600DFB5E40A202061BDDA524400899C79C13FB5E40768873D72FA52440B0ECE15D1EFB5E40E7C2E6A5B8A42440DB0C985B26FB5E40E0D70346C7A324400EA3679C25FB5E406A0DB2F070A324401DC7071E24FB5E40945F9832D6A2244013F4612322FB5E40E11DF13260A22440E6E9730325FB5E403C607E77ABA124406EA5176220FB5E4066C5F9CECDA02440D4B084BC19FB5E401FCA4ACF57A02440B62D5D1F17FB5E4006DFB70211A02440F8E7CCE114FB5E4096B45FE6CC9F24401AC2371E1BFB5E407DB3BDA0509F2440A51F857B23FB5E4046D6FAC5E79E2440864AEA3E26FB5E407ED9E7CBCA9E244017E87EC129FB5E40FFF05A3FA79E244002E6897F2EFB5E40F2532A7CCD9E244023D1A71D36FB5E405A4A38E80E9F24408765821C3AFB5E400FE4695D309F2440EB5B4F803CFB5E40724D13A61C9F24401225C2DE40FB5E40AF00A2F4EB9E2440F34F27A243FB5E40B7FDD87EB39E2440C797AC2141FB5E40C01661DA769E24402C16BF423AFB5E40600AF5E23F9E24402911EF4231FB5E4065C2360D199E2440F90265BF28FB5E406951D4A8FF9D2440AA0E8D9D21FB5E400C9BB9AEE29D2440883422611BFB5E4046E84EF0BD9D2440E9B279FE14FB5E404DBCE1EB929D2440C7D80EC20EFB5E408385CEC5579D2440822A826109FB5E4051480524019D2440E3B98C6004FB5E4077215D43B59C24401640DDDBFFFA5E404CBBA000AC9C24404E27A7A3FBFA5E40626377E5959C2440133B0DDCF6FA5E409B8768987E9C244064191D20F3FA5E4021448820779C24400601A57CEDFA5E404A8940B67A9C24400B529F03EAFA5E40894D2BA2759C2440F839E2E3E3FA5E403CB5FCCC659C2440B469EFBFDBFA5E4054A2C8113E9C24404790FD9BD3FA5E404CD06E8EFA9B2440F9FD17DFCAFA5E4085DE50C8AD9B24403AB887A1C8FA5E40D94A1299929B2440138D22DEC5FA5E405CC23CC19C9B24409112FA40C3FA5E40A02621E6A99B2440ED7C4F8243FA5E40A484E880829E2440CC0428DC25FA5E40046FE59B9EA024407A83726173FA5E40AA402E58F7A12440D5A1D57F54FA5E40D7B361A59EA32440852F526112FB5E401ADACE7AD1A72440DA017F4316FB5E4075565CEB3AA72440F8E7CCE114FB5E40A792E4A1AAA62440624A7DDB11FB5E408F9DEB1D50A62440
45	69092	PHL	Pilipinas	Cebu			PH.CB	RP21		Lalawigan|Probinsya	Province	Unknown	Present		Cebu City			PH.CB.CB			Lungsod|Siyudad	City	Unknown	Present		Luz				Barangay	Village	Unknown	Present														0.0246936605566000014	3.6261918185299999e-05	Luz	072217044	0106000020E61000000100000001030000000100000007000000D5A1D57F54FA5E40D7B361A59EA324407A83726173FA5E40AA402E58F7A12440CC0428DC25FA5E40046FE59B9EA02440C9DFAA82FFF95E40AFBAFD658FA2244025C7907C25FA5E4061CD07DD88A52440BC7E44C43EFA5E405C5338CFF0A42440D5A1D57F54FA5E40D7B361A59EA32440
46	69098	PHL	Pilipinas	Cebu			PH.CB	RP21		Lalawigan|Probinsya	Province	Unknown	Present		Cebu City			PH.CB.CB			Lungsod|Siyudad	City	Unknown	Present		Zapatera				Barangay	Village	Unknown	Present														0.0267051873594000011	3.80770051326999984e-05	Zapatera	072217087	0106000020E6100000010000000103000000010000000F000000C41BBA0319FA5E40BCBB13A3169C24402E7E6AFD15FA5E4010517902EE9B24401588581D13FA5E40703300804B9B2440CBE98FFE11FA5E40EE07B70BCB9A244042A2C50214FA5E4089817B06FC99244007EC74C3CCF95E4014CD382ADB992440B8F8D03DC3F95E4025F59498789A2440A92570BFC1F95E402B86B40A2D9C2440B209C91BC5F95E400281F067389D2440BC4EE040C9F95E40A1412C99259E2440ADB87D63DEF95E40913A90D8349F24402FD07FFFE4F95E40737E3205679E2440EE929A7FF9F95E4046D23F77889D2440D9BCF07C13FA5E401CB5EA84909C2440C41BBA0319FA5E40BCBB13A3169C2440
48	69113	PHL	Pilipinas	Cebu			PH.CB	RP21		Lalawigan|Probinsya	Province	Unknown	Present		Cebu City			PH.CB.CB			Lungsod|Siyudad	City	Unknown	Present		Quiot Pardo				Barangay	Village	Unknown	Present														0.0641280812277000012	0.000107024017317000004	Quiot Pardo	072217063	0106000020E6100000010000000103000000010000000A000000C2D27681A2F75E407AED9E8616932440CEBB9FDDAEF75E409B1ED02D3692244007679FA091F75E408A07D05CC491244075AD3EA47CF75E401F90068F4F9124403735E83DF5F65E40C52FC5BC489524408C432AE068F65E40B84144957E9B2440FB7E97FEADF65E40E4913ABD8E9D2440127C77C49FF65E40AEE7CFB9019C2440C908AD7B20F75E407CEF69BB20972440C2D27681A2F75E407AED9E8616932440
49	69114	PHL	Pilipinas	Cebu			PH.CB	RP21		Lalawigan|Probinsya	Province	Unknown	Present		Cebu City			PH.CB.CB			Lungsod|Siyudad	City	Unknown	Present		Punta Princesa				Barangay	Village	Unknown	Present														0.0766028395585000021	0.000164522100832999998	Punta Princesa	072217062	0106000020E61000000100000001030000000100000018000000E938D6C07FF85E40F3DCF8350E9724409466A9DE7BF85E40F3EC13E8529624409955B1007AF85E40E52B6514FB952440B088891D3FF85E40E774CC640C952440C2D27681A2F75E407AED9E8616932440C908AD7B20F75E407CEF69BB20972440127C77C49FF65E40AEE7CFB9019C2440FB7E97FEADF65E40E4913ABD8E9D2440C0203BDBBCF65E4051480524019D2440FE11A5A2CAF65E40A2871986BE9C244090DB8464E3F65E40704A50E4679C2440FE5D9D3BFDF65E4004B4483F149C244023CAE17F22F75E409DF6F9130A9B2440E81912BD36F75E40D4CF01A0139A2440474D223E50F75E40C7442507109924408C27FADD6AF75E40974E8A3D3998244039FD6EE190F75E40E3E577276297244086335A20B8F75E40DBD46A9CF69624401318173CE5F75E40A07E199FDC962440FCC9A6410CF85E409626DE3BF196244088A47EE126F85E40286D997106972440285B236357F85E40150F6BC814972440A38A49607AF85E4004F17EA307972440E938D6C07FF85E40F3DCF8350E972440
50	69117	PHL	Pilipinas	Cebu			PH.CB	RP21		Lalawigan|Probinsya	Province	Unknown	Present		Cebu City			PH.CB.CB			Lungsod|Siyudad	City	Unknown	Present		Cogon Ramos				Barangay	Village	Unknown	Present														0.0180897633153999995	1.20682043030999998e-05	Cogon Ramos (Pob.)	072217023	0106000020E6100000010000000103000000010000000800000007EC74C3CCF95E4014CD382ADB9924408A6188E4C5F95E40FCC4AA90C3992440E24ED0C388F95E40B6FB56A8E59C2440072E0B0098F95E40095583630D9D2440B209C91BC5F95E400281F067389D2440A92570BFC1F95E402B86B40A2D9C2440B8F8D03DC3F95E4025F59498789A244007EC74C3CCF95E4014CD382ADB992440
51	69121	PHL	Pilipinas	Cebu			PH.CB	RP21		Lalawigan|Probinsya	Province	Unknown	Present		Cebu City			PH.CB.CB			Lungsod|Siyudad	City	Unknown	Present		Santa Cruz				Barangay	Village	Unknown	Present														0.021207181143199999	2.50521086824000005e-05	Santa Cruz (Pob.)	072217070	0106000020E610000001000000010300000001000000070000008A6188E4C5F95E40FCC4AA90C3992440C83188207AF95E40B173AA9333992440658D2E5C72F95E404F34E6C4209A24401D72967E5EF95E4034A769A5729C2440A45D66FC7AF95E409953CFD5BB9C2440E24ED0C388F95E40B6FB56A8E59C24408A6188E4C5F95E40FCC4AA90C3992440
52	69127	PHL	Pilipinas	Cebu			PH.CB	RP21		Lalawigan|Probinsya	Province	Unknown	Present		Cebu City			PH.CB.CB			Lungsod|Siyudad	City	Unknown	Present		Sambag I				Barangay	Village	Unknown	Present														0.0225184223419000011	2.67431519363999996e-05	Sambag I (Pob.)	072217064	0106000020E6100000010000000103000000010000000D000000658D2E5C72F95E404F34E6C4209A244011896D2252F95E404BA781A1CB992440DA80C2643BF95E40F5ED9D3176992440CCF02BBF02F95E4035E85A58C59824408101249D04F95E40B62639E2029924408E3B8CFC0DF95E40A8556F5C66992440D3FACBBE14F95E404BA781A1CB992440D9D8207F11F95E402E0274321A9A24403979DEDF0DF95E40429D1C6BA29A24406042513E12F95E40F5DEC36A189B24409050DBC11AF95E40538EF2109A9B24401D72967E5EF95E4034A769A5729C2440658D2E5C72F95E404F34E6C4209A2440
53	69130	PHL	Pilipinas	Cebu			PH.CB	RP21		Lalawigan|Probinsya	Province	Unknown	Present		Cebu City			PH.CB.CB			Lungsod|Siyudad	City	Unknown	Present		Lorega (Lorega San Miguel)				Barangay	Village	Unknown	Present														0.0171719771954999996	1.68844161131000007e-05	Lorega (Lorega San Miguel)	072217042	0106000020E61000000100000001030000000100000009000000824BFF4365FA5E40CB9F723E709B24403631E07E4FFA5E40B27765E2929A2440F092D2E34DFA5E40CCD1892A6599244042A2C50214FA5E4089817B06FC992440CBE98FFE11FA5E40EE07B70BCB9A24401588581D13FA5E40703300804B9B24402E7E6AFD15FA5E4010517902EE9B2440C41BBA0319FA5E40BCBB13A3169C2440824BFF4365FA5E40CB9F723E709B2440
54	69131	PHL	Pilipinas	Cebu			PH.CB	RP21		Lalawigan|Probinsya	Province	Unknown	Present		Cebu City			PH.CB.CB			Lungsod|Siyudad	City	Unknown	Present		Kinasang-An Pardo				Barangay	Village	Unknown	Present														0.108064458335000002	0.000249376737011000019	Kinasang-an Pardo	072217038	0106000020E610000001000000010300000001000000180000008C432AE068F65E40B84144957E9B24403735E83DF5F65E40C52FC5BC4895244075AD3EA47CF75E401F90068F4F91244005764EDD56F85E404EC749AD3C8C24403E79E41E64F85E4023742280F08B24407076BB406BF85E40147CEDE3F28B2440786A936272F85E40EA3ED52FDC8B244012EC804179F85E40EA3ED52FDC8B2440C18016C47CF85E40424B9039D38B2440F70B373F81F85E406371590AB88B2440AC6D6E2080F85E40413C6D14398B2440C18016C47CF85E40D6DAB2BFF98A2440A38A49607AF85E4025A77A57CC8A244009095C8173F85E405C990BC0838A2440DCEEEE9B72F85E405C9458E4798A2440D8DE058459F85E4026ED674465892440F127610229F85E40CEE1ED25558A24405E394FA240F75E40B46516020F8F2440C8F97A1FB0F65E404D3E7BF3FB9324407A7DE05F5DF65E4019893AD6AC972440E0113E7E0CF65E4034B9BDCF489B24401EF83DFC1FF65E407954B51A919B2440842FA56444F65E40E0372E71159C24408C432AE068F65E40B84144957E9B2440
55	69134	PHL	Pilipinas	Cebu			PH.CB	RP21		Lalawigan|Probinsya	Province	Unknown	Present		Cebu City			PH.CB.CB			Lungsod|Siyudad	City	Unknown	Present		Calamba				Barangay	Village	Unknown	Present														0.0289801711460999992	3.54117332313999978e-05	Calamba	072217018	0106000020E61000000100000001030000000100000011000000CCF02BBF02F95E4035E85A58C59824401D6D499E00F95E40075277431C9824404A1411BD01F95E40B182845A9197244081F0703B03F95E408C0D56E02D97244039682B7E0CF95E4060708677E99624405F27B960FEF85E4032B47837C69624403E2C1CFDF2F85E401AACEA9DAE96244049B295C2C4F85E4059A6A7C4FD95244033C153E2CAF85E40B96107579D9A24409050DBC11AF95E40538EF2109A9B24406042513E12F95E40F5DEC36A189B24403979DEDF0DF95E40429D1C6BA29A2440D9D8207F11F95E402E0274321A9A2440D3FACBBE14F95E404BA781A1CB9924408E3B8CFC0DF95E40A8556F5C669924408101249D04F95E40B62639E202992440CCF02BBF02F95E4035E85A58C5982440
56	69136	PHL	Pilipinas	Cebu			PH.CB	RP21		Lalawigan|Probinsya	Province	Unknown	Present		Cebu City			PH.CB.CB			Lungsod|Siyudad	City	Unknown	Present		Tejero (Villa Gonzalo)				Barangay	Village	Unknown	Present														0.0198180350539000003	1.62619043118999998e-05	Tejero (Villa Gonzalo)	072217083	0106000020E6100000010000000103000000010000001E00000099AF6F809DFA5E40361381BD859A24408BDD429E99FA5E40504AF53D569A244078C451E295FA5E4083A8352F1D9A244005FC579C8FFA5E40F3A66F59F69924409894D7A289FA5E40305FB183CF99244026CCDD5C83FA5E40EDF51983B8992440865BE85B7EFA5E4095089D50A09924408366972179FA5E40A3A2E00D97992440F22AF50374FA5E406F36318587992440C6FFD4BC71FA5E4044D074427E992440703E5B3C6FFA5E40C0584A1A749924403AB33AC16AFA5E40A16BCDE75B99244022AC757F66FA5E407A99611C43992440B0E2479D62FA5E401293ABA027992440882A88A05FFA5E40FCD4C542089924408D1990C25DFA5E4086208366E7982440A7FF22DD5CFA5E4013B6E8C5BE9824409D2C7DE25AFA5E40A3C590D598982440571BCA8059FA5E401513261774982440436B48DE58FA5E408DF64EDA4D982440EEA89AC158FA5E400508CF0724982440B2CC7FBF57FA5E40A5FB6210ED9724402F630A8456FA5E40C06CD7BCDB97244081BEF53B4FFA5E40D0611F53F69724402014535F40FA5E40D501198C08982440F092D2E34DFA5E40CCD1892A659924403631E07E4FFA5E40B27765E2929A2440824BFF4365FA5E40CB9F723E709B24401236C0FB98FA5E4019810864919A244099AF6F809DFA5E40361381BD859A2440
57	69137	PHL	Pilipinas	Cebu			PH.CB	RP21		Lalawigan|Probinsya	Province	Unknown	Present		Cebu City			PH.CB.CB			Lungsod|Siyudad	City	Unknown	Present		Pardo				Barangay	Village	Unknown	Present														0.0816655263068999937	0.000202754441076000001	Pardo (Pob.)	072217053	0106000020E610000001000000010300000001000000110000005E394FA240F75E40B46516020F8F24404053010442F75E409EA9691C818E2440D67EDFDF42F75E4069164F7D108E2440C7BC31C342F75E400EBAF770308D24400C6CF2BF45F75E403FE070AE6A8C24404EFA16432EF75E40C37A4B9E768B244085FD7420E7F65E4067B697C8E28D2440FE11A5A2CAF65E4029F6672B478F2440C1EFDA1F9EF65E40E2FFB46517912440AD2E487E70F65E406C2CF0B2BE922440E8C37F6348F65E40A8A9ACC639932440272D78BEF4F55E40D9B45E7C9B952440DCB5ADFEAAF55E406DEC88498F992440E0113E7E0CF65E4034B9BDCF489B24407A7DE05F5DF65E4019893AD6AC972440C8F97A1FB0F65E404D3E7BF3FB9324405E394FA240F75E40B46516020F8F2440
58	69139	PHL	Pilipinas	Cebu			PH.CB	RP21		Lalawigan|Probinsya	Province	Unknown	Present		Cebu City			PH.CB.CB			Lungsod|Siyudad	City	Unknown	Present		Labangon				Barangay	Village	Unknown	Present														0.0308491132113999991	4.54797849912000021e-05	Labangon	072217040	0106000020E6100000010000000103000000010000000F00000049B295C2C4F85E4059A6A7C4FD9524401BD0D99D7CF85E408E621D94249424409A44FE9E78F85E405C15394089942440B82A4C3D77F85E406AC0D89AAB94244030D2CEDF77F85E40DF7795DA449524404EB7E8E178F85E408C1C30A78B9524409955B1007AF85E40E52B6514FB9524409466A9DE7BF85E40F3EC13E852962440E938D6C07FF85E40F3DCF8350E972440CB42095D7DF85E407CDF4E09DC972440B73ACB027BF85E40DA8E7DAF5D982440071F245F7EF85E40CE1B32665D99244049C8E0BF7AF85E40C4D452A09D99244033C153E2CAF85E40B96107579D9A244049B295C2C4F85E4059A6A7C4FD952440
59	69147	PHL	Pilipinas	Cebu			PH.CB	RP21		Lalawigan|Probinsya	Province	Unknown	Present		Cebu City			PH.CB.CB			Lungsod|Siyudad	City	Unknown	Present		Sambag II				Barangay	Village	Unknown	Present														0.0248822924002999983	3.5773675368099998e-05	Sambag II (Pob.)	072217065	0106000020E6100000010000000103000000010000000D000000C83188207AF95E40B173AA9333992440D870C07F8CF95E40E2AB77FB43972440AFFFAB3B5EF95E40674793D636972440C56E4E5D3CF95E4083D90B302B97244039682B7E0CF95E4060708677E996244081F0703B03F95E408C0D56E02D9724404A1411BD01F95E40B182845A919724401D6D499E00F95E40075277431C982440CCF02BBF02F95E4035E85A58C5982440DA80C2643BF95E40F5ED9D317699244011896D2252F95E404BA781A1CB992440658D2E5C72F95E404F34E6C4209A2440C83188207AF95E40B173AA9333992440
60	69150	PHL	Pilipinas	Cebu			PH.CB	RP21		Lalawigan|Probinsya	Province	Unknown	Present		Cebu City			PH.CB.CB			Lungsod|Siyudad	City	Unknown	Present		Day-As				Barangay	Village	Unknown	Present														0.0164952637206999993	1.39820457124000002e-05	Day-as	072217025	0106000020E610000001000000010300000001000000090000005F8D281D1CFA5E40A5FB6210ED972440C28397E3F2F95E407A95A6CDE3972440ADB87D63DEF95E400508CF072498244007EC74C3CCF95E4014CD382ADB99244042A2C50214FA5E4089817B06FC9924404D64B89B14FA5E403DF967E330992440A820D8230DFA5E4084DDC67E8A9824400D9480FB0BFA5E402984E9D5229824405F8D281D1CFA5E40A5FB6210ED972440
61	69151	PHL	Pilipinas	Cebu			PH.CB	RP21		Lalawigan|Probinsya	Province	Unknown	Present		Cebu City			PH.CB.CB			Lungsod|Siyudad	City	Unknown	Present		T. Padilla				Barangay	Village	Unknown	Present														0.0134828772396000003	1.12409269151999994e-05	T. Padilla	072217078	0106000020E61000000100000001030000000100000008000000F092D2E34DFA5E40CCD1892A659924402014535F40FA5E40D501198C089824405F8D281D1CFA5E40A5FB6210ED9724400D9480FB0BFA5E402984E9D522982440A820D8230DFA5E4084DDC67E8A9824404D64B89B14FA5E403DF967E33099244042A2C50214FA5E4089817B06FC992440F092D2E34DFA5E40CCD1892A65992440
63	69155	PHL	Pilipinas	Cebu			PH.CB	RP21		Lalawigan|Probinsya	Province	Unknown	Present		Cebu City			PH.CB.CB			Lungsod|Siyudad	City	Unknown	Present		Bulacao				Barangay	Village	Unknown	Present														0.0990811965356999946	0.000339600039141000026	Bulacao	072217015	0106000020E6100000010000000103000000010000001A0000004EFA16432EF75E40C37A4B9E768B24401D125782DFF65E4064B01145798824400D7DF0DC9DF65E40D37E6DFBEE892440CDBC370299F65E406C8BD9F2258A2440A6F3C4A394F65E405486C5BC868A2440D979151F90F65E4038082364368B2440EA1448FC83F65E408C8B3499378C24401A19ED037AF65E4094785071BA8C24403587C5DB6FF65E403920B4B3398D2440C51A75E260F65E40759D70C7B48D2440701CFDC047F65E401B323FF4768E2440F365C5A22BF65E405B434C7FE28E2440299A833B03F65E4069179068F78E24404513C65CF3F55E40BB3C23615C8F244032CFBDFDD7F55E40E46E46E1A28F244088708A24BDF55E40F1E68D64E99024400A0D644019F55E4021968C12B9962440603B8BA0FEF45E404629F744D4972440DCB5ADFEAAF55E406DEC88498F992440272D78BEF4F55E40D9B45E7C9B952440E8C37F6348F65E40A8A9ACC639932440AD2E487E70F65E406C2CF0B2BE922440C1EFDA1F9EF65E40E2FFB46517912440FE11A5A2CAF65E4029F6672B478F244085FD7420E7F65E4067B697C8E28D24404EFA16432EF75E40C37A4B9E768B2440
64	69166	PHL	Pilipinas	Cebu			PH.CB	RP21		Lalawigan|Probinsya	Province	Unknown	Present		Cebu City			PH.CB.CB			Lungsod|Siyudad	City	Unknown	Present		Kamagayan				Barangay	Village	Unknown	Present														0.0155058033018000002	1.12346779808000001e-05	Kamagayan (Pob.)	072217035	0106000020E61000000100000001030000000100000006000000C28397E3F2F95E407A95A6CDE397244062B8C2DFDEF95E407C02FFD0DD9624407EAF8B7B8AF95E40EAA5342293962440D870C07F8CF95E40E2AB77FB43972440ADB87D63DEF95E400508CF0724982440C28397E3F2F95E407A95A6CDE3972440
65	69168	PHL	Pilipinas	Cebu			PH.CB	RP21		Lalawigan|Probinsya	Province	Unknown	Present		Cebu City			PH.CB.CB			Lungsod|Siyudad	City	Unknown	Present		Tinago				Barangay	Village	Unknown	Present														0.0103528392386	6.03631499229999989e-06	Tinago	072217084	0106000020E6100000010000000103000000010000000D0000002F630A8456FA5E40C06CD7BCDB972440125C8ABE52FA5E4010834790A6972440C467B29C4BFA5E406E1EA035849724405BE4CF7B49FA5E40CABEABB66B972440C3DA57634BFA5E40B86E5F472D9724400F686D204BFA5E40EAA8AE850B97244096C0EA7D4AFA5E4060708677E996244071E1AF413BFA5E40C99A2DA6ED9624403194ED5E20FA5E409626DE3BF19624405F8D281D1CFA5E40A5FB6210ED9724402014535F40FA5E40D501198C0898244081BEF53B4FFA5E40D0611F53F69724402F630A8456FA5E40C06CD7BCDB972440
66	69169	PHL	Pilipinas	Cebu			PH.CB	RP21		Lalawigan|Probinsya	Province	Unknown	Present		Cebu City			PH.CB.CB			Lungsod|Siyudad	City	Unknown	Present		Pari-An				Barangay	Village	Unknown	Present														0.0107993934846999998	6.39559236997000008e-06	Pari-an	072217054	0106000020E610000001000000010300000001000000060000003194ED5E20FA5E409626DE3BF196244075FCCA3EFAF95E4062BA2EB3E196244062B8C2DFDEF95E407C02FFD0DD962440C28397E3F2F95E407A95A6CDE39724405F8D281D1CFA5E40A5FB6210ED9724403194ED5E20FA5E409626DE3BF1962440
67	69173	PHL	Pilipinas	Cebu			PH.CB	RP21		Lalawigan|Probinsya	Province	Unknown	Present		Cebu City			PH.CB.CB			Lungsod|Siyudad	City	Unknown	Present		Pahina Central				Barangay	Village	Unknown	Present														0.0184930613828000016	1.48909670168999996e-05	Pahina Central (Pob.)	072217050	0106000020E6100000010000000103000000010000000C0000007EAF8B7B8AF95E40EAA5342293962440BF69FB3D88F95E4022CC5E4D0D962440ECF52A7F75F95E40DE41C39FF0952440AC25F3DE6CF95E409ADDDE7AE3952440EABFFAC34DF95E40DF7A0F3EBD952440E453685F3DF95E406D1AE5E6249624406D6B063C1AF95E4055309305C596244039682B7E0CF95E4060708677E9962440C56E4E5D3CF95E4083D90B302B972440AFFFAB3B5EF95E40674793D636972440D870C07F8CF95E40E2AB77FB439724407EAF8B7B8AF95E40EAA5342293962440
68	69177	PHL	Pilipinas	Cebu			PH.CB	RP21		Lalawigan|Probinsya	Province	Unknown	Present		Cebu City			PH.CB.CB			Lungsod|Siyudad	City	Unknown	Present		San Roque (Ciudad)				Barangay	Village	Unknown	Present														0.0171884343342999998	1.55056377809000001e-05	San Roque (Ciudad)	072217069	0106000020E6100000010000000103000000010000001B00000096C0EA7D4AFA5E4060708677E996244060467D6447FA5E4032B47837C69624401536431B44FA5E40150CF1649C9624404D1D0DE33FFA5E4072D0ED986C962440AEAC17E23AFA5E409F6A439E38962440D20EC8DB37FA5E4039AE355E159624401D0F835F37FA5E4069A38F3C0596244040E3A48336FA5E40ABF617C4E6952440AAB8FA4333FA5E40BCF94194B495244047B17A7E2FFA5E40108FA7F38B9524402FAAB53C2BFA5E40278126146E95244007E142DE26FA5E40953A6BDE58952440C7208A0322FA5E406AD4AE9B4F95244004DC72DE1DFA5E40CF59A9B537952440656B7DDD18FA5E409C0EFED92D9524407FFA87DC13FA5E40330DFB391C9524404E5E6F830DFA5E407D4A253608952440A0B95A3B06FA5E402AC854ECED94244056273002FDF95E408C085AA6E79424406C19A67EF4F95E405E58F527E6942440B9A07223EDF95E4059BDAECADD94244074E13261E6F95E40E1BEC3B2C49424405DF505FDF5F95E4083D8CA444496244075FCCA3EFAF95E4062BA2EB3E19624403194ED5E20FA5E409626DE3BF196244071E1AF413BFA5E40C99A2DA6ED96244096C0EA7D4AFA5E4060708677E9962440
69	69178	PHL	Pilipinas	Cebu			PH.CB	RP21		Lalawigan|Probinsya	Province	Unknown	Present		Cebu City			PH.CB.CB			Lungsod|Siyudad	City	Unknown	Present		San Nicolas Central				Barangay	Village	Unknown	Present														0.0163021837855999996	1.43448864917999996e-05	San Nicolas Central	072217068	0106000020E6100000010000000103000000010000000E0000006D6B063C1AF95E4055309305C5962440C73DEEA11DF95E405ACCD1EF779524400AD72B3D16F95E405C167A2B709524406A77E99D12F95E40F3EBD2FC6B95244011D63544C3F85E403886895CCD942440DFDD739EC5F85E40CF6C3ECBF494244024EEF263C9F85E40C3E51C815095244043D44002C8F85E4068A015D98C952440943FAB7FC4F85E4061A3DE4EC595244049B295C2C4F85E4059A6A7C4FD9524403E2C1CFDF2F85E401AACEA9DAE9624405F27B960FEF85E4032B47837C696244039682B7E0CF95E4060708677E99624406D6B063C1AF95E4055309305C5962440
70	69180	PHL	Pilipinas	Cebu			PH.CB	RP21		Lalawigan|Probinsya	Province	Unknown	Present		Cebu City			PH.CB.CB			Lungsod|Siyudad	City	Unknown	Present		Central				Barangay	Village	Unknown	Present														0.0129392471578999996	9.19031279381999994e-06	Central (Pob.)	072217022	0106000020E6100000010000000103000000010000000C00000074E13261E6F95E40E1BEC3B2C4942440DA5F4582DFF95E40DC19179EA894244013C4EABDD7F95E40E2E2B465AD94244097284B7DCFF95E409C103752BF942440585813DDC6F95E4041B52031C6942440DCBC739CBEF95E40AAE47A3BD4942440705FD81ECBF95E40FAC2DF5BB995244041CED8DDD4F95E404BD5DD3E6196244062B8C2DFDEF95E407C02FFD0DD96244075FCCA3EFAF95E4062BA2EB3E19624405DF505FDF5F95E4083D8CA444496244074E13261E6F95E40E1BEC3B2C4942440
71	69181	PHL	Pilipinas	Cebu			PH.CB	RP21		Lalawigan|Probinsya	Province	Unknown	Present		Cebu City			PH.CB.CB			Lungsod|Siyudad	City	Unknown	Present		Kalubihan				Barangay	Village	Unknown	Present														0.0120816881126000007	4.19425321940999999e-06	Kalubihan (Pob.)	072217033	0106000020E6100000010000000103000000010000000600000041CED8DDD4F95E404BD5DD3E61962440E5018BC1C2F95E40F88C0D2165962440BF69FB3D88F95E4022CC5E4D0D9624407EAF8B7B8AF95E40EAA534229396244062B8C2DFDEF95E407C02FFD0DD96244041CED8DDD4F95E404BD5DD3E61962440
72	69182	PHL	Pilipinas	Cebu			PH.CB	RP21		Lalawigan|Probinsya	Province	Unknown	Present		Cebu City			PH.CB.CB			Lungsod|Siyudad	City	Unknown	Present		Pahina San Nicolas				Barangay	Village	Unknown	Present														0.00927824661163999947	4.02060244131999968e-06	Pahina San Nicolas	072217051	0106000020E61000000100000001030000000100000006000000EABFFAC34DF95E40DF7A0F3EBD952440EA32F1BB37F95E40CABC29E09D952440C73DEEA11DF95E405ACCD1EF779524406D6B063C1AF95E4055309305C5962440E453685F3DF95E406D1AE5E624962440EABFFAC34DF95E40DF7A0F3EBD952440
73	69189	PHL	Pilipinas	Cebu			PH.CB	RP21		Lalawigan|Probinsya	Province	Unknown	Present		Cebu City			PH.CB.CB			Lungsod|Siyudad	City	Unknown	Present		Ermita				Barangay	Village	Unknown	Present														0.0240943600178999996	2.4216320169999999e-05	Ermita (Pob.)	072217028	0106000020E6100000010000000103000000010000002100000041CED8DDD4F95E404BD5DD3E61962440705FD81ECBF95E40FAC2DF5BB9952440DCBC739CBEF95E40AAE47A3BD494244060829224B7F95E40D3008F42E59424407612163CB0F95E40C8829C56EA94244063FA581CAAF95E409AD7EAB3F2942440E75D853FA4F95E409AD7EAB3F2942440C5831A039EF95E4093ED483FE89424403537C58397F95E40BBFDB384D79424402C54A0C391F95E403ACB7EBCBB94244082AE12638CF95E40D7791D659694244047C2789B87F95E402425E14F6394244016C46DDD82F95E40BD2ED3E321942440C25333607DF95E40B40D1E49DC932440A06815C275F95E400AED2BE4AB932440705A8B3E6DF95E40277FA43DA09324404F6F6DA065F95E40277FA43DA09324402D9502645FF95E40C53E9F83A69324405159A5C25AF95E4024110B4FBF9324402A90326456F95E40FB0553E5D9932440A8A3989C51F95E40BBF7BFBDE6932440BDA58DDE4CF95E40489E81BAE9932440760DC95B52F95E4079BA46AF3A942440AB0A5B0159F95E40C3F53733959424408D2541FF57F95E40B76E16E9F0942440CC78EE5C4EF95E400D34A31A68952440E47FB39E52F95E403AD17283AC952440EABFFAC34DF95E40DF7A0F3EBD952440AC25F3DE6CF95E409ADDDE7AE3952440ECF52A7F75F95E40DE41C39FF0952440BF69FB3D88F95E4022CC5E4D0D962440E5018BC1C2F95E40F88C0D216596244041CED8DDD4F95E404BD5DD3E61962440
74	69192	PHL	Pilipinas	Cebu			PH.CB	RP21		Lalawigan|Probinsya	Province	Unknown	Present		Cebu City			PH.CB.CB			Lungsod|Siyudad	City	Unknown	Present		Duljo				Barangay	Village	Unknown	Present														0.0145956179547999994	8.97785161451999953e-06	Duljo (Pob.)	072217027	0106000020E6100000010000000103000000010000001400000011D63544C3F85E403886895CCD9424405D53CC3BBFF85E40F41E2BD447942440566A5E63B2F85E40E64AE7EA329424404441EEE1AAF85E4027937A3E449424407D078682A1F85E401F6FD89D1B942440F69E895F9EF85E40CF6BFDDF0D9424405C1D9C8097F85E40EF91C6B0F293244080E13EDF92F85E409C0A438BCE93244003561E648EF85E40D89CCD2C9893244067DA799D8EF85E40C9C8894383932440EB4E59228AF85E40AD3611EA8E9324405B8F5EDC83F85E4011D7CD58B693244052BCB8E181F85E40A1AFEF9FEA9324401BD0D99D7CF85E408E621D942494244049B295C2C4F85E4059A6A7C4FD952440943FAB7FC4F85E4061A3DE4EC595244043D44002C8F85E4068A015D98C95244024EEF263C9F85E40C3E51C8150952440DFDD739EC5F85E40CF6C3ECBF494244011D63544C3F85E403886895CCD942440
75	69193	PHL	Pilipinas	Cebu			PH.CB	RP21		Lalawigan|Probinsya	Province	Unknown	Present		Cebu City			PH.CB.CB			Lungsod|Siyudad	City	Unknown	Present		Mambaling				Barangay	Village	Unknown	Present														0.0347622727971000009	4.47877089915999974e-05	Mambaling	072217049	0106000020E610000001000000010300000001000000230000001BD0D99D7CF85E408E621D942494244052BCB8E181F85E40A1AFEF9FEA9324405B8F5EDC83F85E4011D7CD58B6932440EB4E59228AF85E40AD3611EA8E93244067DA799D8EF85E40C9C889438393244030FDE5828FF85E408D61DCA83D932440AD8806FE93F85E4062FB1F66349324405C1D9C8097F85E40266995C46A932440FC7CDE1F9BF85E40266E48A074932440F69E895F9EF85E402B098FFD7C932440F69E895F9EF85E40AD3611EA8E932440E18BE1BBA1F85E4003038A6FA193244068059140A6F85E4070A93924CF932440932413A2B0F85E4070A93924CF932440EEF060BEC2F85E40C415FBF4B393244042724E9DC9F85E40D3FCD3F385932440A6681B01CCF85E40266995C46A93244082A478A2D0F85E40E1CD9D792293244082A478A2D0F85E405660281BEC922440FAE908E0D2F85E40FD38ABBCB59224408B88D1FED3F85E40A8BE7A54889224408B88D1FED3F85E408797FDF55192244060589C3BC8F85E40E0BB00F10F9224402ACD7BC0C3F85E4009C2057FEB9124404A0FC4DCA3F85E400200C7ADEC9024404A0FC4DCA3F85E407B324B88C89024400F13FC8085F85E40BB3F9DC4D48F24400C0E2C817CF85E40C1E0D7E8CD902440B088891D3FF85E40E774CC640C9524409955B1007AF85E40E52B6514FB9524404EB7E8E178F85E408C1C30A78B95244030D2CEDF77F85E40DF7795DA44952440B82A4C3D77F85E406AC0D89AAB9424409A44FE9E78F85E405C153940899424401BD0D99D7CF85E408E621D9424942440
76	69195	PHL	Pilipinas	Cebu			PH.CB	RP21		Lalawigan|Probinsya	Province	Unknown	Present		Cebu City			PH.CB.CB			Lungsod|Siyudad	City	Unknown	Present		Pasil				Barangay	Village	Unknown	Present														0.0102774227990999993	6.0643468908899997e-06	Pasil	072217056	0106000020E6100000010000000103000000010000000F000000BDA58DDE4CF95E40489E81BAE9932440A59EC89C48F95E40489E81BAE9932440D897BEDE43F95E40489E81BAE9932440D4A26DA43EF95E40489E81BAE993244008180BBE38F95E4041B99221E9932440A394E32036F95E40489E81BAE99324405894289D36F95E4001A9C68164942440EA32F1BB37F95E40CABC29E09D952440EABFFAC34DF95E40DF7A0F3EBD952440E47FB39E52F95E403AD17283AC952440CC78EE5C4EF95E400D34A31A689524408D2541FF57F95E40B76E16E9F0942440AB0A5B0159F95E40C3F5373395942440760DC95B52F95E4079BA46AF3A942440BDA58DDE4CF95E40489E81BAE9932440
77	69198	PHL	Pilipinas	Cebu			PH.CB	RP21		Lalawigan|Probinsya	Province	Unknown	Present		Cebu City			PH.CB.CB			Lungsod|Siyudad	City	Unknown	Present		Suba Pob. (Suba San Nicolas)				Barangay	Village	Unknown	Present														0.0128382543213000008	8.21380638047000068e-06	Suba Pob. (Suba San Nicolas)	072217075	0106000020E61000000100000001030000000100000014000000A394E32036F95E40489E81BAE99324409BB08AC432F95E40A1AFEF9FEA932440AF51C13D2DF95E40978058CBF19324406F91086328F95E404D3E7BF3FB93244015D0D35E26F95E407AEEDF71FD9324409355ABC123F95E4033F6AAD5FF932440A957A0031FF95E40E413D4C4F793244031A09E9B1AF95E40BBF7BFBDE69324407849168016F95E4000A64C1EEC93244006E2DA0211F95E40B40D1E49DC932440E495FE9B08F95E40330940EBBC9324401D6D499E00F95E40D89CCD2C989324406C60ED230AF95E4001A9C68164942440E4A57D610CF95E402C20DF61999424406A77E99D12F95E40F3EBD2FC6B9524400AD72B3D16F95E405C167A2B70952440C73DEEA11DF95E405ACCD1EF77952440EA32F1BB37F95E40CABC29E09D9524405894289D36F95E4001A9C68164942440A394E32036F95E40489E81BAE9932440
78	69199	PHL	Pilipinas	Cebu			PH.CB	RP21		Lalawigan|Probinsya	Province	Unknown	Present		Cebu City			PH.CB.CB			Lungsod|Siyudad	City	Unknown	Present		Sawang Calero				Barangay	Village	Unknown	Present														0.0156384698786000004	1.11381831066000007e-05	Sawang Calero (Pob.)	072217071	0106000020E6100000010000000103000000010000000F0000001D6D499E00F95E40D89CCD2C98932440A7AFFE1DF5F85E40D89CCD2C9893244095E88001ECF85E407F901223A1932440E34E1B7FDFF85E40C2D00595C59324407F584E1BDDF85E4043FE8781D79324402CD7603CD6F85E404D3E7BF3FB932440F106E41FCDF85E40253876652094244072654043BEF85E40B89F35483B942440566A5E63B2F85E40E64AE7EA329424405D53CC3BBFF85E40F41E2BD44794244011D63544C3F85E403886895CCD9424406A77E99D12F95E40F3EBD2FC6B952440E4A57D610CF95E402C20DF61999424406C60ED230AF95E4001A9C681649424401D6D499E00F95E40D89CCD2C98932440
79	69232	PHL	Pilipinas	Cebu			PH.CB	RP21		Lalawigan|Probinsya	Province	Unknown	Present		Cebu City			PH.CB.CB			Lungsod|Siyudad	City	Unknown	Present		Basak Pardo				Barangay	Village	Unknown	Present														0.0394436561139000011	4.74360495499000017e-05	Basak Pardo	072217005	0106000020E6100000010000000103000000010000000D000000E4B67B7E64F85E40D7DD7581AE8D24406C829EA263F85E40434D1210A18D2440BDED082060F85E4056AFB2A9B58C2440088CD13E61F85E40E00D05E3518C2440576FF6FE66F85E40A80C5155008C24407076BB406BF85E40147CEDE3F28B24403E79E41E64F85E4023742280F08B244005764EDD56F85E404EC749AD3C8C244075AD3EA47CF75E401F90068F4F91244007679FA091F75E408A07D05CC4912440CEBB9FDDAEF75E409B1ED02D36922440596AE1825DF85E4069004004DB8D2440E4B67B7E64F85E40D7DD7581AE8D2440
80	69262	PHL	Pilipinas	Cebu			PH.CB	RP21		Lalawigan|Probinsya	Province	Unknown	Present		Cebu City			PH.CB.CB			Lungsod|Siyudad	City	Unknown	Present		Cogon Pardo				Barangay	Village	Unknown	Present														0.047977223880299999	8.58852299056000052e-05	Cogon Pardo	072217024	0106000020E61000000100000001030000000100000011000000D8DE058459F85E4026ED674465892440EDE12E6252F85E40FC994017198924408FC9B6BE4CF85E407271C018D1882440B38D591D48F85E40D4C90DC491882440B088891D3FF85E40513CD4225288244051E3B64039F85E408DCE5EC41B88244049FF5DE435F85E4048336779D38724400D24777E32F85E40E5CBF6A878872440EB490C422CF85E409DEB09FE41872440FC9D5B02F7F75E403DDEA579608824400C6CF2BF45F75E403FE070AE6A8C2440C7BC31C342F75E400EBAF770308D2440D67EDFDF42F75E4069164F7D108E24404053010442F75E409EA9691C818E24405E394FA240F75E40B46516020F8F2440F127610229F85E40CEE1ED25558A2440D8DE058459F85E4026ED674465892440
41	69018	PHL	Pilipinas	Cebu			PH.CB	RP21		Lalawigan|Probinsya	Province	Unknown	Present		Cebu City			PH.CB.CB			Lungsod|Siyudad	City	Unknown	Present		Kasambagan				Barangay	Village	Unknown	Present														0.0485562951308000021	0.000122418431327000002	Kasambagan	072217037	0106000020E6100000010000000103000000010000000F000000B0C7E723A3FA5E40309A7F0DFBAB2440E9AD2C1EB7FA5E40F7F985D4E8AB2440C02084C4CBFA5E4062FAF87653AB24405E860F7CD6FA5E40744188A968AA244097992483E7FA5E409B09D33DB1A924403420E261F7FA5E40C1616FFB31A924406B17DABD0CFB5E40B8E138843EA82440842F526112FB5E4017DACE7AD1A72440D4A1D57F54FA5E40CEB361A59EA32440B97E44C43EFA5E40515338CFF0A4244024C7907C25FA5E405BCD07DD88A52440544245C065FA5E402E4DC5FD8DA92440499080BB7EFA5E40387B6445DCAA2440856B672182FA5E40E9A28B5CE4AC2440B0C7E723A3FA5E40309A7F0DFBAB2440
16	68523	PHL	Pilipinas	Cebu			PH.CB	RP21		Lalawigan|Probinsya	Province	Unknown	Present		Cebu City			PH.CB.CB			Lungsod|Siyudad	City	Unknown	Present		Binaliw				Barangay	Village	Unknown	Present														0.104627935175999998	0.000560366688770999946	Binaliw	072217010	0106000020E6100000010000000103000000010000000C000000C130EABC39FB5E408D0124D661DE244000FC515D39FB5E409FFEC16E42DB244019FE012334FB5E404A7CAE7A6FD62440F0348FC42FFB5E40CE671C7924D42440C078E2DEA1FA5E406276839D17D32440AC6CD6FB95F95E40A4F0394525CC2440F2A8A000AFF95E4005C2A7CF0FD02440A51B8B43AFF95E40EA5CDD652DD124405622E3219FF95E401A44E1125FD8244013A36DDB7BFA5E40BA0D6C3DEEDE24402E47A21D04FB5E404669441312DE2440C130EABC39FB5E408D0124D661DE2440
39	68980	PHL	Pilipinas	Cebu			PH.CB	RP21		Lalawigan|Probinsya	Province	Unknown	Present		Cebu City			PH.CB.CB			Lungsod|Siyudad	City	Unknown	Present		Lahug				Barangay	Village	Unknown	Present														0.0940350140505999965	0.000463742251796000018	Lahug (Pob.)	072217041	0106000020E6100000010000000103000000010000002A00000044D8F5BD3BFA5E4089640879B8AE2440854B826310FA5E40DE2B85C484AC2440A820D8230DFA5E40F986EAF73DAC244058A4BA440FFA5E407511F947C5AB24400E4DD54237FA5E40E9A5BC6120AB24402F37BF4441FA5E40EF584BB0EFAA2440C07395FE43FA5E409BD300035DAA24406919235F49FA5E407F64C5CEFFA924405327ADE251FA5E40E06DB762BEA92440427BC7A35CFA5E4012D1AA2F8FA92440544245C065FA5E40364DC5FD8DA9244025C7907C25FA5E4061CD07DD88A52440C9DFAA82FFF95E40AFBAFD658FA224403816CBC0E6F95E40B7C4629CB8A12440D75A7582D6F95E40B34D0DF298A124405FB3F2DFD5F95E40D46CEA6EE2A12440BBECEDDBCAF95E40D33618348EA22440E6F0D75FC1F95E408E9C61D42CA32440D9B7A39CB5F95E40467E020DB5A324407EDAA21EA2F95E4071E4BE4FBEA32440698CB54374F95E4042180900C1A324407C17695B64F95E40DF9D031AA9A32440AB0A5B0159F95E40C32F7C739DA3244095D2350436F95E401D8818311EA3244082BA78E42FF95E40E7AE10A514A42440DD5A7BC12CF95E405569965AE6A424407CCB70C231F95E40D1E1508097A524405FD5A35E2FF95E40FA00DFEA20A624405FD5A35E2FF95E400662D6094BA6244037AA3E9B2CF95E40779FC33B4CA62440C553B67F28F95E4099BEA0B895A62440D6FF9BBE1DF95E40A792E4A1AAA624400AD72B3D16F95E40154D6A577CA724407D0CD362FFF85E406F830ADB4CA82440F6A3D63FFCF85E401BF11EDFEDA824407124DEA2F0F85E40E76AEEEC85A924409FBB26FCEDF85E40A2BDA27767AA2440441B241FF1F85E40CD1344082CAB244086C4E07FEDF85E40BBB32545E5AD244014DF829BEBF95E40E258765E4FB224400D9480FB0BFA5E40B384D7CE28B0244044D8F5BD3BFA5E4089640879B8AE2440
\.


--
-- Data for Name: cebuMap_cebubarangays_deceased; Type: TABLE DATA; Schema: public; Owner: postgres
--

COPY public."cebuMap_cebubarangays_deceased" (id, cebubarangays_id, patient_id) FROM stdin;
1	39	4
\.


--
-- Name: cebuMap_cebubarangays_deceased_id_seq; Type: SEQUENCE SET; Schema: public; Owner: postgres
--

SELECT pg_catalog.setval('public."cebuMap_cebubarangays_deceased_id_seq"', 1, true);


--
-- Data for Name: cebuMap_cebubarangays_for_screening; Type: TABLE DATA; Schema: public; Owner: postgres
--

COPY public."cebuMap_cebubarangays_for_screening" (id, cebubarangays_id, patient_id) FROM stdin;
1	16	2
2	16	1
\.


--
-- Data for Name: cebuMap_cebubarangays_hiv_pop; Type: TABLE DATA; Schema: public; Owner: postgres
--

COPY public."cebuMap_cebubarangays_hiv_pop" (id, cebubarangays_id, patient_id) FROM stdin;
4	39	4
\.


--
-- Name: cebuMap_cebubarangays_hiv_pop_id_seq; Type: SEQUENCE SET; Schema: public; Owner: postgres
--

SELECT pg_catalog.setval('public."cebuMap_cebubarangays_hiv_pop_id_seq"', 4, true);


--
-- Name: cebuMap_cebubarangays_id_seq; Type: SEQUENCE SET; Schema: public; Owner: postgres
--

SELECT pg_catalog.setval('public."cebuMap_cebubarangays_id_seq"', 80, true);


--
-- Data for Name: cebuMap_cebubarangays_migrated; Type: TABLE DATA; Schema: public; Owner: postgres
--

COPY public."cebuMap_cebubarangays_migrated" (id, cebubarangays_id, patient_id) FROM stdin;
\.


--
-- Name: cebuMap_cebubarangays_migrated_id_seq; Type: SEQUENCE SET; Schema: public; Owner: postgres
--

SELECT pg_catalog.setval('public."cebuMap_cebubarangays_migrated_id_seq"', 1, false);


--
-- Name: cebuMap_cebubarangays_no_hiv_id_seq; Type: SEQUENCE SET; Schema: public; Owner: postgres
--

SELECT pg_catalog.setval('public."cebuMap_cebubarangays_no_hiv_id_seq"', 2, true);


--
-- Data for Name: cebuMap_cebubarangays_stage_0; Type: TABLE DATA; Schema: public; Owner: postgres
--

COPY public."cebuMap_cebubarangays_stage_0" (id, cebubarangays_id, patient_id) FROM stdin;
1	41	3
\.


--
-- Name: cebuMap_cebubarangays_stage_0_id_seq; Type: SEQUENCE SET; Schema: public; Owner: postgres
--

SELECT pg_catalog.setval('public."cebuMap_cebubarangays_stage_0_id_seq"', 1, true);


--
-- Data for Name: cebuMap_cebubarangays_stage_1; Type: TABLE DATA; Schema: public; Owner: postgres
--

COPY public."cebuMap_cebubarangays_stage_1" (id, cebubarangays_id, patient_id) FROM stdin;
\.


--
-- Name: cebuMap_cebubarangays_stage_1_id_seq; Type: SEQUENCE SET; Schema: public; Owner: postgres
--

SELECT pg_catalog.setval('public."cebuMap_cebubarangays_stage_1_id_seq"', 2, true);


--
-- Data for Name: cebuMap_cebubarangays_stage_2; Type: TABLE DATA; Schema: public; Owner: postgres
--

COPY public."cebuMap_cebubarangays_stage_2" (id, cebubarangays_id, patient_id) FROM stdin;
\.


--
-- Name: cebuMap_cebubarangays_stage_2_id_seq; Type: SEQUENCE SET; Schema: public; Owner: postgres
--

SELECT pg_catalog.setval('public."cebuMap_cebubarangays_stage_2_id_seq"', 1, true);


--
-- Data for Name: cebuMap_cebubarangays_stage_3; Type: TABLE DATA; Schema: public; Owner: postgres
--

COPY public."cebuMap_cebubarangays_stage_3" (id, cebubarangays_id, patient_id) FROM stdin;
1	39	4
\.


--
-- Name: cebuMap_cebubarangays_stage_3_id_seq; Type: SEQUENCE SET; Schema: public; Owner: postgres
--

SELECT pg_catalog.setval('public."cebuMap_cebubarangays_stage_3_id_seq"', 1, true);


--
-- Data for Name: cebuMap_cebumap; Type: TABLE DATA; Schema: public; Owner: postgres
--

COPY public."cebuMap_cebumap" (id, location) FROM stdin;
1	\N
\.


--
-- Name: cebuMap_cebumap_id_seq1; Type: SEQUENCE SET; Schema: public; Owner: postgres
--

SELECT pg_catalog.setval('public."cebuMap_cebumap_id_seq1"', 1, true);


--
-- Data for Name: cebuMap_incidence; Type: TABLE DATA; Schema: public; Owner: postgres
--

COPY public."cebuMap_incidence" (id, name, address, city, location) FROM stdin;
\.


--
-- Name: cebuMap_incidence_id_seq; Type: SEQUENCE SET; Schema: public; Owner: postgres
--

SELECT pg_catalog.setval('public."cebuMap_incidence_id_seq"', 1, false);


--
-- Data for Name: django_admin_log; Type: TABLE DATA; Schema: public; Owner: postgres
--

COPY public.django_admin_log (id, action_time, object_id, object_repr, action_flag, change_message, content_type_id, user_id) FROM stdin;
1	2020-02-11 18:08:45.451068+00	41	Kasambagan	2	[{"changed": {"fields": ["stage_0"]}}]	25	1
2	2020-02-11 18:09:31.449222+00	16	Binaliw	2	[{"changed": {"fields": ["for_screening"]}}]	25	1
3	2020-02-11 18:10:34.171461+00	16	Binaliw	2	[{"changed": {"fields": ["for_screening"]}}]	25	1
4	2020-02-11 18:18:50.480861+00	1	CebuMap object (1)	1	[{"added": {}}]	27	1
5	2020-02-11 18:33:44.127558+00	3	Johnny L. Kannen	3		15	1
6	2020-02-12 14:24:30.494269+00	1	Efavirenz 600mg	1	[{"added": {}}]	12	1
7	2020-02-12 14:25:34.732395+00	2	Efavirenz 200mg	1	[{"added": {}}]	12	1
8	2020-02-12 14:25:48.839165+00	1	Efavirenz 600mg	2	[{"changed": {"fields": ["availability"]}}]	12	1
9	2020-02-12 14:26:54.728667+00	3	Lamivudine 150mg	1	[{"added": {}}]	12	1
10	2020-02-12 14:27:55.292816+00	4	Nevirapine 200mg	1	[{"added": {}}]	12	1
11	2020-02-12 14:29:02.083526+00	5	Tenofovir 300mg	1	[{"added": {}}]	12	1
12	2020-02-12 14:29:18.09237+00	6	Abacavir 300mg	1	[{"added": {}}]	12	1
13	2020-02-12 14:30:26.761726+00	6	Abacavir 300mg	2	[{"changed": {"fields": ["medicine_type", "unit_of_measure", "content_per_bottle", "patients_on_medication", "stocks_on_hand"]}}]	12	1
14	2020-02-12 14:31:03.793995+00	7	Zidovudine 300mg	1	[{"added": {}}]	12	1
15	2020-02-12 14:32:01.152716+00	8	Zidovudine 300mg	1	[{"added": {}}]	12	1
16	2020-02-12 14:32:46.969178+00	9	Zidovudine 300mg	1	[{"added": {}}]	12	1
17	2020-02-12 14:34:08.581735+00	10	Lamivudine 300mg / Tenofovir 300mg / Efavirenz 600mg	1	[{"added": {}}]	12	1
18	2020-02-12 14:35:55.221177+00	11	Lopinavir 200mg / Ritonavir 50mg	1	[{"added": {}}]	12	1
19	2020-02-12 14:36:49.102316+00	12	Nevirapine 50mg/5ml	1	[{"added": {}}]	12	1
20	2020-02-12 14:37:02.996449+00	12	Nevirapine 50mg/5ml	2	[{"changed": {"fields": ["stocks_on_hand"]}}]	12	1
21	2020-02-12 14:37:40.334541+00	13	Nevirapine 50mg/5ml	1	[{"added": {}}]	12	1
22	2020-02-12 14:38:24.191426+00	14	Nevirapine 50mg/5ml	1	[{"added": {}}]	12	1
23	2020-02-12 14:39:34.653469+00	13	Lamivudine 10mg/ml	2	[{"changed": {"fields": ["drug_name"]}}]	12	1
\.


--
-- Name: django_admin_log_id_seq; Type: SEQUENCE SET; Schema: public; Owner: postgres
--

SELECT pg_catalog.setval('public.django_admin_log_id_seq', 23, true);


--
-- Data for Name: django_content_type; Type: TABLE DATA; Schema: public; Owner: postgres
--

COPY public.django_content_type (id, app_label, model) FROM stdin;
1	admin	logentry
2	auth	permission
3	auth	user
4	auth	group
5	contenttypes	contenttype
6	sessions	session
7	portal	adminnotification
8	doctor	monthlystatistics
9	doctor	usersviewed
10	doctor	doctorstats
11	doctor	doctorschedule
12	doctor	medicine
13	doctor	remark
14	doctor	doctornotification
15	doctor	doctor
16	patient	personalrecord
17	patient	patientnotification
18	patient	medhistform
19	patient	icrform
20	patient	profileform
21	patient	patient
22	patient	patientsmonthlystatistics
23	patient	medication
24	patient	patientlocationdetails
25	cebuMap	cebubarangays
26	cebuMap	incidence
27	cebuMap	cebumap
\.


--
-- Name: django_content_type_id_seq; Type: SEQUENCE SET; Schema: public; Owner: postgres
--

SELECT pg_catalog.setval('public.django_content_type_id_seq', 27, true);


--
-- Data for Name: django_migrations; Type: TABLE DATA; Schema: public; Owner: postgres
--

COPY public.django_migrations (id, app, name, applied) FROM stdin;
1	contenttypes	0001_initial	2020-02-07 14:25:48.775194+00
2	auth	0001_initial	2020-02-07 14:25:48.992976+00
3	admin	0001_initial	2020-02-07 14:25:49.289312+00
4	admin	0002_logentry_remove_auto_add	2020-02-07 14:25:49.357258+00
5	admin	0003_logentry_add_action_flag_choices	2020-02-07 14:25:49.383557+00
6	contenttypes	0002_remove_content_type_name	2020-02-07 14:25:49.436662+00
7	auth	0002_alter_permission_name_max_length	2020-02-07 14:25:49.453199+00
8	auth	0003_alter_user_email_max_length	2020-02-07 14:25:49.475609+00
9	auth	0004_alter_user_username_opts	2020-02-07 14:25:49.498767+00
10	auth	0005_alter_user_last_login_null	2020-02-07 14:25:49.524913+00
11	auth	0006_require_contenttypes_0002	2020-02-07 14:25:49.532855+00
12	auth	0007_alter_validators_add_error_messages	2020-02-07 14:25:49.554085+00
13	auth	0008_alter_user_username_max_length	2020-02-07 14:25:49.594166+00
14	auth	0009_alter_user_last_name_max_length	2020-02-07 14:25:49.617319+00
15	auth	0010_alter_group_name_max_length	2020-02-07 14:25:49.639291+00
16	auth	0011_update_proxy_permissions	2020-02-07 14:25:49.66339+00
17	doctor	0001_initial	2020-02-07 14:25:49.996909+00
18	patient	0001_initial	2020-02-07 14:25:51.124204+00
19	patient	0002_auto_20191104_1926	2020-02-07 14:25:51.933508+00
20	patient	0003_auto_20191104_1939	2020-02-07 14:25:52.757042+00
21	patient	0004_auto_20191104_1947	2020-02-07 14:25:52.960701+00
22	patient	0005_auto_20191104_1955	2020-02-07 14:25:53.029751+00
23	patient	0006_patientlocationdetails	2020-02-07 14:25:53.09167+00
24	patient	0007_patient_locationdetails	2020-02-07 14:25:53.187833+00
25	patient	0008_auto_20191105_2255	2020-02-07 14:25:53.402718+00
26	patient	0009_auto_20191108_1032	2020-02-07 14:25:53.667478+00
27	patient	0010_delete_comment	2020-02-07 14:25:53.682452+00
28	patient	0011_auto_20191108_1533	2020-02-07 14:25:53.806102+00
29	patient	0012_auto_20191108_1540	2020-02-07 14:25:53.926514+00
30	patient	0013_auto_20191108_1543	2020-02-07 14:25:54.016139+00
31	patient	0014_auto_20191108_1555	2020-02-07 14:25:54.063175+00
32	patient	0015_auto_20191108_1557	2020-02-07 14:25:54.106953+00
33	patient	0016_auto_20191108_1559	2020-02-07 14:25:54.177882+00
34	patient	0017_auto_20191108_1601	2020-02-07 14:25:54.248461+00
35	patient	0018_auto_20191108_1604	2020-02-07 14:25:54.310885+00
36	patient	0019_auto_20191108_1610	2020-02-07 14:25:54.388045+00
37	patient	0020_auto_20191108_1612	2020-02-07 14:25:54.465563+00
38	patient	0021_auto_20191108_1625	2020-02-07 14:25:55.078496+00
39	patient	0022_auto_20191108_1649	2020-02-07 14:25:55.525226+00
40	patient	0023_auto_20191108_1702	2020-02-07 14:25:55.813245+00
41	patient	0024_auto_20191108_1707	2020-02-07 14:25:56.000154+00
42	patient	0025_auto_20191108_1754	2020-02-07 14:25:56.206799+00
43	patient	0026_auto_20191108_1827	2020-02-07 14:25:56.309511+00
44	patient	0027_auto_20191110_1801	2020-02-07 14:25:56.803462+00
45	patient	0028_auto_20191110_1806	2020-02-07 14:25:56.965764+00
46	patient	0029_auto_20191110_2303	2020-02-07 14:25:57.131156+00
47	patient	0030_auto_20191110_2311	2020-02-07 14:25:57.348773+00
48	patient	0031_auto_20191110_2332	2020-02-07 14:25:57.653616+00
49	patient	0032_auto_20191110_2342	2020-02-07 14:25:57.821773+00
50	patient	0033_auto_20191110_2346	2020-02-07 14:25:58.011496+00
51	patient	0034_auto_20191110_2352	2020-02-07 14:25:58.230642+00
52	patient	0035_auto_20191110_2353	2020-02-07 14:25:58.472648+00
53	patient	0036_auto_20191110_2355	2020-02-07 14:25:58.631333+00
54	patient	0037_auto_20191110_2356	2020-02-07 14:25:58.765348+00
55	patient	0038_auto_20191111_0026	2020-02-07 14:25:58.979731+00
56	patient	0039_auto_20191111_0043	2020-02-07 14:25:59.146951+00
57	patient	0040_auto_20191111_0045	2020-02-07 14:25:59.177252+00
58	patient	0041_patient_new_patient_notifications	2020-02-07 14:25:59.24503+00
59	patient	0042_auto_20191111_0157	2020-02-07 14:25:59.394364+00
60	patient	0043_auto_20191111_1607	2020-02-07 14:25:59.432897+00
61	patient	0044_auto_20191111_2049	2020-02-07 14:25:59.483253+00
62	patient	0045_auto_20191111_2054	2020-02-07 14:25:59.561421+00
63	patient	0046_auto_20191112_0038	2020-02-07 14:25:59.603852+00
64	patient	0047_auto_20191112_0049	2020-02-07 14:25:59.741239+00
65	patient	0048_auto_20191118_1145	2020-02-07 14:25:59.764245+00
66	patient	0049_patientnotification_action_type	2020-02-07 14:25:59.828002+00
67	patient	0050_patientnotification_action_pk	2020-02-07 14:25:59.893658+00
68	doctor	0002_auto_20191108_1437	2020-02-07 14:25:59.917337+00
69	doctor	0003_auto_20191108_1506	2020-02-07 14:25:59.986517+00
70	doctor	0004_auto_20191108_1515	2020-02-07 14:26:00.198111+00
71	doctor	0005_auto_20191110_1806	2020-02-07 14:26:00.31995+00
72	doctor	0006_auto_20191110_2303	2020-02-07 14:26:00.735321+00
73	doctor	0007_auto_20191110_2311	2020-02-07 14:26:00.833076+00
74	doctor	0008_auto_20191110_2332	2020-02-07 14:26:01.086808+00
75	doctor	0009_auto_20191110_2342	2020-02-07 14:26:01.252285+00
76	doctor	0010_auto_20191110_2346	2020-02-07 14:26:01.355805+00
77	doctor	0011_auto_20191110_2352	2020-02-07 14:26:01.451947+00
78	doctor	0012_auto_20191110_2353	2020-02-07 14:26:01.54683+00
79	doctor	0013_auto_20191110_2355	2020-02-07 14:26:01.64508+00
80	doctor	0014_auto_20191110_2356	2020-02-07 14:26:01.812228+00
81	doctor	0015_auto_20191110_2357	2020-02-07 14:26:01.955333+00
82	doctor	0016_auto_20191111_0004	2020-02-07 14:26:01.983989+00
83	doctor	0017_auto_20191111_0004	2020-02-07 14:26:02.006762+00
84	doctor	0018_auto_20191111_0006	2020-02-07 14:26:02.030687+00
85	doctor	0019_auto_20191111_0006	2020-02-07 14:26:02.069394+00
86	doctor	0020_auto_20191111_0026	2020-02-07 14:26:02.110116+00
87	doctor	0021_auto_20191111_0043	2020-02-07 14:26:02.251127+00
88	doctor	0022_doctorschedule_new_notif_count	2020-02-07 14:26:02.297521+00
89	doctor	0023_doctor_new_notifs	2020-02-07 14:26:02.349972+00
90	doctor	0024_auto_20191111_0053	2020-02-07 14:26:02.745317+00
91	doctor	0025_auto_20191111_2049	2020-02-07 14:26:02.793069+00
92	doctor	0026_auto_20191111_2054	2020-02-07 14:26:02.840487+00
93	doctor	0027_auto_20191112_0038	2020-02-07 14:26:02.983637+00
94	doctor	0028_auto_20191112_0049	2020-02-07 14:26:03.030089+00
95	doctor	0029_auto_20191118_2239	2020-02-07 14:26:03.175278+00
96	doctor	0030_auto_20191118_2251	2020-02-07 14:26:03.209267+00
97	doctor	0031_auto_20191118_2307	2020-02-07 14:26:03.243942+00
98	doctor	0032_auto_20191119_1157	2020-02-07 14:26:03.374435+00
99	doctor	0033_auto_20191120_0116	2020-02-07 14:26:03.59379+00
100	patient	0051_auto_20191120_0123	2020-02-07 14:26:03.915973+00
101	patient	0052_patientlocationdetails_hiv_level	2020-02-07 14:26:04.210653+00
102	patient	0053_auto_20191129_1233	2020-02-07 14:26:04.300115+00
103	patient	0054_patient_date_created	2020-02-07 14:26:04.436111+00
104	patient	0055_auto_20191203_1118	2020-02-07 14:26:04.58645+00
105	patient	0056_patient_home_address	2020-02-07 14:26:04.785191+00
106	patient	0057_patient_tel_number	2020-02-07 14:26:04.962079+00
107	patient	0058_patientnotification_status	2020-02-07 14:26:05.033939+00
108	patient	0059_auto_20191216_0029	2020-02-07 14:26:05.496621+00
109	patient	0060_auto_20191216_0142	2020-02-07 14:26:05.594192+00
110	patient	0061_auto_20191216_0144	2020-02-07 14:26:05.634845+00
111	patient	0062_auto_20191216_1032	2020-02-07 14:26:05.76206+00
112	patient	0063_patient_meds	2020-02-07 14:26:05.8781+00
113	patient	0064_medication_parent_pk	2020-02-07 14:26:06.023298+00
114	patient	0065_auto_20191218_1926	2020-02-07 14:26:06.117856+00
115	patient	0066_auto_20191218_1958	2020-02-07 14:26:06.159988+00
116	patient	0067_auto_20191218_2005	2020-02-07 14:26:06.297177+00
117	patient	0068_auto_20191218_2006	2020-02-07 14:26:06.422067+00
118	patient	0069_auto_20191219_1520	2020-02-07 14:26:06.610687+00
119	patient	0070_auto_20191219_1521	2020-02-07 14:26:06.801757+00
120	patient	0071_patient_status	2020-02-07 14:26:06.94171+00
121	patient	0072_patientlocationdetails_patient_pk	2020-02-07 14:26:07.025746+00
122	patient	0073_auto_20200107_1215	2020-02-07 14:26:07.069943+00
123	cebuMap	0001_initial	2020-02-07 14:26:07.198469+00
124	cebuMap	0002_auto_20191106_1743	2020-02-07 14:26:07.404315+00
125	cebuMap	0003_cebumap	2020-02-07 14:26:07.433512+00
126	cebuMap	0004_cebumap_location	2020-02-07 14:26:07.461454+00
127	cebuMap	0005_auto_20191106_1755	2020-02-07 14:26:07.475823+00
128	cebuMap	0006_remove_cebumap_location	2020-02-07 14:26:07.490098+00
129	cebuMap	0007_auto_20191106_1801	2020-02-07 14:26:07.50182+00
130	cebuMap	0008_cebumap_location	2020-02-07 14:26:07.517594+00
131	cebuMap	0009_auto_20191106_1806	2020-02-07 14:26:07.53662+00
132	cebuMap	0010_auto_20191106_1815	2020-02-07 14:26:07.553429+00
133	cebuMap	0011_auto_20191106_1825	2020-02-07 14:26:07.568737+00
134	cebuMap	0012_auto_20191106_1833	2020-02-07 14:26:07.584489+00
135	cebuMap	0013_auto_20191106_1855	2020-02-07 14:26:07.672136+00
136	cebuMap	0014_auto_20191106_1902	2020-02-07 14:26:07.693955+00
137	cebuMap	0015_remove_cebumap_ceb_map	2020-02-07 14:26:07.706858+00
138	cebuMap	0016_auto_20191107_1536	2020-02-07 14:26:07.742619+00
139	cebuMap	0017_auto_20191122_1024	2020-02-07 14:26:07.778502+00
140	cebuMap	0018_cebubarangays	2020-02-07 14:26:07.835411+00
141	cebuMap	0019_delete_cebubrgys	2020-02-07 14:26:07.852238+00
142	cebuMap	0020_auto_20191213_1227	2020-02-07 14:26:08.357245+00
143	cebuMap	0021_auto_20191213_1329	2020-02-07 14:26:11.340079+00
144	cebuMap	0022_auto_20191213_1338	2020-02-07 14:26:11.577146+00
145	cebuMap	0023_auto_20191213_1716	2020-02-07 14:26:12.069963+00
146	cebuMap	0024_auto_20200107_1215	2020-02-07 14:26:12.478733+00
147	cebuMap	0025_auto_20200107_1434	2020-02-07 14:26:12.839949+00
148	doctor	0034_usersviewed_file_owner	2020-02-07 14:26:13.015361+00
149	doctor	0035_auto_20191120_0233	2020-02-07 14:26:13.175164+00
150	doctor	0036_remark_remark_parent_type	2020-02-07 14:26:13.426393+00
151	doctor	0037_auto_20191120_1505	2020-02-07 14:26:13.547119+00
152	doctor	0038_auto_20191120_1530	2020-02-07 14:26:13.689819+00
153	doctor	0039_remark_seen_date	2020-02-07 14:26:13.777839+00
154	doctor	0040_auto_20191125_1034	2020-02-07 14:26:13.915687+00
155	doctor	0041_doctorschedule_action_taken	2020-02-07 14:26:14.005376+00
156	doctor	0042_auto_20191129_1002	2020-02-07 14:26:14.161369+00
157	doctor	0043_auto_20191203_1118	2020-02-07 14:26:14.381988+00
158	doctor	0044_medicine	2020-02-07 14:26:14.430367+00
159	doctor	0045_doctorstats_updated_on	2020-02-07 14:26:14.488068+00
160	doctor	0046_auto_20191219_2149	2020-02-07 14:26:14.526764+00
161	doctor	0047_remove_doctorstats_updated_on	2020-02-07 14:26:14.551369+00
162	doctor	0048_auto_20191219_2250	2020-02-07 14:26:14.580343+00
163	doctor	0049_auto_20191219_2302	2020-02-07 14:26:14.688668+00
164	doctor	0050_auto_20191220_1631	2020-02-07 14:26:14.817185+00
165	doctor	0051_auto_20191221_0045	2020-02-07 14:26:14.900705+00
166	doctor	0052_auto_20191221_0056	2020-02-07 14:26:15.044697+00
167	doctor	0053_monthlystatistics_created_date	2020-02-07 14:26:15.097604+00
168	doctor	0054_auto_20191221_0215	2020-02-07 14:26:15.11767+00
169	doctor	0055_auto_20191221_0316	2020-02-07 14:26:15.174578+00
170	doctor	0056_auto_20191221_0331	2020-02-07 14:26:15.208606+00
171	doctor	0057_auto_20191221_0339	2020-02-07 14:26:15.230142+00
172	doctor	0058_auto_20200107_1215	2020-02-07 14:26:15.248196+00
173	doctor	0059_auto_20200107_1236	2020-02-07 14:26:15.326721+00
174	doctor	0060_auto_20200117_1628	2020-02-07 14:26:15.352808+00
175	doctor	0061_auto_20200117_1642	2020-02-07 14:26:15.608446+00
176	doctor	0062_auto_20200117_1647	2020-02-07 14:26:15.817836+00
177	doctor	0063_auto_20200117_1652	2020-02-07 14:26:15.841313+00
178	doctor	0064_auto_20200117_1654	2020-02-07 14:26:15.856193+00
179	doctor	0065_auto_20200121_1722	2020-02-07 14:26:15.869527+00
180	doctor	0066_auto_20200123_1357	2020-02-07 14:26:15.882311+00
181	doctor	0067_auto_20200124_1133	2020-02-07 14:26:15.898521+00
182	doctor	0068_auto_20200124_1732	2020-02-07 14:26:16.030196+00
183	doctor	0069_auto_20200124_1807	2020-02-07 14:26:16.079993+00
184	doctor	0070_auto_20200125_2257	2020-02-07 14:26:16.46987+00
185	doctor	0071_auto_20200127_1140	2020-02-07 14:26:16.622683+00
186	doctor	0072_doctor_doc_image	2020-02-07 14:26:16.7717+00
187	doctor	0073_auto_20200128_1300	2020-02-07 14:26:16.827668+00
188	doctor	0074_doctornotification_notif_status	2020-02-07 14:26:16.891843+00
189	doctor	0075_auto_20200201_1504	2020-02-07 14:26:16.938194+00
190	doctor	0076_auto_20200201_1507	2020-02-07 14:26:16.984152+00
191	doctor	0077_auto_20200201_1510	2020-02-07 14:26:17.024351+00
192	patient	0074_auto_20200108_0010	2020-02-07 14:26:17.082113+00
193	patient	0075_patientlocationdetails_status	2020-02-07 14:26:17.157627+00
194	patient	0076_auto_20200109_1500	2020-02-07 14:26:17.195805+00
195	patient	0077_patientlocationdetails_gen_loc	2020-02-07 14:26:17.261265+00
196	patient	0078_auto_20200123_2207	2020-02-07 14:26:17.297278+00
197	patient	0079_patient_slug	2020-02-07 14:26:17.421264+00
198	patient	0080_auto_20200124_1732	2020-02-07 14:26:17.56308+00
199	patient	0081_auto_20200124_1808	2020-02-07 14:26:17.682828+00
200	patient	0082_auto_20200127_1140	2020-02-07 14:26:17.854246+00
201	patient	0083_monthlystatistics	2020-02-07 14:26:17.894509+00
202	patient	0084_auto_20200127_1525	2020-02-07 14:26:17.937402+00
203	patient	0085_auto_20200127_1543	2020-02-07 14:26:17.99668+00
204	patient	0086_auto_20200128_1056	2020-02-07 14:26:18.065732+00
205	patient	0087_auto_20200128_1058	2020-02-07 14:26:18.125078+00
206	patient	0088_patientnotification_notif_status	2020-02-07 14:26:18.18878+00
207	patient	0089_patient_patient_image	2020-02-07 14:26:18.433783+00
208	patient	0090_auto_20200201_1504	2020-02-07 14:26:18.528744+00
209	patient	0091_auto_20200201_1507	2020-02-07 14:26:18.602486+00
210	patient	0092_auto_20200201_1510	2020-02-07 14:26:18.666604+00
211	portal	0001_initial	2020-02-07 14:26:18.69655+00
212	sessions	0001_initial	2020-02-07 14:26:18.824737+00
213	patient	0093_remove_medhistform_doctor_remarks	2020-02-11 04:27:53.753066+00
214	patient	0094_medhistform_doctor_remarks	2020-02-11 04:30:09.906121+00
215	patient	0095_remove_icrform_doctor_remarks	2020-02-11 05:29:27.274945+00
216	patient	0096_icrform_doctor_remarks	2020-02-11 05:31:37.511306+00
217	patient	0097_auto_20200212_0243	2020-02-12 02:44:04.475722+00
218	patient	0098_auto_20200212_0332	2020-02-12 03:32:59.383962+00
219	patient	0099_auto_20200212_0335	2020-02-12 03:35:43.837117+00
220	patient	0100_personalrecord_docs_viewed	2020-02-12 03:37:39.417413+00
221	patient	0101_personalrecord_comment	2020-02-12 03:38:59.85265+00
\.


--
-- Name: django_migrations_id_seq; Type: SEQUENCE SET; Schema: public; Owner: postgres
--

SELECT pg_catalog.setval('public.django_migrations_id_seq', 221, true);


--
-- Data for Name: django_session; Type: TABLE DATA; Schema: public; Owner: postgres
--

COPY public.django_session (session_key, session_data, expire_date) FROM stdin;
g8a5pvcvnxonhyrg06yr8htj49mkhqqk	OWEwNDNlZjgzN2UwNzgyYTc3ZDQ0YzA5MzJjYWRkMjg2NDY5YTc0Mjp7Il9hdXRoX3VzZXJfaWQiOiIxIiwicGF0aWVudC11bmFtZS1sb2NhbCI6InNhcnJhaGgiLCJkb2MtbmFtZS1sb2NhbCI6Ik1hcmlhIFQuIExhc3RpbW9zYSIsIl9hdXRoX3VzZXJfYmFja2VuZCI6ImRqYW5nby5jb250cmliLmF1dGguYmFja2VuZHMuTW9kZWxCYWNrZW5kIiwiX2F1dGhfdXNlcl9oYXNoIjoiMTk2NzU4MTBiZGY0MDJiYWJjMjM2YzlmNTE1ZTE2MDBmMTQ4NDIxYyJ9	2020-02-25 08:18:10.062321+00
ldvytrf5ppaumi2hopxekaddyxodrakv	MjdjZmU5OWJmYTQxYTEyNzRmODI1ZTg1OWQ5MDAyZTE3ODVkZDNkODp7Il9hdXRoX3VzZXJfaGFzaCI6IjE5Njc1ODEwYmRmNDAyYmFiYzIzNmM5ZjUxNWUxNjAwZjE0ODQyMWMiLCJkb2MtbmFtZS1sb2NhbCI6IkhhbiBMLiBMeSIsIl9hdXRoX3VzZXJfYmFja2VuZCI6ImRqYW5nby5jb250cmliLmF1dGguYmFja2VuZHMuTW9kZWxCYWNrZW5kIiwiX2F1dGhfdXNlcl9pZCI6IjEiLCJwYXRpZW50LXVuYW1lLWxvY2FsIjoiaXJlbmUifQ==	2020-02-26 14:43:10.822749+00
kx2v9mjhytiuah5nzplq7lc6pdrzzfn9	MDZhNWU3MTM2ZjE0NGI4NGQyNDdmNTMzMGUzYzY2MzRmMDViOWYwYzp7Il9hdXRoX3VzZXJfaGFzaCI6IjE5Njc1ODEwYmRmNDAyYmFiYzIzNmM5ZjUxNWUxNjAwZjE0ODQyMWMiLCJkb2MtbmFtZS1sb2NhbCI6Ik1hcmlhIFQuIExhc3RpbW9zYSIsIl9hdXRoX3VzZXJfaWQiOiIxIiwiX2F1dGhfdXNlcl9iYWNrZW5kIjoiZGphbmdvLmNvbnRyaWIuYXV0aC5iYWNrZW5kcy5Nb2RlbEJhY2tlbmQifQ==	2020-02-26 05:35:01.711289+00
\.


--
-- Data for Name: doctor_doctor; Type: TABLE DATA; Schema: public; Owner: postgres
--

COPY public.doctor_doctor (id, name, slug, birthdate, email, hospital_name, hospital_address, password, p_handled_stats_id, last_log_in, last_log_out, login_flag, field_specialty, phone_number, "position", doc_image) FROM stdin;
6	Selena K. Sanchez	selena-K.-sanchez	2020-02-06	draselena@gmail.com	St. Vincent General Hospital	210 Jones Ave., Cebu City	selena	5	2020-02-12 13:21:29.294229+00	2020-02-12 13:21:33.899222+00	f	Hiv Specialist	09234123453	Hiv Monitoring In Charge	
5	Johnny L. Kannen	johnny-l.-kannen	2020-02-20	drjohnny@gmail.com	Vicente Gullas Memorial Hospital	Gov Cuenco Ave, Cebu City	johnny	4	2020-02-12 03:40:20.638611+00	2020-02-12 03:40:25.657886+00	f	Venereology	09234123451	Hiv Monitoring In Charge	profile-pictures/universe_in_balloon.jpg
4	Joseph R. Lake	joseph-r.-lake	2020-02-12	drjoseph@gmail.com	Vicente Gullas Memorial Hospital	Gov Cuenco Ave, Cebu City	joseph	3	2020-02-12 03:41:43.438746+00	2020-02-12 03:42:08.123435+00	f	Venereology	09234123451	Hiv Monitoring In Charge	profile-pictures/hands-holding-bouquet.jpg
1	Han L. Ly	han-l.-ly	2020-02-19	drhan@gmail.com	St. Anthony Mother And Child Hospital	Cabreros St., Cebu City	hanhan	1	2020-02-12 13:28:16.953438+00	2020-02-12 14:43:37.103299+00	f	Venereology	09234123451	Hiv Monitoring In Charge	profile-pictures/man-with-collar.webp
2	Maria T. Lastimosa	maria-t.-lastimosa	2020-02-13	dramaria@gmail.com	Vicente Gullas Memorial Hospital	Gov Cuenco Ave, Cebu City	mariaa	2	2020-02-12 05:35:01.352096+00	2020-02-12 05:35:24.424742+00	f	Hiv Specialist	09234123451	Hiv Monitoring In Charge	profile-pictures/girl-in-one-blouse.jfif
\.


--
-- Data for Name: doctor_doctor_doctorNotifs; Type: TABLE DATA; Schema: public; Owner: postgres
--

COPY public."doctor_doctor_doctorNotifs" (id, doctor_id, doctornotification_id) FROM stdin;
1	2	1
2	2	2
3	1	3
4	1	4
\.


--
-- Name: doctor_doctor_doctorNotifs_id_seq; Type: SEQUENCE SET; Schema: public; Owner: postgres
--

SELECT pg_catalog.setval('public."doctor_doctor_doctorNotifs_id_seq"', 4, true);


--
-- Data for Name: doctor_doctor_finished_scheds; Type: TABLE DATA; Schema: public; Owner: postgres
--

COPY public.doctor_doctor_finished_scheds (id, doctor_id, doctorschedule_id) FROM stdin;
\.


--
-- Name: doctor_doctor_finished_scheds_id_seq; Type: SEQUENCE SET; Schema: public; Owner: postgres
--

SELECT pg_catalog.setval('public.doctor_doctor_finished_scheds_id_seq', 1, false);


--
-- Name: doctor_doctor_id_seq; Type: SEQUENCE SET; Schema: public; Owner: postgres
--

SELECT pg_catalog.setval('public.doctor_doctor_id_seq', 6, true);


--
-- Data for Name: doctor_doctor_new_notifs; Type: TABLE DATA; Schema: public; Owner: postgres
--

COPY public.doctor_doctor_new_notifs (id, doctor_id, doctornotification_id) FROM stdin;
\.


--
-- Name: doctor_doctor_new_notifs_id_seq; Type: SEQUENCE SET; Schema: public; Owner: postgres
--

SELECT pg_catalog.setval('public.doctor_doctor_new_notifs_id_seq', 4, true);


--
-- Data for Name: doctor_doctor_pending_scheds; Type: TABLE DATA; Schema: public; Owner: postgres
--

COPY public.doctor_doctor_pending_scheds (id, doctor_id, doctorschedule_id) FROM stdin;
\.


--
-- Name: doctor_doctor_pending_scheds_id_seq; Type: SEQUENCE SET; Schema: public; Owner: postgres
--

SELECT pg_catalog.setval('public.doctor_doctor_pending_scheds_id_seq', 2, true);


--
-- Data for Name: doctor_doctor_rejected_scheds; Type: TABLE DATA; Schema: public; Owner: postgres
--

COPY public.doctor_doctor_rejected_scheds (id, doctor_id, doctorschedule_id) FROM stdin;
\.


--
-- Name: doctor_doctor_rejected_scheds_id_seq; Type: SEQUENCE SET; Schema: public; Owner: postgres
--

SELECT pg_catalog.setval('public.doctor_doctor_rejected_scheds_id_seq', 1, false);


--
-- Data for Name: doctor_doctor_schedules; Type: TABLE DATA; Schema: public; Owner: postgres
--

COPY public.doctor_doctor_schedules (id, doctor_id, doctorschedule_id) FROM stdin;
1	2	1
2	1	2
\.


--
-- Name: doctor_doctor_schedules_id_seq; Type: SEQUENCE SET; Schema: public; Owner: postgres
--

SELECT pg_catalog.setval('public.doctor_doctor_schedules_id_seq', 2, true);


--
-- Data for Name: doctor_doctornotification; Type: TABLE DATA; Schema: public; Owner: postgres
--

COPY public.doctor_doctornotification (id, name, subject, user_type, notif, created_on, patient_username, action_pk, action_type, action_taken, notif_status) FROM stdin;
1	Maria T. Lastimosa	Patient	Patient	sarrahh added you, Maria T. Lastimosa as a personal doctor.	2020-02-11 08:17:01.319164+00	sarrahh	2	New Patient	0	t
2	Maria T. Lastimosa	Appointment	Patient	sarrahh requested a consultation schedule with you.	2020-02-11 08:18:00.104945+00	sarrahh	1	Schedule Request	0	t
3	Han L. Ly	Patient	Patient	irene added you, Han L. Ly as a personal doctor.	2020-02-12 13:28:24.354743+00	irene	4	New Patient	0	f
4	Han L. Ly	Appointment	Patient	irene requested a consultation schedule with you.	2020-02-12 13:29:08.438603+00	irene	2	Schedule Request	0	t
\.


--
-- Name: doctor_doctornotification_id_seq; Type: SEQUENCE SET; Schema: public; Owner: postgres
--

SELECT pg_catalog.setval('public.doctor_doctornotification_id_seq', 4, true);


--
-- Data for Name: doctor_doctorschedule; Type: TABLE DATA; Schema: public; Owner: postgres
--

COPY public.doctor_doctorschedule (id, patient_username, patient_hiv_status, schedule_date, schedule_topic, schedule_notes, doc_in_charge, status, created_on, new_notif_count, action_taken) FROM stdin;
1	sarrahh	for screening	2020-02-12 00:30:00+00	Assessment on current sickness.	have been having difficulty in breathing lately.	Maria T. Lastimosa	accepted	2020-02-11 08:18:00.055818+00	0	0
2	irene	stage 1	2020-02-14 03:23:00+00	Health issue	need to talk to you on my situation.	Han L. Ly	accepted	2020-02-12 13:29:08.390784+00	0	0
\.


--
-- Data for Name: doctor_doctorschedule_doc_remark; Type: TABLE DATA; Schema: public; Owner: postgres
--

COPY public.doctor_doctorschedule_doc_remark (id, doctorschedule_id, remark_id) FROM stdin;
1	1	1
\.


--
-- Name: doctor_doctorschedule_doc_remark_id_seq; Type: SEQUENCE SET; Schema: public; Owner: postgres
--

SELECT pg_catalog.setval('public.doctor_doctorschedule_doc_remark_id_seq', 1, true);


--
-- Name: doctor_doctorschedule_doc_views_details_id_seq; Type: SEQUENCE SET; Schema: public; Owner: postgres
--

SELECT pg_catalog.setval('public.doctor_doctorschedule_doc_views_details_id_seq', 2, true);


--
-- Name: doctor_doctorschedule_id_seq; Type: SEQUENCE SET; Schema: public; Owner: postgres
--

SELECT pg_catalog.setval('public.doctor_doctorschedule_id_seq', 2, true);


--
-- Data for Name: doctor_doctorschedule_users_viewed; Type: TABLE DATA; Schema: public; Owner: postgres
--

COPY public.doctor_doctorschedule_users_viewed (id, doctorschedule_id, usersviewed_id) FROM stdin;
1	1	1
2	2	2
\.


--
-- Data for Name: doctor_doctorstats; Type: TABLE DATA; Schema: public; Owner: postgres
--

COPY public.doctor_doctorstats (id, day_count, last_updated, start_date, week_count, doctor_name, neg_patients, stage_1, stage_2, stage_3, all_patients_count, doc_patients_count, for_screening) FROM stdin;
4	0	2020-02-11	2020-02-11	0	Johnny L. Kannen	0	0	0	0	3	0	0
3	0	2020-02-11	2020-02-11	0	Joseph R. Lake	0	0	0	0	3	0	0
2	0	2020-02-11	2020-02-11	0	Maria T. Lastimosa	0	0	0	0	3	1	1
5	0	2020-02-12	2020-02-12	0	Selena K. Sanchez	0	0	0	0	3	0	0
1	0	2020-02-10	2020-02-10	0	Han L. Ly	0	0	0	1	4	1	0
\.


--
-- Name: doctor_doctorstats_id_seq; Type: SEQUENCE SET; Schema: public; Owner: postgres
--

SELECT pg_catalog.setval('public.doctor_doctorstats_id_seq', 5, true);


--
-- Data for Name: doctor_doctorstats_monthly_stats; Type: TABLE DATA; Schema: public; Owner: postgres
--

COPY public.doctor_doctorstats_monthly_stats (id, doctorstats_id, monthlystatistics_id) FROM stdin;
1	1	1
2	2	2
3	2	3
4	3	4
5	4	5
6	5	6
7	1	7
\.


--
-- Name: doctor_doctorstats_monthly_stats_id_seq; Type: SEQUENCE SET; Schema: public; Owner: postgres
--

SELECT pg_catalog.setval('public.doctor_doctorstats_monthly_stats_id_seq', 7, true);


--
-- Data for Name: doctor_medicine; Type: TABLE DATA; Schema: public; Owner: postgres
--

COPY public.doctor_medicine (id, created_on, drug_name, unit_of_measure, content_per_bottle, availability, stocks_on_hand, drug_group, medicine_type, patients_on_medication) FROM stdin;
2	2020-02-12 14:24:48+00	Efavirenz 200mg	bottle	90	f	0	ART SDF	tablet	0
1	2020-02-12 14:20:17+00	Efavirenz 600mg	bottle	30	t	393	ART SDF	tablet	70
3	2020-02-12 14:25:51+00	Lamivudine 150mg	bottle	60	f	5	ART SDF	tablet	2
4	2020-02-12 14:26:54+00	Nevirapine 200mg	bottle	60	t	80	ART SDF	tablet	14
5	2020-02-12 14:27:55+00	Tenofovir 300mg	bottle	30	f	0	ART SDF	tablet	0
6	2020-02-12 14:29:02+00	Abacavir 300mg	bottle	60	t	12	ART SDF	tablet	2
7	2020-02-12 14:30:26+00	Zidovudine 300mg	bottle	60	f	0	ART SDF	tablet	0
8	2020-02-12 14:31:03+00	Zidovudine 300mg	bottle	60	t	679	ART FDC	tablet	23
9	2020-02-12 14:32:01+00	Zidovudine 300mg	bottle	30	t	418	ART FDC	tablet	62
10	2020-02-12 14:32:47+00	Lamivudine 300mg / Tenofovir 300mg / Efavirenz 600mg	bottle	30	t	880	ART FDC	tablet	1208
11	2020-02-12 14:34:08+00	Lopinavir 200mg / Ritonavir 50mg	bottle	120	t	184	ART FDC	tablet	5
12	2020-02-12 14:35:55+00	Nevirapine 50mg/5ml	bottle	240	t	6	ART for Pedia	Oral Suspension	0
14	2020-02-12 14:37:40+00	Nevirapine 50mg/5ml	bottle	240	t	8	ART for Pedia	tablet	0
13	2020-02-12 14:37:03+00	Lamivudine 10mg/ml	bottle	240	f	0	ART for Pedia	Oral Suspension	0
\.


--
-- Name: doctor_medicine_id_seq; Type: SEQUENCE SET; Schema: public; Owner: postgres
--

SELECT pg_catalog.setval('public.doctor_medicine_id_seq', 14, true);


--
-- Data for Name: doctor_monthlystatistics; Type: TABLE DATA; Schema: public; Owner: postgres
--

COPY public.doctor_monthlystatistics (id, year, january, february, march, april, may, june, july, august, september, october, november, december, doc_pk, doctor_name, created_on, patient_pk) FROM stdin;
1	2020	0	0	0	0	0	0	0	0	0	0	0	0	0	Han L. Ly	2020-02-10 17:13:35.686143+00	0
2	2020	0	0	0	0	0	0	0	0	0	0	0	0	0	Maria T. Lastimosa	2020-02-11 08:00:21.619136+00	0
3	2020	0	1	0	0	0	0	0	0	0	0	0	0	2	Maria T. Lastimosa	2020-02-11 08:17:01.351045+00	2
4	2020	0	0	0	0	0	0	0	0	0	0	0	0	0	Joseph R. Lake	2020-02-11 15:51:18.940213+00	0
5	2020	0	0	0	0	0	0	0	0	0	0	0	0	0	Johnny L. Kannen	2020-02-11 18:58:20.961586+00	0
6	2020	0	0	0	0	0	0	0	0	0	0	0	0	0	Selena K. Sanchez	2020-02-12 13:21:16.308221+00	0
7	2020	0	1	0	0	0	0	0	0	0	0	0	0	1	Han L. Ly	2020-02-12 13:28:24.394213+00	4
\.


--
-- Name: doctor_monthlystatistics_id_seq; Type: SEQUENCE SET; Schema: public; Owner: postgres
--

SELECT pg_catalog.setval('public.doctor_monthlystatistics_id_seq', 6, true);


--
-- Name: doctor_note_id_seq; Type: SEQUENCE SET; Schema: public; Owner: postgres
--

SELECT pg_catalog.setval('public.doctor_note_id_seq', 2, true);


--
-- Data for Name: doctor_remark; Type: TABLE DATA; Schema: public; Owner: postgres
--

COPY public.doctor_remark (id, author, text, created_date, approved_comment, remark_seen, remark_parent_type, remark_receiver, seen_date) FROM stdin;
1	Maria T. Lastimosa	hi, hope you are doing well.	2020-02-11 19:18:45.902101+00	f	f	Consultation Schedule	sarrahh	2020-02-11 19:18:45.902143+00
2	Han L. Ly	added symptom: coughing.	2020-02-12 14:16:35.700392+00	f	t	ICR Form	irene	2020-02-12 14:16:59.310922+00
\.


--
-- Data for Name: doctor_usersviewed; Type: TABLE DATA; Schema: public; Owner: postgres
--

COPY public.doctor_usersviewed (id, seen_flag, seen_date, viewer_type, viewed_type, viewer_name, viewed_pk, file_owner) FROM stdin;
1	t	2020-02-11 08:18:16.658781+00	Doctor	Consultation Schedule	Maria T. Lastimosa	1	sarrahh
2	t	2020-02-12 13:29:20.169411+00	Doctor	Consultation Schedule	Han L. Ly	2	irene
3	t	2020-02-12 13:53:32.308993+00	Doctor	Medical History	Han L. Ly	4	irene
4	t	2020-02-12 13:53:36.191789+00	Doctor	ICR	Han L. Ly	4	irene
5	t	2020-02-12 14:18:58.034202+00	Doctor	Personal Record	Han L. Ly	3	irene
\.


--
-- Name: doctor_usersviewed_id_seq; Type: SEQUENCE SET; Schema: public; Owner: postgres
--

SELECT pg_catalog.setval('public.doctor_usersviewed_id_seq', 5, true);


--
-- Data for Name: patient_icrform; Type: TABLE DATA; Schema: public; Owner: postgres
--

COPY public.patient_icrform (id, last_name, first_name, middle_name, date_of_visit, age, birthdate, sex, civil_status, phone_number, home_address, occupation, work_address, work_number, purpose_of_visit, symptoms, specification) FROM stdin;
1	Lopez	Hannah	None	None	23	2020-02-13	None	None	09123456789	San Fernando, Cebu	Attendant	Mandaue, Cebu City	123456789	None	None	None
2	Lingan	Sarrah	None	None	23	2020-02-19	None	None	09123000000	Minglanilla, Cebu	Teacher	Colon, Cebu City	123456789	None	None	None
3	Layman	Shiela	None	None	23	2020-02-05	None	None	09123456789	Sibonga, Cebu	Call Center Agent	Colon, Cebu City	123456789	None	None	None
4	kaizon	irene	none		23	2020-02-14	female	single	09123456789	minglanilla, cebu	office worker	mandaue, cebu city	123456789	routine-checkup	coughing	none
\.


--
-- Data for Name: patient_icrform_docs_viewed; Type: TABLE DATA; Schema: public; Owner: postgres
--

COPY public.patient_icrform_docs_viewed (id, icrform_id, usersviewed_id) FROM stdin;
1	4	4
\.


--
-- Name: patient_icrform_docs_viewed_id_seq; Type: SEQUENCE SET; Schema: public; Owner: postgres
--

SELECT pg_catalog.setval('public.patient_icrform_docs_viewed_id_seq', 1, true);


--
-- Data for Name: patient_icrform_doctor_remarks; Type: TABLE DATA; Schema: public; Owner: postgres
--

COPY public.patient_icrform_doctor_remarks (id, icrform_id, remark_id) FROM stdin;
1	4	2
\.


--
-- Name: patient_icrform_doctor_remarks_id_seq; Type: SEQUENCE SET; Schema: public; Owner: postgres
--

SELECT pg_catalog.setval('public.patient_icrform_doctor_remarks_id_seq', 1, true);


--
-- Name: patient_icrform_id_seq; Type: SEQUENCE SET; Schema: public; Owner: postgres
--

SELECT pg_catalog.setval('public.patient_icrform_id_seq', 4, true);


--
-- Data for Name: patient_medhistform; Type: TABLE DATA; Schema: public; Owner: postgres
--

COPY public.patient_medhistform (id, name, exposure, other_conditions, date_diagnosed, created_on, parent_pk, username) FROM stdin;
1	Hannah Lopez	for screening	none	\N	2020-02-09 16:58:04.346348+00	1	hannah
2	Sarrah Lingan	for screening	none	\N	2020-02-10 17:35:31.38807+00	2	sarrahh
3	Shiela Layman	negative	none	\N	2020-02-11 15:57:06.518641+00	3	shiela
4	Irene Kaizon	positive	none	\N	2020-02-12 13:23:15.447591+00	4	irene
\.


--
-- Data for Name: patient_medhistform_docs_viewed; Type: TABLE DATA; Schema: public; Owner: postgres
--

COPY public.patient_medhistform_docs_viewed (id, medhistform_id, usersviewed_id) FROM stdin;
1	4	3
\.


--
-- Name: patient_medhistform_docs_viewed_id_seq; Type: SEQUENCE SET; Schema: public; Owner: postgres
--

SELECT pg_catalog.setval('public.patient_medhistform_docs_viewed_id_seq', 1, true);


--
-- Data for Name: patient_medhistform_doctor_remarks; Type: TABLE DATA; Schema: public; Owner: postgres
--

COPY public.patient_medhistform_doctor_remarks (id, medhistform_id, remark_id) FROM stdin;
\.


--
-- Name: patient_medhistform_doctor_remarks_id_seq; Type: SEQUENCE SET; Schema: public; Owner: postgres
--

SELECT pg_catalog.setval('public.patient_medhistform_doctor_remarks_id_seq', 1, false);


--
-- Name: patient_medhistform_id_seq; Type: SEQUENCE SET; Schema: public; Owner: postgres
--

SELECT pg_catalog.setval('public.patient_medhistform_id_seq', 4, true);


--
-- Data for Name: patient_medication; Type: TABLE DATA; Schema: public; Owner: postgres
--

COPY public.patient_medication (id, created_on, username, drug_name, unit_of_measure, content_per_bottle, administered, administered_by, patient_pk, doc_notes, drug_group, medicine_type) FROM stdin;
1	2020-02-12 14:42:54.948189+00	irene	Lamivudine 300mg / Tenofovir 300mg / Efavirenz 600mg	bottle	30	f	Han L. Ly	4	take once a day for the first 30 days.	ART FDC	tablet
\.


--
-- Name: patient_medication_id_seq; Type: SEQUENCE SET; Schema: public; Owner: postgres
--

SELECT pg_catalog.setval('public.patient_medication_id_seq', 1, true);


--
-- Data for Name: patient_patient; Type: TABLE DATA; Schema: public; Owner: postgres
--

COPY public.patient_patient (first_name, last_name, username, birthdate, age, present_address, work, work_address, call_number, email, password, "HIV_status", icr_id, profile_id, last_log_in, last_log_out, login_flag, date_created, home_address, tel_number, status, slug, patient_image) FROM stdin;
Hannah	Lopez	hannah	2020-02-13	23	Binaliw, Cebu City	Attendant	Mandaue, Cebu City	09123456789	hannah@gmail.com	hannah	for screening	1	\N	2020-02-09 16:58:15.203512+00	2020-02-09 16:58:04.307499+00	t	2020-02-09 16:58:04.36369+00	San Fernando, Cebu	7564231	none	patient-hannah	
Sarrah	Lingan	sarrahh	2020-02-19	23	Binaliw, Cebu City	Teacher	Colon, Cebu City	09123000000	sarrah@gmail.com	sarrahh	for screening	2	\N	2020-02-12 03:39:53.698586+00	2020-02-12 03:39:56.958538+00	f	2020-02-10 17:35:31.415116+00	Minglanilla, Cebu	7564231	none	patient-sarrahh	profile-pictures/alpaca.jpg
Shiela	Layman	shiela	2020-02-05	23	Kasambagan, Cebu City	Call Center Agent	Colon, Cebu City	09123456789	shiela@gmail.com	shiela	negative	3	\N	2020-02-11 19:16:58.616166+00	2020-02-11 15:58:16.912432+00	t	2020-02-11 15:57:06.538487+00	Sibonga, Cebu	7564231	none	patient-shiela	profile-pictures/girl-yellow-flowers.jfif
Irene	Kaizon	irene	2020-02-14	23	Apas, Cebu City	Office Worker	Mandaue, Cebu City	09123456789	irene@gmail.com	irenee	stage 3	4	\N	2020-02-12 13:55:03.112362+00	2020-02-12 13:47:26.908967+00	t	2020-02-12 13:23:15.463567+00	Minglanilla, Cebu	7564232	deceased	patient-irene	profile-pictures/girl-running-in-meadow.jfif
\.


--
-- Name: patient_patient_approvedScheds_id_seq; Type: SEQUENCE SET; Schema: public; Owner: postgres
--

SELECT pg_catalog.setval('public."patient_patient_approvedScheds_id_seq"', 2, true);


--
-- Data for Name: patient_patient_approved_schedules; Type: TABLE DATA; Schema: public; Owner: postgres
--

COPY public.patient_patient_approved_schedules (id, patient_id, doctorschedule_id) FROM stdin;
1	2	1
2	4	2
\.


--
-- Name: patient_patient_finishedScheds_id_seq; Type: SEQUENCE SET; Schema: public; Owner: postgres
--

SELECT pg_catalog.setval('public."patient_patient_finishedScheds_id_seq"', 1, false);


--
-- Data for Name: patient_patient_finished_schedules; Type: TABLE DATA; Schema: public; Owner: postgres
--

COPY public.patient_patient_finished_schedules (id, patient_id, doctorschedule_id) FROM stdin;
\.


--
-- Data for Name: patient_patient_location_details; Type: TABLE DATA; Schema: public; Owner: postgres
--

COPY public.patient_patient_location_details (id, patient_id, patientlocationdetails_id) FROM stdin;
1	1	1
2	2	2
3	3	3
4	4	4
\.


--
-- Name: patient_patient_location_details_id_seq; Type: SEQUENCE SET; Schema: public; Owner: postgres
--

SELECT pg_catalog.setval('public.patient_patient_location_details_id_seq', 4, true);


--
-- Data for Name: patient_patient_medical_history; Type: TABLE DATA; Schema: public; Owner: postgres
--

COPY public.patient_patient_medical_history (id, patient_id, medhistform_id) FROM stdin;
1	1	1
2	2	2
3	3	3
4	4	4
\.


--
-- Name: patient_patient_medical_history_id_seq; Type: SEQUENCE SET; Schema: public; Owner: postgres
--

SELECT pg_catalog.setval('public.patient_patient_medical_history_id_seq', 4, true);


--
-- Data for Name: patient_patient_meds; Type: TABLE DATA; Schema: public; Owner: postgres
--

COPY public.patient_patient_meds (id, patient_id, medication_id) FROM stdin;
1	4	1
\.


--
-- Name: patient_patient_meds_id_seq; Type: SEQUENCE SET; Schema: public; Owner: postgres
--

SELECT pg_catalog.setval('public.patient_patient_meds_id_seq', 1, true);


--
-- Name: patient_patient_myDoctors_id_seq; Type: SEQUENCE SET; Schema: public; Owner: postgres
--

SELECT pg_catalog.setval('public."patient_patient_myDoctors_id_seq"', 2, true);


--
-- Data for Name: patient_patient_my_doctors; Type: TABLE DATA; Schema: public; Owner: postgres
--

COPY public.patient_patient_my_doctors (id, patient_id, doctor_id) FROM stdin;
1	2	2
2	4	1
\.


--
-- Name: patient_patient_new_patient_notifications_id_seq; Type: SEQUENCE SET; Schema: public; Owner: postgres
--

SELECT pg_catalog.setval('public.patient_patient_new_patient_notifications_id_seq', 34, true);


--
-- Name: patient_patient_patientNotif_id_seq; Type: SEQUENCE SET; Schema: public; Owner: postgres
--

SELECT pg_catalog.setval('public."patient_patient_patientNotif_id_seq"', 8, true);


--
-- Data for Name: patient_patient_patient_new_notifications; Type: TABLE DATA; Schema: public; Owner: postgres
--

COPY public.patient_patient_patient_new_notifications (id, patient_id, patientnotification_id) FROM stdin;
30	4	8
31	4	7
32	4	6
33	4	5
34	4	4
\.


--
-- Data for Name: patient_patient_patient_notifications; Type: TABLE DATA; Schema: public; Owner: postgres
--

COPY public.patient_patient_patient_notifications (id, patient_id, patientnotification_id) FROM stdin;
1	2	1
2	2	2
3	4	3
4	4	4
5	4	5
6	4	6
7	4	7
8	4	8
\.


--
-- Name: patient_patient_pendingScheds_id_seq; Type: SEQUENCE SET; Schema: public; Owner: postgres
--

SELECT pg_catalog.setval('public."patient_patient_pendingScheds_id_seq"', 2, true);


--
-- Data for Name: patient_patient_pending_schedules; Type: TABLE DATA; Schema: public; Owner: postgres
--

COPY public.patient_patient_pending_schedules (id, patient_id, doctorschedule_id) FROM stdin;
\.


--
-- Name: patient_patient_personalRecord_id_seq; Type: SEQUENCE SET; Schema: public; Owner: postgres
--

SELECT pg_catalog.setval('public."patient_patient_personalRecord_id_seq"', 3, true);


--
-- Data for Name: patient_patient_personal_records; Type: TABLE DATA; Schema: public; Owner: postgres
--

COPY public.patient_patient_personal_records (id, patient_id, personalrecord_id) FROM stdin;
1	2	1
2	3	2
3	4	3
\.


--
-- Name: patient_patient_rejectedScheds_id_seq; Type: SEQUENCE SET; Schema: public; Owner: postgres
--

SELECT pg_catalog.setval('public."patient_patient_rejectedScheds_id_seq"', 1, false);


--
-- Data for Name: patient_patient_rejected_schedules; Type: TABLE DATA; Schema: public; Owner: postgres
--

COPY public.patient_patient_rejected_schedules (id, patient_id, doctorschedule_id) FROM stdin;
\.


--
-- Data for Name: patient_patientlocationdetails; Type: TABLE DATA; Schema: public; Owner: postgres
--

COPY public.patient_patientlocationdetails (id, lat, lon, location, patient_name, username, work, hiv_level, created_on, patient_pk, status, general_location) FROM stdin;
1	10.42174770	123.91198360	Binaliw, Cebu City	Hannah Lopez	hannah	Attendant	for screening	2020-02-09 16:58:04.330324+00	1	none	within cebu
2	10.422747699999999	123.9129836	Binaliw, Cebu City	Sarrah Lingan	sarrahh	Teacher	for screening	2020-02-10 17:35:31.37192+00	2	none	within cebu
3	10.32672530	123.91394200	Kasambagan, Cebu City	Shiela Layman	shiela	Call Center Agent	negative	2020-02-11 15:57:06.502551+00	3	none	within cebu
4	10.33750400	123.90556770	Apas, Cebu City	Irene Kaizon	irene	Office Worker	stage 3	2020-02-12 13:23:15.43564+00	4	deceased	within cebu
\.


--
-- Name: patient_patientlocationdetails_id_seq; Type: SEQUENCE SET; Schema: public; Owner: postgres
--

SELECT pg_catalog.setval('public.patient_patientlocationdetails_id_seq', 4, true);


--
-- Data for Name: patient_patientnotification; Type: TABLE DATA; Schema: public; Owner: postgres
--

COPY public.patient_patientnotification (id, doctor_name, subject, user_type, notification, created_on, patient_username, action_type, action_pk, status, notif_status) FROM stdin;
2	Maria T. Lastimosa	Consultation Schedule	Doctor	Dr. Maria T. lastimosa remarked on your schedule:\nAssessment on current sickness.	2020-02-11 19:18:45.940563+00	sarrahh	Remark Accepted	1	f	f
1	Maria T. Lastimosa	Consultation Schedule	Doctor	Dr. Maria T. lastimosa accepted your request to schedule a consultation.	2020-02-11 19:05:48.393197+00	sarrahh	Accepted	1	f	f
3	Han L. Ly	Consultation Schedule	Doctor	Dr. Han L. ly accepted your request to schedule a consultation.	2020-02-12 13:44:51.988541+00	irene	Accepted	2	f	f
4	Han L. Ly	Medical History	Doctor	Dr. Han L. Ly changed your HIV status.	2020-02-12 14:10:49.794918+00	irene	Edit	4	t	t
5	Han L. Ly	Profile	Doctor	Dr. Han L. Ly changed your status to deceased.	2020-02-12 14:14:06.683642+00	irene	Change	4	t	f
7	Han L. Ly	ICR	Doctor	Dr. Han L. Ly edited your Individual Client Form.	2020-02-12 14:16:35.731118+00	irene	Edit	4	t	f
6	Han L. Ly	ICR	Doctor	Dr. Han L. Ly added a remark on your Individual Client Form.	2020-02-12 14:16:35.715672+00	irene	Remark	4	t	t
8	Han L. Ly	ART Medication	Doctor	Dr. Han L. Ly added a New Medication on your ART Medications	2020-02-12 14:42:54.970809+00	irene	Add	1	t	t
\.


--
-- Name: patient_patientnotification_id_seq; Type: SEQUENCE SET; Schema: public; Owner: postgres
--

SELECT pg_catalog.setval('public.patient_patientnotification_id_seq', 8, true);


--
-- Data for Name: patient_patientsmonthlystatistics; Type: TABLE DATA; Schema: public; Owner: postgres
--

COPY public.patient_patientsmonthlystatistics (id, created_on, patient_pk, year, january, february, march, april, may, june, july, august, september, october, november, december, patient_username) FROM stdin;
1	2020-02-09 16:58:04.350977+00	1	2020	0	1	0	0	0	0	0	0	0	0	0	0	hannah
2	2020-02-10 17:35:31.399317+00	2	2020	0	2	0	0	0	0	0	0	0	0	0	0	sarrahh
3	2020-02-11 15:57:06.52549+00	3	2020	0	3	0	0	0	0	0	0	0	0	0	0	shiela
4	2020-02-12 13:23:15.454219+00	4	2020	0	4	0	0	0	0	0	0	0	0	0	0	irene
\.


--
-- Name: patient_patientsmonthlystatistics_id_seq; Type: SEQUENCE SET; Schema: public; Owner: postgres
--

SELECT pg_catalog.setval('public.patient_patientsmonthlystatistics_id_seq', 1, true);


--
-- Data for Name: patient_personalrecord; Type: TABLE DATA; Schema: public; Owner: postgres
--

COPY public.patient_personalrecord (id, author, title, slug, updated_on, content, created_on, status) FROM stdin;
1	sarrahh	sleeping late tonight	sleepinglatetonight	2020-02-11 19:11:09.573158+00	I can't really sleep well especially  today. I had people look at me with different people.	2020-02-11 19:11:09.573187+00	0
2	shiela	same problem here even today	sameproblemhereeventoday	2020-02-11 19:18:06.993826+00	Can't even open my eyes clearly. my eyes have been blurred because of the tearss caused by this heart of mine. sadness. it just lurks around me.	2020-02-11 19:18:06.993849+00	0
3	irene	started today	startedtoday	2020-02-12 14:18:29.036697+00	i started being active here now. hope i can keep doing this!	2020-02-12 14:18:29.036727+00	0
\.


--
-- Data for Name: patient_personalrecord_comment; Type: TABLE DATA; Schema: public; Owner: postgres
--

COPY public.patient_personalrecord_comment (id, personalrecord_id, remark_id) FROM stdin;
\.


--
-- Name: patient_personalrecord_comment_id_seq; Type: SEQUENCE SET; Schema: public; Owner: postgres
--

SELECT pg_catalog.setval('public.patient_personalrecord_comment_id_seq', 1, false);


--
-- Data for Name: patient_personalrecord_docs_viewed; Type: TABLE DATA; Schema: public; Owner: postgres
--

COPY public.patient_personalrecord_docs_viewed (id, personalrecord_id, usersviewed_id) FROM stdin;
1	3	5
\.


--
-- Name: patient_personalrecord_docs_viewed_id_seq; Type: SEQUENCE SET; Schema: public; Owner: postgres
--

SELECT pg_catalog.setval('public.patient_personalrecord_docs_viewed_id_seq', 1, true);


--
-- Name: patient_personalrecord_id_seq; Type: SEQUENCE SET; Schema: public; Owner: postgres
--

SELECT pg_catalog.setval('public.patient_personalrecord_id_seq', 3, true);


--
-- Data for Name: patient_profileform; Type: TABLE DATA; Schema: public; Owner: postgres
--

COPY public.patient_profileform (id, uid, code_name, real_name, mother_maiden_name, address, province, age, sex, status, birthdate, pdate, nation, ed, occupation, contact, "philNum") FROM stdin;
\.


--
-- Name: patient_profileform_doc_remarks_id_seq; Type: SEQUENCE SET; Schema: public; Owner: postgres
--

SELECT pg_catalog.setval('public.patient_profileform_doc_remarks_id_seq', 1, false);


--
-- Data for Name: patient_profileform_docs_viewed; Type: TABLE DATA; Schema: public; Owner: postgres
--

COPY public.patient_profileform_docs_viewed (id, profileform_id, usersviewed_id) FROM stdin;
\.


--
-- Name: patient_profileform_docs_viewed_id_seq; Type: SEQUENCE SET; Schema: public; Owner: postgres
--

SELECT pg_catalog.setval('public.patient_profileform_docs_viewed_id_seq', 1, false);


--
-- Data for Name: patient_profileform_doctor_remarks; Type: TABLE DATA; Schema: public; Owner: postgres
--

COPY public.patient_profileform_doctor_remarks (id, profileform_id, note_id) FROM stdin;
\.


--
-- Name: patient_profileform_id_seq; Type: SEQUENCE SET; Schema: public; Owner: postgres
--

SELECT pg_catalog.setval('public.patient_profileform_id_seq', 1, false);


--
-- Data for Name: portal_adminnotification; Type: TABLE DATA; Schema: public; Owner: postgres
--

COPY public.portal_adminnotification (id, name, user_type, notif, created_on) FROM stdin;
\.


--
-- Name: portal_adminnotification_id_seq; Type: SEQUENCE SET; Schema: public; Owner: postgres
--

SELECT pg_catalog.setval('public.portal_adminnotification_id_seq', 1, false);


--
-- Data for Name: spatial_ref_sys; Type: TABLE DATA; Schema: public; Owner: postgres
--

COPY public.spatial_ref_sys  FROM stdin;
\.


--
-- Data for Name: topology; Type: TABLE DATA; Schema: topology; Owner: postgres
--

COPY topology.topology  FROM stdin;
\.


--
-- Data for Name: layer; Type: TABLE DATA; Schema: topology; Owner: postgres
--

COPY topology.layer  FROM stdin;
\.


--
-- Name: auth_group_name_key; Type: CONSTRAINT; Schema: public; Owner: postgres
--

ALTER TABLE ONLY public.auth_group
    ADD CONSTRAINT auth_group_name_key UNIQUE (name);


--
-- Name: auth_group_permissions_group_id_permission_id_0cd325b0_uniq; Type: CONSTRAINT; Schema: public; Owner: postgres
--

ALTER TABLE ONLY public.auth_group_permissions
    ADD CONSTRAINT auth_group_permissions_group_id_permission_id_0cd325b0_uniq UNIQUE (group_id, permission_id);


--
-- Name: auth_group_permissions_pkey; Type: CONSTRAINT; Schema: public; Owner: postgres
--

ALTER TABLE ONLY public.auth_group_permissions
    ADD CONSTRAINT auth_group_permissions_pkey PRIMARY KEY (id);


--
-- Name: auth_group_pkey; Type: CONSTRAINT; Schema: public; Owner: postgres
--

ALTER TABLE ONLY public.auth_group
    ADD CONSTRAINT auth_group_pkey PRIMARY KEY (id);


--
-- Name: auth_permission_content_type_id_codename_01ab375a_uniq; Type: CONSTRAINT; Schema: public; Owner: postgres
--

ALTER TABLE ONLY public.auth_permission
    ADD CONSTRAINT auth_permission_content_type_id_codename_01ab375a_uniq UNIQUE (content_type_id, codename);


--
-- Name: auth_permission_pkey; Type: CONSTRAINT; Schema: public; Owner: postgres
--

ALTER TABLE ONLY public.auth_permission
    ADD CONSTRAINT auth_permission_pkey PRIMARY KEY (id);


--
-- Name: auth_user_groups_pkey; Type: CONSTRAINT; Schema: public; Owner: postgres
--

ALTER TABLE ONLY public.auth_user_groups
    ADD CONSTRAINT auth_user_groups_pkey PRIMARY KEY (id);


--
-- Name: auth_user_groups_user_id_group_id_94350c0c_uniq; Type: CONSTRAINT; Schema: public; Owner: postgres
--

ALTER TABLE ONLY public.auth_user_groups
    ADD CONSTRAINT auth_user_groups_user_id_group_id_94350c0c_uniq UNIQUE (user_id, group_id);


--
-- Name: auth_user_pkey; Type: CONSTRAINT; Schema: public; Owner: postgres
--

ALTER TABLE ONLY public.auth_user
    ADD CONSTRAINT auth_user_pkey PRIMARY KEY (id);


--
-- Name: auth_user_user_permissions_pkey; Type: CONSTRAINT; Schema: public; Owner: postgres
--

ALTER TABLE ONLY public.auth_user_user_permissions
    ADD CONSTRAINT auth_user_user_permissions_pkey PRIMARY KEY (id);


--
-- Name: auth_user_user_permissions_user_id_permission_id_14a6b632_uniq; Type: CONSTRAINT; Schema: public; Owner: postgres
--

ALTER TABLE ONLY public.auth_user_user_permissions
    ADD CONSTRAINT auth_user_user_permissions_user_id_permission_id_14a6b632_uniq UNIQUE (user_id, permission_id);


--
-- Name: auth_user_username_key; Type: CONSTRAINT; Schema: public; Owner: postgres
--

ALTER TABLE ONLY public.auth_user
    ADD CONSTRAINT auth_user_username_key UNIQUE (username);


--
-- Name: cebuMap_cebubarangays_de_cebubarangays_id_patient_6ebfbd7b_uniq; Type: CONSTRAINT; Schema: public; Owner: postgres
--

ALTER TABLE ONLY public."cebuMap_cebubarangays_deceased"
    ADD CONSTRAINT "cebuMap_cebubarangays_de_cebubarangays_id_patient_6ebfbd7b_uniq" UNIQUE (cebubarangays_id, patient_id);


--
-- Name: cebuMap_cebubarangays_deceased_pkey; Type: CONSTRAINT; Schema: public; Owner: postgres
--

ALTER TABLE ONLY public."cebuMap_cebubarangays_deceased"
    ADD CONSTRAINT "cebuMap_cebubarangays_deceased_pkey" PRIMARY KEY (id);


--
-- Name: cebuMap_cebubarangays_hi_cebubarangays_id_patient_cf6594d9_uniq; Type: CONSTRAINT; Schema: public; Owner: postgres
--

ALTER TABLE ONLY public."cebuMap_cebubarangays_hiv_pop"
    ADD CONSTRAINT "cebuMap_cebubarangays_hi_cebubarangays_id_patient_cf6594d9_uniq" UNIQUE (cebubarangays_id, patient_id);


--
-- Name: cebuMap_cebubarangays_hiv_pop_pkey; Type: CONSTRAINT; Schema: public; Owner: postgres
--

ALTER TABLE ONLY public."cebuMap_cebubarangays_hiv_pop"
    ADD CONSTRAINT "cebuMap_cebubarangays_hiv_pop_pkey" PRIMARY KEY (id);


--
-- Name: cebuMap_cebubarangays_mi_cebubarangays_id_patient_caebf437_uniq; Type: CONSTRAINT; Schema: public; Owner: postgres
--

ALTER TABLE ONLY public."cebuMap_cebubarangays_migrated"
    ADD CONSTRAINT "cebuMap_cebubarangays_mi_cebubarangays_id_patient_caebf437_uniq" UNIQUE (cebubarangays_id, patient_id);


--
-- Name: cebuMap_cebubarangays_migrated_pkey; Type: CONSTRAINT; Schema: public; Owner: postgres
--

ALTER TABLE ONLY public."cebuMap_cebubarangays_migrated"
    ADD CONSTRAINT "cebuMap_cebubarangays_migrated_pkey" PRIMARY KEY (id);


--
-- Name: cebuMap_cebubarangays_no_cebubarangays_id_patient_d1fadfa2_uniq; Type: CONSTRAINT; Schema: public; Owner: postgres
--

ALTER TABLE ONLY public."cebuMap_cebubarangays_for_screening"
    ADD CONSTRAINT "cebuMap_cebubarangays_no_cebubarangays_id_patient_d1fadfa2_uniq" UNIQUE (cebubarangays_id, patient_id);


--
-- Name: cebuMap_cebubarangays_no_hiv_pkey; Type: CONSTRAINT; Schema: public; Owner: postgres
--

ALTER TABLE ONLY public."cebuMap_cebubarangays_for_screening"
    ADD CONSTRAINT "cebuMap_cebubarangays_no_hiv_pkey" PRIMARY KEY (id);


--
-- Name: cebuMap_cebubarangays_pkey; Type: CONSTRAINT; Schema: public; Owner: postgres
--

ALTER TABLE ONLY public."cebuMap_cebubarangays"
    ADD CONSTRAINT "cebuMap_cebubarangays_pkey" PRIMARY KEY (id);


--
-- Name: cebuMap_cebubarangays_st_cebubarangays_id_patient_0fa086c4_uniq; Type: CONSTRAINT; Schema: public; Owner: postgres
--

ALTER TABLE ONLY public."cebuMap_cebubarangays_stage_0"
    ADD CONSTRAINT "cebuMap_cebubarangays_st_cebubarangays_id_patient_0fa086c4_uniq" UNIQUE (cebubarangays_id, patient_id);


--
-- Name: cebuMap_cebubarangays_st_cebubarangays_id_patient_6247f3ec_uniq; Type: CONSTRAINT; Schema: public; Owner: postgres
--

ALTER TABLE ONLY public."cebuMap_cebubarangays_stage_2"
    ADD CONSTRAINT "cebuMap_cebubarangays_st_cebubarangays_id_patient_6247f3ec_uniq" UNIQUE (cebubarangays_id, patient_id);


--
-- Name: cebuMap_cebubarangays_st_cebubarangays_id_patient_965731ad_uniq; Type: CONSTRAINT; Schema: public; Owner: postgres
--

ALTER TABLE ONLY public."cebuMap_cebubarangays_stage_3"
    ADD CONSTRAINT "cebuMap_cebubarangays_st_cebubarangays_id_patient_965731ad_uniq" UNIQUE (cebubarangays_id, patient_id);


--
-- Name: cebuMap_cebubarangays_st_cebubarangays_id_patient_ebe059ae_uniq; Type: CONSTRAINT; Schema: public; Owner: postgres
--

ALTER TABLE ONLY public."cebuMap_cebubarangays_stage_1"
    ADD CONSTRAINT "cebuMap_cebubarangays_st_cebubarangays_id_patient_ebe059ae_uniq" UNIQUE (cebubarangays_id, patient_id);


--
-- Name: cebuMap_cebubarangays_stage_0_pkey; Type: CONSTRAINT; Schema: public; Owner: postgres
--

ALTER TABLE ONLY public."cebuMap_cebubarangays_stage_0"
    ADD CONSTRAINT "cebuMap_cebubarangays_stage_0_pkey" PRIMARY KEY (id);


--
-- Name: cebuMap_cebubarangays_stage_1_pkey; Type: CONSTRAINT; Schema: public; Owner: postgres
--

ALTER TABLE ONLY public."cebuMap_cebubarangays_stage_1"
    ADD CONSTRAINT "cebuMap_cebubarangays_stage_1_pkey" PRIMARY KEY (id);


--
-- Name: cebuMap_cebubarangays_stage_2_pkey; Type: CONSTRAINT; Schema: public; Owner: postgres
--

ALTER TABLE ONLY public."cebuMap_cebubarangays_stage_2"
    ADD CONSTRAINT "cebuMap_cebubarangays_stage_2_pkey" PRIMARY KEY (id);


--
-- Name: cebuMap_cebubarangays_stage_3_pkey; Type: CONSTRAINT; Schema: public; Owner: postgres
--

ALTER TABLE ONLY public."cebuMap_cebubarangays_stage_3"
    ADD CONSTRAINT "cebuMap_cebubarangays_stage_3_pkey" PRIMARY KEY (id);


--
-- Name: cebuMap_cebumap_pkey1; Type: CONSTRAINT; Schema: public; Owner: postgres
--

ALTER TABLE ONLY public."cebuMap_cebumap"
    ADD CONSTRAINT "cebuMap_cebumap_pkey1" PRIMARY KEY (id);


--
-- Name: cebuMap_incidence_pkey; Type: CONSTRAINT; Schema: public; Owner: postgres
--

ALTER TABLE ONLY public."cebuMap_incidence"
    ADD CONSTRAINT "cebuMap_incidence_pkey" PRIMARY KEY (id);


--
-- Name: django_admin_log_pkey; Type: CONSTRAINT; Schema: public; Owner: postgres
--

ALTER TABLE ONLY public.django_admin_log
    ADD CONSTRAINT django_admin_log_pkey PRIMARY KEY (id);


--
-- Name: django_content_type_app_label_model_76bd3d3b_uniq; Type: CONSTRAINT; Schema: public; Owner: postgres
--

ALTER TABLE ONLY public.django_content_type
    ADD CONSTRAINT django_content_type_app_label_model_76bd3d3b_uniq UNIQUE (app_label, model);


--
-- Name: django_content_type_pkey; Type: CONSTRAINT; Schema: public; Owner: postgres
--

ALTER TABLE ONLY public.django_content_type
    ADD CONSTRAINT django_content_type_pkey PRIMARY KEY (id);


--
-- Name: django_migrations_pkey; Type: CONSTRAINT; Schema: public; Owner: postgres
--

ALTER TABLE ONLY public.django_migrations
    ADD CONSTRAINT django_migrations_pkey PRIMARY KEY (id);


--
-- Name: django_session_pkey; Type: CONSTRAINT; Schema: public; Owner: postgres
--

ALTER TABLE ONLY public.django_session
    ADD CONSTRAINT django_session_pkey PRIMARY KEY (session_key);


--
-- Name: doctor_doctor_doctorNoti_doctor_id_doctornotifica_4aabd4ae_uniq; Type: CONSTRAINT; Schema: public; Owner: postgres
--

ALTER TABLE ONLY public."doctor_doctor_doctorNotifs"
    ADD CONSTRAINT "doctor_doctor_doctorNoti_doctor_id_doctornotifica_4aabd4ae_uniq" UNIQUE (doctor_id, doctornotification_id);


--
-- Name: doctor_doctor_doctorNotifs_pkey; Type: CONSTRAINT; Schema: public; Owner: postgres
--

ALTER TABLE ONLY public."doctor_doctor_doctorNotifs"
    ADD CONSTRAINT "doctor_doctor_doctorNotifs_pkey" PRIMARY KEY (id);


--
-- Name: doctor_doctor_finished_s_doctor_id_doctorschedule_b90c794b_uniq; Type: CONSTRAINT; Schema: public; Owner: postgres
--

ALTER TABLE ONLY public.doctor_doctor_finished_scheds
    ADD CONSTRAINT doctor_doctor_finished_s_doctor_id_doctorschedule_b90c794b_uniq UNIQUE (doctor_id, doctorschedule_id);


--
-- Name: doctor_doctor_finished_scheds_pkey; Type: CONSTRAINT; Schema: public; Owner: postgres
--

ALTER TABLE ONLY public.doctor_doctor_finished_scheds
    ADD CONSTRAINT doctor_doctor_finished_scheds_pkey PRIMARY KEY (id);


--
-- Name: doctor_doctor_new_notifs_doctor_id_doctornotifica_dcbc9409_uniq; Type: CONSTRAINT; Schema: public; Owner: postgres
--

ALTER TABLE ONLY public.doctor_doctor_new_notifs
    ADD CONSTRAINT doctor_doctor_new_notifs_doctor_id_doctornotifica_dcbc9409_uniq UNIQUE (doctor_id, doctornotification_id);


--
-- Name: doctor_doctor_new_notifs_pkey; Type: CONSTRAINT; Schema: public; Owner: postgres
--

ALTER TABLE ONLY public.doctor_doctor_new_notifs
    ADD CONSTRAINT doctor_doctor_new_notifs_pkey PRIMARY KEY (id);


--
-- Name: doctor_doctor_pending_sc_doctor_id_doctorschedule_d9cd6807_uniq; Type: CONSTRAINT; Schema: public; Owner: postgres
--

ALTER TABLE ONLY public.doctor_doctor_pending_scheds
    ADD CONSTRAINT doctor_doctor_pending_sc_doctor_id_doctorschedule_d9cd6807_uniq UNIQUE (doctor_id, doctorschedule_id);


--
-- Name: doctor_doctor_pending_scheds_pkey; Type: CONSTRAINT; Schema: public; Owner: postgres
--

ALTER TABLE ONLY public.doctor_doctor_pending_scheds
    ADD CONSTRAINT doctor_doctor_pending_scheds_pkey PRIMARY KEY (id);


--
-- Name: doctor_doctor_pkey; Type: CONSTRAINT; Schema: public; Owner: postgres
--

ALTER TABLE ONLY public.doctor_doctor
    ADD CONSTRAINT doctor_doctor_pkey PRIMARY KEY (id);


--
-- Name: doctor_doctor_rejected_s_doctor_id_doctorschedule_f99c2aae_uniq; Type: CONSTRAINT; Schema: public; Owner: postgres
--

ALTER TABLE ONLY public.doctor_doctor_rejected_scheds
    ADD CONSTRAINT doctor_doctor_rejected_s_doctor_id_doctorschedule_f99c2aae_uniq UNIQUE (doctor_id, doctorschedule_id);


--
-- Name: doctor_doctor_rejected_scheds_pkey; Type: CONSTRAINT; Schema: public; Owner: postgres
--

ALTER TABLE ONLY public.doctor_doctor_rejected_scheds
    ADD CONSTRAINT doctor_doctor_rejected_scheds_pkey PRIMARY KEY (id);


--
-- Name: doctor_doctor_schedules_doctor_id_doctorschedule_d3adfdb5_uniq; Type: CONSTRAINT; Schema: public; Owner: postgres
--

ALTER TABLE ONLY public.doctor_doctor_schedules
    ADD CONSTRAINT doctor_doctor_schedules_doctor_id_doctorschedule_d3adfdb5_uniq UNIQUE (doctor_id, doctorschedule_id);


--
-- Name: doctor_doctor_schedules_pkey; Type: CONSTRAINT; Schema: public; Owner: postgres
--

ALTER TABLE ONLY public.doctor_doctor_schedules
    ADD CONSTRAINT doctor_doctor_schedules_pkey PRIMARY KEY (id);


--
-- Name: doctor_doctor_weekly_stats_id_key; Type: CONSTRAINT; Schema: public; Owner: postgres
--

ALTER TABLE ONLY public.doctor_doctor
    ADD CONSTRAINT doctor_doctor_weekly_stats_id_key UNIQUE (p_handled_stats_id);


--
-- Name: doctor_doctornotification_pkey; Type: CONSTRAINT; Schema: public; Owner: postgres
--

ALTER TABLE ONLY public.doctor_doctornotification
    ADD CONSTRAINT doctor_doctornotification_pkey PRIMARY KEY (id);


--
-- Name: doctor_doctorschedule_do_doctorschedule_id_note_i_1fdf0288_uniq; Type: CONSTRAINT; Schema: public; Owner: postgres
--

ALTER TABLE ONLY public.doctor_doctorschedule_doc_remark
    ADD CONSTRAINT doctor_doctorschedule_do_doctorschedule_id_note_i_1fdf0288_uniq UNIQUE (doctorschedule_id, remark_id);


--
-- Name: doctor_doctorschedule_do_doctorschedule_id_usersv_ac687590_uniq; Type: CONSTRAINT; Schema: public; Owner: postgres
--

ALTER TABLE ONLY public.doctor_doctorschedule_users_viewed
    ADD CONSTRAINT doctor_doctorschedule_do_doctorschedule_id_usersv_ac687590_uniq UNIQUE (doctorschedule_id, usersviewed_id);


--
-- Name: doctor_doctorschedule_doc_remark_pkey; Type: CONSTRAINT; Schema: public; Owner: postgres
--

ALTER TABLE ONLY public.doctor_doctorschedule_doc_remark
    ADD CONSTRAINT doctor_doctorschedule_doc_remark_pkey PRIMARY KEY (id);


--
-- Name: doctor_doctorschedule_doc_views_details_pkey; Type: CONSTRAINT; Schema: public; Owner: postgres
--

ALTER TABLE ONLY public.doctor_doctorschedule_users_viewed
    ADD CONSTRAINT doctor_doctorschedule_doc_views_details_pkey PRIMARY KEY (id);


--
-- Name: doctor_doctorschedule_pkey; Type: CONSTRAINT; Schema: public; Owner: postgres
--

ALTER TABLE ONLY public.doctor_doctorschedule
    ADD CONSTRAINT doctor_doctorschedule_pkey PRIMARY KEY (id);


--
-- Name: doctor_doctorstats_month_doctorstats_id_monthlyst_908ccdfd_uniq; Type: CONSTRAINT; Schema: public; Owner: postgres
--

ALTER TABLE ONLY public.doctor_doctorstats_monthly_stats
    ADD CONSTRAINT doctor_doctorstats_month_doctorstats_id_monthlyst_908ccdfd_uniq UNIQUE (doctorstats_id, monthlystatistics_id);


--
-- Name: doctor_doctorstats_monthly_stats_pkey; Type: CONSTRAINT; Schema: public; Owner: postgres
--

ALTER TABLE ONLY public.doctor_doctorstats_monthly_stats
    ADD CONSTRAINT doctor_doctorstats_monthly_stats_pkey PRIMARY KEY (id);


--
-- Name: doctor_doctorstats_pkey; Type: CONSTRAINT; Schema: public; Owner: postgres
--

ALTER TABLE ONLY public.doctor_doctorstats
    ADD CONSTRAINT doctor_doctorstats_pkey PRIMARY KEY (id);


--
-- Name: doctor_medicine_pkey; Type: CONSTRAINT; Schema: public; Owner: postgres
--

ALTER TABLE ONLY public.doctor_medicine
    ADD CONSTRAINT doctor_medicine_pkey PRIMARY KEY (id);


--
-- Name: doctor_monthlystatistics_pkey; Type: CONSTRAINT; Schema: public; Owner: postgres
--

ALTER TABLE ONLY public.doctor_monthlystatistics
    ADD CONSTRAINT doctor_monthlystatistics_pkey PRIMARY KEY (id);


--
-- Name: doctor_note_pkey; Type: CONSTRAINT; Schema: public; Owner: postgres
--

ALTER TABLE ONLY public.doctor_remark
    ADD CONSTRAINT doctor_note_pkey PRIMARY KEY (id);


--
-- Name: doctor_usersviewed_pkey; Type: CONSTRAINT; Schema: public; Owner: postgres
--

ALTER TABLE ONLY public.doctor_usersviewed
    ADD CONSTRAINT doctor_usersviewed_pkey PRIMARY KEY (id);


--
-- Name: patient_icrform_docs_vie_icrform_id_usersviewed_i_fd4f75c7_uniq; Type: CONSTRAINT; Schema: public; Owner: postgres
--

ALTER TABLE ONLY public.patient_icrform_docs_viewed
    ADD CONSTRAINT patient_icrform_docs_vie_icrform_id_usersviewed_i_fd4f75c7_uniq UNIQUE (icrform_id, usersviewed_id);


--
-- Name: patient_icrform_docs_viewed_pkey; Type: CONSTRAINT; Schema: public; Owner: postgres
--

ALTER TABLE ONLY public.patient_icrform_docs_viewed
    ADD CONSTRAINT patient_icrform_docs_viewed_pkey PRIMARY KEY (id);


--
-- Name: patient_icrform_doctor_r_icrform_id_remark_id_22c46a22_uniq; Type: CONSTRAINT; Schema: public; Owner: postgres
--

ALTER TABLE ONLY public.patient_icrform_doctor_remarks
    ADD CONSTRAINT patient_icrform_doctor_r_icrform_id_remark_id_22c46a22_uniq UNIQUE (icrform_id, remark_id);


--
-- Name: patient_icrform_doctor_remarks_pkey; Type: CONSTRAINT; Schema: public; Owner: postgres
--

ALTER TABLE ONLY public.patient_icrform_doctor_remarks
    ADD CONSTRAINT patient_icrform_doctor_remarks_pkey PRIMARY KEY (id);


--
-- Name: patient_icrform_pkey; Type: CONSTRAINT; Schema: public; Owner: postgres
--

ALTER TABLE ONLY public.patient_icrform
    ADD CONSTRAINT patient_icrform_pkey PRIMARY KEY (id);


--
-- Name: patient_medhistform_docs_medhistform_id_usersview_07b03ec3_uniq; Type: CONSTRAINT; Schema: public; Owner: postgres
--

ALTER TABLE ONLY public.patient_medhistform_docs_viewed
    ADD CONSTRAINT patient_medhistform_docs_medhistform_id_usersview_07b03ec3_uniq UNIQUE (medhistform_id, usersviewed_id);


--
-- Name: patient_medhistform_docs_viewed_pkey; Type: CONSTRAINT; Schema: public; Owner: postgres
--

ALTER TABLE ONLY public.patient_medhistform_docs_viewed
    ADD CONSTRAINT patient_medhistform_docs_viewed_pkey PRIMARY KEY (id);


--
-- Name: patient_medhistform_doct_medhistform_id_remark_id_deeaba08_uniq; Type: CONSTRAINT; Schema: public; Owner: postgres
--

ALTER TABLE ONLY public.patient_medhistform_doctor_remarks
    ADD CONSTRAINT patient_medhistform_doct_medhistform_id_remark_id_deeaba08_uniq UNIQUE (medhistform_id, remark_id);


--
-- Name: patient_medhistform_doctor_remarks_pkey; Type: CONSTRAINT; Schema: public; Owner: postgres
--

ALTER TABLE ONLY public.patient_medhistform_doctor_remarks
    ADD CONSTRAINT patient_medhistform_doctor_remarks_pkey PRIMARY KEY (id);


--
-- Name: patient_medhistform_pkey; Type: CONSTRAINT; Schema: public; Owner: postgres
--

ALTER TABLE ONLY public.patient_medhistform
    ADD CONSTRAINT patient_medhistform_pkey PRIMARY KEY (id);


--
-- Name: patient_medication_pkey; Type: CONSTRAINT; Schema: public; Owner: postgres
--

ALTER TABLE ONLY public.patient_medication
    ADD CONSTRAINT patient_medication_pkey PRIMARY KEY (id);


--
-- Name: patient_patient_approvedScheds_pkey; Type: CONSTRAINT; Schema: public; Owner: postgres
--

ALTER TABLE ONLY public.patient_patient_approved_schedules
    ADD CONSTRAINT "patient_patient_approvedScheds_pkey" PRIMARY KEY (id);


--
-- Name: patient_patient_approved_patient_id_doctorschedul_0d51c825_uniq; Type: CONSTRAINT; Schema: public; Owner: postgres
--

ALTER TABLE ONLY public.patient_patient_approved_schedules
    ADD CONSTRAINT patient_patient_approved_patient_id_doctorschedul_0d51c825_uniq UNIQUE (patient_id, doctorschedule_id);


--
-- Name: patient_patient_finishedScheds_pkey; Type: CONSTRAINT; Schema: public; Owner: postgres
--

ALTER TABLE ONLY public.patient_patient_finished_schedules
    ADD CONSTRAINT "patient_patient_finishedScheds_pkey" PRIMARY KEY (id);


--
-- Name: patient_patient_finished_patient_id_doctorschedul_7486cc01_uniq; Type: CONSTRAINT; Schema: public; Owner: postgres
--

ALTER TABLE ONLY public.patient_patient_finished_schedules
    ADD CONSTRAINT patient_patient_finished_patient_id_doctorschedul_7486cc01_uniq UNIQUE (patient_id, doctorschedule_id);


--
-- Name: patient_patient_location_details_pkey; Type: CONSTRAINT; Schema: public; Owner: postgres
--

ALTER TABLE ONLY public.patient_patient_location_details
    ADD CONSTRAINT patient_patient_location_details_pkey PRIMARY KEY (id);


--
-- Name: patient_patient_location_patient_id_patientlocati_57a8bbd8_uniq; Type: CONSTRAINT; Schema: public; Owner: postgres
--

ALTER TABLE ONLY public.patient_patient_location_details
    ADD CONSTRAINT patient_patient_location_patient_id_patientlocati_57a8bbd8_uniq UNIQUE (patient_id, patientlocationdetails_id);


--
-- Name: patient_patient_medical__patient_id_medhistform_i_c31eb5be_uniq; Type: CONSTRAINT; Schema: public; Owner: postgres
--

ALTER TABLE ONLY public.patient_patient_medical_history
    ADD CONSTRAINT patient_patient_medical__patient_id_medhistform_i_c31eb5be_uniq UNIQUE (patient_id, medhistform_id);


--
-- Name: patient_patient_medical_history_pkey; Type: CONSTRAINT; Schema: public; Owner: postgres
--

ALTER TABLE ONLY public.patient_patient_medical_history
    ADD CONSTRAINT patient_patient_medical_history_pkey PRIMARY KEY (id);


--
-- Name: patient_patient_meds_patient_id_medication_id_b51b22bf_uniq; Type: CONSTRAINT; Schema: public; Owner: postgres
--

ALTER TABLE ONLY public.patient_patient_meds
    ADD CONSTRAINT patient_patient_meds_patient_id_medication_id_b51b22bf_uniq UNIQUE (patient_id, medication_id);


--
-- Name: patient_patient_meds_pkey; Type: CONSTRAINT; Schema: public; Owner: postgres
--

ALTER TABLE ONLY public.patient_patient_meds
    ADD CONSTRAINT patient_patient_meds_pkey PRIMARY KEY (id);


--
-- Name: patient_patient_myDoctors_patient_id_doctor_id_7b3d880a_uniq; Type: CONSTRAINT; Schema: public; Owner: postgres
--

ALTER TABLE ONLY public.patient_patient_my_doctors
    ADD CONSTRAINT "patient_patient_myDoctors_patient_id_doctor_id_7b3d880a_uniq" UNIQUE (patient_id, doctor_id);


--
-- Name: patient_patient_myDoctors_pkey; Type: CONSTRAINT; Schema: public; Owner: postgres
--

ALTER TABLE ONLY public.patient_patient_my_doctors
    ADD CONSTRAINT "patient_patient_myDoctors_pkey" PRIMARY KEY (id);


--
-- Name: patient_patient_new_pati_patient_id_patientnotifi_ae3a5c17_uniq; Type: CONSTRAINT; Schema: public; Owner: postgres
--

ALTER TABLE ONLY public.patient_patient_patient_new_notifications
    ADD CONSTRAINT patient_patient_new_pati_patient_id_patientnotifi_ae3a5c17_uniq UNIQUE (patient_id, patientnotification_id);


--
-- Name: patient_patient_new_patient_notifications_pkey; Type: CONSTRAINT; Schema: public; Owner: postgres
--

ALTER TABLE ONLY public.patient_patient_patient_new_notifications
    ADD CONSTRAINT patient_patient_new_patient_notifications_pkey PRIMARY KEY (id);


--
-- Name: patient_patient_patientN_patient_id_patientnotifi_4d5e2983_uniq; Type: CONSTRAINT; Schema: public; Owner: postgres
--

ALTER TABLE ONLY public.patient_patient_patient_notifications
    ADD CONSTRAINT "patient_patient_patientN_patient_id_patientnotifi_4d5e2983_uniq" UNIQUE (patient_id, patientnotification_id);


--
-- Name: patient_patient_patientNotif_pkey; Type: CONSTRAINT; Schema: public; Owner: postgres
--

ALTER TABLE ONLY public.patient_patient_patient_notifications
    ADD CONSTRAINT "patient_patient_patientNotif_pkey" PRIMARY KEY (id);


--
-- Name: patient_patient_pendingS_patient_id_doctorschedul_195ccbe8_uniq; Type: CONSTRAINT; Schema: public; Owner: postgres
--

ALTER TABLE ONLY public.patient_patient_pending_schedules
    ADD CONSTRAINT "patient_patient_pendingS_patient_id_doctorschedul_195ccbe8_uniq" UNIQUE (patient_id, doctorschedule_id);


--
-- Name: patient_patient_pendingScheds_pkey; Type: CONSTRAINT; Schema: public; Owner: postgres
--

ALTER TABLE ONLY public.patient_patient_pending_schedules
    ADD CONSTRAINT "patient_patient_pendingScheds_pkey" PRIMARY KEY (id);


--
-- Name: patient_patient_personalRecord_pkey; Type: CONSTRAINT; Schema: public; Owner: postgres
--

ALTER TABLE ONLY public.patient_patient_personal_records
    ADD CONSTRAINT "patient_patient_personalRecord_pkey" PRIMARY KEY (id);


--
-- Name: patient_patient_personal_patient_id_personalrecor_3f2eddfc_uniq; Type: CONSTRAINT; Schema: public; Owner: postgres
--

ALTER TABLE ONLY public.patient_patient_personal_records
    ADD CONSTRAINT patient_patient_personal_patient_id_personalrecor_3f2eddfc_uniq UNIQUE (patient_id, personalrecord_id);


--
-- Name: patient_patient_pkey; Type: CONSTRAINT; Schema: public; Owner: postgres
--

ALTER TABLE ONLY public.patient_patient
    ADD CONSTRAINT patient_patient_pkey PRIMARY KEY (icr_id);


--
-- Name: patient_patient_profile_id_key; Type: CONSTRAINT; Schema: public; Owner: postgres
--

ALTER TABLE ONLY public.patient_patient
    ADD CONSTRAINT patient_patient_profile_id_key UNIQUE (profile_id);


--
-- Name: patient_patient_rejectedScheds_pkey; Type: CONSTRAINT; Schema: public; Owner: postgres
--

ALTER TABLE ONLY public.patient_patient_rejected_schedules
    ADD CONSTRAINT "patient_patient_rejectedScheds_pkey" PRIMARY KEY (id);


--
-- Name: patient_patient_rejected_patient_id_doctorschedul_8f9bd58f_uniq; Type: CONSTRAINT; Schema: public; Owner: postgres
--

ALTER TABLE ONLY public.patient_patient_rejected_schedules
    ADD CONSTRAINT patient_patient_rejected_patient_id_doctorschedul_8f9bd58f_uniq UNIQUE (patient_id, doctorschedule_id);


--
-- Name: patient_patientlocationdetails_pkey; Type: CONSTRAINT; Schema: public; Owner: postgres
--

ALTER TABLE ONLY public.patient_patientlocationdetails
    ADD CONSTRAINT patient_patientlocationdetails_pkey PRIMARY KEY (id);


--
-- Name: patient_patientnotification_pkey; Type: CONSTRAINT; Schema: public; Owner: postgres
--

ALTER TABLE ONLY public.patient_patientnotification
    ADD CONSTRAINT patient_patientnotification_pkey PRIMARY KEY (id);


--
-- Name: patient_patientsmonthlystatistics_pkey; Type: CONSTRAINT; Schema: public; Owner: postgres
--

ALTER TABLE ONLY public.patient_patientsmonthlystatistics
    ADD CONSTRAINT patient_patientsmonthlystatistics_pkey PRIMARY KEY (id);


--
-- Name: patient_personalrecord_c_personalrecord_id_remark_8eef242f_uniq; Type: CONSTRAINT; Schema: public; Owner: postgres
--

ALTER TABLE ONLY public.patient_personalrecord_comment
    ADD CONSTRAINT patient_personalrecord_c_personalrecord_id_remark_8eef242f_uniq UNIQUE (personalrecord_id, remark_id);


--
-- Name: patient_personalrecord_comment_pkey; Type: CONSTRAINT; Schema: public; Owner: postgres
--

ALTER TABLE ONLY public.patient_personalrecord_comment
    ADD CONSTRAINT patient_personalrecord_comment_pkey PRIMARY KEY (id);


--
-- Name: patient_personalrecord_d_personalrecord_id_usersv_c376ec35_uniq; Type: CONSTRAINT; Schema: public; Owner: postgres
--

ALTER TABLE ONLY public.patient_personalrecord_docs_viewed
    ADD CONSTRAINT patient_personalrecord_d_personalrecord_id_usersv_c376ec35_uniq UNIQUE (personalrecord_id, usersviewed_id);


--
-- Name: patient_personalrecord_docs_viewed_pkey; Type: CONSTRAINT; Schema: public; Owner: postgres
--

ALTER TABLE ONLY public.patient_personalrecord_docs_viewed
    ADD CONSTRAINT patient_personalrecord_docs_viewed_pkey PRIMARY KEY (id);


--
-- Name: patient_personalrecord_pkey; Type: CONSTRAINT; Schema: public; Owner: postgres
--

ALTER TABLE ONLY public.patient_personalrecord
    ADD CONSTRAINT patient_personalrecord_pkey PRIMARY KEY (id);


--
-- Name: patient_profileform_doc__profileform_id_comment_i_af395918_uniq; Type: CONSTRAINT; Schema: public; Owner: postgres
--

ALTER TABLE ONLY public.patient_profileform_doctor_remarks
    ADD CONSTRAINT patient_profileform_doc__profileform_id_comment_i_af395918_uniq UNIQUE (profileform_id, note_id);


--
-- Name: patient_profileform_doc_remarks_pkey; Type: CONSTRAINT; Schema: public; Owner: postgres
--

ALTER TABLE ONLY public.patient_profileform_doctor_remarks
    ADD CONSTRAINT patient_profileform_doc_remarks_pkey PRIMARY KEY (id);


--
-- Name: patient_profileform_docs_profileform_id_usersview_9accc661_uniq; Type: CONSTRAINT; Schema: public; Owner: postgres
--

ALTER TABLE ONLY public.patient_profileform_docs_viewed
    ADD CONSTRAINT patient_profileform_docs_profileform_id_usersview_9accc661_uniq UNIQUE (profileform_id, usersviewed_id);


--
-- Name: patient_profileform_docs_viewed_pkey; Type: CONSTRAINT; Schema: public; Owner: postgres
--

ALTER TABLE ONLY public.patient_profileform_docs_viewed
    ADD CONSTRAINT patient_profileform_docs_viewed_pkey PRIMARY KEY (id);


--
-- Name: patient_profileform_pkey; Type: CONSTRAINT; Schema: public; Owner: postgres
--

ALTER TABLE ONLY public.patient_profileform
    ADD CONSTRAINT patient_profileform_pkey PRIMARY KEY (id);


--
-- Name: portal_adminnotification_pkey; Type: CONSTRAINT; Schema: public; Owner: postgres
--

ALTER TABLE ONLY public.portal_adminnotification
    ADD CONSTRAINT portal_adminnotification_pkey PRIMARY KEY (id);


--
-- Name: auth_group_name_a6ea08ec_like; Type: INDEX; Schema: public; Owner: postgres
--

CREATE INDEX auth_group_name_a6ea08ec_like ON public.auth_group USING btree (name varchar_pattern_ops);


--
-- Name: auth_group_permissions_group_id_b120cbf9; Type: INDEX; Schema: public; Owner: postgres
--

CREATE INDEX auth_group_permissions_group_id_b120cbf9 ON public.auth_group_permissions USING btree (group_id);


--
-- Name: auth_group_permissions_permission_id_84c5c92e; Type: INDEX; Schema: public; Owner: postgres
--

CREATE INDEX auth_group_permissions_permission_id_84c5c92e ON public.auth_group_permissions USING btree (permission_id);


--
-- Name: auth_permission_content_type_id_2f476e4b; Type: INDEX; Schema: public; Owner: postgres
--

CREATE INDEX auth_permission_content_type_id_2f476e4b ON public.auth_permission USING btree (content_type_id);


--
-- Name: auth_user_groups_group_id_97559544; Type: INDEX; Schema: public; Owner: postgres
--

CREATE INDEX auth_user_groups_group_id_97559544 ON public.auth_user_groups USING btree (group_id);


--
-- Name: auth_user_groups_user_id_6a12ed8b; Type: INDEX; Schema: public; Owner: postgres
--

CREATE INDEX auth_user_groups_user_id_6a12ed8b ON public.auth_user_groups USING btree (user_id);


--
-- Name: auth_user_user_permissions_permission_id_1fbb5f2c; Type: INDEX; Schema: public; Owner: postgres
--

CREATE INDEX auth_user_user_permissions_permission_id_1fbb5f2c ON public.auth_user_user_permissions USING btree (permission_id);


--
-- Name: auth_user_user_permissions_user_id_a95ead1b; Type: INDEX; Schema: public; Owner: postgres
--

CREATE INDEX auth_user_user_permissions_user_id_a95ead1b ON public.auth_user_user_permissions USING btree (user_id);


--
-- Name: auth_user_username_6821ab7c_like; Type: INDEX; Schema: public; Owner: postgres
--

CREATE INDEX auth_user_username_6821ab7c_like ON public.auth_user USING btree (username varchar_pattern_ops);


--
-- Name: cebuMap_cebubarangays_deceased_cebubarangays_id_6c41d17b; Type: INDEX; Schema: public; Owner: postgres
--

CREATE INDEX "cebuMap_cebubarangays_deceased_cebubarangays_id_6c41d17b" ON public."cebuMap_cebubarangays_deceased" USING btree (cebubarangays_id);


--
-- Name: cebuMap_cebubarangays_deceased_patient_id_39e2ce3c; Type: INDEX; Schema: public; Owner: postgres
--

CREATE INDEX "cebuMap_cebubarangays_deceased_patient_id_39e2ce3c" ON public."cebuMap_cebubarangays_deceased" USING btree (patient_id);


--
-- Name: cebuMap_cebubarangays_geom_id; Type: INDEX; Schema: public; Owner: postgres
--

CREATE INDEX "cebuMap_cebubarangays_geom_id" ON public."cebuMap_cebubarangays" USING gist (geom);


--
-- Name: cebuMap_cebubarangays_hiv_pop_cebubarangays_id_5aad2c08; Type: INDEX; Schema: public; Owner: postgres
--

CREATE INDEX "cebuMap_cebubarangays_hiv_pop_cebubarangays_id_5aad2c08" ON public."cebuMap_cebubarangays_hiv_pop" USING btree (cebubarangays_id);


--
-- Name: cebuMap_cebubarangays_hiv_pop_patient_id_6a8a4739; Type: INDEX; Schema: public; Owner: postgres
--

CREATE INDEX "cebuMap_cebubarangays_hiv_pop_patient_id_6a8a4739" ON public."cebuMap_cebubarangays_hiv_pop" USING btree (patient_id);


--
-- Name: cebuMap_cebubarangays_migrated_cebubarangays_id_fc7d6e87; Type: INDEX; Schema: public; Owner: postgres
--

CREATE INDEX "cebuMap_cebubarangays_migrated_cebubarangays_id_fc7d6e87" ON public."cebuMap_cebubarangays_migrated" USING btree (cebubarangays_id);


--
-- Name: cebuMap_cebubarangays_migrated_patient_id_6855413c; Type: INDEX; Schema: public; Owner: postgres
--

CREATE INDEX "cebuMap_cebubarangays_migrated_patient_id_6855413c" ON public."cebuMap_cebubarangays_migrated" USING btree (patient_id);


--
-- Name: cebuMap_cebubarangays_no_hiv_cebubarangays_id_d91618c9; Type: INDEX; Schema: public; Owner: postgres
--

CREATE INDEX "cebuMap_cebubarangays_no_hiv_cebubarangays_id_d91618c9" ON public."cebuMap_cebubarangays_for_screening" USING btree (cebubarangays_id);


--
-- Name: cebuMap_cebubarangays_no_hiv_patient_id_148aea79; Type: INDEX; Schema: public; Owner: postgres
--

CREATE INDEX "cebuMap_cebubarangays_no_hiv_patient_id_148aea79" ON public."cebuMap_cebubarangays_for_screening" USING btree (patient_id);


--
-- Name: cebuMap_cebubarangays_stage_0_cebubarangays_id_4631fb92; Type: INDEX; Schema: public; Owner: postgres
--

CREATE INDEX "cebuMap_cebubarangays_stage_0_cebubarangays_id_4631fb92" ON public."cebuMap_cebubarangays_stage_0" USING btree (cebubarangays_id);


--
-- Name: cebuMap_cebubarangays_stage_0_patient_id_082728e3; Type: INDEX; Schema: public; Owner: postgres
--

CREATE INDEX "cebuMap_cebubarangays_stage_0_patient_id_082728e3" ON public."cebuMap_cebubarangays_stage_0" USING btree (patient_id);


--
-- Name: cebuMap_cebubarangays_stage_1_cebubarangays_id_1467517c; Type: INDEX; Schema: public; Owner: postgres
--

CREATE INDEX "cebuMap_cebubarangays_stage_1_cebubarangays_id_1467517c" ON public."cebuMap_cebubarangays_stage_1" USING btree (cebubarangays_id);


--
-- Name: cebuMap_cebubarangays_stage_1_patient_id_37ee7a3d; Type: INDEX; Schema: public; Owner: postgres
--

CREATE INDEX "cebuMap_cebubarangays_stage_1_patient_id_37ee7a3d" ON public."cebuMap_cebubarangays_stage_1" USING btree (patient_id);


--
-- Name: cebuMap_cebubarangays_stage_2_cebubarangays_id_ec506841; Type: INDEX; Schema: public; Owner: postgres
--

CREATE INDEX "cebuMap_cebubarangays_stage_2_cebubarangays_id_ec506841" ON public."cebuMap_cebubarangays_stage_2" USING btree (cebubarangays_id);


--
-- Name: cebuMap_cebubarangays_stage_2_patient_id_cb0cbb0b; Type: INDEX; Schema: public; Owner: postgres
--

CREATE INDEX "cebuMap_cebubarangays_stage_2_patient_id_cb0cbb0b" ON public."cebuMap_cebubarangays_stage_2" USING btree (patient_id);


--
-- Name: cebuMap_cebubarangays_stage_3_cebubarangays_id_c0e46738; Type: INDEX; Schema: public; Owner: postgres
--

CREATE INDEX "cebuMap_cebubarangays_stage_3_cebubarangays_id_c0e46738" ON public."cebuMap_cebubarangays_stage_3" USING btree (cebubarangays_id);


--
-- Name: cebuMap_cebubarangays_stage_3_patient_id_086f6297; Type: INDEX; Schema: public; Owner: postgres
--

CREATE INDEX "cebuMap_cebubarangays_stage_3_patient_id_086f6297" ON public."cebuMap_cebubarangays_stage_3" USING btree (patient_id);


--
-- Name: cebuMap_cebumap_location_id; Type: INDEX; Schema: public; Owner: postgres
--

CREATE INDEX "cebuMap_cebumap_location_id" ON public."cebuMap_cebumap" USING gist (location);


--
-- Name: cebuMap_incidence_location_id; Type: INDEX; Schema: public; Owner: postgres
--

CREATE INDEX "cebuMap_incidence_location_id" ON public."cebuMap_incidence" USING gist (location);


--
-- Name: django_admin_log_content_type_id_c4bce8eb; Type: INDEX; Schema: public; Owner: postgres
--

CREATE INDEX django_admin_log_content_type_id_c4bce8eb ON public.django_admin_log USING btree (content_type_id);


--
-- Name: django_admin_log_user_id_c564eba6; Type: INDEX; Schema: public; Owner: postgres
--

CREATE INDEX django_admin_log_user_id_c564eba6 ON public.django_admin_log USING btree (user_id);


--
-- Name: django_session_expire_date_a5c62663; Type: INDEX; Schema: public; Owner: postgres
--

CREATE INDEX django_session_expire_date_a5c62663 ON public.django_session USING btree (expire_date);


--
-- Name: django_session_session_key_c0390e0f_like; Type: INDEX; Schema: public; Owner: postgres
--

CREATE INDEX django_session_session_key_c0390e0f_like ON public.django_session USING btree (session_key varchar_pattern_ops);


--
-- Name: doctor_doctor_doctorNotifs_doctor_id_6ba348a3; Type: INDEX; Schema: public; Owner: postgres
--

CREATE INDEX "doctor_doctor_doctorNotifs_doctor_id_6ba348a3" ON public."doctor_doctor_doctorNotifs" USING btree (doctor_id);


--
-- Name: doctor_doctor_doctorNotifs_doctornotification_id_f4f12d22; Type: INDEX; Schema: public; Owner: postgres
--

CREATE INDEX "doctor_doctor_doctorNotifs_doctornotification_id_f4f12d22" ON public."doctor_doctor_doctorNotifs" USING btree (doctornotification_id);


--
-- Name: doctor_doctor_finished_scheds_doctor_id_eb632f57; Type: INDEX; Schema: public; Owner: postgres
--

CREATE INDEX doctor_doctor_finished_scheds_doctor_id_eb632f57 ON public.doctor_doctor_finished_scheds USING btree (doctor_id);


--
-- Name: doctor_doctor_finished_scheds_doctorschedule_id_9b55f20b; Type: INDEX; Schema: public; Owner: postgres
--

CREATE INDEX doctor_doctor_finished_scheds_doctorschedule_id_9b55f20b ON public.doctor_doctor_finished_scheds USING btree (doctorschedule_id);


--
-- Name: doctor_doctor_new_notifs_doctor_id_b8c08f74; Type: INDEX; Schema: public; Owner: postgres
--

CREATE INDEX doctor_doctor_new_notifs_doctor_id_b8c08f74 ON public.doctor_doctor_new_notifs USING btree (doctor_id);


--
-- Name: doctor_doctor_new_notifs_doctornotification_id_33d72358; Type: INDEX; Schema: public; Owner: postgres
--

CREATE INDEX doctor_doctor_new_notifs_doctornotification_id_33d72358 ON public.doctor_doctor_new_notifs USING btree (doctornotification_id);


--
-- Name: doctor_doctor_pending_scheds_doctor_id_a2ff7d64; Type: INDEX; Schema: public; Owner: postgres
--

CREATE INDEX doctor_doctor_pending_scheds_doctor_id_a2ff7d64 ON public.doctor_doctor_pending_scheds USING btree (doctor_id);


--
-- Name: doctor_doctor_pending_scheds_doctorschedule_id_0234c1cc; Type: INDEX; Schema: public; Owner: postgres
--

CREATE INDEX doctor_doctor_pending_scheds_doctorschedule_id_0234c1cc ON public.doctor_doctor_pending_scheds USING btree (doctorschedule_id);


--
-- Name: doctor_doctor_rejected_scheds_doctor_id_c647f336; Type: INDEX; Schema: public; Owner: postgres
--

CREATE INDEX doctor_doctor_rejected_scheds_doctor_id_c647f336 ON public.doctor_doctor_rejected_scheds USING btree (doctor_id);


--
-- Name: doctor_doctor_rejected_scheds_doctorschedule_id_7da8f6ef; Type: INDEX; Schema: public; Owner: postgres
--

CREATE INDEX doctor_doctor_rejected_scheds_doctorschedule_id_7da8f6ef ON public.doctor_doctor_rejected_scheds USING btree (doctorschedule_id);


--
-- Name: doctor_doctor_schedules_doctor_id_a1f225ee; Type: INDEX; Schema: public; Owner: postgres
--

CREATE INDEX doctor_doctor_schedules_doctor_id_a1f225ee ON public.doctor_doctor_schedules USING btree (doctor_id);


--
-- Name: doctor_doctor_schedules_doctorschedule_id_bfe582ab; Type: INDEX; Schema: public; Owner: postgres
--

CREATE INDEX doctor_doctor_schedules_doctorschedule_id_bfe582ab ON public.doctor_doctor_schedules USING btree (doctorschedule_id);


--
-- Name: doctor_doctor_slug_7289a166; Type: INDEX; Schema: public; Owner: postgres
--

CREATE INDEX doctor_doctor_slug_7289a166 ON public.doctor_doctor USING btree (slug);


--
-- Name: doctor_doctor_slug_7289a166_like; Type: INDEX; Schema: public; Owner: postgres
--

CREATE INDEX doctor_doctor_slug_7289a166_like ON public.doctor_doctor USING btree (slug varchar_pattern_ops);


--
-- Name: doctor_doctorschedule_doc__doctorschedule_id_29da9469; Type: INDEX; Schema: public; Owner: postgres
--

CREATE INDEX doctor_doctorschedule_doc__doctorschedule_id_29da9469 ON public.doctor_doctorschedule_users_viewed USING btree (doctorschedule_id);


--
-- Name: doctor_doctorschedule_doc_remark_doctorschedule_id_262fab1d; Type: INDEX; Schema: public; Owner: postgres
--

CREATE INDEX doctor_doctorschedule_doc_remark_doctorschedule_id_262fab1d ON public.doctor_doctorschedule_doc_remark USING btree (doctorschedule_id);


--
-- Name: doctor_doctorschedule_doc_remark_note_id_c8ae6e6a; Type: INDEX; Schema: public; Owner: postgres
--

CREATE INDEX doctor_doctorschedule_doc_remark_note_id_c8ae6e6a ON public.doctor_doctorschedule_doc_remark USING btree (remark_id);


--
-- Name: doctor_doctorschedule_doc_views_details_usersviewed_id_5402743f; Type: INDEX; Schema: public; Owner: postgres
--

CREATE INDEX doctor_doctorschedule_doc_views_details_usersviewed_id_5402743f ON public.doctor_doctorschedule_users_viewed USING btree (usersviewed_id);


--
-- Name: doctor_doctorstats_monthly_stats_doctorstats_id_a1ea8317; Type: INDEX; Schema: public; Owner: postgres
--

CREATE INDEX doctor_doctorstats_monthly_stats_doctorstats_id_a1ea8317 ON public.doctor_doctorstats_monthly_stats USING btree (doctorstats_id);


--
-- Name: doctor_doctorstats_monthly_stats_monthlystatistics_id_f96d55e9; Type: INDEX; Schema: public; Owner: postgres
--

CREATE INDEX doctor_doctorstats_monthly_stats_monthlystatistics_id_f96d55e9 ON public.doctor_doctorstats_monthly_stats USING btree (monthlystatistics_id);


--
-- Name: patient_icrform_docs_viewed_icrform_id_bc5c4eb2; Type: INDEX; Schema: public; Owner: postgres
--

CREATE INDEX patient_icrform_docs_viewed_icrform_id_bc5c4eb2 ON public.patient_icrform_docs_viewed USING btree (icrform_id);


--
-- Name: patient_icrform_docs_viewed_usersviewed_id_449c9a1e; Type: INDEX; Schema: public; Owner: postgres
--

CREATE INDEX patient_icrform_docs_viewed_usersviewed_id_449c9a1e ON public.patient_icrform_docs_viewed USING btree (usersviewed_id);


--
-- Name: patient_icrform_doctor_remarks_icrform_id_9accf06e; Type: INDEX; Schema: public; Owner: postgres
--

CREATE INDEX patient_icrform_doctor_remarks_icrform_id_9accf06e ON public.patient_icrform_doctor_remarks USING btree (icrform_id);


--
-- Name: patient_icrform_doctor_remarks_remark_id_3fa260db; Type: INDEX; Schema: public; Owner: postgres
--

CREATE INDEX patient_icrform_doctor_remarks_remark_id_3fa260db ON public.patient_icrform_doctor_remarks USING btree (remark_id);


--
-- Name: patient_medhistform_docs_viewed_medhistform_id_1b3ed826; Type: INDEX; Schema: public; Owner: postgres
--

CREATE INDEX patient_medhistform_docs_viewed_medhistform_id_1b3ed826 ON public.patient_medhistform_docs_viewed USING btree (medhistform_id);


--
-- Name: patient_medhistform_docs_viewed_usersviewed_id_a03d8d0b; Type: INDEX; Schema: public; Owner: postgres
--

CREATE INDEX patient_medhistform_docs_viewed_usersviewed_id_a03d8d0b ON public.patient_medhistform_docs_viewed USING btree (usersviewed_id);


--
-- Name: patient_medhistform_doctor_remarks_medhistform_id_52bfc484; Type: INDEX; Schema: public; Owner: postgres
--

CREATE INDEX patient_medhistform_doctor_remarks_medhistform_id_52bfc484 ON public.patient_medhistform_doctor_remarks USING btree (medhistform_id);


--
-- Name: patient_medhistform_doctor_remarks_remark_id_0e0a4e16; Type: INDEX; Schema: public; Owner: postgres
--

CREATE INDEX patient_medhistform_doctor_remarks_remark_id_0e0a4e16 ON public.patient_medhistform_doctor_remarks USING btree (remark_id);


--
-- Name: patient_patient_approvedScheds_doctorschedule_id_2a685fae; Type: INDEX; Schema: public; Owner: postgres
--

CREATE INDEX "patient_patient_approvedScheds_doctorschedule_id_2a685fae" ON public.patient_patient_approved_schedules USING btree (doctorschedule_id);


--
-- Name: patient_patient_approvedScheds_patient_id_ffd99c84; Type: INDEX; Schema: public; Owner: postgres
--

CREATE INDEX "patient_patient_approvedScheds_patient_id_ffd99c84" ON public.patient_patient_approved_schedules USING btree (patient_id);


--
-- Name: patient_patient_finishedScheds_doctorschedule_id_226d4fad; Type: INDEX; Schema: public; Owner: postgres
--

CREATE INDEX "patient_patient_finishedScheds_doctorschedule_id_226d4fad" ON public.patient_patient_finished_schedules USING btree (doctorschedule_id);


--
-- Name: patient_patient_finishedScheds_patient_id_78583ebc; Type: INDEX; Schema: public; Owner: postgres
--

CREATE INDEX "patient_patient_finishedScheds_patient_id_78583ebc" ON public.patient_patient_finished_schedules USING btree (patient_id);


--
-- Name: patient_patient_location_d_patientlocationdetails_id_b8b64cb2; Type: INDEX; Schema: public; Owner: postgres
--

CREATE INDEX patient_patient_location_d_patientlocationdetails_id_b8b64cb2 ON public.patient_patient_location_details USING btree (patientlocationdetails_id);


--
-- Name: patient_patient_location_details_patient_id_e3cb8e8e; Type: INDEX; Schema: public; Owner: postgres
--

CREATE INDEX patient_patient_location_details_patient_id_e3cb8e8e ON public.patient_patient_location_details USING btree (patient_id);


--
-- Name: patient_patient_medical_history_medhistform_id_8afe2e17; Type: INDEX; Schema: public; Owner: postgres
--

CREATE INDEX patient_patient_medical_history_medhistform_id_8afe2e17 ON public.patient_patient_medical_history USING btree (medhistform_id);


--
-- Name: patient_patient_medical_history_patient_id_8f563ff3; Type: INDEX; Schema: public; Owner: postgres
--

CREATE INDEX patient_patient_medical_history_patient_id_8f563ff3 ON public.patient_patient_medical_history USING btree (patient_id);


--
-- Name: patient_patient_meds_medication_id_0f4fb49a; Type: INDEX; Schema: public; Owner: postgres
--

CREATE INDEX patient_patient_meds_medication_id_0f4fb49a ON public.patient_patient_meds USING btree (medication_id);


--
-- Name: patient_patient_meds_patient_id_f63de01f; Type: INDEX; Schema: public; Owner: postgres
--

CREATE INDEX patient_patient_meds_patient_id_f63de01f ON public.patient_patient_meds USING btree (patient_id);


--
-- Name: patient_patient_myDoctors_doctor_id_510aef53; Type: INDEX; Schema: public; Owner: postgres
--

CREATE INDEX "patient_patient_myDoctors_doctor_id_510aef53" ON public.patient_patient_my_doctors USING btree (doctor_id);


--
-- Name: patient_patient_myDoctors_patient_id_3ee97e2d; Type: INDEX; Schema: public; Owner: postgres
--

CREATE INDEX "patient_patient_myDoctors_patient_id_3ee97e2d" ON public.patient_patient_my_doctors USING btree (patient_id);


--
-- Name: patient_patient_new_patien_patientnotification_id_9d78158c; Type: INDEX; Schema: public; Owner: postgres
--

CREATE INDEX patient_patient_new_patien_patientnotification_id_9d78158c ON public.patient_patient_patient_new_notifications USING btree (patientnotification_id);


--
-- Name: patient_patient_new_patient_notifications_patient_id_1f9c0e8e; Type: INDEX; Schema: public; Owner: postgres
--

CREATE INDEX patient_patient_new_patient_notifications_patient_id_1f9c0e8e ON public.patient_patient_patient_new_notifications USING btree (patient_id);


--
-- Name: patient_patient_patientNotif_patient_id_b48eb1f5; Type: INDEX; Schema: public; Owner: postgres
--

CREATE INDEX "patient_patient_patientNotif_patient_id_b48eb1f5" ON public.patient_patient_patient_notifications USING btree (patient_id);


--
-- Name: patient_patient_patientNotif_patientnotification_id_9d1276ca; Type: INDEX; Schema: public; Owner: postgres
--

CREATE INDEX "patient_patient_patientNotif_patientnotification_id_9d1276ca" ON public.patient_patient_patient_notifications USING btree (patientnotification_id);


--
-- Name: patient_patient_pendingScheds_doctorschedule_id_58dd819a; Type: INDEX; Schema: public; Owner: postgres
--

CREATE INDEX "patient_patient_pendingScheds_doctorschedule_id_58dd819a" ON public.patient_patient_pending_schedules USING btree (doctorschedule_id);


--
-- Name: patient_patient_pendingScheds_patient_id_1d339a46; Type: INDEX; Schema: public; Owner: postgres
--

CREATE INDEX "patient_patient_pendingScheds_patient_id_1d339a46" ON public.patient_patient_pending_schedules USING btree (patient_id);


--
-- Name: patient_patient_personalRecord_patient_id_04758112; Type: INDEX; Schema: public; Owner: postgres
--

CREATE INDEX "patient_patient_personalRecord_patient_id_04758112" ON public.patient_patient_personal_records USING btree (patient_id);


--
-- Name: patient_patient_personalRecord_personalrecord_id_42d4790b; Type: INDEX; Schema: public; Owner: postgres
--

CREATE INDEX "patient_patient_personalRecord_personalrecord_id_42d4790b" ON public.patient_patient_personal_records USING btree (personalrecord_id);


--
-- Name: patient_patient_rejectedScheds_doctorschedule_id_05b469a5; Type: INDEX; Schema: public; Owner: postgres
--

CREATE INDEX "patient_patient_rejectedScheds_doctorschedule_id_05b469a5" ON public.patient_patient_rejected_schedules USING btree (doctorschedule_id);


--
-- Name: patient_patient_rejectedScheds_patient_id_9df2451c; Type: INDEX; Schema: public; Owner: postgres
--

CREATE INDEX "patient_patient_rejectedScheds_patient_id_9df2451c" ON public.patient_patient_rejected_schedules USING btree (patient_id);


--
-- Name: patient_patient_slug_7f8cce32; Type: INDEX; Schema: public; Owner: postgres
--

CREATE INDEX patient_patient_slug_7f8cce32 ON public.patient_patient USING btree (slug);


--
-- Name: patient_patient_slug_7f8cce32_like; Type: INDEX; Schema: public; Owner: postgres
--

CREATE INDEX patient_patient_slug_7f8cce32_like ON public.patient_patient USING btree (slug varchar_pattern_ops);


--
-- Name: patient_personalrecord_comment_personalrecord_id_55891b3e; Type: INDEX; Schema: public; Owner: postgres
--

CREATE INDEX patient_personalrecord_comment_personalrecord_id_55891b3e ON public.patient_personalrecord_comment USING btree (personalrecord_id);


--
-- Name: patient_personalrecord_comment_remark_id_ff0016c0; Type: INDEX; Schema: public; Owner: postgres
--

CREATE INDEX patient_personalrecord_comment_remark_id_ff0016c0 ON public.patient_personalrecord_comment USING btree (remark_id);


--
-- Name: patient_personalrecord_docs_viewed_personalrecord_id_eb52405c; Type: INDEX; Schema: public; Owner: postgres
--

CREATE INDEX patient_personalrecord_docs_viewed_personalrecord_id_eb52405c ON public.patient_personalrecord_docs_viewed USING btree (personalrecord_id);


--
-- Name: patient_personalrecord_docs_viewed_usersviewed_id_04da4031; Type: INDEX; Schema: public; Owner: postgres
--

CREATE INDEX patient_personalrecord_docs_viewed_usersviewed_id_04da4031 ON public.patient_personalrecord_docs_viewed USING btree (usersviewed_id);


--
-- Name: patient_personalrecord_slug_bf7d5472; Type: INDEX; Schema: public; Owner: postgres
--

CREATE INDEX patient_personalrecord_slug_bf7d5472 ON public.patient_personalrecord USING btree (slug);


--
-- Name: patient_personalrecord_slug_bf7d5472_like; Type: INDEX; Schema: public; Owner: postgres
--

CREATE INDEX patient_personalrecord_slug_bf7d5472_like ON public.patient_personalrecord USING btree (slug varchar_pattern_ops);


--
-- Name: patient_profileform_doc_remarks_comment_id_9efaa491; Type: INDEX; Schema: public; Owner: postgres
--

CREATE INDEX patient_profileform_doc_remarks_comment_id_9efaa491 ON public.patient_profileform_doctor_remarks USING btree (note_id);


--
-- Name: patient_profileform_doc_remarks_profileform_id_c57d05e2; Type: INDEX; Schema: public; Owner: postgres
--

CREATE INDEX patient_profileform_doc_remarks_profileform_id_c57d05e2 ON public.patient_profileform_doctor_remarks USING btree (profileform_id);


--
-- Name: patient_profileform_docs_viewed_profileform_id_205b4051; Type: INDEX; Schema: public; Owner: postgres
--

CREATE INDEX patient_profileform_docs_viewed_profileform_id_205b4051 ON public.patient_profileform_docs_viewed USING btree (profileform_id);


--
-- Name: patient_profileform_docs_viewed_usersviewed_id_7a43db87; Type: INDEX; Schema: public; Owner: postgres
--

CREATE INDEX patient_profileform_docs_viewed_usersviewed_id_7a43db87 ON public.patient_profileform_docs_viewed USING btree (usersviewed_id);


--
-- Name: auth_group_permissio_permission_id_84c5c92e_fk_auth_perm; Type: FK CONSTRAINT; Schema: public; Owner: postgres
--

ALTER TABLE ONLY public.auth_group_permissions
    ADD CONSTRAINT auth_group_permissio_permission_id_84c5c92e_fk_auth_perm FOREIGN KEY (permission_id) REFERENCES public.auth_permission(id) DEFERRABLE INITIALLY DEFERRED;


--
-- Name: auth_group_permissions_group_id_b120cbf9_fk_auth_group_id; Type: FK CONSTRAINT; Schema: public; Owner: postgres
--

ALTER TABLE ONLY public.auth_group_permissions
    ADD CONSTRAINT auth_group_permissions_group_id_b120cbf9_fk_auth_group_id FOREIGN KEY (group_id) REFERENCES public.auth_group(id) DEFERRABLE INITIALLY DEFERRED;


--
-- Name: auth_permission_content_type_id_2f476e4b_fk_django_co; Type: FK CONSTRAINT; Schema: public; Owner: postgres
--

ALTER TABLE ONLY public.auth_permission
    ADD CONSTRAINT auth_permission_content_type_id_2f476e4b_fk_django_co FOREIGN KEY (content_type_id) REFERENCES public.django_content_type(id) DEFERRABLE INITIALLY DEFERRED;


--
-- Name: auth_user_groups_group_id_97559544_fk_auth_group_id; Type: FK CONSTRAINT; Schema: public; Owner: postgres
--

ALTER TABLE ONLY public.auth_user_groups
    ADD CONSTRAINT auth_user_groups_group_id_97559544_fk_auth_group_id FOREIGN KEY (group_id) REFERENCES public.auth_group(id) DEFERRABLE INITIALLY DEFERRED;


--
-- Name: auth_user_groups_user_id_6a12ed8b_fk_auth_user_id; Type: FK CONSTRAINT; Schema: public; Owner: postgres
--

ALTER TABLE ONLY public.auth_user_groups
    ADD CONSTRAINT auth_user_groups_user_id_6a12ed8b_fk_auth_user_id FOREIGN KEY (user_id) REFERENCES public.auth_user(id) DEFERRABLE INITIALLY DEFERRED;


--
-- Name: auth_user_user_permi_permission_id_1fbb5f2c_fk_auth_perm; Type: FK CONSTRAINT; Schema: public; Owner: postgres
--

ALTER TABLE ONLY public.auth_user_user_permissions
    ADD CONSTRAINT auth_user_user_permi_permission_id_1fbb5f2c_fk_auth_perm FOREIGN KEY (permission_id) REFERENCES public.auth_permission(id) DEFERRABLE INITIALLY DEFERRED;


--
-- Name: auth_user_user_permissions_user_id_a95ead1b_fk_auth_user_id; Type: FK CONSTRAINT; Schema: public; Owner: postgres
--

ALTER TABLE ONLY public.auth_user_user_permissions
    ADD CONSTRAINT auth_user_user_permissions_user_id_a95ead1b_fk_auth_user_id FOREIGN KEY (user_id) REFERENCES public.auth_user(id) DEFERRABLE INITIALLY DEFERRED;


--
-- Name: cebuMap_cebubarangay_cebubarangays_id_1467517c_fk_cebuMap_c; Type: FK CONSTRAINT; Schema: public; Owner: postgres
--

ALTER TABLE ONLY public."cebuMap_cebubarangays_stage_1"
    ADD CONSTRAINT "cebuMap_cebubarangay_cebubarangays_id_1467517c_fk_cebuMap_c" FOREIGN KEY (cebubarangays_id) REFERENCES public."cebuMap_cebubarangays"(id) DEFERRABLE INITIALLY DEFERRED;


--
-- Name: cebuMap_cebubarangay_cebubarangays_id_4631fb92_fk_cebuMap_c; Type: FK CONSTRAINT; Schema: public; Owner: postgres
--

ALTER TABLE ONLY public."cebuMap_cebubarangays_stage_0"
    ADD CONSTRAINT "cebuMap_cebubarangay_cebubarangays_id_4631fb92_fk_cebuMap_c" FOREIGN KEY (cebubarangays_id) REFERENCES public."cebuMap_cebubarangays"(id) DEFERRABLE INITIALLY DEFERRED;


--
-- Name: cebuMap_cebubarangay_cebubarangays_id_5aad2c08_fk_cebuMap_c; Type: FK CONSTRAINT; Schema: public; Owner: postgres
--

ALTER TABLE ONLY public."cebuMap_cebubarangays_hiv_pop"
    ADD CONSTRAINT "cebuMap_cebubarangay_cebubarangays_id_5aad2c08_fk_cebuMap_c" FOREIGN KEY (cebubarangays_id) REFERENCES public."cebuMap_cebubarangays"(id) DEFERRABLE INITIALLY DEFERRED;


--
-- Name: cebuMap_cebubarangay_cebubarangays_id_6c41d17b_fk_cebuMap_c; Type: FK CONSTRAINT; Schema: public; Owner: postgres
--

ALTER TABLE ONLY public."cebuMap_cebubarangays_deceased"
    ADD CONSTRAINT "cebuMap_cebubarangay_cebubarangays_id_6c41d17b_fk_cebuMap_c" FOREIGN KEY (cebubarangays_id) REFERENCES public."cebuMap_cebubarangays"(id) DEFERRABLE INITIALLY DEFERRED;


--
-- Name: cebuMap_cebubarangay_cebubarangays_id_983e7734_fk_cebuMap_c; Type: FK CONSTRAINT; Schema: public; Owner: postgres
--

ALTER TABLE ONLY public."cebuMap_cebubarangays_for_screening"
    ADD CONSTRAINT "cebuMap_cebubarangay_cebubarangays_id_983e7734_fk_cebuMap_c" FOREIGN KEY (cebubarangays_id) REFERENCES public."cebuMap_cebubarangays"(id) DEFERRABLE INITIALLY DEFERRED;


--
-- Name: cebuMap_cebubarangay_cebubarangays_id_c0e46738_fk_cebuMap_c; Type: FK CONSTRAINT; Schema: public; Owner: postgres
--

ALTER TABLE ONLY public."cebuMap_cebubarangays_stage_3"
    ADD CONSTRAINT "cebuMap_cebubarangay_cebubarangays_id_c0e46738_fk_cebuMap_c" FOREIGN KEY (cebubarangays_id) REFERENCES public."cebuMap_cebubarangays"(id) DEFERRABLE INITIALLY DEFERRED;


--
-- Name: cebuMap_cebubarangay_cebubarangays_id_ec506841_fk_cebuMap_c; Type: FK CONSTRAINT; Schema: public; Owner: postgres
--

ALTER TABLE ONLY public."cebuMap_cebubarangays_stage_2"
    ADD CONSTRAINT "cebuMap_cebubarangay_cebubarangays_id_ec506841_fk_cebuMap_c" FOREIGN KEY (cebubarangays_id) REFERENCES public."cebuMap_cebubarangays"(id) DEFERRABLE INITIALLY DEFERRED;


--
-- Name: cebuMap_cebubarangay_cebubarangays_id_fc7d6e87_fk_cebuMap_c; Type: FK CONSTRAINT; Schema: public; Owner: postgres
--

ALTER TABLE ONLY public."cebuMap_cebubarangays_migrated"
    ADD CONSTRAINT "cebuMap_cebubarangay_cebubarangays_id_fc7d6e87_fk_cebuMap_c" FOREIGN KEY (cebubarangays_id) REFERENCES public."cebuMap_cebubarangays"(id) DEFERRABLE INITIALLY DEFERRED;


--
-- Name: cebuMap_cebubarangay_patient_id_082728e3_fk_patient_p; Type: FK CONSTRAINT; Schema: public; Owner: postgres
--

ALTER TABLE ONLY public."cebuMap_cebubarangays_stage_0"
    ADD CONSTRAINT "cebuMap_cebubarangay_patient_id_082728e3_fk_patient_p" FOREIGN KEY (patient_id) REFERENCES public.patient_patient(icr_id) DEFERRABLE INITIALLY DEFERRED;


--
-- Name: cebuMap_cebubarangay_patient_id_086f6297_fk_patient_p; Type: FK CONSTRAINT; Schema: public; Owner: postgres
--

ALTER TABLE ONLY public."cebuMap_cebubarangays_stage_3"
    ADD CONSTRAINT "cebuMap_cebubarangay_patient_id_086f6297_fk_patient_p" FOREIGN KEY (patient_id) REFERENCES public.patient_patient(icr_id) DEFERRABLE INITIALLY DEFERRED;


--
-- Name: cebuMap_cebubarangay_patient_id_1e0ba12b_fk_patient_p; Type: FK CONSTRAINT; Schema: public; Owner: postgres
--

ALTER TABLE ONLY public."cebuMap_cebubarangays_for_screening"
    ADD CONSTRAINT "cebuMap_cebubarangay_patient_id_1e0ba12b_fk_patient_p" FOREIGN KEY (patient_id) REFERENCES public.patient_patient(icr_id) DEFERRABLE INITIALLY DEFERRED;


--
-- Name: cebuMap_cebubarangay_patient_id_37ee7a3d_fk_patient_p; Type: FK CONSTRAINT; Schema: public; Owner: postgres
--

ALTER TABLE ONLY public."cebuMap_cebubarangays_stage_1"
    ADD CONSTRAINT "cebuMap_cebubarangay_patient_id_37ee7a3d_fk_patient_p" FOREIGN KEY (patient_id) REFERENCES public.patient_patient(icr_id) DEFERRABLE INITIALLY DEFERRED;


--
-- Name: cebuMap_cebubarangay_patient_id_39e2ce3c_fk_patient_p; Type: FK CONSTRAINT; Schema: public; Owner: postgres
--

ALTER TABLE ONLY public."cebuMap_cebubarangays_deceased"
    ADD CONSTRAINT "cebuMap_cebubarangay_patient_id_39e2ce3c_fk_patient_p" FOREIGN KEY (patient_id) REFERENCES public.patient_patient(icr_id) DEFERRABLE INITIALLY DEFERRED;


--
-- Name: cebuMap_cebubarangay_patient_id_6855413c_fk_patient_p; Type: FK CONSTRAINT; Schema: public; Owner: postgres
--

ALTER TABLE ONLY public."cebuMap_cebubarangays_migrated"
    ADD CONSTRAINT "cebuMap_cebubarangay_patient_id_6855413c_fk_patient_p" FOREIGN KEY (patient_id) REFERENCES public.patient_patient(icr_id) DEFERRABLE INITIALLY DEFERRED;


--
-- Name: cebuMap_cebubarangay_patient_id_6a8a4739_fk_patient_p; Type: FK CONSTRAINT; Schema: public; Owner: postgres
--

ALTER TABLE ONLY public."cebuMap_cebubarangays_hiv_pop"
    ADD CONSTRAINT "cebuMap_cebubarangay_patient_id_6a8a4739_fk_patient_p" FOREIGN KEY (patient_id) REFERENCES public.patient_patient(icr_id) DEFERRABLE INITIALLY DEFERRED;


--
-- Name: cebuMap_cebubarangay_patient_id_cb0cbb0b_fk_patient_p; Type: FK CONSTRAINT; Schema: public; Owner: postgres
--

ALTER TABLE ONLY public."cebuMap_cebubarangays_stage_2"
    ADD CONSTRAINT "cebuMap_cebubarangay_patient_id_cb0cbb0b_fk_patient_p" FOREIGN KEY (patient_id) REFERENCES public.patient_patient(icr_id) DEFERRABLE INITIALLY DEFERRED;


--
-- Name: django_admin_log_content_type_id_c4bce8eb_fk_django_co; Type: FK CONSTRAINT; Schema: public; Owner: postgres
--

ALTER TABLE ONLY public.django_admin_log
    ADD CONSTRAINT django_admin_log_content_type_id_c4bce8eb_fk_django_co FOREIGN KEY (content_type_id) REFERENCES public.django_content_type(id) DEFERRABLE INITIALLY DEFERRED;


--
-- Name: django_admin_log_user_id_c564eba6_fk_auth_user_id; Type: FK CONSTRAINT; Schema: public; Owner: postgres
--

ALTER TABLE ONLY public.django_admin_log
    ADD CONSTRAINT django_admin_log_user_id_c564eba6_fk_auth_user_id FOREIGN KEY (user_id) REFERENCES public.auth_user(id) DEFERRABLE INITIALLY DEFERRED;


--
-- Name: doctor_doctor_doctor_doctor_id_6ba348a3_fk_doctor_do; Type: FK CONSTRAINT; Schema: public; Owner: postgres
--

ALTER TABLE ONLY public."doctor_doctor_doctorNotifs"
    ADD CONSTRAINT doctor_doctor_doctor_doctor_id_6ba348a3_fk_doctor_do FOREIGN KEY (doctor_id) REFERENCES public.doctor_doctor(id) DEFERRABLE INITIALLY DEFERRED;


--
-- Name: doctor_doctor_doctor_doctornotification_i_f4f12d22_fk_doctor_do; Type: FK CONSTRAINT; Schema: public; Owner: postgres
--

ALTER TABLE ONLY public."doctor_doctor_doctorNotifs"
    ADD CONSTRAINT doctor_doctor_doctor_doctornotification_i_f4f12d22_fk_doctor_do FOREIGN KEY (doctornotification_id) REFERENCES public.doctor_doctornotification(id) DEFERRABLE INITIALLY DEFERRED;


--
-- Name: doctor_doctor_finish_doctor_id_eb632f57_fk_doctor_do; Type: FK CONSTRAINT; Schema: public; Owner: postgres
--

ALTER TABLE ONLY public.doctor_doctor_finished_scheds
    ADD CONSTRAINT doctor_doctor_finish_doctor_id_eb632f57_fk_doctor_do FOREIGN KEY (doctor_id) REFERENCES public.doctor_doctor(id) DEFERRABLE INITIALLY DEFERRED;


--
-- Name: doctor_doctor_finish_doctorschedule_id_9b55f20b_fk_doctor_do; Type: FK CONSTRAINT; Schema: public; Owner: postgres
--

ALTER TABLE ONLY public.doctor_doctor_finished_scheds
    ADD CONSTRAINT doctor_doctor_finish_doctorschedule_id_9b55f20b_fk_doctor_do FOREIGN KEY (doctorschedule_id) REFERENCES public.doctor_doctorschedule(id) DEFERRABLE INITIALLY DEFERRED;


--
-- Name: doctor_doctor_new_no_doctornotification_i_33d72358_fk_doctor_do; Type: FK CONSTRAINT; Schema: public; Owner: postgres
--

ALTER TABLE ONLY public.doctor_doctor_new_notifs
    ADD CONSTRAINT doctor_doctor_new_no_doctornotification_i_33d72358_fk_doctor_do FOREIGN KEY (doctornotification_id) REFERENCES public.doctor_doctornotification(id) DEFERRABLE INITIALLY DEFERRED;


--
-- Name: doctor_doctor_new_notifs_doctor_id_b8c08f74_fk_doctor_doctor_id; Type: FK CONSTRAINT; Schema: public; Owner: postgres
--

ALTER TABLE ONLY public.doctor_doctor_new_notifs
    ADD CONSTRAINT doctor_doctor_new_notifs_doctor_id_b8c08f74_fk_doctor_doctor_id FOREIGN KEY (doctor_id) REFERENCES public.doctor_doctor(id) DEFERRABLE INITIALLY DEFERRED;


--
-- Name: doctor_doctor_p_handled_stats_id_cb809bf1_fk_doctor_do; Type: FK CONSTRAINT; Schema: public; Owner: postgres
--

ALTER TABLE ONLY public.doctor_doctor
    ADD CONSTRAINT doctor_doctor_p_handled_stats_id_cb809bf1_fk_doctor_do FOREIGN KEY (p_handled_stats_id) REFERENCES public.doctor_doctorstats(id) DEFERRABLE INITIALLY DEFERRED;


--
-- Name: doctor_doctor_pendin_doctor_id_a2ff7d64_fk_doctor_do; Type: FK CONSTRAINT; Schema: public; Owner: postgres
--

ALTER TABLE ONLY public.doctor_doctor_pending_scheds
    ADD CONSTRAINT doctor_doctor_pendin_doctor_id_a2ff7d64_fk_doctor_do FOREIGN KEY (doctor_id) REFERENCES public.doctor_doctor(id) DEFERRABLE INITIALLY DEFERRED;


--
-- Name: doctor_doctor_pendin_doctorschedule_id_0234c1cc_fk_doctor_do; Type: FK CONSTRAINT; Schema: public; Owner: postgres
--

ALTER TABLE ONLY public.doctor_doctor_pending_scheds
    ADD CONSTRAINT doctor_doctor_pendin_doctorschedule_id_0234c1cc_fk_doctor_do FOREIGN KEY (doctorschedule_id) REFERENCES public.doctor_doctorschedule(id) DEFERRABLE INITIALLY DEFERRED;


--
-- Name: doctor_doctor_reject_doctor_id_c647f336_fk_doctor_do; Type: FK CONSTRAINT; Schema: public; Owner: postgres
--

ALTER TABLE ONLY public.doctor_doctor_rejected_scheds
    ADD CONSTRAINT doctor_doctor_reject_doctor_id_c647f336_fk_doctor_do FOREIGN KEY (doctor_id) REFERENCES public.doctor_doctor(id) DEFERRABLE INITIALLY DEFERRED;


--
-- Name: doctor_doctor_reject_doctorschedule_id_7da8f6ef_fk_doctor_do; Type: FK CONSTRAINT; Schema: public; Owner: postgres
--

ALTER TABLE ONLY public.doctor_doctor_rejected_scheds
    ADD CONSTRAINT doctor_doctor_reject_doctorschedule_id_7da8f6ef_fk_doctor_do FOREIGN KEY (doctorschedule_id) REFERENCES public.doctor_doctorschedule(id) DEFERRABLE INITIALLY DEFERRED;


--
-- Name: doctor_doctor_schedu_doctorschedule_id_bfe582ab_fk_doctor_do; Type: FK CONSTRAINT; Schema: public; Owner: postgres
--

ALTER TABLE ONLY public.doctor_doctor_schedules
    ADD CONSTRAINT doctor_doctor_schedu_doctorschedule_id_bfe582ab_fk_doctor_do FOREIGN KEY (doctorschedule_id) REFERENCES public.doctor_doctorschedule(id) DEFERRABLE INITIALLY DEFERRED;


--
-- Name: doctor_doctor_schedules_doctor_id_a1f225ee_fk_doctor_doctor_id; Type: FK CONSTRAINT; Schema: public; Owner: postgres
--

ALTER TABLE ONLY public.doctor_doctor_schedules
    ADD CONSTRAINT doctor_doctor_schedules_doctor_id_a1f225ee_fk_doctor_doctor_id FOREIGN KEY (doctor_id) REFERENCES public.doctor_doctor(id) DEFERRABLE INITIALLY DEFERRED;


--
-- Name: doctor_doctorschedul_doctorschedule_id_262fab1d_fk_doctor_do; Type: FK CONSTRAINT; Schema: public; Owner: postgres
--

ALTER TABLE ONLY public.doctor_doctorschedule_doc_remark
    ADD CONSTRAINT doctor_doctorschedul_doctorschedule_id_262fab1d_fk_doctor_do FOREIGN KEY (doctorschedule_id) REFERENCES public.doctor_doctorschedule(id) DEFERRABLE INITIALLY DEFERRED;


--
-- Name: doctor_doctorschedul_doctorschedule_id_6108b89e_fk_doctor_do; Type: FK CONSTRAINT; Schema: public; Owner: postgres
--

ALTER TABLE ONLY public.doctor_doctorschedule_users_viewed
    ADD CONSTRAINT doctor_doctorschedul_doctorschedule_id_6108b89e_fk_doctor_do FOREIGN KEY (doctorschedule_id) REFERENCES public.doctor_doctorschedule(id) DEFERRABLE INITIALLY DEFERRED;


--
-- Name: doctor_doctorschedul_remark_id_6996e7e4_fk_doctor_re; Type: FK CONSTRAINT; Schema: public; Owner: postgres
--

ALTER TABLE ONLY public.doctor_doctorschedule_doc_remark
    ADD CONSTRAINT doctor_doctorschedul_remark_id_6996e7e4_fk_doctor_re FOREIGN KEY (remark_id) REFERENCES public.doctor_remark(id) DEFERRABLE INITIALLY DEFERRED;


--
-- Name: doctor_doctorschedul_usersviewed_id_a922325f_fk_doctor_us; Type: FK CONSTRAINT; Schema: public; Owner: postgres
--

ALTER TABLE ONLY public.doctor_doctorschedule_users_viewed
    ADD CONSTRAINT doctor_doctorschedul_usersviewed_id_a922325f_fk_doctor_us FOREIGN KEY (usersviewed_id) REFERENCES public.doctor_usersviewed(id) DEFERRABLE INITIALLY DEFERRED;


--
-- Name: doctor_doctorstats_m_doctorstats_id_a1ea8317_fk_doctor_do; Type: FK CONSTRAINT; Schema: public; Owner: postgres
--

ALTER TABLE ONLY public.doctor_doctorstats_monthly_stats
    ADD CONSTRAINT doctor_doctorstats_m_doctorstats_id_a1ea8317_fk_doctor_do FOREIGN KEY (doctorstats_id) REFERENCES public.doctor_doctorstats(id) DEFERRABLE INITIALLY DEFERRED;


--
-- Name: doctor_doctorstats_m_monthlystatistics_id_f96d55e9_fk_doctor_mo; Type: FK CONSTRAINT; Schema: public; Owner: postgres
--

ALTER TABLE ONLY public.doctor_doctorstats_monthly_stats
    ADD CONSTRAINT doctor_doctorstats_m_monthlystatistics_id_f96d55e9_fk_doctor_mo FOREIGN KEY (monthlystatistics_id) REFERENCES public.doctor_monthlystatistics(id) DEFERRABLE INITIALLY DEFERRED;


--
-- Name: patient_icrform_docs_icrform_id_bc5c4eb2_fk_patient_i; Type: FK CONSTRAINT; Schema: public; Owner: postgres
--

ALTER TABLE ONLY public.patient_icrform_docs_viewed
    ADD CONSTRAINT patient_icrform_docs_icrform_id_bc5c4eb2_fk_patient_i FOREIGN KEY (icrform_id) REFERENCES public.patient_icrform(id) DEFERRABLE INITIALLY DEFERRED;


--
-- Name: patient_icrform_docs_usersviewed_id_449c9a1e_fk_doctor_us; Type: FK CONSTRAINT; Schema: public; Owner: postgres
--

ALTER TABLE ONLY public.patient_icrform_docs_viewed
    ADD CONSTRAINT patient_icrform_docs_usersviewed_id_449c9a1e_fk_doctor_us FOREIGN KEY (usersviewed_id) REFERENCES public.doctor_usersviewed(id) DEFERRABLE INITIALLY DEFERRED;


--
-- Name: patient_icrform_doct_icrform_id_9accf06e_fk_patient_i; Type: FK CONSTRAINT; Schema: public; Owner: postgres
--

ALTER TABLE ONLY public.patient_icrform_doctor_remarks
    ADD CONSTRAINT patient_icrform_doct_icrform_id_9accf06e_fk_patient_i FOREIGN KEY (icrform_id) REFERENCES public.patient_icrform(id) DEFERRABLE INITIALLY DEFERRED;


--
-- Name: patient_icrform_doct_remark_id_3fa260db_fk_doctor_re; Type: FK CONSTRAINT; Schema: public; Owner: postgres
--

ALTER TABLE ONLY public.patient_icrform_doctor_remarks
    ADD CONSTRAINT patient_icrform_doct_remark_id_3fa260db_fk_doctor_re FOREIGN KEY (remark_id) REFERENCES public.doctor_remark(id) DEFERRABLE INITIALLY DEFERRED;


--
-- Name: patient_medhistform__medhistform_id_1b3ed826_fk_patient_m; Type: FK CONSTRAINT; Schema: public; Owner: postgres
--

ALTER TABLE ONLY public.patient_medhistform_docs_viewed
    ADD CONSTRAINT patient_medhistform__medhistform_id_1b3ed826_fk_patient_m FOREIGN KEY (medhistform_id) REFERENCES public.patient_medhistform(id) DEFERRABLE INITIALLY DEFERRED;


--
-- Name: patient_medhistform__medhistform_id_52bfc484_fk_patient_m; Type: FK CONSTRAINT; Schema: public; Owner: postgres
--

ALTER TABLE ONLY public.patient_medhistform_doctor_remarks
    ADD CONSTRAINT patient_medhistform__medhistform_id_52bfc484_fk_patient_m FOREIGN KEY (medhistform_id) REFERENCES public.patient_medhistform(id) DEFERRABLE INITIALLY DEFERRED;


--
-- Name: patient_medhistform__remark_id_0e0a4e16_fk_doctor_re; Type: FK CONSTRAINT; Schema: public; Owner: postgres
--

ALTER TABLE ONLY public.patient_medhistform_doctor_remarks
    ADD CONSTRAINT patient_medhistform__remark_id_0e0a4e16_fk_doctor_re FOREIGN KEY (remark_id) REFERENCES public.doctor_remark(id) DEFERRABLE INITIALLY DEFERRED;


--
-- Name: patient_medhistform__usersviewed_id_a03d8d0b_fk_doctor_us; Type: FK CONSTRAINT; Schema: public; Owner: postgres
--

ALTER TABLE ONLY public.patient_medhistform_docs_viewed
    ADD CONSTRAINT patient_medhistform__usersviewed_id_a03d8d0b_fk_doctor_us FOREIGN KEY (usersviewed_id) REFERENCES public.doctor_usersviewed(id) DEFERRABLE INITIALLY DEFERRED;


--
-- Name: patient_patient_appr_doctorschedule_id_a029f022_fk_doctor_do; Type: FK CONSTRAINT; Schema: public; Owner: postgres
--

ALTER TABLE ONLY public.patient_patient_approved_schedules
    ADD CONSTRAINT patient_patient_appr_doctorschedule_id_a029f022_fk_doctor_do FOREIGN KEY (doctorschedule_id) REFERENCES public.doctor_doctorschedule(id) DEFERRABLE INITIALLY DEFERRED;


--
-- Name: patient_patient_appr_patient_id_df55b9aa_fk_patient_p; Type: FK CONSTRAINT; Schema: public; Owner: postgres
--

ALTER TABLE ONLY public.patient_patient_approved_schedules
    ADD CONSTRAINT patient_patient_appr_patient_id_df55b9aa_fk_patient_p FOREIGN KEY (patient_id) REFERENCES public.patient_patient(icr_id) DEFERRABLE INITIALLY DEFERRED;


--
-- Name: patient_patient_fini_doctorschedule_id_941ede49_fk_doctor_do; Type: FK CONSTRAINT; Schema: public; Owner: postgres
--

ALTER TABLE ONLY public.patient_patient_finished_schedules
    ADD CONSTRAINT patient_patient_fini_doctorschedule_id_941ede49_fk_doctor_do FOREIGN KEY (doctorschedule_id) REFERENCES public.doctor_doctorschedule(id) DEFERRABLE INITIALLY DEFERRED;


--
-- Name: patient_patient_fini_patient_id_3f1271b6_fk_patient_p; Type: FK CONSTRAINT; Schema: public; Owner: postgres
--

ALTER TABLE ONLY public.patient_patient_finished_schedules
    ADD CONSTRAINT patient_patient_fini_patient_id_3f1271b6_fk_patient_p FOREIGN KEY (patient_id) REFERENCES public.patient_patient(icr_id) DEFERRABLE INITIALLY DEFERRED;


--
-- Name: patient_patient_icr_id_b786c1eb_fk_patient_icrform_id; Type: FK CONSTRAINT; Schema: public; Owner: postgres
--

ALTER TABLE ONLY public.patient_patient
    ADD CONSTRAINT patient_patient_icr_id_b786c1eb_fk_patient_icrform_id FOREIGN KEY (icr_id) REFERENCES public.patient_icrform(id) DEFERRABLE INITIALLY DEFERRED;


--
-- Name: patient_patient_loca_patient_id_e3cb8e8e_fk_patient_p; Type: FK CONSTRAINT; Schema: public; Owner: postgres
--

ALTER TABLE ONLY public.patient_patient_location_details
    ADD CONSTRAINT patient_patient_loca_patient_id_e3cb8e8e_fk_patient_p FOREIGN KEY (patient_id) REFERENCES public.patient_patient(icr_id) DEFERRABLE INITIALLY DEFERRED;


--
-- Name: patient_patient_loca_patientlocationdetai_b8b64cb2_fk_patient_p; Type: FK CONSTRAINT; Schema: public; Owner: postgres
--

ALTER TABLE ONLY public.patient_patient_location_details
    ADD CONSTRAINT patient_patient_loca_patientlocationdetai_b8b64cb2_fk_patient_p FOREIGN KEY (patientlocationdetails_id) REFERENCES public.patient_patientlocationdetails(id) DEFERRABLE INITIALLY DEFERRED;


--
-- Name: patient_patient_medi_medhistform_id_8afe2e17_fk_patient_m; Type: FK CONSTRAINT; Schema: public; Owner: postgres
--

ALTER TABLE ONLY public.patient_patient_medical_history
    ADD CONSTRAINT patient_patient_medi_medhistform_id_8afe2e17_fk_patient_m FOREIGN KEY (medhistform_id) REFERENCES public.patient_medhistform(id) DEFERRABLE INITIALLY DEFERRED;


--
-- Name: patient_patient_medi_patient_id_8f563ff3_fk_patient_p; Type: FK CONSTRAINT; Schema: public; Owner: postgres
--

ALTER TABLE ONLY public.patient_patient_medical_history
    ADD CONSTRAINT patient_patient_medi_patient_id_8f563ff3_fk_patient_p FOREIGN KEY (patient_id) REFERENCES public.patient_patient(icr_id) DEFERRABLE INITIALLY DEFERRED;


--
-- Name: patient_patient_meds_medication_id_0f4fb49a_fk_patient_m; Type: FK CONSTRAINT; Schema: public; Owner: postgres
--

ALTER TABLE ONLY public.patient_patient_meds
    ADD CONSTRAINT patient_patient_meds_medication_id_0f4fb49a_fk_patient_m FOREIGN KEY (medication_id) REFERENCES public.patient_medication(id) DEFERRABLE INITIALLY DEFERRED;


--
-- Name: patient_patient_meds_patient_id_f63de01f_fk_patient_p; Type: FK CONSTRAINT; Schema: public; Owner: postgres
--

ALTER TABLE ONLY public.patient_patient_meds
    ADD CONSTRAINT patient_patient_meds_patient_id_f63de01f_fk_patient_p FOREIGN KEY (patient_id) REFERENCES public.patient_patient(icr_id) DEFERRABLE INITIALLY DEFERRED;


--
-- Name: patient_patient_my_d_doctor_id_2154af2b_fk_doctor_do; Type: FK CONSTRAINT; Schema: public; Owner: postgres
--

ALTER TABLE ONLY public.patient_patient_my_doctors
    ADD CONSTRAINT patient_patient_my_d_doctor_id_2154af2b_fk_doctor_do FOREIGN KEY (doctor_id) REFERENCES public.doctor_doctor(id) DEFERRABLE INITIALLY DEFERRED;


--
-- Name: patient_patient_my_d_patient_id_ffd62b7f_fk_patient_p; Type: FK CONSTRAINT; Schema: public; Owner: postgres
--

ALTER TABLE ONLY public.patient_patient_my_doctors
    ADD CONSTRAINT patient_patient_my_d_patient_id_ffd62b7f_fk_patient_p FOREIGN KEY (patient_id) REFERENCES public.patient_patient(icr_id) DEFERRABLE INITIALLY DEFERRED;


--
-- Name: patient_patient_pati_patient_id_dc07c558_fk_patient_p; Type: FK CONSTRAINT; Schema: public; Owner: postgres
--

ALTER TABLE ONLY public.patient_patient_patient_notifications
    ADD CONSTRAINT patient_patient_pati_patient_id_dc07c558_fk_patient_p FOREIGN KEY (patient_id) REFERENCES public.patient_patient(icr_id) DEFERRABLE INITIALLY DEFERRED;


--
-- Name: patient_patient_pati_patient_id_fd9c6f16_fk_patient_p; Type: FK CONSTRAINT; Schema: public; Owner: postgres
--

ALTER TABLE ONLY public.patient_patient_patient_new_notifications
    ADD CONSTRAINT patient_patient_pati_patient_id_fd9c6f16_fk_patient_p FOREIGN KEY (patient_id) REFERENCES public.patient_patient(icr_id) DEFERRABLE INITIALLY DEFERRED;


--
-- Name: patient_patient_pati_patientnotification__2e8bde8c_fk_patient_p; Type: FK CONSTRAINT; Schema: public; Owner: postgres
--

ALTER TABLE ONLY public.patient_patient_patient_new_notifications
    ADD CONSTRAINT patient_patient_pati_patientnotification__2e8bde8c_fk_patient_p FOREIGN KEY (patientnotification_id) REFERENCES public.patient_patientnotification(id) DEFERRABLE INITIALLY DEFERRED;


--
-- Name: patient_patient_pati_patientnotification__c640c83e_fk_patient_p; Type: FK CONSTRAINT; Schema: public; Owner: postgres
--

ALTER TABLE ONLY public.patient_patient_patient_notifications
    ADD CONSTRAINT patient_patient_pati_patientnotification__c640c83e_fk_patient_p FOREIGN KEY (patientnotification_id) REFERENCES public.patient_patientnotification(id) DEFERRABLE INITIALLY DEFERRED;


--
-- Name: patient_patient_pend_doctorschedule_id_bf172319_fk_doctor_do; Type: FK CONSTRAINT; Schema: public; Owner: postgres
--

ALTER TABLE ONLY public.patient_patient_pending_schedules
    ADD CONSTRAINT patient_patient_pend_doctorschedule_id_bf172319_fk_doctor_do FOREIGN KEY (doctorschedule_id) REFERENCES public.doctor_doctorschedule(id) DEFERRABLE INITIALLY DEFERRED;


--
-- Name: patient_patient_pend_patient_id_46eb596a_fk_patient_p; Type: FK CONSTRAINT; Schema: public; Owner: postgres
--

ALTER TABLE ONLY public.patient_patient_pending_schedules
    ADD CONSTRAINT patient_patient_pend_patient_id_46eb596a_fk_patient_p FOREIGN KEY (patient_id) REFERENCES public.patient_patient(icr_id) DEFERRABLE INITIALLY DEFERRED;


--
-- Name: patient_patient_pers_patient_id_960c6c67_fk_patient_p; Type: FK CONSTRAINT; Schema: public; Owner: postgres
--

ALTER TABLE ONLY public.patient_patient_personal_records
    ADD CONSTRAINT patient_patient_pers_patient_id_960c6c67_fk_patient_p FOREIGN KEY (patient_id) REFERENCES public.patient_patient(icr_id) DEFERRABLE INITIALLY DEFERRED;


--
-- Name: patient_patient_pers_personalrecord_id_86f28561_fk_patient_p; Type: FK CONSTRAINT; Schema: public; Owner: postgres
--

ALTER TABLE ONLY public.patient_patient_personal_records
    ADD CONSTRAINT patient_patient_pers_personalrecord_id_86f28561_fk_patient_p FOREIGN KEY (personalrecord_id) REFERENCES public.patient_personalrecord(id) DEFERRABLE INITIALLY DEFERRED;


--
-- Name: patient_patient_profile_id_77e9389a_fk_patient_profileform_id; Type: FK CONSTRAINT; Schema: public; Owner: postgres
--

ALTER TABLE ONLY public.patient_patient
    ADD CONSTRAINT patient_patient_profile_id_77e9389a_fk_patient_profileform_id FOREIGN KEY (profile_id) REFERENCES public.patient_profileform(id) DEFERRABLE INITIALLY DEFERRED;


--
-- Name: patient_patient_reje_doctorschedule_id_43097324_fk_doctor_do; Type: FK CONSTRAINT; Schema: public; Owner: postgres
--

ALTER TABLE ONLY public.patient_patient_rejected_schedules
    ADD CONSTRAINT patient_patient_reje_doctorschedule_id_43097324_fk_doctor_do FOREIGN KEY (doctorschedule_id) REFERENCES public.doctor_doctorschedule(id) DEFERRABLE INITIALLY DEFERRED;


--
-- Name: patient_patient_reje_patient_id_d54c5b54_fk_patient_p; Type: FK CONSTRAINT; Schema: public; Owner: postgres
--

ALTER TABLE ONLY public.patient_patient_rejected_schedules
    ADD CONSTRAINT patient_patient_reje_patient_id_d54c5b54_fk_patient_p FOREIGN KEY (patient_id) REFERENCES public.patient_patient(icr_id) DEFERRABLE INITIALLY DEFERRED;


--
-- Name: patient_personalreco_personalrecord_id_55891b3e_fk_patient_p; Type: FK CONSTRAINT; Schema: public; Owner: postgres
--

ALTER TABLE ONLY public.patient_personalrecord_comment
    ADD CONSTRAINT patient_personalreco_personalrecord_id_55891b3e_fk_patient_p FOREIGN KEY (personalrecord_id) REFERENCES public.patient_personalrecord(id) DEFERRABLE INITIALLY DEFERRED;


--
-- Name: patient_personalreco_personalrecord_id_eb52405c_fk_patient_p; Type: FK CONSTRAINT; Schema: public; Owner: postgres
--

ALTER TABLE ONLY public.patient_personalrecord_docs_viewed
    ADD CONSTRAINT patient_personalreco_personalrecord_id_eb52405c_fk_patient_p FOREIGN KEY (personalrecord_id) REFERENCES public.patient_personalrecord(id) DEFERRABLE INITIALLY DEFERRED;


--
-- Name: patient_personalreco_remark_id_ff0016c0_fk_doctor_re; Type: FK CONSTRAINT; Schema: public; Owner: postgres
--

ALTER TABLE ONLY public.patient_personalrecord_comment
    ADD CONSTRAINT patient_personalreco_remark_id_ff0016c0_fk_doctor_re FOREIGN KEY (remark_id) REFERENCES public.doctor_remark(id) DEFERRABLE INITIALLY DEFERRED;


--
-- Name: patient_personalreco_usersviewed_id_04da4031_fk_doctor_us; Type: FK CONSTRAINT; Schema: public; Owner: postgres
--

ALTER TABLE ONLY public.patient_personalrecord_docs_viewed
    ADD CONSTRAINT patient_personalreco_usersviewed_id_04da4031_fk_doctor_us FOREIGN KEY (usersviewed_id) REFERENCES public.doctor_usersviewed(id) DEFERRABLE INITIALLY DEFERRED;


--
-- Name: patient_profileform__note_id_d7c06bf2_fk_doctor_no; Type: FK CONSTRAINT; Schema: public; Owner: postgres
--

ALTER TABLE ONLY public.patient_profileform_doctor_remarks
    ADD CONSTRAINT patient_profileform__note_id_d7c06bf2_fk_doctor_no FOREIGN KEY (note_id) REFERENCES public.doctor_remark(id) DEFERRABLE INITIALLY DEFERRED;


--
-- Name: patient_profileform__profileform_id_205b4051_fk_patient_p; Type: FK CONSTRAINT; Schema: public; Owner: postgres
--

ALTER TABLE ONLY public.patient_profileform_docs_viewed
    ADD CONSTRAINT patient_profileform__profileform_id_205b4051_fk_patient_p FOREIGN KEY (profileform_id) REFERENCES public.patient_profileform(id) DEFERRABLE INITIALLY DEFERRED;


--
-- Name: patient_profileform__profileform_id_4bcc26d2_fk_patient_p; Type: FK CONSTRAINT; Schema: public; Owner: postgres
--

ALTER TABLE ONLY public.patient_profileform_doctor_remarks
    ADD CONSTRAINT patient_profileform__profileform_id_4bcc26d2_fk_patient_p FOREIGN KEY (profileform_id) REFERENCES public.patient_profileform(id) DEFERRABLE INITIALLY DEFERRED;


--
-- Name: patient_profileform__usersviewed_id_7a43db87_fk_doctor_us; Type: FK CONSTRAINT; Schema: public; Owner: postgres
--

ALTER TABLE ONLY public.patient_profileform_docs_viewed
    ADD CONSTRAINT patient_profileform__usersviewed_id_7a43db87_fk_doctor_us FOREIGN KEY (usersviewed_id) REFERENCES public.doctor_usersviewed(id) DEFERRABLE INITIALLY DEFERRED;


--
-- Name: SCHEMA public; Type: ACL; Schema: -; Owner: postgres
--

REVOKE ALL ON SCHEMA public FROM PUBLIC;
REVOKE ALL ON SCHEMA public FROM postgres;
GRANT ALL ON SCHEMA public TO postgres;
GRANT ALL ON SCHEMA public TO PUBLIC;


--
-- PostgreSQL database dump complete
--

