--
-- PostgreSQL database dump
--

-- Dumped from database version 10.10
-- Dumped by pg_dump version 10.10

SET statement_timeout = 0;
SET lock_timeout = 0;
SET idle_in_transaction_session_timeout = 0;
SET client_encoding = 'UTF8';
SET standard_conforming_strings = on;
SELECT pg_catalog.set_config('search_path', '', false);
SET check_function_bodies = false;
SET xmloption = content;
SET client_min_messages = warning;
SET row_security = off;

ALTER TABLE ONLY public.patient_profileform_docs_viewed DROP CONSTRAINT patient_profileform__usersviewed_id_7a43db87_fk_doctor_us;
ALTER TABLE ONLY public.patient_profileform_doctor_remarks DROP CONSTRAINT patient_profileform__remark_id_348e0f78_fk_doctor_re;
ALTER TABLE ONLY public.patient_profileform_doctor_remarks DROP CONSTRAINT patient_profileform__profileform_id_4bcc26d2_fk_patient_p;
ALTER TABLE ONLY public.patient_profileform_docs_viewed DROP CONSTRAINT patient_profileform__profileform_id_205b4051_fk_patient_p;
ALTER TABLE ONLY public.patient_personalrecord_docs_viewed DROP CONSTRAINT patient_personalreco_usersviewed_id_04da4031_fk_doctor_us;
ALTER TABLE ONLY public.patient_personalrecord_comment DROP CONSTRAINT patient_personalreco_remark_id_ff0016c0_fk_doctor_re;
ALTER TABLE ONLY public.patient_personalrecord_docs_viewed DROP CONSTRAINT patient_personalreco_personalrecord_id_eb52405c_fk_patient_p;
ALTER TABLE ONLY public.patient_personalrecord_comment DROP CONSTRAINT patient_personalreco_personalrecord_id_55891b3e_fk_patient_p;
ALTER TABLE ONLY public.patient_patient_rejected_schedules DROP CONSTRAINT patient_patient_reje_patient_id_d54c5b54_fk_patient_p;
ALTER TABLE ONLY public.patient_patient_rejected_schedules DROP CONSTRAINT patient_patient_reje_doctorschedule_id_43097324_fk_doctor_do;
ALTER TABLE ONLY public.patient_patient DROP CONSTRAINT patient_patient_profile_id_77e9389a_fk_patient_profileform_id;
ALTER TABLE ONLY public.patient_patient_personal_records DROP CONSTRAINT patient_patient_pers_personalrecord_id_86f28561_fk_patient_p;
ALTER TABLE ONLY public.patient_patient_personal_records DROP CONSTRAINT patient_patient_pers_patient_id_960c6c67_fk_patient_p;
ALTER TABLE ONLY public.patient_patient_pending_schedules DROP CONSTRAINT patient_patient_pend_patient_id_46eb596a_fk_patient_p;
ALTER TABLE ONLY public.patient_patient_pending_schedules DROP CONSTRAINT patient_patient_pend_doctorschedule_id_bf172319_fk_doctor_do;
ALTER TABLE ONLY public.patient_patient_patient_notifications DROP CONSTRAINT patient_patient_pati_patientnotification__c640c83e_fk_patient_p;
ALTER TABLE ONLY public.patient_patient_patient_new_notifications DROP CONSTRAINT patient_patient_pati_patientnotification__2e8bde8c_fk_patient_p;
ALTER TABLE ONLY public.patient_patient_patient_new_notifications DROP CONSTRAINT patient_patient_pati_patient_id_fd9c6f16_fk_patient_p;
ALTER TABLE ONLY public.patient_patient_patient_notifications DROP CONSTRAINT patient_patient_pati_patient_id_dc07c558_fk_patient_p;
ALTER TABLE ONLY public.patient_patient_my_doctors DROP CONSTRAINT patient_patient_my_d_patient_id_ffd62b7f_fk_patient_p;
ALTER TABLE ONLY public.patient_patient_my_doctors DROP CONSTRAINT patient_patient_my_d_doctor_id_2154af2b_fk_doctor_do;
ALTER TABLE ONLY public.patient_patient DROP CONSTRAINT patient_patient_medical_history_id_e01f6a96_fk_patient_m;
ALTER TABLE ONLY public.patient_patient DROP CONSTRAINT patient_patient_location_details_id_2300e48d_fk_patient_p;
ALTER TABLE ONLY public.patient_patient DROP CONSTRAINT patient_patient_icr_id_b786c1eb_fk_patient_icrform_id;
ALTER TABLE ONLY public.patient_patient_finished_schedules DROP CONSTRAINT patient_patient_fini_patient_id_3f1271b6_fk_patient_p;
ALTER TABLE ONLY public.patient_patient_finished_schedules DROP CONSTRAINT patient_patient_fini_doctorschedule_id_941ede49_fk_doctor_do;
ALTER TABLE ONLY public.patient_patient_approved_schedules DROP CONSTRAINT patient_patient_appr_patient_id_df55b9aa_fk_patient_p;
ALTER TABLE ONLY public.patient_patient_approved_schedules DROP CONSTRAINT patient_patient_appr_doctorschedule_id_a029f022_fk_doctor_do;
ALTER TABLE ONLY public.patient_medhistform_docs_viewed DROP CONSTRAINT patient_medhistform__usersviewed_id_a03d8d0b_fk_doctor_us;
ALTER TABLE ONLY public.patient_medhistform_doctor_remarks DROP CONSTRAINT patient_medhistform__remark_id_0e0a4e16_fk_doctor_re;
ALTER TABLE ONLY public.patient_medhistform_doctor_remarks DROP CONSTRAINT patient_medhistform__medhistform_id_52bfc484_fk_patient_m;
ALTER TABLE ONLY public.patient_medhistform_docs_viewed DROP CONSTRAINT patient_medhistform__medhistform_id_1b3ed826_fk_patient_m;
ALTER TABLE ONLY public.patient_icrform_doctor_remarks DROP CONSTRAINT patient_icrform_doct_remark_id_3fa260db_fk_doctor_re;
ALTER TABLE ONLY public.patient_icrform_doctor_remarks DROP CONSTRAINT patient_icrform_doct_icrform_id_9accf06e_fk_patient_i;
ALTER TABLE ONLY public.patient_icrform_docs_viewed DROP CONSTRAINT patient_icrform_docs_usersviewed_id_449c9a1e_fk_doctor_us;
ALTER TABLE ONLY public.patient_icrform_docs_viewed DROP CONSTRAINT patient_icrform_docs_icrform_id_bc5c4eb2_fk_patient_i;
ALTER TABLE ONLY public.doctor_doctorschedule_users_viewed DROP CONSTRAINT doctor_doctorschedul_usersviewed_id_a922325f_fk_doctor_us;
ALTER TABLE ONLY public.doctor_doctorschedule_doc_remark DROP CONSTRAINT doctor_doctorschedul_remark_id_6996e7e4_fk_doctor_re;
ALTER TABLE ONLY public.doctor_doctorschedule_users_viewed DROP CONSTRAINT doctor_doctorschedul_doctorschedule_id_6108b89e_fk_doctor_do;
ALTER TABLE ONLY public.doctor_doctorschedule_doc_remark DROP CONSTRAINT doctor_doctorschedul_doctorschedule_id_262fab1d_fk_doctor_do;
ALTER TABLE ONLY public.doctor_doctor DROP CONSTRAINT doctor_doctor_weekly_stats_id_62faa618_fk_doctor_doctorstats_id;
ALTER TABLE ONLY public.doctor_doctor_schedules DROP CONSTRAINT doctor_doctor_schedules_doctor_id_a1f225ee_fk_doctor_doctor_id;
ALTER TABLE ONLY public.doctor_doctor_schedules DROP CONSTRAINT doctor_doctor_schedu_doctorschedule_id_bfe582ab_fk_doctor_do;
ALTER TABLE ONLY public.doctor_doctor_rejected_scheds DROP CONSTRAINT doctor_doctor_reject_doctorschedule_id_7da8f6ef_fk_doctor_do;
ALTER TABLE ONLY public.doctor_doctor_rejected_scheds DROP CONSTRAINT doctor_doctor_reject_doctor_id_c647f336_fk_doctor_do;
ALTER TABLE ONLY public.doctor_doctor_pending_scheds DROP CONSTRAINT doctor_doctor_pendin_doctorschedule_id_0234c1cc_fk_doctor_do;
ALTER TABLE ONLY public.doctor_doctor_pending_scheds DROP CONSTRAINT doctor_doctor_pendin_doctor_id_a2ff7d64_fk_doctor_do;
ALTER TABLE ONLY public.doctor_doctor_new_notifs DROP CONSTRAINT doctor_doctor_new_notifs_doctor_id_b8c08f74_fk_doctor_doctor_id;
ALTER TABLE ONLY public.doctor_doctor_new_notifs DROP CONSTRAINT doctor_doctor_new_no_doctornotification_i_33d72358_fk_doctor_do;
ALTER TABLE ONLY public.doctor_doctor_finished_scheds DROP CONSTRAINT doctor_doctor_finish_doctorschedule_id_9b55f20b_fk_doctor_do;
ALTER TABLE ONLY public.doctor_doctor_finished_scheds DROP CONSTRAINT doctor_doctor_finish_doctor_id_eb632f57_fk_doctor_do;
ALTER TABLE ONLY public."doctor_doctor_doctorNotifs" DROP CONSTRAINT doctor_doctor_doctor_doctornotification_i_f4f12d22_fk_doctor_do;
ALTER TABLE ONLY public."doctor_doctor_doctorNotifs" DROP CONSTRAINT doctor_doctor_doctor_doctor_id_6ba348a3_fk_doctor_do;
ALTER TABLE ONLY public.django_admin_log DROP CONSTRAINT django_admin_log_user_id_c564eba6_fk_auth_user_id;
ALTER TABLE ONLY public.django_admin_log DROP CONSTRAINT django_admin_log_content_type_id_c4bce8eb_fk_django_co;
ALTER TABLE ONLY public.auth_user_user_permissions DROP CONSTRAINT auth_user_user_permissions_user_id_a95ead1b_fk_auth_user_id;
ALTER TABLE ONLY public.auth_user_user_permissions DROP CONSTRAINT auth_user_user_permi_permission_id_1fbb5f2c_fk_auth_perm;
ALTER TABLE ONLY public.auth_user_groups DROP CONSTRAINT auth_user_groups_user_id_6a12ed8b_fk_auth_user_id;
ALTER TABLE ONLY public.auth_user_groups DROP CONSTRAINT auth_user_groups_group_id_97559544_fk_auth_group_id;
ALTER TABLE ONLY public.auth_permission DROP CONSTRAINT auth_permission_content_type_id_2f476e4b_fk_django_co;
ALTER TABLE ONLY public.auth_group_permissions DROP CONSTRAINT auth_group_permissions_group_id_b120cbf9_fk_auth_group_id;
ALTER TABLE ONLY public.auth_group_permissions DROP CONSTRAINT auth_group_permissio_permission_id_84c5c92e_fk_auth_perm;
DROP INDEX public.patient_profileform_docs_viewed_usersviewed_id_7a43db87;
DROP INDEX public.patient_profileform_docs_viewed_profileform_id_205b4051;
DROP INDEX public.patient_profileform_doc_remarks_profileform_id_c57d05e2;
DROP INDEX public.patient_profileform_doc_remarks_comment_id_9efaa491;
DROP INDEX public.patient_personalrecord_slug_bf7d5472_like;
DROP INDEX public.patient_personalrecord_slug_bf7d5472;
DROP INDEX public.patient_personalrecord_docs_viewed_usersviewed_id_04da4031;
DROP INDEX public.patient_personalrecord_docs_viewed_personalrecord_id_eb52405c;
DROP INDEX public.patient_personalrecord_comment_personalrecord_id_55891b3e;
DROP INDEX public.patient_personalrecord_comment_comment_id_c24321ec;
DROP INDEX public."patient_patient_rejectedScheds_patient_id_9df2451c";
DROP INDEX public."patient_patient_rejectedScheds_doctorschedule_id_05b469a5";
DROP INDEX public."patient_patient_personalRecord_personalrecord_id_42d4790b";
DROP INDEX public."patient_patient_personalRecord_patient_id_04758112";
DROP INDEX public."patient_patient_pendingScheds_patient_id_1d339a46";
DROP INDEX public."patient_patient_pendingScheds_doctorschedule_id_58dd819a";
DROP INDEX public."patient_patient_patientNotif_patientnotification_id_9d1276ca";
DROP INDEX public."patient_patient_patientNotif_patient_id_b48eb1f5";
DROP INDEX public.patient_patient_new_patient_notifications_patient_id_1f9c0e8e;
DROP INDEX public.patient_patient_new_patien_patientnotification_id_9d78158c;
DROP INDEX public."patient_patient_myDoctors_patient_id_3ee97e2d";
DROP INDEX public."patient_patient_myDoctors_doctor_id_510aef53";
DROP INDEX public."patient_patient_finishedScheds_patient_id_78583ebc";
DROP INDEX public."patient_patient_finishedScheds_doctorschedule_id_226d4fad";
DROP INDEX public."patient_patient_approvedScheds_patient_id_ffd99c84";
DROP INDEX public."patient_patient_approvedScheds_doctorschedule_id_2a685fae";
DROP INDEX public.patient_medhistform_docs_viewed_usersviewed_id_a03d8d0b;
DROP INDEX public.patient_medhistform_docs_viewed_medhistform_id_1b3ed826;
DROP INDEX public.patient_medhistform_doc_remarks_medhistform_id_5eeb339b;
DROP INDEX public.patient_medhistform_doc_remarks_comment_id_8cbe0197;
DROP INDEX public.patient_icrform_docs_viewed_usersviewed_id_449c9a1e;
DROP INDEX public.patient_icrform_docs_viewed_icrform_id_bc5c4eb2;
DROP INDEX public.patient_icrform_doc_remarks_icrform_id_9651116f;
DROP INDEX public.patient_icrform_doc_remarks_comment_id_7c9769b2;
DROP INDEX public.doctor_doctorschedule_doc_views_details_usersviewed_id_5402743f;
DROP INDEX public.doctor_doctorschedule_doc_remark_note_id_c8ae6e6a;
DROP INDEX public.doctor_doctorschedule_doc_remark_doctorschedule_id_262fab1d;
DROP INDEX public.doctor_doctorschedule_doc__doctorschedule_id_29da9469;
DROP INDEX public.doctor_doctor_slug_7289a166_like;
DROP INDEX public.doctor_doctor_slug_7289a166;
DROP INDEX public.doctor_doctor_schedules_doctorschedule_id_bfe582ab;
DROP INDEX public.doctor_doctor_schedules_doctor_id_a1f225ee;
DROP INDEX public.doctor_doctor_rejected_scheds_doctorschedule_id_7da8f6ef;
DROP INDEX public.doctor_doctor_rejected_scheds_doctor_id_c647f336;
DROP INDEX public.doctor_doctor_pending_scheds_doctorschedule_id_0234c1cc;
DROP INDEX public.doctor_doctor_pending_scheds_doctor_id_a2ff7d64;
DROP INDEX public.doctor_doctor_new_notifs_doctornotification_id_33d72358;
DROP INDEX public.doctor_doctor_new_notifs_doctor_id_b8c08f74;
DROP INDEX public.doctor_doctor_finished_scheds_doctorschedule_id_9b55f20b;
DROP INDEX public.doctor_doctor_finished_scheds_doctor_id_eb632f57;
DROP INDEX public."doctor_doctor_doctorNotifs_doctornotification_id_f4f12d22";
DROP INDEX public."doctor_doctor_doctorNotifs_doctor_id_6ba348a3";
DROP INDEX public.django_session_session_key_c0390e0f_like;
DROP INDEX public.django_session_expire_date_a5c62663;
DROP INDEX public.django_admin_log_user_id_c564eba6;
DROP INDEX public.django_admin_log_content_type_id_c4bce8eb;
DROP INDEX public."cebuMap_incidence_location_id";
DROP INDEX public."cebuMap_cebumap_location_id";
DROP INDEX public."cebuMap_cebubarangays_geom_id";
DROP INDEX public.auth_user_username_6821ab7c_like;
DROP INDEX public.auth_user_user_permissions_user_id_a95ead1b;
DROP INDEX public.auth_user_user_permissions_permission_id_1fbb5f2c;
DROP INDEX public.auth_user_groups_user_id_6a12ed8b;
DROP INDEX public.auth_user_groups_group_id_97559544;
DROP INDEX public.auth_permission_content_type_id_2f476e4b;
DROP INDEX public.auth_group_permissions_permission_id_84c5c92e;
DROP INDEX public.auth_group_permissions_group_id_b120cbf9;
DROP INDEX public.auth_group_name_a6ea08ec_like;
ALTER TABLE ONLY public.portal_adminnotification DROP CONSTRAINT portal_adminnotification_pkey;
ALTER TABLE ONLY public.patient_profileform DROP CONSTRAINT patient_profileform_pkey;
ALTER TABLE ONLY public.patient_profileform_docs_viewed DROP CONSTRAINT patient_profileform_docs_viewed_pkey;
ALTER TABLE ONLY public.patient_profileform_docs_viewed DROP CONSTRAINT patient_profileform_docs_profileform_id_usersview_9accc661_uniq;
ALTER TABLE ONLY public.patient_profileform_doctor_remarks DROP CONSTRAINT patient_profileform_doc_remarks_pkey;
ALTER TABLE ONLY public.patient_profileform_doctor_remarks DROP CONSTRAINT patient_profileform_doc__profileform_id_comment_i_af395918_uniq;
ALTER TABLE ONLY public.patient_personalrecord DROP CONSTRAINT patient_personalrecord_pkey;
ALTER TABLE ONLY public.patient_personalrecord_docs_viewed DROP CONSTRAINT patient_personalrecord_docs_viewed_pkey;
ALTER TABLE ONLY public.patient_personalrecord_docs_viewed DROP CONSTRAINT patient_personalrecord_d_personalrecord_id_usersv_c376ec35_uniq;
ALTER TABLE ONLY public.patient_personalrecord_comment DROP CONSTRAINT patient_personalrecord_comment_pkey;
ALTER TABLE ONLY public.patient_personalrecord_comment DROP CONSTRAINT patient_personalrecord_c_personalrecord_id_commen_7452e830_uniq;
ALTER TABLE ONLY public.patient_patientnotification DROP CONSTRAINT patient_patientnotification_pkey;
ALTER TABLE ONLY public.patient_patientlocationdetails DROP CONSTRAINT patient_patientlocationdetails_pkey;
ALTER TABLE ONLY public.patient_patient_rejected_schedules DROP CONSTRAINT patient_patient_rejected_patient_id_doctorschedul_8f9bd58f_uniq;
ALTER TABLE ONLY public.patient_patient_rejected_schedules DROP CONSTRAINT "patient_patient_rejectedScheds_pkey";
ALTER TABLE ONLY public.patient_patient DROP CONSTRAINT patient_patient_profile_id_key;
ALTER TABLE ONLY public.patient_patient DROP CONSTRAINT patient_patient_pkey;
ALTER TABLE ONLY public.patient_patient_personal_records DROP CONSTRAINT patient_patient_personal_patient_id_personalrecor_3f2eddfc_uniq;
ALTER TABLE ONLY public.patient_patient_personal_records DROP CONSTRAINT "patient_patient_personalRecord_pkey";
ALTER TABLE ONLY public.patient_patient_pending_schedules DROP CONSTRAINT "patient_patient_pendingScheds_pkey";
ALTER TABLE ONLY public.patient_patient_pending_schedules DROP CONSTRAINT "patient_patient_pendingS_patient_id_doctorschedul_195ccbe8_uniq";
ALTER TABLE ONLY public.patient_patient_patient_notifications DROP CONSTRAINT "patient_patient_patientNotif_pkey";
ALTER TABLE ONLY public.patient_patient_patient_notifications DROP CONSTRAINT "patient_patient_patientN_patient_id_patientnotifi_4d5e2983_uniq";
ALTER TABLE ONLY public.patient_patient_patient_new_notifications DROP CONSTRAINT patient_patient_new_patient_notifications_pkey;
ALTER TABLE ONLY public.patient_patient_patient_new_notifications DROP CONSTRAINT patient_patient_new_pati_patient_id_patientnotifi_ae3a5c17_uniq;
ALTER TABLE ONLY public.patient_patient_my_doctors DROP CONSTRAINT "patient_patient_myDoctors_pkey";
ALTER TABLE ONLY public.patient_patient_my_doctors DROP CONSTRAINT "patient_patient_myDoctors_patient_id_doctor_id_7b3d880a_uniq";
ALTER TABLE ONLY public.patient_patient DROP CONSTRAINT patient_patient_medhist_id_key;
ALTER TABLE ONLY public.patient_patient DROP CONSTRAINT "patient_patient_locationDetails_id_key";
ALTER TABLE ONLY public.patient_patient_finished_schedules DROP CONSTRAINT patient_patient_finished_patient_id_doctorschedul_7486cc01_uniq;
ALTER TABLE ONLY public.patient_patient_finished_schedules DROP CONSTRAINT "patient_patient_finishedScheds_pkey";
ALTER TABLE ONLY public.patient_patient_approved_schedules DROP CONSTRAINT patient_patient_approved_patient_id_doctorschedul_0d51c825_uniq;
ALTER TABLE ONLY public.patient_patient_approved_schedules DROP CONSTRAINT "patient_patient_approvedScheds_pkey";
ALTER TABLE ONLY public.patient_medhistform DROP CONSTRAINT patient_medhistform_pkey;
ALTER TABLE ONLY public.patient_medhistform_docs_viewed DROP CONSTRAINT patient_medhistform_docs_viewed_pkey;
ALTER TABLE ONLY public.patient_medhistform_docs_viewed DROP CONSTRAINT patient_medhistform_docs_medhistform_id_usersview_07b03ec3_uniq;
ALTER TABLE ONLY public.patient_medhistform_doctor_remarks DROP CONSTRAINT patient_medhistform_doc_remarks_pkey;
ALTER TABLE ONLY public.patient_medhistform_doctor_remarks DROP CONSTRAINT patient_medhistform_doc__medhistform_id_comment_i_10de27ed_uniq;
ALTER TABLE ONLY public.patient_icrform DROP CONSTRAINT patient_icrform_pkey;
ALTER TABLE ONLY public.patient_icrform_docs_viewed DROP CONSTRAINT patient_icrform_docs_viewed_pkey;
ALTER TABLE ONLY public.patient_icrform_docs_viewed DROP CONSTRAINT patient_icrform_docs_vie_icrform_id_usersviewed_i_fd4f75c7_uniq;
ALTER TABLE ONLY public.patient_icrform_doctor_remarks DROP CONSTRAINT patient_icrform_doc_remarks_pkey;
ALTER TABLE ONLY public.patient_icrform_doctor_remarks DROP CONSTRAINT patient_icrform_doc_remarks_icrform_id_comment_id_9529ff62_uniq;
ALTER TABLE ONLY public.doctor_usersviewed DROP CONSTRAINT doctor_usersviewed_pkey;
ALTER TABLE ONLY public.doctor_remark DROP CONSTRAINT doctor_note_pkey;
ALTER TABLE ONLY public.doctor_doctorstats DROP CONSTRAINT doctor_doctorstats_pkey;
ALTER TABLE ONLY public.doctor_doctorschedule DROP CONSTRAINT doctor_doctorschedule_pkey;
ALTER TABLE ONLY public.doctor_doctorschedule_users_viewed DROP CONSTRAINT doctor_doctorschedule_doc_views_details_pkey;
ALTER TABLE ONLY public.doctor_doctorschedule_doc_remark DROP CONSTRAINT doctor_doctorschedule_doc_remark_pkey;
ALTER TABLE ONLY public.doctor_doctorschedule_users_viewed DROP CONSTRAINT doctor_doctorschedule_do_doctorschedule_id_usersv_ac687590_uniq;
ALTER TABLE ONLY public.doctor_doctorschedule_doc_remark DROP CONSTRAINT doctor_doctorschedule_do_doctorschedule_id_note_i_1fdf0288_uniq;
ALTER TABLE ONLY public.doctor_doctornotification DROP CONSTRAINT doctor_doctornotification_pkey;
ALTER TABLE ONLY public.doctor_doctor DROP CONSTRAINT doctor_doctor_weekly_stats_id_key;
ALTER TABLE ONLY public.doctor_doctor_schedules DROP CONSTRAINT doctor_doctor_schedules_pkey;
ALTER TABLE ONLY public.doctor_doctor_schedules DROP CONSTRAINT doctor_doctor_schedules_doctor_id_doctorschedule_d3adfdb5_uniq;
ALTER TABLE ONLY public.doctor_doctor_rejected_scheds DROP CONSTRAINT doctor_doctor_rejected_scheds_pkey;
ALTER TABLE ONLY public.doctor_doctor_rejected_scheds DROP CONSTRAINT doctor_doctor_rejected_s_doctor_id_doctorschedule_f99c2aae_uniq;
ALTER TABLE ONLY public.doctor_doctor DROP CONSTRAINT doctor_doctor_pkey;
ALTER TABLE ONLY public.doctor_doctor_pending_scheds DROP CONSTRAINT doctor_doctor_pending_scheds_pkey;
ALTER TABLE ONLY public.doctor_doctor_pending_scheds DROP CONSTRAINT doctor_doctor_pending_sc_doctor_id_doctorschedule_d9cd6807_uniq;
ALTER TABLE ONLY public.doctor_doctor_new_notifs DROP CONSTRAINT doctor_doctor_new_notifs_pkey;
ALTER TABLE ONLY public.doctor_doctor_new_notifs DROP CONSTRAINT doctor_doctor_new_notifs_doctor_id_doctornotifica_dcbc9409_uniq;
ALTER TABLE ONLY public.doctor_doctor_finished_scheds DROP CONSTRAINT doctor_doctor_finished_scheds_pkey;
ALTER TABLE ONLY public.doctor_doctor_finished_scheds DROP CONSTRAINT doctor_doctor_finished_s_doctor_id_doctorschedule_b90c794b_uniq;
ALTER TABLE ONLY public."doctor_doctor_doctorNotifs" DROP CONSTRAINT "doctor_doctor_doctorNotifs_pkey";
ALTER TABLE ONLY public."doctor_doctor_doctorNotifs" DROP CONSTRAINT "doctor_doctor_doctorNoti_doctor_id_doctornotifica_4aabd4ae_uniq";
ALTER TABLE ONLY public.django_session DROP CONSTRAINT django_session_pkey;
ALTER TABLE ONLY public.django_migrations DROP CONSTRAINT django_migrations_pkey;
ALTER TABLE ONLY public.django_content_type DROP CONSTRAINT django_content_type_pkey;
ALTER TABLE ONLY public.django_content_type DROP CONSTRAINT django_content_type_app_label_model_76bd3d3b_uniq;
ALTER TABLE ONLY public.django_admin_log DROP CONSTRAINT django_admin_log_pkey;
ALTER TABLE ONLY public."cebuMap_incidence" DROP CONSTRAINT "cebuMap_incidence_pkey";
ALTER TABLE ONLY public."cebuMap_cebumap" DROP CONSTRAINT "cebuMap_cebumap_pkey1";
ALTER TABLE ONLY public."cebuMap_cebubarangays" DROP CONSTRAINT "cebuMap_cebubarangays_pkey";
ALTER TABLE ONLY public.auth_user DROP CONSTRAINT auth_user_username_key;
ALTER TABLE ONLY public.auth_user_user_permissions DROP CONSTRAINT auth_user_user_permissions_user_id_permission_id_14a6b632_uniq;
ALTER TABLE ONLY public.auth_user_user_permissions DROP CONSTRAINT auth_user_user_permissions_pkey;
ALTER TABLE ONLY public.auth_user DROP CONSTRAINT auth_user_pkey;
ALTER TABLE ONLY public.auth_user_groups DROP CONSTRAINT auth_user_groups_user_id_group_id_94350c0c_uniq;
ALTER TABLE ONLY public.auth_user_groups DROP CONSTRAINT auth_user_groups_pkey;
ALTER TABLE ONLY public.auth_permission DROP CONSTRAINT auth_permission_pkey;
ALTER TABLE ONLY public.auth_permission DROP CONSTRAINT auth_permission_content_type_id_codename_01ab375a_uniq;
ALTER TABLE ONLY public.auth_group DROP CONSTRAINT auth_group_pkey;
ALTER TABLE ONLY public.auth_group_permissions DROP CONSTRAINT auth_group_permissions_pkey;
ALTER TABLE ONLY public.auth_group_permissions DROP CONSTRAINT auth_group_permissions_group_id_permission_id_0cd325b0_uniq;
ALTER TABLE ONLY public.auth_group DROP CONSTRAINT auth_group_name_key;
ALTER TABLE public.portal_adminnotification ALTER COLUMN id DROP DEFAULT;
ALTER TABLE public.patient_profileform_doctor_remarks ALTER COLUMN id DROP DEFAULT;
ALTER TABLE public.patient_profileform_docs_viewed ALTER COLUMN id DROP DEFAULT;
ALTER TABLE public.patient_profileform ALTER COLUMN id DROP DEFAULT;
ALTER TABLE public.patient_personalrecord_docs_viewed ALTER COLUMN id DROP DEFAULT;
ALTER TABLE public.patient_personalrecord_comment ALTER COLUMN id DROP DEFAULT;
ALTER TABLE public.patient_personalrecord ALTER COLUMN id DROP DEFAULT;
ALTER TABLE public.patient_patientnotification ALTER COLUMN id DROP DEFAULT;
ALTER TABLE public.patient_patientlocationdetails ALTER COLUMN id DROP DEFAULT;
ALTER TABLE public.patient_patient_rejected_schedules ALTER COLUMN id DROP DEFAULT;
ALTER TABLE public.patient_patient_personal_records ALTER COLUMN id DROP DEFAULT;
ALTER TABLE public.patient_patient_pending_schedules ALTER COLUMN id DROP DEFAULT;
ALTER TABLE public.patient_patient_patient_notifications ALTER COLUMN id DROP DEFAULT;
ALTER TABLE public.patient_patient_patient_new_notifications ALTER COLUMN id DROP DEFAULT;
ALTER TABLE public.patient_patient_my_doctors ALTER COLUMN id DROP DEFAULT;
ALTER TABLE public.patient_patient_finished_schedules ALTER COLUMN id DROP DEFAULT;
ALTER TABLE public.patient_patient_approved_schedules ALTER COLUMN id DROP DEFAULT;
ALTER TABLE public.patient_medhistform_doctor_remarks ALTER COLUMN id DROP DEFAULT;
ALTER TABLE public.patient_medhistform_docs_viewed ALTER COLUMN id DROP DEFAULT;
ALTER TABLE public.patient_medhistform ALTER COLUMN id DROP DEFAULT;
ALTER TABLE public.patient_icrform_doctor_remarks ALTER COLUMN id DROP DEFAULT;
ALTER TABLE public.patient_icrform_docs_viewed ALTER COLUMN id DROP DEFAULT;
ALTER TABLE public.patient_icrform ALTER COLUMN id DROP DEFAULT;
ALTER TABLE public.doctor_usersviewed ALTER COLUMN id DROP DEFAULT;
ALTER TABLE public.doctor_remark ALTER COLUMN id DROP DEFAULT;
ALTER TABLE public.doctor_doctorstats ALTER COLUMN id DROP DEFAULT;
ALTER TABLE public.doctor_doctorschedule_users_viewed ALTER COLUMN id DROP DEFAULT;
ALTER TABLE public.doctor_doctorschedule_doc_remark ALTER COLUMN id DROP DEFAULT;
ALTER TABLE public.doctor_doctorschedule ALTER COLUMN id DROP DEFAULT;
ALTER TABLE public.doctor_doctornotification ALTER COLUMN id DROP DEFAULT;
ALTER TABLE public.doctor_doctor_schedules ALTER COLUMN id DROP DEFAULT;
ALTER TABLE public.doctor_doctor_rejected_scheds ALTER COLUMN id DROP DEFAULT;
ALTER TABLE public.doctor_doctor_pending_scheds ALTER COLUMN id DROP DEFAULT;
ALTER TABLE public.doctor_doctor_new_notifs ALTER COLUMN id DROP DEFAULT;
ALTER TABLE public.doctor_doctor_finished_scheds ALTER COLUMN id DROP DEFAULT;
ALTER TABLE public."doctor_doctor_doctorNotifs" ALTER COLUMN id DROP DEFAULT;
ALTER TABLE public.doctor_doctor ALTER COLUMN id DROP DEFAULT;
ALTER TABLE public.django_migrations ALTER COLUMN id DROP DEFAULT;
ALTER TABLE public.django_content_type ALTER COLUMN id DROP DEFAULT;
ALTER TABLE public.django_admin_log ALTER COLUMN id DROP DEFAULT;
ALTER TABLE public."cebuMap_incidence" ALTER COLUMN id DROP DEFAULT;
ALTER TABLE public."cebuMap_cebumap" ALTER COLUMN id DROP DEFAULT;
ALTER TABLE public."cebuMap_cebubarangays" ALTER COLUMN id DROP DEFAULT;
ALTER TABLE public.auth_user_user_permissions ALTER COLUMN id DROP DEFAULT;
ALTER TABLE public.auth_user_groups ALTER COLUMN id DROP DEFAULT;
ALTER TABLE public.auth_user ALTER COLUMN id DROP DEFAULT;
ALTER TABLE public.auth_permission ALTER COLUMN id DROP DEFAULT;
ALTER TABLE public.auth_group_permissions ALTER COLUMN id DROP DEFAULT;
ALTER TABLE public.auth_group ALTER COLUMN id DROP DEFAULT;
DROP SEQUENCE public.portal_adminnotification_id_seq;
DROP TABLE public.portal_adminnotification;
DROP SEQUENCE public.patient_profileform_id_seq;
DROP SEQUENCE public.patient_profileform_docs_viewed_id_seq;
DROP TABLE public.patient_profileform_docs_viewed;
DROP SEQUENCE public.patient_profileform_doc_remarks_id_seq;
DROP TABLE public.patient_profileform_doctor_remarks;
DROP TABLE public.patient_profileform;
DROP SEQUENCE public.patient_personalrecord_id_seq;
DROP SEQUENCE public.patient_personalrecord_docs_viewed_id_seq;
DROP TABLE public.patient_personalrecord_docs_viewed;
DROP SEQUENCE public.patient_personalrecord_comment_id_seq;
DROP TABLE public.patient_personalrecord_comment;
DROP TABLE public.patient_personalrecord;
DROP SEQUENCE public.patient_patientnotification_id_seq;
DROP TABLE public.patient_patientnotification;
DROP SEQUENCE public.patient_patientlocationdetails_id_seq;
DROP TABLE public.patient_patientlocationdetails;
DROP SEQUENCE public."patient_patient_rejectedScheds_id_seq";
DROP TABLE public.patient_patient_rejected_schedules;
DROP SEQUENCE public."patient_patient_personalRecord_id_seq";
DROP TABLE public.patient_patient_personal_records;
DROP SEQUENCE public."patient_patient_pendingScheds_id_seq";
DROP TABLE public.patient_patient_pending_schedules;
DROP SEQUENCE public."patient_patient_patientNotif_id_seq";
DROP TABLE public.patient_patient_patient_notifications;
DROP SEQUENCE public.patient_patient_new_patient_notifications_id_seq;
DROP TABLE public.patient_patient_patient_new_notifications;
DROP SEQUENCE public."patient_patient_myDoctors_id_seq";
DROP TABLE public.patient_patient_my_doctors;
DROP SEQUENCE public."patient_patient_finishedScheds_id_seq";
DROP TABLE public.patient_patient_finished_schedules;
DROP SEQUENCE public."patient_patient_approvedScheds_id_seq";
DROP TABLE public.patient_patient_approved_schedules;
DROP TABLE public.patient_patient;
DROP SEQUENCE public.patient_medhistform_id_seq;
DROP SEQUENCE public.patient_medhistform_docs_viewed_id_seq;
DROP TABLE public.patient_medhistform_docs_viewed;
DROP SEQUENCE public.patient_medhistform_doc_remarks_id_seq;
DROP TABLE public.patient_medhistform_doctor_remarks;
DROP TABLE public.patient_medhistform;
DROP SEQUENCE public.patient_icrform_id_seq;
DROP SEQUENCE public.patient_icrform_docs_viewed_id_seq;
DROP TABLE public.patient_icrform_docs_viewed;
DROP SEQUENCE public.patient_icrform_doc_remarks_id_seq;
DROP TABLE public.patient_icrform_doctor_remarks;
DROP TABLE public.patient_icrform;
DROP SEQUENCE public.doctor_usersviewed_id_seq;
DROP TABLE public.doctor_usersviewed;
DROP SEQUENCE public.doctor_note_id_seq;
DROP TABLE public.doctor_remark;
DROP SEQUENCE public.doctor_doctorstats_id_seq;
DROP TABLE public.doctor_doctorstats;
DROP SEQUENCE public.doctor_doctorschedule_id_seq;
DROP SEQUENCE public.doctor_doctorschedule_doc_views_details_id_seq;
DROP TABLE public.doctor_doctorschedule_users_viewed;
DROP SEQUENCE public.doctor_doctorschedule_doc_remark_id_seq;
DROP TABLE public.doctor_doctorschedule_doc_remark;
DROP TABLE public.doctor_doctorschedule;
DROP SEQUENCE public.doctor_doctornotification_id_seq;
DROP TABLE public.doctor_doctornotification;
DROP SEQUENCE public.doctor_doctor_schedules_id_seq;
DROP TABLE public.doctor_doctor_schedules;
DROP SEQUENCE public.doctor_doctor_rejected_scheds_id_seq;
DROP TABLE public.doctor_doctor_rejected_scheds;
DROP SEQUENCE public.doctor_doctor_pending_scheds_id_seq;
DROP TABLE public.doctor_doctor_pending_scheds;
DROP SEQUENCE public.doctor_doctor_new_notifs_id_seq;
DROP TABLE public.doctor_doctor_new_notifs;
DROP SEQUENCE public.doctor_doctor_id_seq;
DROP SEQUENCE public.doctor_doctor_finished_scheds_id_seq;
DROP TABLE public.doctor_doctor_finished_scheds;
DROP SEQUENCE public."doctor_doctor_doctorNotifs_id_seq";
DROP TABLE public."doctor_doctor_doctorNotifs";
DROP TABLE public.doctor_doctor;
DROP TABLE public.django_session;
DROP SEQUENCE public.django_migrations_id_seq;
DROP TABLE public.django_migrations;
DROP SEQUENCE public.django_content_type_id_seq;
DROP TABLE public.django_content_type;
DROP SEQUENCE public.django_admin_log_id_seq;
DROP TABLE public.django_admin_log;
DROP SEQUENCE public."cebuMap_incidence_id_seq";
DROP TABLE public."cebuMap_incidence";
DROP SEQUENCE public."cebuMap_cebumap_id_seq1";
DROP TABLE public."cebuMap_cebumap";
DROP SEQUENCE public."cebuMap_cebubarangays_id_seq";
DROP TABLE public."cebuMap_cebubarangays";
DROP SEQUENCE public.auth_user_user_permissions_id_seq;
DROP TABLE public.auth_user_user_permissions;
DROP SEQUENCE public.auth_user_id_seq;
DROP SEQUENCE public.auth_user_groups_id_seq;
DROP TABLE public.auth_user_groups;
DROP TABLE public.auth_user;
DROP SEQUENCE public.auth_permission_id_seq;
DROP TABLE public.auth_permission;
DROP SEQUENCE public.auth_group_permissions_id_seq;
DROP TABLE public.auth_group_permissions;
DROP SEQUENCE public.auth_group_id_seq;
DROP TABLE public.auth_group;
DROP EXTENSION postgis;
DROP EXTENSION plpgsql;
DROP SCHEMA public;
--
-- Name: public; Type: SCHEMA; Schema: -; Owner: postgres
--

CREATE SCHEMA public;


ALTER SCHEMA public OWNER TO postgres;

--
-- Name: SCHEMA public; Type: COMMENT; Schema: -; Owner: postgres
--

COMMENT ON SCHEMA public IS 'standard public schema';


--
-- Name: plpgsql; Type: EXTENSION; Schema: -; Owner: 
--

CREATE EXTENSION IF NOT EXISTS plpgsql WITH SCHEMA pg_catalog;


--
-- Name: EXTENSION plpgsql; Type: COMMENT; Schema: -; Owner: 
--

COMMENT ON EXTENSION plpgsql IS 'PL/pgSQL procedural language';


--
-- Name: postgis; Type: EXTENSION; Schema: -; Owner: 
--

CREATE EXTENSION IF NOT EXISTS postgis WITH SCHEMA public;


--
-- Name: EXTENSION postgis; Type: COMMENT; Schema: -; Owner: 
--

COMMENT ON EXTENSION postgis IS 'PostGIS geometry, geography, and raster spatial types and functions';


SET default_tablespace = '';

SET default_with_oids = false;

--
-- Name: auth_group; Type: TABLE; Schema: public; Owner: postgres
--

CREATE TABLE public.auth_group (
    id integer NOT NULL,
    name character varying(150) NOT NULL
);


ALTER TABLE public.auth_group OWNER TO postgres;

--
-- Name: auth_group_id_seq; Type: SEQUENCE; Schema: public; Owner: postgres
--

CREATE SEQUENCE public.auth_group_id_seq
    AS integer
    START WITH 1
    INCREMENT BY 1
    NO MINVALUE
    NO MAXVALUE
    CACHE 1;


ALTER TABLE public.auth_group_id_seq OWNER TO postgres;

--
-- Name: auth_group_id_seq; Type: SEQUENCE OWNED BY; Schema: public; Owner: postgres
--

ALTER SEQUENCE public.auth_group_id_seq OWNED BY public.auth_group.id;


--
-- Name: auth_group_permissions; Type: TABLE; Schema: public; Owner: postgres
--

CREATE TABLE public.auth_group_permissions (
    id integer NOT NULL,
    group_id integer NOT NULL,
    permission_id integer NOT NULL
);


ALTER TABLE public.auth_group_permissions OWNER TO postgres;

--
-- Name: auth_group_permissions_id_seq; Type: SEQUENCE; Schema: public; Owner: postgres
--

CREATE SEQUENCE public.auth_group_permissions_id_seq
    AS integer
    START WITH 1
    INCREMENT BY 1
    NO MINVALUE
    NO MAXVALUE
    CACHE 1;


ALTER TABLE public.auth_group_permissions_id_seq OWNER TO postgres;

--
-- Name: auth_group_permissions_id_seq; Type: SEQUENCE OWNED BY; Schema: public; Owner: postgres
--

ALTER SEQUENCE public.auth_group_permissions_id_seq OWNED BY public.auth_group_permissions.id;


--
-- Name: auth_permission; Type: TABLE; Schema: public; Owner: postgres
--

CREATE TABLE public.auth_permission (
    id integer NOT NULL,
    name character varying(255) NOT NULL,
    content_type_id integer NOT NULL,
    codename character varying(100) NOT NULL
);


ALTER TABLE public.auth_permission OWNER TO postgres;

--
-- Name: auth_permission_id_seq; Type: SEQUENCE; Schema: public; Owner: postgres
--

CREATE SEQUENCE public.auth_permission_id_seq
    AS integer
    START WITH 1
    INCREMENT BY 1
    NO MINVALUE
    NO MAXVALUE
    CACHE 1;


ALTER TABLE public.auth_permission_id_seq OWNER TO postgres;

--
-- Name: auth_permission_id_seq; Type: SEQUENCE OWNED BY; Schema: public; Owner: postgres
--

ALTER SEQUENCE public.auth_permission_id_seq OWNED BY public.auth_permission.id;


--
-- Name: auth_user; Type: TABLE; Schema: public; Owner: postgres
--

CREATE TABLE public.auth_user (
    id integer NOT NULL,
    password character varying(128) NOT NULL,
    last_login timestamp with time zone,
    is_superuser boolean NOT NULL,
    username character varying(150) NOT NULL,
    first_name character varying(30) NOT NULL,
    last_name character varying(150) NOT NULL,
    email character varying(254) NOT NULL,
    is_staff boolean NOT NULL,
    is_active boolean NOT NULL,
    date_joined timestamp with time zone NOT NULL
);


ALTER TABLE public.auth_user OWNER TO postgres;

--
-- Name: auth_user_groups; Type: TABLE; Schema: public; Owner: postgres
--

CREATE TABLE public.auth_user_groups (
    id integer NOT NULL,
    user_id integer NOT NULL,
    group_id integer NOT NULL
);


ALTER TABLE public.auth_user_groups OWNER TO postgres;

--
-- Name: auth_user_groups_id_seq; Type: SEQUENCE; Schema: public; Owner: postgres
--

CREATE SEQUENCE public.auth_user_groups_id_seq
    AS integer
    START WITH 1
    INCREMENT BY 1
    NO MINVALUE
    NO MAXVALUE
    CACHE 1;


ALTER TABLE public.auth_user_groups_id_seq OWNER TO postgres;

--
-- Name: auth_user_groups_id_seq; Type: SEQUENCE OWNED BY; Schema: public; Owner: postgres
--

ALTER SEQUENCE public.auth_user_groups_id_seq OWNED BY public.auth_user_groups.id;


--
-- Name: auth_user_id_seq; Type: SEQUENCE; Schema: public; Owner: postgres
--

CREATE SEQUENCE public.auth_user_id_seq
    AS integer
    START WITH 1
    INCREMENT BY 1
    NO MINVALUE
    NO MAXVALUE
    CACHE 1;


ALTER TABLE public.auth_user_id_seq OWNER TO postgres;

--
-- Name: auth_user_id_seq; Type: SEQUENCE OWNED BY; Schema: public; Owner: postgres
--

ALTER SEQUENCE public.auth_user_id_seq OWNED BY public.auth_user.id;


--
-- Name: auth_user_user_permissions; Type: TABLE; Schema: public; Owner: postgres
--

CREATE TABLE public.auth_user_user_permissions (
    id integer NOT NULL,
    user_id integer NOT NULL,
    permission_id integer NOT NULL
);


ALTER TABLE public.auth_user_user_permissions OWNER TO postgres;

--
-- Name: auth_user_user_permissions_id_seq; Type: SEQUENCE; Schema: public; Owner: postgres
--

CREATE SEQUENCE public.auth_user_user_permissions_id_seq
    AS integer
    START WITH 1
    INCREMENT BY 1
    NO MINVALUE
    NO MAXVALUE
    CACHE 1;


ALTER TABLE public.auth_user_user_permissions_id_seq OWNER TO postgres;

--
-- Name: auth_user_user_permissions_id_seq; Type: SEQUENCE OWNED BY; Schema: public; Owner: postgres
--

ALTER SEQUENCE public.auth_user_user_permissions_id_seq OWNED BY public.auth_user_user_permissions.id;


--
-- Name: cebuMap_cebubarangays; Type: TABLE; Schema: public; Owner: postgres
--

CREATE TABLE public."cebuMap_cebubarangays" (
    id integer NOT NULL,
    objectid integer NOT NULL,
    iso character varying(254) NOT NULL,
    name_0 character varying(254) NOT NULL,
    name_1 character varying(254) NOT NULL,
    varname_1 character varying(254) NOT NULL,
    nl_name_1 character varying(254) NOT NULL,
    hasc_1 character varying(254) NOT NULL,
    fips_1 character varying(254) NOT NULL,
    cc_1 character varying(254) NOT NULL,
    type_1 character varying(254) NOT NULL,
    engtype_1 character varying(254) NOT NULL,
    validfr_1 character varying(254) NOT NULL,
    validto_1 character varying(254) NOT NULL,
    remarks_1 character varying(254) NOT NULL,
    name_2 character varying(254) NOT NULL,
    varname_2 character varying(254) NOT NULL,
    nl_name_2 character varying(254) NOT NULL,
    hasc_2 character varying(254) NOT NULL,
    fips_2 character varying(254) NOT NULL,
    cc_2 character varying(254) NOT NULL,
    type_2 character varying(254) NOT NULL,
    engtype_2 character varying(254) NOT NULL,
    validfr_2 character varying(254) NOT NULL,
    validto_2 character varying(254) NOT NULL,
    remarks_2 character varying(254) NOT NULL,
    name_3 character varying(254) NOT NULL,
    varname_3 character varying(254) NOT NULL,
    nl_name_3 character varying(254) NOT NULL,
    hasc_3 character varying(254) NOT NULL,
    type_3 character varying(254) NOT NULL,
    engtype_3 character varying(254) NOT NULL,
    validfr_3 character varying(254) NOT NULL,
    validto_3 character varying(254) NOT NULL,
    remarks_3 character varying(254) NOT NULL,
    name_4 character varying(254) NOT NULL,
    varname_4 character varying(254) NOT NULL,
    type_4 character varying(254) NOT NULL,
    engtype_4 character varying(254) NOT NULL,
    validfr_4 character varying(254) NOT NULL,
    validto_4 character varying(254) NOT NULL,
    remarks_4 character varying(254) NOT NULL,
    name_5 character varying(254) NOT NULL,
    type_5 character varying(254) NOT NULL,
    engtype_5 character varying(254) NOT NULL,
    validfr_5 character varying(254) NOT NULL,
    validto_5 character varying(254) NOT NULL,
    shape_leng double precision NOT NULL,
    shape_area double precision NOT NULL,
    bngy character varying(30) NOT NULL,
    psgc_bgy character varying(15) NOT NULL,
    geom public.geometry(MultiPolygon,4326) NOT NULL
);


ALTER TABLE public."cebuMap_cebubarangays" OWNER TO postgres;

--
-- Name: cebuMap_cebubarangays_id_seq; Type: SEQUENCE; Schema: public; Owner: postgres
--

CREATE SEQUENCE public."cebuMap_cebubarangays_id_seq"
    AS integer
    START WITH 1
    INCREMENT BY 1
    NO MINVALUE
    NO MAXVALUE
    CACHE 1;


ALTER TABLE public."cebuMap_cebubarangays_id_seq" OWNER TO postgres;

--
-- Name: cebuMap_cebubarangays_id_seq; Type: SEQUENCE OWNED BY; Schema: public; Owner: postgres
--

ALTER SEQUENCE public."cebuMap_cebubarangays_id_seq" OWNED BY public."cebuMap_cebubarangays".id;


--
-- Name: cebuMap_cebumap; Type: TABLE; Schema: public; Owner: postgres
--

CREATE TABLE public."cebuMap_cebumap" (
    id integer NOT NULL,
    location public.geometry(Point,4326)
);


ALTER TABLE public."cebuMap_cebumap" OWNER TO postgres;

--
-- Name: cebuMap_cebumap_id_seq1; Type: SEQUENCE; Schema: public; Owner: postgres
--

CREATE SEQUENCE public."cebuMap_cebumap_id_seq1"
    AS integer
    START WITH 1
    INCREMENT BY 1
    NO MINVALUE
    NO MAXVALUE
    CACHE 1;


ALTER TABLE public."cebuMap_cebumap_id_seq1" OWNER TO postgres;

--
-- Name: cebuMap_cebumap_id_seq1; Type: SEQUENCE OWNED BY; Schema: public; Owner: postgres
--

ALTER SEQUENCE public."cebuMap_cebumap_id_seq1" OWNED BY public."cebuMap_cebumap".id;


--
-- Name: cebuMap_incidence; Type: TABLE; Schema: public; Owner: postgres
--

CREATE TABLE public."cebuMap_incidence" (
    id integer NOT NULL,
    name character varying(100),
    address character varying(100),
    city character varying(50),
    location public.geometry(Point,4326)
);


ALTER TABLE public."cebuMap_incidence" OWNER TO postgres;

--
-- Name: cebuMap_incidence_id_seq; Type: SEQUENCE; Schema: public; Owner: postgres
--

CREATE SEQUENCE public."cebuMap_incidence_id_seq"
    AS integer
    START WITH 1
    INCREMENT BY 1
    NO MINVALUE
    NO MAXVALUE
    CACHE 1;


ALTER TABLE public."cebuMap_incidence_id_seq" OWNER TO postgres;

--
-- Name: cebuMap_incidence_id_seq; Type: SEQUENCE OWNED BY; Schema: public; Owner: postgres
--

ALTER SEQUENCE public."cebuMap_incidence_id_seq" OWNED BY public."cebuMap_incidence".id;


--
-- Name: django_admin_log; Type: TABLE; Schema: public; Owner: postgres
--

CREATE TABLE public.django_admin_log (
    id integer NOT NULL,
    action_time timestamp with time zone NOT NULL,
    object_id text,
    object_repr character varying(200) NOT NULL,
    action_flag smallint NOT NULL,
    change_message text NOT NULL,
    content_type_id integer,
    user_id integer NOT NULL,
    CONSTRAINT django_admin_log_action_flag_check CHECK ((action_flag >= 0))
);


ALTER TABLE public.django_admin_log OWNER TO postgres;

--
-- Name: django_admin_log_id_seq; Type: SEQUENCE; Schema: public; Owner: postgres
--

CREATE SEQUENCE public.django_admin_log_id_seq
    AS integer
    START WITH 1
    INCREMENT BY 1
    NO MINVALUE
    NO MAXVALUE
    CACHE 1;


ALTER TABLE public.django_admin_log_id_seq OWNER TO postgres;

--
-- Name: django_admin_log_id_seq; Type: SEQUENCE OWNED BY; Schema: public; Owner: postgres
--

ALTER SEQUENCE public.django_admin_log_id_seq OWNED BY public.django_admin_log.id;


--
-- Name: django_content_type; Type: TABLE; Schema: public; Owner: postgres
--

CREATE TABLE public.django_content_type (
    id integer NOT NULL,
    app_label character varying(100) NOT NULL,
    model character varying(100) NOT NULL
);


ALTER TABLE public.django_content_type OWNER TO postgres;

--
-- Name: django_content_type_id_seq; Type: SEQUENCE; Schema: public; Owner: postgres
--

CREATE SEQUENCE public.django_content_type_id_seq
    AS integer
    START WITH 1
    INCREMENT BY 1
    NO MINVALUE
    NO MAXVALUE
    CACHE 1;


ALTER TABLE public.django_content_type_id_seq OWNER TO postgres;

--
-- Name: django_content_type_id_seq; Type: SEQUENCE OWNED BY; Schema: public; Owner: postgres
--

ALTER SEQUENCE public.django_content_type_id_seq OWNED BY public.django_content_type.id;


--
-- Name: django_migrations; Type: TABLE; Schema: public; Owner: postgres
--

CREATE TABLE public.django_migrations (
    id integer NOT NULL,
    app character varying(255) NOT NULL,
    name character varying(255) NOT NULL,
    applied timestamp with time zone NOT NULL
);


ALTER TABLE public.django_migrations OWNER TO postgres;

--
-- Name: django_migrations_id_seq; Type: SEQUENCE; Schema: public; Owner: postgres
--

CREATE SEQUENCE public.django_migrations_id_seq
    AS integer
    START WITH 1
    INCREMENT BY 1
    NO MINVALUE
    NO MAXVALUE
    CACHE 1;


ALTER TABLE public.django_migrations_id_seq OWNER TO postgres;

--
-- Name: django_migrations_id_seq; Type: SEQUENCE OWNED BY; Schema: public; Owner: postgres
--

ALTER SEQUENCE public.django_migrations_id_seq OWNED BY public.django_migrations.id;


--
-- Name: django_session; Type: TABLE; Schema: public; Owner: postgres
--

CREATE TABLE public.django_session (
    session_key character varying(40) NOT NULL,
    session_data text NOT NULL,
    expire_date timestamp with time zone NOT NULL
);


ALTER TABLE public.django_session OWNER TO postgres;

--
-- Name: doctor_doctor; Type: TABLE; Schema: public; Owner: postgres
--

CREATE TABLE public.doctor_doctor (
    id integer NOT NULL,
    name character varying(100) NOT NULL,
    slug character varying(200) NOT NULL,
    birthdate date NOT NULL,
    email character varying(100) NOT NULL,
    hospital_name character varying(100) NOT NULL,
    hospital_address character varying(200) NOT NULL,
    password character varying(100) NOT NULL,
    weekly_stats_id integer,
    last_log_in timestamp with time zone NOT NULL,
    last_log_out timestamp with time zone NOT NULL,
    login_flag boolean NOT NULL
);


ALTER TABLE public.doctor_doctor OWNER TO postgres;

--
-- Name: doctor_doctor_doctorNotifs; Type: TABLE; Schema: public; Owner: postgres
--

CREATE TABLE public."doctor_doctor_doctorNotifs" (
    id integer NOT NULL,
    doctor_id integer NOT NULL,
    doctornotification_id integer NOT NULL
);


ALTER TABLE public."doctor_doctor_doctorNotifs" OWNER TO postgres;

--
-- Name: doctor_doctor_doctorNotifs_id_seq; Type: SEQUENCE; Schema: public; Owner: postgres
--

CREATE SEQUENCE public."doctor_doctor_doctorNotifs_id_seq"
    AS integer
    START WITH 1
    INCREMENT BY 1
    NO MINVALUE
    NO MAXVALUE
    CACHE 1;


ALTER TABLE public."doctor_doctor_doctorNotifs_id_seq" OWNER TO postgres;

--
-- Name: doctor_doctor_doctorNotifs_id_seq; Type: SEQUENCE OWNED BY; Schema: public; Owner: postgres
--

ALTER SEQUENCE public."doctor_doctor_doctorNotifs_id_seq" OWNED BY public."doctor_doctor_doctorNotifs".id;


--
-- Name: doctor_doctor_finished_scheds; Type: TABLE; Schema: public; Owner: postgres
--

CREATE TABLE public.doctor_doctor_finished_scheds (
    id integer NOT NULL,
    doctor_id integer NOT NULL,
    doctorschedule_id integer NOT NULL
);


ALTER TABLE public.doctor_doctor_finished_scheds OWNER TO postgres;

--
-- Name: doctor_doctor_finished_scheds_id_seq; Type: SEQUENCE; Schema: public; Owner: postgres
--

CREATE SEQUENCE public.doctor_doctor_finished_scheds_id_seq
    AS integer
    START WITH 1
    INCREMENT BY 1
    NO MINVALUE
    NO MAXVALUE
    CACHE 1;


ALTER TABLE public.doctor_doctor_finished_scheds_id_seq OWNER TO postgres;

--
-- Name: doctor_doctor_finished_scheds_id_seq; Type: SEQUENCE OWNED BY; Schema: public; Owner: postgres
--

ALTER SEQUENCE public.doctor_doctor_finished_scheds_id_seq OWNED BY public.doctor_doctor_finished_scheds.id;


--
-- Name: doctor_doctor_id_seq; Type: SEQUENCE; Schema: public; Owner: postgres
--

CREATE SEQUENCE public.doctor_doctor_id_seq
    AS integer
    START WITH 1
    INCREMENT BY 1
    NO MINVALUE
    NO MAXVALUE
    CACHE 1;


ALTER TABLE public.doctor_doctor_id_seq OWNER TO postgres;

--
-- Name: doctor_doctor_id_seq; Type: SEQUENCE OWNED BY; Schema: public; Owner: postgres
--

ALTER SEQUENCE public.doctor_doctor_id_seq OWNED BY public.doctor_doctor.id;


--
-- Name: doctor_doctor_new_notifs; Type: TABLE; Schema: public; Owner: postgres
--

CREATE TABLE public.doctor_doctor_new_notifs (
    id integer NOT NULL,
    doctor_id integer NOT NULL,
    doctornotification_id integer NOT NULL
);


ALTER TABLE public.doctor_doctor_new_notifs OWNER TO postgres;

--
-- Name: doctor_doctor_new_notifs_id_seq; Type: SEQUENCE; Schema: public; Owner: postgres
--

CREATE SEQUENCE public.doctor_doctor_new_notifs_id_seq
    AS integer
    START WITH 1
    INCREMENT BY 1
    NO MINVALUE
    NO MAXVALUE
    CACHE 1;


ALTER TABLE public.doctor_doctor_new_notifs_id_seq OWNER TO postgres;

--
-- Name: doctor_doctor_new_notifs_id_seq; Type: SEQUENCE OWNED BY; Schema: public; Owner: postgres
--

ALTER SEQUENCE public.doctor_doctor_new_notifs_id_seq OWNED BY public.doctor_doctor_new_notifs.id;


--
-- Name: doctor_doctor_pending_scheds; Type: TABLE; Schema: public; Owner: postgres
--

CREATE TABLE public.doctor_doctor_pending_scheds (
    id integer NOT NULL,
    doctor_id integer NOT NULL,
    doctorschedule_id integer NOT NULL
);


ALTER TABLE public.doctor_doctor_pending_scheds OWNER TO postgres;

--
-- Name: doctor_doctor_pending_scheds_id_seq; Type: SEQUENCE; Schema: public; Owner: postgres
--

CREATE SEQUENCE public.doctor_doctor_pending_scheds_id_seq
    AS integer
    START WITH 1
    INCREMENT BY 1
    NO MINVALUE
    NO MAXVALUE
    CACHE 1;


ALTER TABLE public.doctor_doctor_pending_scheds_id_seq OWNER TO postgres;

--
-- Name: doctor_doctor_pending_scheds_id_seq; Type: SEQUENCE OWNED BY; Schema: public; Owner: postgres
--

ALTER SEQUENCE public.doctor_doctor_pending_scheds_id_seq OWNED BY public.doctor_doctor_pending_scheds.id;


--
-- Name: doctor_doctor_rejected_scheds; Type: TABLE; Schema: public; Owner: postgres
--

CREATE TABLE public.doctor_doctor_rejected_scheds (
    id integer NOT NULL,
    doctor_id integer NOT NULL,
    doctorschedule_id integer NOT NULL
);


ALTER TABLE public.doctor_doctor_rejected_scheds OWNER TO postgres;

--
-- Name: doctor_doctor_rejected_scheds_id_seq; Type: SEQUENCE; Schema: public; Owner: postgres
--

CREATE SEQUENCE public.doctor_doctor_rejected_scheds_id_seq
    AS integer
    START WITH 1
    INCREMENT BY 1
    NO MINVALUE
    NO MAXVALUE
    CACHE 1;


ALTER TABLE public.doctor_doctor_rejected_scheds_id_seq OWNER TO postgres;

--
-- Name: doctor_doctor_rejected_scheds_id_seq; Type: SEQUENCE OWNED BY; Schema: public; Owner: postgres
--

ALTER SEQUENCE public.doctor_doctor_rejected_scheds_id_seq OWNED BY public.doctor_doctor_rejected_scheds.id;


--
-- Name: doctor_doctor_schedules; Type: TABLE; Schema: public; Owner: postgres
--

CREATE TABLE public.doctor_doctor_schedules (
    id integer NOT NULL,
    doctor_id integer NOT NULL,
    doctorschedule_id integer NOT NULL
);


ALTER TABLE public.doctor_doctor_schedules OWNER TO postgres;

--
-- Name: doctor_doctor_schedules_id_seq; Type: SEQUENCE; Schema: public; Owner: postgres
--

CREATE SEQUENCE public.doctor_doctor_schedules_id_seq
    AS integer
    START WITH 1
    INCREMENT BY 1
    NO MINVALUE
    NO MAXVALUE
    CACHE 1;


ALTER TABLE public.doctor_doctor_schedules_id_seq OWNER TO postgres;

--
-- Name: doctor_doctor_schedules_id_seq; Type: SEQUENCE OWNED BY; Schema: public; Owner: postgres
--

ALTER SEQUENCE public.doctor_doctor_schedules_id_seq OWNED BY public.doctor_doctor_schedules.id;


--
-- Name: doctor_doctornotification; Type: TABLE; Schema: public; Owner: postgres
--

CREATE TABLE public.doctor_doctornotification (
    id integer NOT NULL,
    name character varying(100) NOT NULL,
    subject character varying(100) NOT NULL,
    user_type character varying(15) NOT NULL,
    notif character varying(2000) NOT NULL,
    created_on timestamp with time zone NOT NULL,
    patient_username character varying(100) NOT NULL,
    action_pk integer NOT NULL,
    action_type character varying(100) NOT NULL,
    action_taken integer NOT NULL
);


ALTER TABLE public.doctor_doctornotification OWNER TO postgres;

--
-- Name: doctor_doctornotification_id_seq; Type: SEQUENCE; Schema: public; Owner: postgres
--

CREATE SEQUENCE public.doctor_doctornotification_id_seq
    AS integer
    START WITH 1
    INCREMENT BY 1
    NO MINVALUE
    NO MAXVALUE
    CACHE 1;


ALTER TABLE public.doctor_doctornotification_id_seq OWNER TO postgres;

--
-- Name: doctor_doctornotification_id_seq; Type: SEQUENCE OWNED BY; Schema: public; Owner: postgres
--

ALTER SEQUENCE public.doctor_doctornotification_id_seq OWNED BY public.doctor_doctornotification.id;


--
-- Name: doctor_doctorschedule; Type: TABLE; Schema: public; Owner: postgres
--

CREATE TABLE public.doctor_doctorschedule (
    id integer NOT NULL,
    patient_username character varying(100) NOT NULL,
    patient_hiv_status character varying(100) NOT NULL,
    schedule_date timestamp with time zone NOT NULL,
    schedule_topic character varying(200) NOT NULL,
    schedule_notes text NOT NULL,
    doc_in_charge character varying(100) NOT NULL,
    status character varying(20) NOT NULL,
    created_on timestamp with time zone NOT NULL,
    new_notif_count integer NOT NULL,
    action_taken integer NOT NULL
);


ALTER TABLE public.doctor_doctorschedule OWNER TO postgres;

--
-- Name: doctor_doctorschedule_doc_remark; Type: TABLE; Schema: public; Owner: postgres
--

CREATE TABLE public.doctor_doctorschedule_doc_remark (
    id integer NOT NULL,
    doctorschedule_id integer NOT NULL,
    remark_id integer NOT NULL
);


ALTER TABLE public.doctor_doctorschedule_doc_remark OWNER TO postgres;

--
-- Name: doctor_doctorschedule_doc_remark_id_seq; Type: SEQUENCE; Schema: public; Owner: postgres
--

CREATE SEQUENCE public.doctor_doctorschedule_doc_remark_id_seq
    AS integer
    START WITH 1
    INCREMENT BY 1
    NO MINVALUE
    NO MAXVALUE
    CACHE 1;


ALTER TABLE public.doctor_doctorschedule_doc_remark_id_seq OWNER TO postgres;

--
-- Name: doctor_doctorschedule_doc_remark_id_seq; Type: SEQUENCE OWNED BY; Schema: public; Owner: postgres
--

ALTER SEQUENCE public.doctor_doctorschedule_doc_remark_id_seq OWNED BY public.doctor_doctorschedule_doc_remark.id;


--
-- Name: doctor_doctorschedule_users_viewed; Type: TABLE; Schema: public; Owner: postgres
--

CREATE TABLE public.doctor_doctorschedule_users_viewed (
    id integer NOT NULL,
    doctorschedule_id integer NOT NULL,
    usersviewed_id integer NOT NULL
);


ALTER TABLE public.doctor_doctorschedule_users_viewed OWNER TO postgres;

--
-- Name: doctor_doctorschedule_doc_views_details_id_seq; Type: SEQUENCE; Schema: public; Owner: postgres
--

CREATE SEQUENCE public.doctor_doctorschedule_doc_views_details_id_seq
    AS integer
    START WITH 1
    INCREMENT BY 1
    NO MINVALUE
    NO MAXVALUE
    CACHE 1;


ALTER TABLE public.doctor_doctorschedule_doc_views_details_id_seq OWNER TO postgres;

--
-- Name: doctor_doctorschedule_doc_views_details_id_seq; Type: SEQUENCE OWNED BY; Schema: public; Owner: postgres
--

ALTER SEQUENCE public.doctor_doctorschedule_doc_views_details_id_seq OWNED BY public.doctor_doctorschedule_users_viewed.id;


--
-- Name: doctor_doctorschedule_id_seq; Type: SEQUENCE; Schema: public; Owner: postgres
--

CREATE SEQUENCE public.doctor_doctorschedule_id_seq
    AS integer
    START WITH 1
    INCREMENT BY 1
    NO MINVALUE
    NO MAXVALUE
    CACHE 1;


ALTER TABLE public.doctor_doctorschedule_id_seq OWNER TO postgres;

--
-- Name: doctor_doctorschedule_id_seq; Type: SEQUENCE OWNED BY; Schema: public; Owner: postgres
--

ALTER SEQUENCE public.doctor_doctorschedule_id_seq OWNED BY public.doctor_doctorschedule.id;


--
-- Name: doctor_doctorstats; Type: TABLE; Schema: public; Owner: postgres
--

CREATE TABLE public.doctor_doctorstats (
    id integer NOT NULL,
    day_count integer NOT NULL,
    last_updated date NOT NULL,
    start_date date NOT NULL,
    week_count integer NOT NULL,
    doctor_name character varying(100) NOT NULL,
    neg_patients integer NOT NULL,
    stage_1 integer NOT NULL,
    stage_2 integer NOT NULL,
    stage_3 integer NOT NULL,
    all_patients_count integer NOT NULL,
    my_patients_count integer NOT NULL
);


ALTER TABLE public.doctor_doctorstats OWNER TO postgres;

--
-- Name: doctor_doctorstats_id_seq; Type: SEQUENCE; Schema: public; Owner: postgres
--

CREATE SEQUENCE public.doctor_doctorstats_id_seq
    AS integer
    START WITH 1
    INCREMENT BY 1
    NO MINVALUE
    NO MAXVALUE
    CACHE 1;


ALTER TABLE public.doctor_doctorstats_id_seq OWNER TO postgres;

--
-- Name: doctor_doctorstats_id_seq; Type: SEQUENCE OWNED BY; Schema: public; Owner: postgres
--

ALTER SEQUENCE public.doctor_doctorstats_id_seq OWNED BY public.doctor_doctorstats.id;


--
-- Name: doctor_remark; Type: TABLE; Schema: public; Owner: postgres
--

CREATE TABLE public.doctor_remark (
    id integer NOT NULL,
    author character varying(200) NOT NULL,
    text text NOT NULL,
    created_date timestamp with time zone NOT NULL,
    approved_comment boolean NOT NULL,
    remark_seen boolean NOT NULL,
    remark_parent_type character varying(100) NOT NULL,
    remark_receiver character varying(100) NOT NULL,
    seen_date timestamp with time zone NOT NULL
);


ALTER TABLE public.doctor_remark OWNER TO postgres;

--
-- Name: doctor_note_id_seq; Type: SEQUENCE; Schema: public; Owner: postgres
--

CREATE SEQUENCE public.doctor_note_id_seq
    AS integer
    START WITH 1
    INCREMENT BY 1
    NO MINVALUE
    NO MAXVALUE
    CACHE 1;


ALTER TABLE public.doctor_note_id_seq OWNER TO postgres;

--
-- Name: doctor_note_id_seq; Type: SEQUENCE OWNED BY; Schema: public; Owner: postgres
--

ALTER SEQUENCE public.doctor_note_id_seq OWNED BY public.doctor_remark.id;


--
-- Name: doctor_usersviewed; Type: TABLE; Schema: public; Owner: postgres
--

CREATE TABLE public.doctor_usersviewed (
    id integer NOT NULL,
    seen_flag boolean NOT NULL,
    seen_date timestamp with time zone NOT NULL,
    viewer_type character varying(100) NOT NULL,
    viewed_type character varying(100) NOT NULL,
    viewer_name character varying(100) NOT NULL,
    viewed_pk integer NOT NULL,
    file_owner character varying(100) NOT NULL
);


ALTER TABLE public.doctor_usersviewed OWNER TO postgres;

--
-- Name: doctor_usersviewed_id_seq; Type: SEQUENCE; Schema: public; Owner: postgres
--

CREATE SEQUENCE public.doctor_usersviewed_id_seq
    AS integer
    START WITH 1
    INCREMENT BY 1
    NO MINVALUE
    NO MAXVALUE
    CACHE 1;


ALTER TABLE public.doctor_usersviewed_id_seq OWNER TO postgres;

--
-- Name: doctor_usersviewed_id_seq; Type: SEQUENCE OWNED BY; Schema: public; Owner: postgres
--

ALTER SEQUENCE public.doctor_usersviewed_id_seq OWNED BY public.doctor_usersviewed.id;


--
-- Name: patient_icrform; Type: TABLE; Schema: public; Owner: postgres
--

CREATE TABLE public.patient_icrform (
    id integer NOT NULL,
    last_name character varying(100) NOT NULL,
    first_name character varying(100) NOT NULL,
    middle_name character varying(100) NOT NULL,
    date_of_visit character varying(100) NOT NULL,
    age character varying(100) NOT NULL,
    birthdate character varying(100) NOT NULL,
    sex character varying(100) NOT NULL,
    civil_status character varying(100) NOT NULL,
    phone_number character varying(100) NOT NULL,
    home_address character varying(100) NOT NULL,
    occupation character varying(100) NOT NULL,
    work_address character varying(100) NOT NULL,
    work_number character varying(100) NOT NULL,
    purpose_of_visit character varying(100) NOT NULL,
    symptoms character varying(100) NOT NULL,
    specification character varying(100) NOT NULL
);


ALTER TABLE public.patient_icrform OWNER TO postgres;

--
-- Name: patient_icrform_doctor_remarks; Type: TABLE; Schema: public; Owner: postgres
--

CREATE TABLE public.patient_icrform_doctor_remarks (
    id integer NOT NULL,
    icrform_id integer NOT NULL,
    remark_id integer NOT NULL
);


ALTER TABLE public.patient_icrform_doctor_remarks OWNER TO postgres;

--
-- Name: patient_icrform_doc_remarks_id_seq; Type: SEQUENCE; Schema: public; Owner: postgres
--

CREATE SEQUENCE public.patient_icrform_doc_remarks_id_seq
    AS integer
    START WITH 1
    INCREMENT BY 1
    NO MINVALUE
    NO MAXVALUE
    CACHE 1;


ALTER TABLE public.patient_icrform_doc_remarks_id_seq OWNER TO postgres;

--
-- Name: patient_icrform_doc_remarks_id_seq; Type: SEQUENCE OWNED BY; Schema: public; Owner: postgres
--

ALTER SEQUENCE public.patient_icrform_doc_remarks_id_seq OWNED BY public.patient_icrform_doctor_remarks.id;


--
-- Name: patient_icrform_docs_viewed; Type: TABLE; Schema: public; Owner: postgres
--

CREATE TABLE public.patient_icrform_docs_viewed (
    id integer NOT NULL,
    icrform_id integer NOT NULL,
    usersviewed_id integer NOT NULL
);


ALTER TABLE public.patient_icrform_docs_viewed OWNER TO postgres;

--
-- Name: patient_icrform_docs_viewed_id_seq; Type: SEQUENCE; Schema: public; Owner: postgres
--

CREATE SEQUENCE public.patient_icrform_docs_viewed_id_seq
    AS integer
    START WITH 1
    INCREMENT BY 1
    NO MINVALUE
    NO MAXVALUE
    CACHE 1;


ALTER TABLE public.patient_icrform_docs_viewed_id_seq OWNER TO postgres;

--
-- Name: patient_icrform_docs_viewed_id_seq; Type: SEQUENCE OWNED BY; Schema: public; Owner: postgres
--

ALTER SEQUENCE public.patient_icrform_docs_viewed_id_seq OWNED BY public.patient_icrform_docs_viewed.id;


--
-- Name: patient_icrform_id_seq; Type: SEQUENCE; Schema: public; Owner: postgres
--

CREATE SEQUENCE public.patient_icrform_id_seq
    AS integer
    START WITH 1
    INCREMENT BY 1
    NO MINVALUE
    NO MAXVALUE
    CACHE 1;


ALTER TABLE public.patient_icrform_id_seq OWNER TO postgres;

--
-- Name: patient_icrform_id_seq; Type: SEQUENCE OWNED BY; Schema: public; Owner: postgres
--

ALTER SEQUENCE public.patient_icrform_id_seq OWNED BY public.patient_icrform.id;


--
-- Name: patient_medhistform; Type: TABLE; Schema: public; Owner: postgres
--

CREATE TABLE public.patient_medhistform (
    id integer NOT NULL,
    name character varying(100) NOT NULL,
    exposure character varying(100) NOT NULL,
    other_conditions character varying(100) NOT NULL,
    date_diagnosed character varying(100) NOT NULL
);


ALTER TABLE public.patient_medhistform OWNER TO postgres;

--
-- Name: patient_medhistform_doctor_remarks; Type: TABLE; Schema: public; Owner: postgres
--

CREATE TABLE public.patient_medhistform_doctor_remarks (
    id integer NOT NULL,
    medhistform_id integer NOT NULL,
    remark_id integer NOT NULL
);


ALTER TABLE public.patient_medhistform_doctor_remarks OWNER TO postgres;

--
-- Name: patient_medhistform_doc_remarks_id_seq; Type: SEQUENCE; Schema: public; Owner: postgres
--

CREATE SEQUENCE public.patient_medhistform_doc_remarks_id_seq
    AS integer
    START WITH 1
    INCREMENT BY 1
    NO MINVALUE
    NO MAXVALUE
    CACHE 1;


ALTER TABLE public.patient_medhistform_doc_remarks_id_seq OWNER TO postgres;

--
-- Name: patient_medhistform_doc_remarks_id_seq; Type: SEQUENCE OWNED BY; Schema: public; Owner: postgres
--

ALTER SEQUENCE public.patient_medhistform_doc_remarks_id_seq OWNED BY public.patient_medhistform_doctor_remarks.id;


--
-- Name: patient_medhistform_docs_viewed; Type: TABLE; Schema: public; Owner: postgres
--

CREATE TABLE public.patient_medhistform_docs_viewed (
    id integer NOT NULL,
    medhistform_id integer NOT NULL,
    usersviewed_id integer NOT NULL
);


ALTER TABLE public.patient_medhistform_docs_viewed OWNER TO postgres;

--
-- Name: patient_medhistform_docs_viewed_id_seq; Type: SEQUENCE; Schema: public; Owner: postgres
--

CREATE SEQUENCE public.patient_medhistform_docs_viewed_id_seq
    AS integer
    START WITH 1
    INCREMENT BY 1
    NO MINVALUE
    NO MAXVALUE
    CACHE 1;


ALTER TABLE public.patient_medhistform_docs_viewed_id_seq OWNER TO postgres;

--
-- Name: patient_medhistform_docs_viewed_id_seq; Type: SEQUENCE OWNED BY; Schema: public; Owner: postgres
--

ALTER SEQUENCE public.patient_medhistform_docs_viewed_id_seq OWNED BY public.patient_medhistform_docs_viewed.id;


--
-- Name: patient_medhistform_id_seq; Type: SEQUENCE; Schema: public; Owner: postgres
--

CREATE SEQUENCE public.patient_medhistform_id_seq
    AS integer
    START WITH 1
    INCREMENT BY 1
    NO MINVALUE
    NO MAXVALUE
    CACHE 1;


ALTER TABLE public.patient_medhistform_id_seq OWNER TO postgres;

--
-- Name: patient_medhistform_id_seq; Type: SEQUENCE OWNED BY; Schema: public; Owner: postgres
--

ALTER SEQUENCE public.patient_medhistform_id_seq OWNED BY public.patient_medhistform.id;


--
-- Name: patient_patient; Type: TABLE; Schema: public; Owner: postgres
--

CREATE TABLE public.patient_patient (
    first_name character varying(100) NOT NULL,
    last_name character varying(100) NOT NULL,
    username character varying(100) NOT NULL,
    birthdate date NOT NULL,
    age integer NOT NULL,
    present_address character varying(100) NOT NULL,
    work character varying(100) NOT NULL,
    work_address character varying(100) NOT NULL,
    call_number character varying(100) NOT NULL,
    email character varying(100) NOT NULL,
    password character varying(100),
    "HIV_status" character varying(100) NOT NULL,
    icr_id integer NOT NULL,
    medical_history_id integer,
    profile_id integer,
    location_details_id integer,
    last_log_in timestamp with time zone NOT NULL,
    last_log_out timestamp with time zone NOT NULL,
    login_flag boolean NOT NULL,
    date_created timestamp with time zone NOT NULL,
    home_address character varying(100) NOT NULL,
    tel_number character varying(100) NOT NULL
);


ALTER TABLE public.patient_patient OWNER TO postgres;

--
-- Name: patient_patient_approved_schedules; Type: TABLE; Schema: public; Owner: postgres
--

CREATE TABLE public.patient_patient_approved_schedules (
    id integer NOT NULL,
    patient_id integer NOT NULL,
    doctorschedule_id integer NOT NULL
);


ALTER TABLE public.patient_patient_approved_schedules OWNER TO postgres;

--
-- Name: patient_patient_approvedScheds_id_seq; Type: SEQUENCE; Schema: public; Owner: postgres
--

CREATE SEQUENCE public."patient_patient_approvedScheds_id_seq"
    AS integer
    START WITH 1
    INCREMENT BY 1
    NO MINVALUE
    NO MAXVALUE
    CACHE 1;


ALTER TABLE public."patient_patient_approvedScheds_id_seq" OWNER TO postgres;

--
-- Name: patient_patient_approvedScheds_id_seq; Type: SEQUENCE OWNED BY; Schema: public; Owner: postgres
--

ALTER SEQUENCE public."patient_patient_approvedScheds_id_seq" OWNED BY public.patient_patient_approved_schedules.id;


--
-- Name: patient_patient_finished_schedules; Type: TABLE; Schema: public; Owner: postgres
--

CREATE TABLE public.patient_patient_finished_schedules (
    id integer NOT NULL,
    patient_id integer NOT NULL,
    doctorschedule_id integer NOT NULL
);


ALTER TABLE public.patient_patient_finished_schedules OWNER TO postgres;

--
-- Name: patient_patient_finishedScheds_id_seq; Type: SEQUENCE; Schema: public; Owner: postgres
--

CREATE SEQUENCE public."patient_patient_finishedScheds_id_seq"
    AS integer
    START WITH 1
    INCREMENT BY 1
    NO MINVALUE
    NO MAXVALUE
    CACHE 1;


ALTER TABLE public."patient_patient_finishedScheds_id_seq" OWNER TO postgres;

--
-- Name: patient_patient_finishedScheds_id_seq; Type: SEQUENCE OWNED BY; Schema: public; Owner: postgres
--

ALTER SEQUENCE public."patient_patient_finishedScheds_id_seq" OWNED BY public.patient_patient_finished_schedules.id;


--
-- Name: patient_patient_my_doctors; Type: TABLE; Schema: public; Owner: postgres
--

CREATE TABLE public.patient_patient_my_doctors (
    id integer NOT NULL,
    patient_id integer NOT NULL,
    doctor_id integer NOT NULL
);


ALTER TABLE public.patient_patient_my_doctors OWNER TO postgres;

--
-- Name: patient_patient_myDoctors_id_seq; Type: SEQUENCE; Schema: public; Owner: postgres
--

CREATE SEQUENCE public."patient_patient_myDoctors_id_seq"
    AS integer
    START WITH 1
    INCREMENT BY 1
    NO MINVALUE
    NO MAXVALUE
    CACHE 1;


ALTER TABLE public."patient_patient_myDoctors_id_seq" OWNER TO postgres;

--
-- Name: patient_patient_myDoctors_id_seq; Type: SEQUENCE OWNED BY; Schema: public; Owner: postgres
--

ALTER SEQUENCE public."patient_patient_myDoctors_id_seq" OWNED BY public.patient_patient_my_doctors.id;


--
-- Name: patient_patient_patient_new_notifications; Type: TABLE; Schema: public; Owner: postgres
--

CREATE TABLE public.patient_patient_patient_new_notifications (
    id integer NOT NULL,
    patient_id integer NOT NULL,
    patientnotification_id integer NOT NULL
);


ALTER TABLE public.patient_patient_patient_new_notifications OWNER TO postgres;

--
-- Name: patient_patient_new_patient_notifications_id_seq; Type: SEQUENCE; Schema: public; Owner: postgres
--

CREATE SEQUENCE public.patient_patient_new_patient_notifications_id_seq
    AS integer
    START WITH 1
    INCREMENT BY 1
    NO MINVALUE
    NO MAXVALUE
    CACHE 1;


ALTER TABLE public.patient_patient_new_patient_notifications_id_seq OWNER TO postgres;

--
-- Name: patient_patient_new_patient_notifications_id_seq; Type: SEQUENCE OWNED BY; Schema: public; Owner: postgres
--

ALTER SEQUENCE public.patient_patient_new_patient_notifications_id_seq OWNED BY public.patient_patient_patient_new_notifications.id;


--
-- Name: patient_patient_patient_notifications; Type: TABLE; Schema: public; Owner: postgres
--

CREATE TABLE public.patient_patient_patient_notifications (
    id integer NOT NULL,
    patient_id integer NOT NULL,
    patientnotification_id integer NOT NULL
);


ALTER TABLE public.patient_patient_patient_notifications OWNER TO postgres;

--
-- Name: patient_patient_patientNotif_id_seq; Type: SEQUENCE; Schema: public; Owner: postgres
--

CREATE SEQUENCE public."patient_patient_patientNotif_id_seq"
    AS integer
    START WITH 1
    INCREMENT BY 1
    NO MINVALUE
    NO MAXVALUE
    CACHE 1;


ALTER TABLE public."patient_patient_patientNotif_id_seq" OWNER TO postgres;

--
-- Name: patient_patient_patientNotif_id_seq; Type: SEQUENCE OWNED BY; Schema: public; Owner: postgres
--

ALTER SEQUENCE public."patient_patient_patientNotif_id_seq" OWNED BY public.patient_patient_patient_notifications.id;


--
-- Name: patient_patient_pending_schedules; Type: TABLE; Schema: public; Owner: postgres
--

CREATE TABLE public.patient_patient_pending_schedules (
    id integer NOT NULL,
    patient_id integer NOT NULL,
    doctorschedule_id integer NOT NULL
);


ALTER TABLE public.patient_patient_pending_schedules OWNER TO postgres;

--
-- Name: patient_patient_pendingScheds_id_seq; Type: SEQUENCE; Schema: public; Owner: postgres
--

CREATE SEQUENCE public."patient_patient_pendingScheds_id_seq"
    AS integer
    START WITH 1
    INCREMENT BY 1
    NO MINVALUE
    NO MAXVALUE
    CACHE 1;


ALTER TABLE public."patient_patient_pendingScheds_id_seq" OWNER TO postgres;

--
-- Name: patient_patient_pendingScheds_id_seq; Type: SEQUENCE OWNED BY; Schema: public; Owner: postgres
--

ALTER SEQUENCE public."patient_patient_pendingScheds_id_seq" OWNED BY public.patient_patient_pending_schedules.id;


--
-- Name: patient_patient_personal_records; Type: TABLE; Schema: public; Owner: postgres
--

CREATE TABLE public.patient_patient_personal_records (
    id integer NOT NULL,
    patient_id integer NOT NULL,
    personalrecord_id integer NOT NULL
);


ALTER TABLE public.patient_patient_personal_records OWNER TO postgres;

--
-- Name: patient_patient_personalRecord_id_seq; Type: SEQUENCE; Schema: public; Owner: postgres
--

CREATE SEQUENCE public."patient_patient_personalRecord_id_seq"
    AS integer
    START WITH 1
    INCREMENT BY 1
    NO MINVALUE
    NO MAXVALUE
    CACHE 1;


ALTER TABLE public."patient_patient_personalRecord_id_seq" OWNER TO postgres;

--
-- Name: patient_patient_personalRecord_id_seq; Type: SEQUENCE OWNED BY; Schema: public; Owner: postgres
--

ALTER SEQUENCE public."patient_patient_personalRecord_id_seq" OWNED BY public.patient_patient_personal_records.id;


--
-- Name: patient_patient_rejected_schedules; Type: TABLE; Schema: public; Owner: postgres
--

CREATE TABLE public.patient_patient_rejected_schedules (
    id integer NOT NULL,
    patient_id integer NOT NULL,
    doctorschedule_id integer NOT NULL
);


ALTER TABLE public.patient_patient_rejected_schedules OWNER TO postgres;

--
-- Name: patient_patient_rejectedScheds_id_seq; Type: SEQUENCE; Schema: public; Owner: postgres
--

CREATE SEQUENCE public."patient_patient_rejectedScheds_id_seq"
    AS integer
    START WITH 1
    INCREMENT BY 1
    NO MINVALUE
    NO MAXVALUE
    CACHE 1;


ALTER TABLE public."patient_patient_rejectedScheds_id_seq" OWNER TO postgres;

--
-- Name: patient_patient_rejectedScheds_id_seq; Type: SEQUENCE OWNED BY; Schema: public; Owner: postgres
--

ALTER SEQUENCE public."patient_patient_rejectedScheds_id_seq" OWNED BY public.patient_patient_rejected_schedules.id;


--
-- Name: patient_patientlocationdetails; Type: TABLE; Schema: public; Owner: postgres
--

CREATE TABLE public.patient_patientlocationdetails (
    id integer NOT NULL,
    lat character varying(200) NOT NULL,
    lon character varying(200) NOT NULL,
    location character varying(200) NOT NULL,
    patient_name character varying(200) NOT NULL,
    username character varying(200) NOT NULL,
    work character varying(200) NOT NULL,
    hiv_level character varying(200) NOT NULL
);


ALTER TABLE public.patient_patientlocationdetails OWNER TO postgres;

--
-- Name: patient_patientlocationdetails_id_seq; Type: SEQUENCE; Schema: public; Owner: postgres
--

CREATE SEQUENCE public.patient_patientlocationdetails_id_seq
    AS integer
    START WITH 1
    INCREMENT BY 1
    NO MINVALUE
    NO MAXVALUE
    CACHE 1;


ALTER TABLE public.patient_patientlocationdetails_id_seq OWNER TO postgres;

--
-- Name: patient_patientlocationdetails_id_seq; Type: SEQUENCE OWNED BY; Schema: public; Owner: postgres
--

ALTER SEQUENCE public.patient_patientlocationdetails_id_seq OWNED BY public.patient_patientlocationdetails.id;


--
-- Name: patient_patientnotification; Type: TABLE; Schema: public; Owner: postgres
--

CREATE TABLE public.patient_patientnotification (
    id integer NOT NULL,
    doctor_name character varying(100) NOT NULL,
    subject character varying(100) NOT NULL,
    user_type character varying(15) NOT NULL,
    notification character varying(2000) NOT NULL,
    created_on timestamp with time zone NOT NULL,
    patient_username character varying(100) NOT NULL,
    action_type character varying(15) NOT NULL,
    action_pk integer NOT NULL,
    status boolean NOT NULL
);


ALTER TABLE public.patient_patientnotification OWNER TO postgres;

--
-- Name: patient_patientnotification_id_seq; Type: SEQUENCE; Schema: public; Owner: postgres
--

CREATE SEQUENCE public.patient_patientnotification_id_seq
    AS integer
    START WITH 1
    INCREMENT BY 1
    NO MINVALUE
    NO MAXVALUE
    CACHE 1;


ALTER TABLE public.patient_patientnotification_id_seq OWNER TO postgres;

--
-- Name: patient_patientnotification_id_seq; Type: SEQUENCE OWNED BY; Schema: public; Owner: postgres
--

ALTER SEQUENCE public.patient_patientnotification_id_seq OWNED BY public.patient_patientnotification.id;


--
-- Name: patient_personalrecord; Type: TABLE; Schema: public; Owner: postgres
--

CREATE TABLE public.patient_personalrecord (
    id integer NOT NULL,
    author character varying(200) NOT NULL,
    title character varying(200) NOT NULL,
    slug character varying(200) NOT NULL,
    updated_on timestamp with time zone NOT NULL,
    content text NOT NULL,
    created_on timestamp with time zone NOT NULL,
    status integer NOT NULL
);


ALTER TABLE public.patient_personalrecord OWNER TO postgres;

--
-- Name: patient_personalrecord_comment; Type: TABLE; Schema: public; Owner: postgres
--

CREATE TABLE public.patient_personalrecord_comment (
    id integer NOT NULL,
    personalrecord_id integer NOT NULL,
    remark_id integer NOT NULL
);


ALTER TABLE public.patient_personalrecord_comment OWNER TO postgres;

--
-- Name: patient_personalrecord_comment_id_seq; Type: SEQUENCE; Schema: public; Owner: postgres
--

CREATE SEQUENCE public.patient_personalrecord_comment_id_seq
    AS integer
    START WITH 1
    INCREMENT BY 1
    NO MINVALUE
    NO MAXVALUE
    CACHE 1;


ALTER TABLE public.patient_personalrecord_comment_id_seq OWNER TO postgres;

--
-- Name: patient_personalrecord_comment_id_seq; Type: SEQUENCE OWNED BY; Schema: public; Owner: postgres
--

ALTER SEQUENCE public.patient_personalrecord_comment_id_seq OWNED BY public.patient_personalrecord_comment.id;


--
-- Name: patient_personalrecord_docs_viewed; Type: TABLE; Schema: public; Owner: postgres
--

CREATE TABLE public.patient_personalrecord_docs_viewed (
    id integer NOT NULL,
    personalrecord_id integer NOT NULL,
    usersviewed_id integer NOT NULL
);


ALTER TABLE public.patient_personalrecord_docs_viewed OWNER TO postgres;

--
-- Name: patient_personalrecord_docs_viewed_id_seq; Type: SEQUENCE; Schema: public; Owner: postgres
--

CREATE SEQUENCE public.patient_personalrecord_docs_viewed_id_seq
    AS integer
    START WITH 1
    INCREMENT BY 1
    NO MINVALUE
    NO MAXVALUE
    CACHE 1;


ALTER TABLE public.patient_personalrecord_docs_viewed_id_seq OWNER TO postgres;

--
-- Name: patient_personalrecord_docs_viewed_id_seq; Type: SEQUENCE OWNED BY; Schema: public; Owner: postgres
--

ALTER SEQUENCE public.patient_personalrecord_docs_viewed_id_seq OWNED BY public.patient_personalrecord_docs_viewed.id;


--
-- Name: patient_personalrecord_id_seq; Type: SEQUENCE; Schema: public; Owner: postgres
--

CREATE SEQUENCE public.patient_personalrecord_id_seq
    AS integer
    START WITH 1
    INCREMENT BY 1
    NO MINVALUE
    NO MAXVALUE
    CACHE 1;


ALTER TABLE public.patient_personalrecord_id_seq OWNER TO postgres;

--
-- Name: patient_personalrecord_id_seq; Type: SEQUENCE OWNED BY; Schema: public; Owner: postgres
--

ALTER SEQUENCE public.patient_personalrecord_id_seq OWNED BY public.patient_personalrecord.id;


--
-- Name: patient_profileform; Type: TABLE; Schema: public; Owner: postgres
--

CREATE TABLE public.patient_profileform (
    id integer NOT NULL,
    uid character varying(100) NOT NULL,
    code_name character varying(100) NOT NULL,
    real_name character varying(100) NOT NULL,
    mother_maiden_name character varying(100) NOT NULL,
    address character varying(100) NOT NULL,
    province character varying(100) NOT NULL,
    age character varying(3) NOT NULL,
    sex character varying(100) NOT NULL,
    status character varying(100) NOT NULL,
    birthdate character varying(100) NOT NULL,
    pdate character varying(100) NOT NULL,
    nation character varying(100) NOT NULL,
    ed character varying(100) NOT NULL,
    occupation character varying(100) NOT NULL,
    contact character varying(100) NOT NULL,
    "philNum" character varying(100) NOT NULL
);


ALTER TABLE public.patient_profileform OWNER TO postgres;

--
-- Name: patient_profileform_doctor_remarks; Type: TABLE; Schema: public; Owner: postgres
--

CREATE TABLE public.patient_profileform_doctor_remarks (
    id integer NOT NULL,
    profileform_id integer NOT NULL,
    remark_id integer NOT NULL
);


ALTER TABLE public.patient_profileform_doctor_remarks OWNER TO postgres;

--
-- Name: patient_profileform_doc_remarks_id_seq; Type: SEQUENCE; Schema: public; Owner: postgres
--

CREATE SEQUENCE public.patient_profileform_doc_remarks_id_seq
    AS integer
    START WITH 1
    INCREMENT BY 1
    NO MINVALUE
    NO MAXVALUE
    CACHE 1;


ALTER TABLE public.patient_profileform_doc_remarks_id_seq OWNER TO postgres;

--
-- Name: patient_profileform_doc_remarks_id_seq; Type: SEQUENCE OWNED BY; Schema: public; Owner: postgres
--

ALTER SEQUENCE public.patient_profileform_doc_remarks_id_seq OWNED BY public.patient_profileform_doctor_remarks.id;


--
-- Name: patient_profileform_docs_viewed; Type: TABLE; Schema: public; Owner: postgres
--

CREATE TABLE public.patient_profileform_docs_viewed (
    id integer NOT NULL,
    profileform_id integer NOT NULL,
    usersviewed_id integer NOT NULL
);


ALTER TABLE public.patient_profileform_docs_viewed OWNER TO postgres;

--
-- Name: patient_profileform_docs_viewed_id_seq; Type: SEQUENCE; Schema: public; Owner: postgres
--

CREATE SEQUENCE public.patient_profileform_docs_viewed_id_seq
    AS integer
    START WITH 1
    INCREMENT BY 1
    NO MINVALUE
    NO MAXVALUE
    CACHE 1;


ALTER TABLE public.patient_profileform_docs_viewed_id_seq OWNER TO postgres;

--
-- Name: patient_profileform_docs_viewed_id_seq; Type: SEQUENCE OWNED BY; Schema: public; Owner: postgres
--

ALTER SEQUENCE public.patient_profileform_docs_viewed_id_seq OWNED BY public.patient_profileform_docs_viewed.id;


--
-- Name: patient_profileform_id_seq; Type: SEQUENCE; Schema: public; Owner: postgres
--

CREATE SEQUENCE public.patient_profileform_id_seq
    AS integer
    START WITH 1
    INCREMENT BY 1
    NO MINVALUE
    NO MAXVALUE
    CACHE 1;


ALTER TABLE public.patient_profileform_id_seq OWNER TO postgres;

--
-- Name: patient_profileform_id_seq; Type: SEQUENCE OWNED BY; Schema: public; Owner: postgres
--

ALTER SEQUENCE public.patient_profileform_id_seq OWNED BY public.patient_profileform.id;


--
-- Name: portal_adminnotification; Type: TABLE; Schema: public; Owner: postgres
--

CREATE TABLE public.portal_adminnotification (
    id integer NOT NULL,
    name character varying(100) NOT NULL,
    user_type character varying(15) NOT NULL,
    notif character varying(100) NOT NULL,
    created_on timestamp with time zone NOT NULL
);


ALTER TABLE public.portal_adminnotification OWNER TO postgres;

--
-- Name: portal_adminnotification_id_seq; Type: SEQUENCE; Schema: public; Owner: postgres
--

CREATE SEQUENCE public.portal_adminnotification_id_seq
    AS integer
    START WITH 1
    INCREMENT BY 1
    NO MINVALUE
    NO MAXVALUE
    CACHE 1;


ALTER TABLE public.portal_adminnotification_id_seq OWNER TO postgres;

--
-- Name: portal_adminnotification_id_seq; Type: SEQUENCE OWNED BY; Schema: public; Owner: postgres
--

ALTER SEQUENCE public.portal_adminnotification_id_seq OWNED BY public.portal_adminnotification.id;


--
-- Name: auth_group id; Type: DEFAULT; Schema: public; Owner: postgres
--

ALTER TABLE ONLY public.auth_group ALTER COLUMN id SET DEFAULT nextval('public.auth_group_id_seq'::regclass);


--
-- Name: auth_group_permissions id; Type: DEFAULT; Schema: public; Owner: postgres
--

ALTER TABLE ONLY public.auth_group_permissions ALTER COLUMN id SET DEFAULT nextval('public.auth_group_permissions_id_seq'::regclass);


--
-- Name: auth_permission id; Type: DEFAULT; Schema: public; Owner: postgres
--

ALTER TABLE ONLY public.auth_permission ALTER COLUMN id SET DEFAULT nextval('public.auth_permission_id_seq'::regclass);


--
-- Name: auth_user id; Type: DEFAULT; Schema: public; Owner: postgres
--

ALTER TABLE ONLY public.auth_user ALTER COLUMN id SET DEFAULT nextval('public.auth_user_id_seq'::regclass);


--
-- Name: auth_user_groups id; Type: DEFAULT; Schema: public; Owner: postgres
--

ALTER TABLE ONLY public.auth_user_groups ALTER COLUMN id SET DEFAULT nextval('public.auth_user_groups_id_seq'::regclass);


--
-- Name: auth_user_user_permissions id; Type: DEFAULT; Schema: public; Owner: postgres
--

ALTER TABLE ONLY public.auth_user_user_permissions ALTER COLUMN id SET DEFAULT nextval('public.auth_user_user_permissions_id_seq'::regclass);


--
-- Name: cebuMap_cebubarangays id; Type: DEFAULT; Schema: public; Owner: postgres
--

ALTER TABLE ONLY public."cebuMap_cebubarangays" ALTER COLUMN id SET DEFAULT nextval('public."cebuMap_cebubarangays_id_seq"'::regclass);


--
-- Name: cebuMap_cebumap id; Type: DEFAULT; Schema: public; Owner: postgres
--

ALTER TABLE ONLY public."cebuMap_cebumap" ALTER COLUMN id SET DEFAULT nextval('public."cebuMap_cebumap_id_seq1"'::regclass);


--
-- Name: cebuMap_incidence id; Type: DEFAULT; Schema: public; Owner: postgres
--

ALTER TABLE ONLY public."cebuMap_incidence" ALTER COLUMN id SET DEFAULT nextval('public."cebuMap_incidence_id_seq"'::regclass);


--
-- Name: django_admin_log id; Type: DEFAULT; Schema: public; Owner: postgres
--

ALTER TABLE ONLY public.django_admin_log ALTER COLUMN id SET DEFAULT nextval('public.django_admin_log_id_seq'::regclass);


--
-- Name: django_content_type id; Type: DEFAULT; Schema: public; Owner: postgres
--

ALTER TABLE ONLY public.django_content_type ALTER COLUMN id SET DEFAULT nextval('public.django_content_type_id_seq'::regclass);


--
-- Name: django_migrations id; Type: DEFAULT; Schema: public; Owner: postgres
--

ALTER TABLE ONLY public.django_migrations ALTER COLUMN id SET DEFAULT nextval('public.django_migrations_id_seq'::regclass);


--
-- Name: doctor_doctor id; Type: DEFAULT; Schema: public; Owner: postgres
--

ALTER TABLE ONLY public.doctor_doctor ALTER COLUMN id SET DEFAULT nextval('public.doctor_doctor_id_seq'::regclass);


--
-- Name: doctor_doctor_doctorNotifs id; Type: DEFAULT; Schema: public; Owner: postgres
--

ALTER TABLE ONLY public."doctor_doctor_doctorNotifs" ALTER COLUMN id SET DEFAULT nextval('public."doctor_doctor_doctorNotifs_id_seq"'::regclass);


--
-- Name: doctor_doctor_finished_scheds id; Type: DEFAULT; Schema: public; Owner: postgres
--

ALTER TABLE ONLY public.doctor_doctor_finished_scheds ALTER COLUMN id SET DEFAULT nextval('public.doctor_doctor_finished_scheds_id_seq'::regclass);


--
-- Name: doctor_doctor_new_notifs id; Type: DEFAULT; Schema: public; Owner: postgres
--

ALTER TABLE ONLY public.doctor_doctor_new_notifs ALTER COLUMN id SET DEFAULT nextval('public.doctor_doctor_new_notifs_id_seq'::regclass);


--
-- Name: doctor_doctor_pending_scheds id; Type: DEFAULT; Schema: public; Owner: postgres
--

ALTER TABLE ONLY public.doctor_doctor_pending_scheds ALTER COLUMN id SET DEFAULT nextval('public.doctor_doctor_pending_scheds_id_seq'::regclass);


--
-- Name: doctor_doctor_rejected_scheds id; Type: DEFAULT; Schema: public; Owner: postgres
--

ALTER TABLE ONLY public.doctor_doctor_rejected_scheds ALTER COLUMN id SET DEFAULT nextval('public.doctor_doctor_rejected_scheds_id_seq'::regclass);


--
-- Name: doctor_doctor_schedules id; Type: DEFAULT; Schema: public; Owner: postgres
--

ALTER TABLE ONLY public.doctor_doctor_schedules ALTER COLUMN id SET DEFAULT nextval('public.doctor_doctor_schedules_id_seq'::regclass);


--
-- Name: doctor_doctornotification id; Type: DEFAULT; Schema: public; Owner: postgres
--

ALTER TABLE ONLY public.doctor_doctornotification ALTER COLUMN id SET DEFAULT nextval('public.doctor_doctornotification_id_seq'::regclass);


--
-- Name: doctor_doctorschedule id; Type: DEFAULT; Schema: public; Owner: postgres
--

ALTER TABLE ONLY public.doctor_doctorschedule ALTER COLUMN id SET DEFAULT nextval('public.doctor_doctorschedule_id_seq'::regclass);


--
-- Name: doctor_doctorschedule_doc_remark id; Type: DEFAULT; Schema: public; Owner: postgres
--

ALTER TABLE ONLY public.doctor_doctorschedule_doc_remark ALTER COLUMN id SET DEFAULT nextval('public.doctor_doctorschedule_doc_remark_id_seq'::regclass);


--
-- Name: doctor_doctorschedule_users_viewed id; Type: DEFAULT; Schema: public; Owner: postgres
--

ALTER TABLE ONLY public.doctor_doctorschedule_users_viewed ALTER COLUMN id SET DEFAULT nextval('public.doctor_doctorschedule_doc_views_details_id_seq'::regclass);


--
-- Name: doctor_doctorstats id; Type: DEFAULT; Schema: public; Owner: postgres
--

ALTER TABLE ONLY public.doctor_doctorstats ALTER COLUMN id SET DEFAULT nextval('public.doctor_doctorstats_id_seq'::regclass);


--
-- Name: doctor_remark id; Type: DEFAULT; Schema: public; Owner: postgres
--

ALTER TABLE ONLY public.doctor_remark ALTER COLUMN id SET DEFAULT nextval('public.doctor_note_id_seq'::regclass);


--
-- Name: doctor_usersviewed id; Type: DEFAULT; Schema: public; Owner: postgres
--

ALTER TABLE ONLY public.doctor_usersviewed ALTER COLUMN id SET DEFAULT nextval('public.doctor_usersviewed_id_seq'::regclass);


--
-- Name: patient_icrform id; Type: DEFAULT; Schema: public; Owner: postgres
--

ALTER TABLE ONLY public.patient_icrform ALTER COLUMN id SET DEFAULT nextval('public.patient_icrform_id_seq'::regclass);


--
-- Name: patient_icrform_docs_viewed id; Type: DEFAULT; Schema: public; Owner: postgres
--

ALTER TABLE ONLY public.patient_icrform_docs_viewed ALTER COLUMN id SET DEFAULT nextval('public.patient_icrform_docs_viewed_id_seq'::regclass);


--
-- Name: patient_icrform_doctor_remarks id; Type: DEFAULT; Schema: public; Owner: postgres
--

ALTER TABLE ONLY public.patient_icrform_doctor_remarks ALTER COLUMN id SET DEFAULT nextval('public.patient_icrform_doc_remarks_id_seq'::regclass);


--
-- Name: patient_medhistform id; Type: DEFAULT; Schema: public; Owner: postgres
--

ALTER TABLE ONLY public.patient_medhistform ALTER COLUMN id SET DEFAULT nextval('public.patient_medhistform_id_seq'::regclass);


--
-- Name: patient_medhistform_docs_viewed id; Type: DEFAULT; Schema: public; Owner: postgres
--

ALTER TABLE ONLY public.patient_medhistform_docs_viewed ALTER COLUMN id SET DEFAULT nextval('public.patient_medhistform_docs_viewed_id_seq'::regclass);


--
-- Name: patient_medhistform_doctor_remarks id; Type: DEFAULT; Schema: public; Owner: postgres
--

ALTER TABLE ONLY public.patient_medhistform_doctor_remarks ALTER COLUMN id SET DEFAULT nextval('public.patient_medhistform_doc_remarks_id_seq'::regclass);


--
-- Name: patient_patient_approved_schedules id; Type: DEFAULT; Schema: public; Owner: postgres
--

ALTER TABLE ONLY public.patient_patient_approved_schedules ALTER COLUMN id SET DEFAULT nextval('public."patient_patient_approvedScheds_id_seq"'::regclass);


--
-- Name: patient_patient_finished_schedules id; Type: DEFAULT; Schema: public; Owner: postgres
--

ALTER TABLE ONLY public.patient_patient_finished_schedules ALTER COLUMN id SET DEFAULT nextval('public."patient_patient_finishedScheds_id_seq"'::regclass);


--
-- Name: patient_patient_my_doctors id; Type: DEFAULT; Schema: public; Owner: postgres
--

ALTER TABLE ONLY public.patient_patient_my_doctors ALTER COLUMN id SET DEFAULT nextval('public."patient_patient_myDoctors_id_seq"'::regclass);


--
-- Name: patient_patient_patient_new_notifications id; Type: DEFAULT; Schema: public; Owner: postgres
--

ALTER TABLE ONLY public.patient_patient_patient_new_notifications ALTER COLUMN id SET DEFAULT nextval('public.patient_patient_new_patient_notifications_id_seq'::regclass);


--
-- Name: patient_patient_patient_notifications id; Type: DEFAULT; Schema: public; Owner: postgres
--

ALTER TABLE ONLY public.patient_patient_patient_notifications ALTER COLUMN id SET DEFAULT nextval('public."patient_patient_patientNotif_id_seq"'::regclass);


--
-- Name: patient_patient_pending_schedules id; Type: DEFAULT; Schema: public; Owner: postgres
--

ALTER TABLE ONLY public.patient_patient_pending_schedules ALTER COLUMN id SET DEFAULT nextval('public."patient_patient_pendingScheds_id_seq"'::regclass);


--
-- Name: patient_patient_personal_records id; Type: DEFAULT; Schema: public; Owner: postgres
--

ALTER TABLE ONLY public.patient_patient_personal_records ALTER COLUMN id SET DEFAULT nextval('public."patient_patient_personalRecord_id_seq"'::regclass);


--
-- Name: patient_patient_rejected_schedules id; Type: DEFAULT; Schema: public; Owner: postgres
--

ALTER TABLE ONLY public.patient_patient_rejected_schedules ALTER COLUMN id SET DEFAULT nextval('public."patient_patient_rejectedScheds_id_seq"'::regclass);


--
-- Name: patient_patientlocationdetails id; Type: DEFAULT; Schema: public; Owner: postgres
--

ALTER TABLE ONLY public.patient_patientlocationdetails ALTER COLUMN id SET DEFAULT nextval('public.patient_patientlocationdetails_id_seq'::regclass);


--
-- Name: patient_patientnotification id; Type: DEFAULT; Schema: public; Owner: postgres
--

ALTER TABLE ONLY public.patient_patientnotification ALTER COLUMN id SET DEFAULT nextval('public.patient_patientnotification_id_seq'::regclass);


--
-- Name: patient_personalrecord id; Type: DEFAULT; Schema: public; Owner: postgres
--

ALTER TABLE ONLY public.patient_personalrecord ALTER COLUMN id SET DEFAULT nextval('public.patient_personalrecord_id_seq'::regclass);


--
-- Name: patient_personalrecord_comment id; Type: DEFAULT; Schema: public; Owner: postgres
--

ALTER TABLE ONLY public.patient_personalrecord_comment ALTER COLUMN id SET DEFAULT nextval('public.patient_personalrecord_comment_id_seq'::regclass);


--
-- Name: patient_personalrecord_docs_viewed id; Type: DEFAULT; Schema: public; Owner: postgres
--

ALTER TABLE ONLY public.patient_personalrecord_docs_viewed ALTER COLUMN id SET DEFAULT nextval('public.patient_personalrecord_docs_viewed_id_seq'::regclass);


--
-- Name: patient_profileform id; Type: DEFAULT; Schema: public; Owner: postgres
--

ALTER TABLE ONLY public.patient_profileform ALTER COLUMN id SET DEFAULT nextval('public.patient_profileform_id_seq'::regclass);


--
-- Name: patient_profileform_docs_viewed id; Type: DEFAULT; Schema: public; Owner: postgres
--

ALTER TABLE ONLY public.patient_profileform_docs_viewed ALTER COLUMN id SET DEFAULT nextval('public.patient_profileform_docs_viewed_id_seq'::regclass);


--
-- Name: patient_profileform_doctor_remarks id; Type: DEFAULT; Schema: public; Owner: postgres
--

ALTER TABLE ONLY public.patient_profileform_doctor_remarks ALTER COLUMN id SET DEFAULT nextval('public.patient_profileform_doc_remarks_id_seq'::regclass);


--
-- Name: portal_adminnotification id; Type: DEFAULT; Schema: public; Owner: postgres
--

ALTER TABLE ONLY public.portal_adminnotification ALTER COLUMN id SET DEFAULT nextval('public.portal_adminnotification_id_seq'::regclass);


--
-- Data for Name: auth_group; Type: TABLE DATA; Schema: public; Owner: postgres
--

COPY public.auth_group (id, name) FROM stdin;
\.


--
-- Data for Name: auth_group_permissions; Type: TABLE DATA; Schema: public; Owner: postgres
--

COPY public.auth_group_permissions (id, group_id, permission_id) FROM stdin;
\.


--
-- Data for Name: auth_permission; Type: TABLE DATA; Schema: public; Owner: postgres
--

COPY public.auth_permission (id, name, content_type_id, codename) FROM stdin;
1	Can add log entry	1	add_logentry
2	Can change log entry	1	change_logentry
3	Can delete log entry	1	delete_logentry
4	Can view log entry	1	view_logentry
5	Can add permission	2	add_permission
6	Can change permission	2	change_permission
7	Can delete permission	2	delete_permission
8	Can view permission	2	view_permission
9	Can add group	3	add_group
10	Can change group	3	change_group
11	Can delete group	3	delete_group
12	Can view group	3	view_group
13	Can add user	4	add_user
14	Can change user	4	change_user
15	Can delete user	4	delete_user
16	Can view user	4	view_user
17	Can add content type	5	add_contenttype
18	Can change content type	5	change_contenttype
19	Can delete content type	5	delete_contenttype
20	Can view content type	5	view_contenttype
21	Can add session	6	add_session
22	Can change session	6	change_session
23	Can delete session	6	delete_session
24	Can view session	6	view_session
25	Can add admin notification	7	add_adminnotification
26	Can change admin notification	7	change_adminnotification
27	Can delete admin notification	7	delete_adminnotification
28	Can view admin notification	7	view_adminnotification
29	Can add doctor schedule	8	add_doctorschedule
30	Can change doctor schedule	8	change_doctorschedule
31	Can delete doctor schedule	8	delete_doctorschedule
32	Can view doctor schedule	8	view_doctorschedule
33	Can add doctor	9	add_doctor
34	Can change doctor	9	change_doctor
35	Can delete doctor	9	delete_doctor
36	Can view doctor	9	view_doctor
37	Can add note	10	add_note
38	Can change note	10	change_note
39	Can delete note	10	delete_note
40	Can view note	10	view_note
41	Can add doctor notification	11	add_doctornotification
42	Can change doctor notification	11	change_doctornotification
43	Can delete doctor notification	11	delete_doctornotification
44	Can view doctor notification	11	view_doctornotification
45	Can add doctor stats	12	add_doctorstats
46	Can change doctor stats	12	change_doctorstats
47	Can delete doctor stats	12	delete_doctorstats
48	Can view doctor stats	12	view_doctorstats
49	Can add patient notification	13	add_patientnotification
50	Can change patient notification	13	change_patientnotification
51	Can delete patient notification	13	delete_patientnotification
52	Can view patient notification	13	view_patientnotification
53	Can add med hist form	14	add_medhistform
54	Can change med hist form	14	change_medhistform
55	Can delete med hist form	14	delete_medhistform
56	Can view med hist form	14	view_medhistform
57	Can add profile form	15	add_profileform
58	Can change profile form	15	change_profileform
59	Can delete profile form	15	delete_profileform
60	Can view profile form	15	view_profileform
61	Can add icr form	16	add_icrform
62	Can change icr form	16	change_icrform
63	Can delete icr form	16	delete_icrform
64	Can view icr form	16	view_icrform
65	Can add pending doctor	17	add_pendingdoctor
66	Can change pending doctor	17	change_pendingdoctor
67	Can delete pending doctor	17	delete_pendingdoctor
68	Can view pending doctor	17	view_pendingdoctor
69	Can add comment	18	add_comment
70	Can change comment	18	change_comment
71	Can delete comment	18	delete_comment
72	Can view comment	18	view_comment
73	Can add patient	19	add_patient
74	Can change patient	19	change_patient
75	Can delete patient	19	delete_patient
76	Can view patient	19	view_patient
77	Can add personal record	20	add_personalrecord
78	Can change personal record	20	change_personalrecord
79	Can delete personal record	20	delete_personalrecord
80	Can view personal record	20	view_personalrecord
81	Can add patient location details	21	add_patientlocationdetails
82	Can change patient location details	21	change_patientlocationdetails
83	Can delete patient location details	21	delete_patientlocationdetails
84	Can view patient location details	21	view_patientlocationdetails
85	Can add cebu map	22	add_cebumap
86	Can change cebu map	22	change_cebumap
87	Can delete cebu map	22	delete_cebumap
88	Can view cebu map	22	view_cebumap
89	Can add incidence	23	add_incidence
90	Can change incidence	23	change_incidence
91	Can delete incidence	23	delete_incidence
92	Can view incidence	23	view_incidence
93	Can add cebu brgys	22	add_cebubrgys
94	Can change cebu brgys	22	change_cebubrgys
95	Can delete cebu brgys	22	delete_cebubrgys
96	Can view cebu brgys	22	view_cebubrgys
97	Can add cebu map	24	add_cebumap
98	Can change cebu map	24	change_cebumap
99	Can delete cebu map	24	delete_cebumap
100	Can view cebu map	24	view_cebumap
101	Can add remark	10	add_remark
102	Can change remark	10	change_remark
103	Can delete remark	10	delete_remark
104	Can view remark	10	view_remark
105	Can add users viewed	25	add_usersviewed
106	Can change users viewed	25	change_usersviewed
107	Can delete users viewed	25	delete_usersviewed
108	Can view users viewed	25	view_usersviewed
109	Can add cebu barangays	26	add_cebubarangays
110	Can change cebu barangays	26	change_cebubarangays
111	Can delete cebu barangays	26	delete_cebubarangays
112	Can view cebu barangays	26	view_cebubarangays
\.


--
-- Data for Name: auth_user; Type: TABLE DATA; Schema: public; Owner: postgres
--

COPY public.auth_user (id, password, last_login, is_superuser, username, first_name, last_name, email, is_staff, is_active, date_joined) FROM stdin;
2	pbkdf2_sha256$150000$kY9o2HJdI6ba$GdP12UAn3qI7E0rP+VGSs8pBBoC70Haso04TR1pqe+Y=	\N	t	exit			exit@gmail.com	t	t	2019-11-04 15:45:25.38838+08
1	pbkdf2_sha256$150000$jLE2IBc4Wzsi$mFw2T/5aPTN0d2kWwuBq5fQ+aed2uhy0kEqrWh/r5eI=	2019-11-18 13:33:37.179296+08	t	denden			dendenvelcu@gmail.com	t	t	2019-11-04 08:20:24.861421+08
\.


--
-- Data for Name: auth_user_groups; Type: TABLE DATA; Schema: public; Owner: postgres
--

COPY public.auth_user_groups (id, user_id, group_id) FROM stdin;
\.


--
-- Data for Name: auth_user_user_permissions; Type: TABLE DATA; Schema: public; Owner: postgres
--

COPY public.auth_user_user_permissions (id, user_id, permission_id) FROM stdin;
\.


--
-- Data for Name: cebuMap_cebubarangays; Type: TABLE DATA; Schema: public; Owner: postgres
--

COPY public."cebuMap_cebubarangays" (id, objectid, iso, name_0, name_1, varname_1, nl_name_1, hasc_1, fips_1, cc_1, type_1, engtype_1, validfr_1, validto_1, remarks_1, name_2, varname_2, nl_name_2, hasc_2, fips_2, cc_2, type_2, engtype_2, validfr_2, validto_2, remarks_2, name_3, varname_3, nl_name_3, hasc_3, type_3, engtype_3, validfr_3, validto_3, remarks_3, name_4, varname_4, type_4, engtype_4, validfr_4, validto_4, remarks_4, name_5, type_5, engtype_5, validfr_5, validto_5, shape_leng, shape_area, bngy, psgc_bgy, geom) FROM stdin;
1	62308	PHL	Pilipinas	Cebu			PH.CB	RP21		Lalawigan|Probinsya	Province	Unknown	Present		Cebu City			PH.CB.CB			Lungsod|Siyudad	City	Unknown	Present		Inayawan				Barangay	Village	Unknown	Present														0.049654735362100001	0.00013214965875300001	Inayawan	072217032	0106000020E61000000100000001030000000100000010000000F2490C422CF85E4090EB09FE41872440DB0DF41C28F85E409A30FF5D30872440CF3D77001FF85E40CC3604EC0B8724408D42DA9C13F85E407AFB1268B18624407C46C4200AF85E40A20BDF0736862440210914A0DEF75E407DA522C52C86244045F89EE187F75E402423527B1286244060AD8CC467F75E409E03516E1E862440E0BF0C8150F75E408A0EA87D6E862440E0771A9E3EF75E402E4D8607AC862440799B4DBC28F75E402A1CB6BA2187244031125782DFF65E406CB011457988244040FA16432EF75E40D77A4B9E768B2440156CF2BF45F75E4032E070AE6A8C2440DF9D5B02F7F75E4027DEA57960882440F2490C422CF85E4090EB09FE41872440
2	65236	PHL	Pilipinas	Cebu			PH.CB	RP21		Lalawigan|Probinsya	Province	Unknown	Present		Cebu City			PH.CB.CB			Lungsod|Siyudad	City	Unknown	Present		Camputhaw				Barangay	Village	Unknown	Present														0.034896390421199998	6.9484269913399995e-005	Camputhaw (Pob.)	072217036	0106000020E61000000100000001030000000100000017000000BF5A7582D6F95E409B4D0DF298A12440110A367FD9F95E40E4E449EE81A0244054BAB721DAF95E40DABA1562E89F244000F78DDBDCF95E409F031C58649F244096B87D63DEF95E40A93A90D8349F24409C4EE040C9F95E40A3412C99259E2440BA09C91BC5F95E400681F067389D2440252E0B0098F95E40085583630D9D244038CB321F87F95E40649FE79FAC9E24406D77185E7CF95E403C66D94CB59F2440CD4430C476F95E40536451C263A0244050743DA06EF95E4066C5F9CECDA02440448D2E5C72F95E40A84A938E20A12440F5E950C167F95E406A7F0CE234A224404B82154462F95E405CAC09E406A324408017695B64F95E40C89D031AA9A32440768CB54374F95E405C180900C1A3244078DAA21EA2F95E4066E4BE4FBEA32440E6B7A39CB5F95E40417E020DB5A32440C5F0D75FC1F95E409E9C61D42CA32440D6ECEDDBCAF95E40D93618348EA2244047B3F2DFD5F95E40B86CEA6EE2A12440BF5A7582D6F95E409B4D0DF298A12440
3	65237	PHL	Pilipinas	Cebu			PH.CB	RP21		Lalawigan|Probinsya	Province	Unknown	Present		Cebu City			PH.CB.CB			Lungsod|Siyudad	City	Unknown	Present		Capitol Site				Barangay	Village	Unknown	Present														0.039705926382699999	6.4081647796199995e-005	Capitol Site (Pob.)	072217020	0106000020E61000000100000001030000000100000019000000252E0B0098F95E40085583630D9D2440F84ED0C388F95E40C4FB56A8E59C2440885D66FC7AF95E40AA53CFD5BB9C24403972967E5EF95E401CA769A5729C24409C50DBC11AF95E405B8EF2109A9B2440498A889D24F95E4058AD1F218E9C24407CA9C5822EF95E404AE89D027E9D24405CBABD6030F95E4033C224C5439E2440B647D31D30F95E40C40B5A5ED19E24400F3796C32DF95E404A71E0C85A9F2440E64983E32AF95E4095F62A76ED9F24405CBABD6030F95E40E68F9A36E4A024400B2BB36135F95E40C295DD0F95A12440EB3BAB3F37F95E40B4D05BF184A2244082D2350436F95E402E8818311EA324408F0A5B0159F95E40DF2F7C739DA324408017695B64F95E40C89D031AA9A324404B82154462F95E405CAC09E406A32440F5E950C167F95E406A7F0CE234A22440448D2E5C72F95E40A84A938E20A1244050743DA06EF95E4066C5F9CECDA02440CD4430C476F95E40536451C263A024406D77185E7CF95E403C66D94CB59F244038CB321F87F95E40649FE79FAC9E2440252E0B0098F95E40085583630D9D2440
4	65250	PHL	Pilipinas	Cebu			PH.CB	RP21		Lalawigan|Probinsya	Province	Unknown	Present		Cebu City			PH.CB.CB			Lungsod|Siyudad	City	Unknown	Present		Hippodromo				Barangay	Village	Unknown	Present														0.029490770441599999	4.6265556052000002e-005	Hippodromo	072217031	0106000020E6100000010000000103000000010000000E000000BF0428DC25FA5E40016FE59B9EA02440D37C4F8243FA5E40BA84E880829E2440C01BBA0319FA5E40B7BB13A3169C2440F8BCF07C13FA5E401CB5EA84909C2440CC929A7FF9F95E4050D23F77889D24404AD07FFFE4F95E407E7E3205679E244096B87D63DEF95E40A93A90D8349F244000F78DDBDCF95E409F031C58649F244054BAB721DAF95E40DABA1562E89F2440110A367FD9F95E40E4E449EE81A02440BF5A7582D6F95E409B4D0DF298A124403416CBC0E6F95E409EC4629CB8A12440C3DFAA82FFF95E40BBBAFD658FA22440BF0428DC25FA5E40016FE59B9EA02440
5	65268	PHL	Pilipinas	Cebu			PH.CB	RP21		Lalawigan|Probinsya	Province	Unknown	Present		Cebu City			PH.CB.CB			Lungsod|Siyudad	City	Unknown	Present		Tisa				Barangay	Village	Unknown	Present														0.076563613477299994	0.00025913082006799999	Tisa	072217085	0106000020E6100000010000000103000000010000001900000026C8E0BF7AF85E40B8D452A09D992440F01E245F7EF85E40BE1B32665D992440CD3ACB027BF85E40D98E7DAF5D982440A842095D7DF85E4063DF4E09DC972440D538D6C07FF85E40DADCF8350E9724408A8A49607AF85E400AF17EA307972440485B236357F85E40080F6BC81497244072A47EE126F85E40286D99710697244003CAA6410CF85E408A26DE3BF19624400918173CE5F75E40AF7E199FDC962440A8335A20B8F75E40D6D46A9CF69624405AFD6EE190F75E40FEE5772762972440A927FADD6AF75E40AC4E8A3D399824403A4D223E50F75E40C844250710992440091A12BD36F75E40E6CF01A0139A24402DCAE17F22F75E40A7F6F9130A9B24401D5E9D3BFDF65E40F2B3483F149C2440A2DB8464E3F65E40864A50E4679C24401312A5A2CAF65E40A0871986BE9C2440A3203BDBBCF65E405E480524019D2440137F97FEADF65E40EE913ABD8E9D244011E7BCBF1CF75E400E35A8A595A0244020CF7C806BF75E40F21F485BCE9C24405AB3817D2DF85E4026DF1E112A9D244026C8E0BF7AF85E40B8D452A09D992440
6	68300	PHL	Pilipinas	Cebu			PH.CB	RP21		Lalawigan|Probinsya	Province	Unknown	Present		Cebu City			PH.CB.CB			Lungsod|Siyudad	City	Unknown	Present		Lusaran				Barangay	Village	Unknown	Present														0.136887280818	0.00077236575332300002	Lusaran	072217043	0106000020E61000000100000001030000000100000018000000B87A254188FA5E40094C527B5CF82440054A35C33FF95E4026DF91FF17F22440020962C0C9F75E4033A1BD1E10E924409A54D1C3BDF75E400DAD867B2AEF244056FFE64237F75E409C803FC67BF22440EF3B2E5FE2F85E4046969EBBA2FC2440F32D56BBEEF85E406E98E97B09FC2440E499E81FFFF85E407B002E4964FB2440911EB1BC13F95E40E4CC563BCCFA2440D144B3E321F95E408C3C051294FA2440110C31002BF95E40B0A2C1549DFA244098D705043FF95E40BD19C8ECFCFA2440035E085F4FF95E404AC62D1D46FB24406F1B53DF5AF95E4040FA77CD48FB2440735896FC71F95E407F31FE95EEFA244038CB321F87F95E40C79FF8DE64FA244090CB9F829BF95E40306C21D1CCF92440339D7822B6F95E40A32A7AD156F92440EF459320DEF95E40752FCBD1E0F82440FAA81DE103FA5E4083604C0CABF82440EB45100133FA5E408C2C025CA8F82440B9B6B7E14CFA5E40E88265A197F8244014AC757F66FA5E40EF6C0716A2F82440B87A254188FA5E40094C527B5CF82440
7	68341	PHL	Pilipinas	Cebu			PH.CB	RP21		Lalawigan|Probinsya	Province	Unknown	Present		Cebu City			PH.CB.CB			Lungsod|Siyudad	City	Unknown	Present		Cambinocot				Barangay	Village	Unknown	Present														0.12724856533600001	0.000679036063218	Cambinocot	072217019	0106000020E610000001000000010300000001000000130000008E622A7ED7FA5E40C25293953BF52440B9606A3B9CFA5E40495551F80CF42440E7B5A81B64FA5E40017A16A8F5F2244044FB61A33CFA5E40780BC1B86DF124403FAAB53C2BFA5E407642ECDA01EF24402757F861F4F95E408F8AE05C5EE72440AD4AF6BCD2F95E407C00F69C81E72440956626BFD0F85E406166EFA975E724401C54AC413EF85E40FB6D59B3E2E72440846C0BC418F85E40F1AF244303E82440E75374DDE9F75E40364BCD7B8BE8244087B7A9A4CEF75E4043C2D313EBE82440020962C0C9F75E4033A1BD1E10E92440054A35C33FF95E4026DF91FF17F22440B87A254188FA5E40094C527B5CF82440E656379F9EFA5E402049890524F824402C47253DAFFA5E401ABC24E2CEF72440B312FA40C3FA5E400005DB44A0F624408E622A7ED7FA5E40C25293953BF52440
8	68362	PHL	Pilipinas	Cebu			PH.CB	RP21		Lalawigan|Probinsya	Province	Unknown	Present		Cebu City			PH.CB.CB			Lungsod|Siyudad	City	Unknown	Present		Paril				Barangay	Village	Unknown	Present														0.058054261370399998	0.000188297468543	Paril	072217055	0106000020E610000001000000010300000001000000180000009E198A8307FB5E4057E5968DF3F124406F3467DD1BFB5E4085170920FAF124401FC512DC28FB5E400FE25A7550F2244000D3E1DB31FB5E40EE186E9B8BF224402416BF423AFB5E407130E10E68F22440D24F6C1E44FB5E40BD3BABC022F2244076EDBB2447FB5E40BDDD2C8486F12440E26214C240FB5E40DB4A858780F02440153A5FC438FB5E404F8E1CA14BEE24400FFA5C1B3EFB5E400747E2347AEC24402C47253DAFFA5E40979017CE07ED24404AE83F847FFA5E400748232061ED2440DBC24C235AFA5E40A755315D14EE2440CA7E44C43EFA5E4009023633C8EE24403FAAB53C2BFA5E407642ECDA01EF244044FB61A33CFA5E40780BC1B86DF12440E7B5A81B64FA5E40017A16A8F5F22440B9606A3B9CFA5E40495551F80CF424408E622A7ED7FA5E40C25293953BF5244060DFB4C0E9FA5E40889A58A0D0F3244006529F03EAFA5E407B68967A1FF32440F713929CEAFA5E40498BD39FB6F22440B5C29404EFFA5E4008F8B80046F224409E198A8307FB5E4057E5968DF3F12440
9	68386	PHL	Pilipinas	Cebu			PH.CB	RP21		Lalawigan|Probinsya	Province	Unknown	Present		Cebu City			PH.CB.CB			Lungsod|Siyudad	City	Unknown	Present		Tagbao				Barangay	Village	Unknown	Present														0.13116621875199999	0.00082888227882300003	Tagbao	072217080	0106000020E6100000010000000103000000010000000F000000020962C0C9F75E4033A1BD1E10E924403FF1DFDED9F65E40EF524F8151E624405D869AE35CF65E40465B0C9230E024404778937FFFF55E40E615C23FB4DB2440FC74869CF3F45E4024F4A1A1A3E42440EDE0180104F55E40C8D542DA2BE5244047FE128427F55E404E53C223BCE5244099DE333C49F55E405F7519047EE62440E41FCE406BF55E408C138BB23EE7244098CADD808EF55E402DA859DF00E82440C5A918BD9DF55E404AD5B73B68E8244008EDA703BBF55E40B96381DA4EE9244056FFE64237F75E409C803FC67BF224409A54D1C3BDF75E400DAD867B2AEF2440020962C0C9F75E4033A1BD1E10E92440
10	68400	PHL	Pilipinas	Cebu			PH.CB	RP21		Lalawigan|Probinsya	Province	Unknown	Present		Cebu City			PH.CB.CB			Lungsod|Siyudad	City	Unknown	Present		Mabini				Barangay	Village	Unknown	Present														0.0635591231186	0.000221601412243	Mabini	072217045	0106000020E6100000010000000103000000010000000A0000000FFA5C1B3EFB5E400747E2347AEC2440321D84843EFB5E401CA345A961E824405CDF31A13EFB5E4096DF40023CE724402757F861F4F95E408F8AE05C5EE724403FAAB53C2BFA5E407642ECDA01EF2440CA7E44C43EFA5E4009023633C8EE2440DBC24C235AFA5E40A755315D14EE24404AE83F847FFA5E400748232061ED24402C47253DAFFA5E40979017CE07ED24400FFA5C1B3EFB5E400747E2347AEC2440
11	68443	PHL	Pilipinas	Cebu			PH.CB	RP21		Lalawigan|Probinsya	Province	Unknown	Present		Cebu City			PH.CB.CB			Lungsod|Siyudad	City	Unknown	Present		Adlaon				Barangay	Village	Unknown	Present														0.103584839564	0.00062178357372099995	Adlaon	072217001	0106000020E61000000100000001030000000100000027000000956626BFD0F85E406166EFA975E72440DEF72500C7F85E4054E16732F8E62440426F73DFBBF85E40C158E16CC2E62440C4E99B7CBEF85E40EF524F8151E624403D66B95BBCF85E40725C411510E62440F1DF68E0C0F85E403AA35DA5BAE52440B04C745DCFF85E409D4E219087E5244084537E1BD4F85E405CBB06F116E524404EC153E2CAF85E40C832802BE1E4244020ABD080C0F85E40E2034AB17DE4244041BA8EA0C6F85E400A14165102E424404D8A0BBDCFF85E40A8FC524A7BE32440D9EE6B7CC7F85E40B22546EB2DE3244044A6BB04B7F85E4011C97B3CE3E22440C4002EA4B1F85E405D3F041F71E22440BBA39EDBA7F85E405929F5A53BE22440481F91C292F85E40DABB918FDAE12440955AC67C83F85E4074C2BAAD60E1244017EC804179F85E40CDE60CBBDEE024409E47277D71F85E4015EA48D381E024409B52D6426CF85E40F1E0C9E12DE02440ECE1E04167F85E40207079C5E9DF2440AE3A192366F85E4029996C669CDF244032A16E2459F85E4078864AF349DF2440126A741F49F85E405A0A30254BDF2440FE393F5C3DF85E407B685ECE3CDF2440E814B95E2CF85E406E5C1667B0DE24406AA6732322F85E40756FFA8E2DDE2440B62CC49E1DF85E40A63DFB9E91DD2440041299241EF85E401AFC539F1BDD2440D7C3FC439DF65E401C4A6796C8DD24405D869AE35CF65E40465B0C9230E024403FF1DFDED9F65E40EF524F8151E62440020962C0C9F75E4033A1BD1E10E9244087B7A9A4CEF75E4043C2D313EBE82440E75374DDE9F75E40364BCD7B8BE82440846C0BC418F85E40F1AF244303E824401C54AC413EF85E40FB6D59B3E2E72440956626BFD0F85E406166EFA975E72440
22	68926	PHL	Pilipinas	Cebu			PH.CB	RP21		Lalawigan|Probinsya	Province	Unknown	Present		Cebu City			PH.CB.CB			Lungsod|Siyudad	City	Unknown	Present		Pamutan				Barangay	Village	Unknown	Present														0.10461578996199999	0.00070527931596599995	Pamutan	072217052	0106000020E6100000010000000103000000010000000E0000009BA9DD7E87F65E402754922062AD2440BDFF5F24F8F55E40619BF0F093A72440886094BDBAF45E402CFA9DD041A9244013ED3062BCF45E4001AB800415AA2440E6F663FEB9F45E40C610CAA4B3AA2440F3FD2840BEF45E40D0B33D413EAB2440D30E211EC0F45E40C67CC9C06DAB244062A7A024BAF45E40D25E8E89A0AB24400DC4C0E0B4F45E40A4C15DC6C6AB2440FEE76062B3F45E4048003C5004AC244055A0DBE2B5F45E408AF093402AAC24403B55916141F45E406060CE1FE7B22440CB1A7B21B7F55E403AF2168129B824409BA9DD7E87F65E402754922062AD2440
12	68460	PHL	Pilipinas	Cebu			PH.CB	RP21		Lalawigan|Probinsya	Province	Unknown	Present		Cebu City			PH.CB.CB			Lungsod|Siyudad	City	Unknown	Present		Guba				Barangay	Village	Unknown	Present														0.130374387073	0.00062934202634500004	Guba	072217030	0106000020E6100000010000000103000000010000003C0000005A22E3219FF95E401E44E1125FD82440DF9E895F9EF85E408BBB5A4D29D82440F3D8AF1C69F75E4036691965B2D62440C74167C36BF75E40D65A25E329D724400FBCD4DC6EF75E408465B9BC64D724408E41AC3F6CF75E400BE33806F5D7244044B0ACFE75F75E40D669E7AD2ED82440B676B10281F75E4081EFA4FD2BD82440E52A877B8DF75E40983261E588D8244052FF63238CF75E4084E07AA323D92440E180510293F75E4094F450A4C7D92440315B77C298F75E400A5EFAECB3D924408FDAB4DBA4F75E40B8C5CB17A4D92440B6EF03A1B1F75E4028E8959AD0D92440F6B681BDBAF75E40FAFBA8655FDA244026A29F5BC2F75E407A8F863AE5DA2440C7330C00CDF75E4031218CF16EDB24405BBEB362D3F75E40F968E96C00DC244044ED6CFCE1F75E40F629984058DC24407FEAFEA1E8F75E402764986C76DC24400C35A45BF4F75E4010D21F1382DC24404C5BA68202F85E40FC133AB562DC2440793AE1BE11F85E400AE87D9E77DC244029CB8CBD1EF85E4002A19ED8B7DC2440041299241EF85E401AFC539F1BDD2440B62CC49E1DF85E40A63DFB9E91DD24406AA6732322F85E40756FFA8E2DDE2440E814B95E2CF85E406E5C1667B0DE2440FE393F5C3DF85E407B685ECE3CDF2440126A741F49F85E405A0A30254BDF244032A16E2459F85E4078864AF349DF2440AE3A192366F85E4029996C669CDF2440ECE1E04167F85E40207079C5E9DF24409B52D6426CF85E40F1E0C9E12DE024409E47277D71F85E4015EA48D381E0244017EC804179F85E40CDE60CBBDEE02440955AC67C83F85E4074C2BAAD60E12440481F91C292F85E40DABB918FDAE12440BBA39EDBA7F85E405929F5A53BE22440C4002EA4B1F85E405D3F041F71E2244044A6BB04B7F85E4011C97B3CE3E22440D9EE6B7CC7F85E40B22546EB2DE324404D8A0BBDCFF85E40A8FC524A7BE3244041BA8EA0C6F85E400A14165102E4244020ABD080C0F85E40E2034AB17DE424404EC153E2CAF85E40C832802BE1E4244084537E1BD4F85E405CBB06F116E52440B04C745DCFF85E409D4E219087E52440F1DF68E0C0F85E403AA35DA5BAE524403D66B95BBCF85E40725C411510E62440C4E99B7CBEF85E40EF524F8151E62440426F73DFBBF85E40C158E16CC2E62440DEF72500C7F85E4054E16732F8E62440956626BFD0F85E406166EFA975E72440AD4AF6BCD2F95E407C00F69C81E7244030D987A3CFF95E40307A6A0408E6244087491041C0F95E40AE61B6A544E524403A7BCDE2B2F95E402A8106C5F8E4244007E33D5F78F95E40359B379BA6E324405A22E3219FF95E401E44E1125FD82440
13	68461	PHL	Pilipinas	Cebu			PH.CB	RP21		Lalawigan|Probinsya	Province	Unknown	Present		Cebu City			PH.CB.CB			Lungsod|Siyudad	City	Unknown	Present		Agsungot				Barangay	Village	Unknown	Present														0.10213744737200001	0.00052605110073800001	Agsungot	072217002	0106000020E6100000010000000103000000010000000C0000002757F861F4F95E408F8AE05C5EE724405CDF31A13EFB5E4096DF40023CE72440D730EABC39FB5E40960124D661DE24402847A21D04FB5E403A69441312DE24402EA36DDB7BFA5E40A20D6C3DEEDE24405A22E3219FF95E401E44E1125FD8244007E33D5F78F95E40359B379BA6E324403A7BCDE2B2F95E402A8106C5F8E4244087491041C0F95E40AE61B6A544E5244030D987A3CFF95E40307A6A0408E62440AD4AF6BCD2F95E407C00F69C81E724402757F861F4F95E408F8AE05C5EE72440
14	68480	PHL	Pilipinas	Cebu			PH.CB	RP21		Lalawigan|Probinsya	Province	Unknown	Present		Cebu City			PH.CB.CB			Lungsod|Siyudad	City	Unknown	Present		Tabunan				Barangay	Village	Unknown	Present														0.133189915194	0.00090392564874199998	Tabunan	072217079	0106000020E610000001000000010300000001000000220000004778937FFFF55E40E615C23FB4DB244029F005E173F55E40E117196822D62440BA5D20246BF55E400CFC77037CD5244084F0F56333F55E408AFC02A23FD224403EF7D061CEF45E40CADE4675E4CC2440C1153480AFF45E403864D4CC2FD224404C36985E38F35E405C99EB700EDA2440C0D1379F40F35E409E2C06107FDA244078F51C9D3FF35E400A6DBCB7B8DA2440218594FF4EF35E40FD9878CEA3DA24402DD774025EF35E40DF1C5E00A5DA2440786E6F3B70F35E4090C4C14224DB2440EE88498485F35E40BB801F16F2DB24406010807B93F35E4062A1117B22DC24407515507B9CF35E40790A4821A4DC2440DAD48F3DA3F35E40CA4539A5FEDC24405A77F4BFAFF35E40C806E87856DD24409A3E72DCB8F35E402A1EAB7FDDDD24400A30DCA3C6F35E401C592961CDDE24404536921FE2F35E401CC5287D87DF24405A835402FDF35E4085A0133AF4DF24402AC9961F14F45E407738CF6C99E02440E35424FE2CF45E40C012C9D1C9E0244074F39EFC42F45E405A28B4BA54E12440D8FDF97F54F45E40C6FDAB31BBE12440955BF9BC71F45E4049739DE133E224407EC980637DF45E40C5A06EE005E2244065239FC08EF45E4053AA116204E22440D1C0334392F45E40C669AB4D75E224405BC94B64BDF45E40BBF1FB3A2BE324406AD60B9EDDF45E4063CDA92DADE32440BAD86D43EDF45E40F316DFC63AE42440FC74869CF3F45E4024F4A1A1A3E424404778937FFFF55E40E615C23FB4DB2440
15	68513	PHL	Pilipinas	Cebu			PH.CB	RP21		Lalawigan|Probinsya	Province	Unknown	Present		Cebu City			PH.CB.CB			Lungsod|Siyudad	City	Unknown	Present		Taptap				Barangay	Village	Unknown	Present														0.11910880312700001	0.00068975356004699997	Taptap	072217082	0106000020E61000000100000001030000000100000037000000041299241EF85E401AFC539F1BDD244029CB8CBD1EF85E4002A19ED8B7DC2440793AE1BE11F85E400AE87D9E77DC24404C5BA68202F85E40FC133AB562DC24400C35A45BF4F75E4010D21F1382DC24407FEAFEA1E8F75E402764986C76DC244044ED6CFCE1F75E40F629984058DC24405BBEB362D3F75E40F968E96C00DC2440C7330C00CDF75E4031218CF16EDB244026A29F5BC2F75E407A8F863AE5DA2440F6B681BDBAF75E40FAFBA8655FDA2440B6EF03A1B1F75E4028E8959AD0D924408FDAB4DBA4F75E40B8C5CB17A4D92440315B77C298F75E400A5EFAECB3D92440E180510293F75E4094F450A4C7D9244052FF63238CF75E4084E07AA323D92440E52A877B8DF75E40983261E588D82440B676B10281F75E4081EFA4FD2BD8244044B0ACFE75F75E40D669E7AD2ED824408E41AC3F6CF75E400BE33806F5D724400FBCD4DC6EF75E408465B9BC64D72440C74167C36BF75E40D65A25E329D72440F3D8AF1C69F75E4036691965B2D62440D3003A225EF75E40D061C1A31AD62440CB022F6459F75E405EA227B8A9D52440E8BD173F55F75E403D6D3BC22AD52440FD7AF55B4CF75E4010980681D9D42440F45C34A03FF75E4040174B1FA6D42440421ACD4036F75E409CD86C9568D42440F31442BD2DF75E40B7B7B7FA22D42440FF1E30DD2AF75E40A4B34C3F6ED3244042CFB17F2BF75E407CFF7C05B8D2244059C3D7C11DF75E405F17631BFFD12440F7D8323C14F75E401A7CBAE276D12440624762844AF65E405664ECC888CF24409FF1528144F65E40AEE6BC12A3CF244094D6BAA330F65E40F0D61403C9CF24407FD1EAA327F65E40BC5DC3AA02D02440BF4D4DFF25F65E40A27E784548D0244085674D8112F65E4021579A8C7CD024407E4106DE03F65E403C94632ED3D024402ABDAAA403F65E40480B6AC632D124409FE5F23EF7F55E406074A06CB4D12440BE8C087EE3F55E4055E0EE9A2ED22440292DC6DEDFF55E407615DB90ADD2244045C8F8BBD3F55E408A6802BEF9D224407176D33CC4F55E4065A5082A3BD32440A622B97BB9F55E40B469A40376D3244008C56B1EB1F55E40BEFE96C0E2D32440BA5D20246BF55E400CFC77037CD5244029F005E173F55E40E117196822D624404778937FFFF55E40E615C23FB4DB24405D869AE35CF65E40465B0C9230E02440D7C3FC439DF65E401C4A6796C8DD2440041299241EF85E401AFC539F1BDD2440
16	68523	PHL	Pilipinas	Cebu			PH.CB	RP21		Lalawigan|Probinsya	Province	Unknown	Present		Cebu City			PH.CB.CB			Lungsod|Siyudad	City	Unknown	Present		Binaliw				Barangay	Village	Unknown	Present														0.104627935176	0.00056036668877099995	Binaliw	072217010	0106000020E6100000010000000103000000010000000C000000D730EABC39FB5E40960124D661DE244006FC515D39FB5E40C2FEC16E42DB244037FE012334FB5E40467CAE7A6FD6244000358FC42FFB5E40CA671C7924D42440DF78E2DEA1FA5E408A76839D17D32440C86CD6FB95F95E40B0F0394525CC2440FEA8A000AFF95E4018C2A7CF0FD02440A51B8B43AFF95E40FD5CDD652DD124405A22E3219FF95E401E44E1125FD824402EA36DDB7BFA5E40A20D6C3DEEDE24402847A21D04FB5E403A69441312DE2440D730EABC39FB5E40960124D661DE2440
17	68562	PHL	Pilipinas	Cebu			PH.CB	RP21		Lalawigan|Probinsya	Province	Unknown	Present		Cebu City			PH.CB.CB			Lungsod|Siyudad	City	Unknown	Present		Sudlon II				Barangay	Village	Unknown	Present														0.131879165386	0.000937333011527	Sudlon II	072217088	0106000020E6100000010000000103000000010000000F0000003EF7D061CEF45E40CADE4675E4CC24406C7C41A00DF45E40A1BD9EC390C82440ABE4B35C95F15E403E22DE8EAFCA24400AC17AFF54F25E40CCDC57DC79D0244059C40A020CF35E407103D0C413D624408A640DDF08F35E40A9BCB33469D6244008EAE44106F35E409CBF2D98E1D624402FA0AFFC0DF35E40A2E1D38A63D7244035C91F7E15F35E408BBB5A4D29D82440B743481B18F35E40DA7FF62664D82440EC37203D1FF35E40DCBF883EF3D824405C298A042DF35E40A407E6B984D924404C36985E38F35E405C99EB700EDA2440C1153480AFF45E403864D4CC2FD224403EF7D061CEF45E40CADE4675E4CC2440
18	68574	PHL	Pilipinas	Cebu			PH.CB	RP21		Lalawigan|Probinsya	Province	Unknown	Present		Cebu City			PH.CB.CB			Lungsod|Siyudad	City	Unknown	Present		Sirao				Barangay	Village	Unknown	Present														0.11933459864	0.00088019536114699996	Sirao	072217074	0106000020E6100000010000000103000000010000001F000000C86CD6FB95F95E40B0F0394525CC2440EFF140FB7EF95E40BABCEF9422CC2440448D2E5C72F95E40A22A773B2ECC2440A006717D62F95E40BABCEF9422CC2440516393E257F95E409C9D1218D9CB24402976800255F95E407CD3E4522DCB2440C0AA5DDE55F95E409AE3FF0472CA24404D0FBE9D4DF95E40B17437737FC92440C97708E13BF95E40903F4B7D00C924408053FBFB28F95E4070E11CD40EC92440776FAB4310F95E40C45B5F8411C924400489F041FDF85E40C45B5F8411C924406AD5D85DEFF85E4006A9F4C5ECC82440EB22974176F75E4064CC3096E3CE2440F7D8323C14F75E401A7CBAE276D1244059C3D7C11DF75E405F17631BFFD1244042CFB17F2BF75E407CFF7C05B8D22440FF1E30DD2AF75E40A4B34C3F6ED32440F31442BD2DF75E40B7B7B7FA22D42440421ACD4036F75E409CD86C9568D42440F45C34A03FF75E4040174B1FA6D42440FD7AF55B4CF75E4010980681D9D42440E8BD173F55F75E403D6D3BC22AD52440CB022F6459F75E405EA227B8A9D52440D3003A225EF75E40D061C1A31AD62440F3D8AF1C69F75E4036691965B2D62440DF9E895F9EF85E408BBB5A4D29D824405A22E3219FF95E401E44E1125FD82440A51B8B43AFF95E40FD5CDD652DD12440FEA8A000AFF95E4018C2A7CF0FD02440C86CD6FB95F95E40B0F0394525CC2440
19	68602	PHL	Pilipinas	Cebu			PH.CB	RP21		Lalawigan|Probinsya	Province	Unknown	Present		Cebu City			PH.CB.CB			Lungsod|Siyudad	City	Unknown	Present		Pung-Ol-Sibugay				Barangay	Village	Unknown	Present														0.15513794476199999	0.00115780626252	Pung-ol-Sibugay	072217060	0106000020E61000000100000001030000000100000019000000F7D8323C14F75E401A7CBAE276D12440EB22974176F75E4064CC3096E3CE244088464D7F0BF75E40869F9AA22ACB244059EAD2BB40F65E40E81EC6DA6CC32440BF67943DD5F35E409D52B5E45DC124406C7C41A00DF45E40A1BD9EC390C824403EF7D061CEF45E40CADE4675E4CC244084F0F56333F55E408AFC02A23FD22440BA5D20246BF55E400CFC77037CD5244008C56B1EB1F55E40BEFE96C0E2D32440A622B97BB9F55E40B469A40376D324407176D33CC4F55E4065A5082A3BD3244045C8F8BBD3F55E408A6802BEF9D22440292DC6DEDFF55E407615DB90ADD22440BE8C087EE3F55E4055E0EE9A2ED224409FE5F23EF7F55E406074A06CB4D124402ABDAAA403F65E40480B6AC632D124407E4106DE03F65E403C94632ED3D0244085674D8112F65E4021579A8C7CD02440BF4D4DFF25F65E40A27E784548D024407FD1EAA327F65E40BC5DC3AA02D0244094D6BAA330F65E40F0D61403C9CF24409FF1528144F65E40AEE6BC12A3CF2440624762844AF65E405664ECC888CF2440F7D8323C14F75E401A7CBAE276D12440
20	68613	PHL	Pilipinas	Cebu			PH.CB	RP21		Lalawigan|Probinsya	Province	Unknown	Present		Cebu City			PH.CB.CB			Lungsod|Siyudad	City	Unknown	Present		Pulangbato				Barangay	Village	Unknown	Present														0.10797834986099999	0.00054237139857199999	Pulangbato	072217059	0106000020E610000001000000010300000001000000150000007B8647E02AFB5E40EAEC728EBECF2440DA1C17212AFB5E40F0FE15CB54CE2440F79A3FFEB9FA5E4086FD18DFC6CB2440391D8AC394FA5E40BE61BA591BC724404D88103C7EF95E4054E5FB86CEC224406AD5D85DEFF85E4006A9F4C5ECC824400489F041FDF85E40C45B5F8411C92440776FAB4310F95E40C45B5F8411C924408053FBFB28F95E4070E11CD40EC92440C97708E13BF95E40903F4B7D00C924404D0FBE9D4DF95E40B17437737FC92440C0AA5DDE55F95E409AE3FF0472CA24402976800255F95E407CD3E4522DCB2440516393E257F95E409C9D1218D9CB2440A006717D62F95E40BABCEF9422CC2440448D2E5C72F95E40A22A773B2ECC2440EFF140FB7EF95E40BABCEF9422CC2440C86CD6FB95F95E40B0F0394525CC2440DF78E2DEA1FA5E408A76839D17D3244000358FC42FFB5E40CA671C7924D424407B8647E02AFB5E40EAEC728EBECF2440
21	68662	PHL	Pilipinas	Cebu			PH.CB	RP21		Lalawigan|Probinsya	Province	Unknown	Present		Cebu City			PH.CB.CB			Lungsod|Siyudad	City	Unknown	Present		Apas				Barangay	Village	Unknown	Present														0.026487321466	4.2274510082100001e-005	Apas	072217003	0106000020E6100000010000000103000000010000000E000000976B672182FA5E40E8A28B5CE4AC2440569080BB7EFA5E405C7B6445DCAA2440724245C065FA5E40404DC5FD8DA92440337BC7A35CFA5E4022D1AA2F8FA924406827ADE251FA5E40E66DB762BEA924404D19235F49FA5E406464C5CEFFA92440CE7395FE43FA5E40ACD300035DAA24402237BF4441FA5E40F7584BB0EFAA2440F84CD54237FA5E40D0A5BC6120AB24403DA4BA440FFA5E409011F947C5AB2440B620D8230DFA5E401487EAF73DAC24407B4B826310FA5E40DC2B85C484AC24405AD8F5BD3BFA5E4086640879B8AE2440976B672182FA5E40E8A28B5CE4AC2440
62	69152	PHL	Pilipinas	Cebu			PH.CB	RP21		Lalawigan|Probinsya	Province	Unknown	Present		Cebu City			PH.CB.CB			Lungsod|Siyudad	City	Unknown	Present		San Antonio				Barangay	Village	Unknown	Present														0.017954453850299999	1.9358415032999999e-005	San Antonio (Pob.)	072217066	0106000020E6100000010000000103000000010000000600000096B87D63DEF95E400E08CF0724982440B870C07F8CF95E40CCAB77FB43972440BC3188207AF95E40A473AA9333992440AD6188E4C5F95E40FAC4AA90C399244008EC74C3CCF95E40FDCC382ADB99244096B87D63DEF95E400E08CF0724982440
23	69202	PHL	Pilipinas	Cebu			PH.CB	RP21		Lalawigan|Probinsya	Province	Unknown	Present		Cebu City			PH.CB.CB			Lungsod|Siyudad	City	Unknown	Present		Basak San Nicolas				Barangay	Village	Unknown	Present														0.0420946059838	9.9739476334500003e-005	Basak San Nicolas	072217008	0106000020E6100000010000000103000000010000000B0000002513FC8085F85E40A83F9DC4D48F2440E23F9B0284F85E404F448D6AC98F2440D944B92278F85E4018DA656C0B8F2440478FACFC6EF85E40D3A97B64568E2440EEB67B7E64F85E40EADD7581AE8D24406A6AE1825DF85E405A004004DB8D2440EDBB9FDDAEF75E40A41ED02D36922440B4D27681A2F75E4076ED9E8616932440B488891D3FF85E40EB74CC640C952440100E2C817CF85E40BEE0D7E8CD9024402513FC8085F85E40A83F9DC4D48F2440
24	68708	PHL	Pilipinas	Cebu			PH.CB	RP21		Lalawigan|Probinsya	Province	Unknown	Present		Cebu City			PH.CB.CB			Lungsod|Siyudad	City	Unknown	Present		Malubog				Barangay	Village	Unknown	Present														0.085818987342899999	0.00039951699797899999	Malubog	072217048	0106000020E610000001000000010300000001000000070000006AD5D85DEFF85E4006A9F4C5ECC824401C850CFD5CF85E405BCE5C10F2C12440DEA084E0EFF75E40138722A420C02440315B77C298F75E40289AE2673DC7244088464D7F0BF75E40869F9AA22ACB2440EB22974176F75E4064CC3096E3CE24406AD5D85DEFF85E4006A9F4C5ECC82440
25	68716	PHL	Pilipinas	Cebu			PH.CB	RP21		Lalawigan|Probinsya	Province	Unknown	Present		Cebu City			PH.CB.CB			Lungsod|Siyudad	City	Unknown	Present		Pit-Os				Barangay	Village	Unknown	Present														0.046108252177500003	0.00012075553684600001	Pit-os	072217057	0106000020E61000000100000001030000000100000008000000DE595A3E41FB5E400C54DD7E4BCB2440DA1C17212AFB5E407B7F4BD816C52440391D8AC394FA5E40BE61BA591BC72440F79A3FFEB9FA5E4086FD18DFC6CB2440DA1C17212AFB5E40F0FE15CB54CE244064954A7C31FB5E40F1EF530050CD2440C67FEF013BFB5E40E138BB5061CC2440DE595A3E41FB5E400C54DD7E4BCB2440
26	68746	PHL	Pilipinas	Cebu			PH.CB	RP21		Lalawigan|Probinsya	Province	Unknown	Present		Cebu City			PH.CB.CB			Lungsod|Siyudad	City	Unknown	Present		Babag				Barangay	Village	Unknown	Present														0.085872405733099996	0.00049608794500200003	Babag	072217004	0106000020E61000000100000001030000000100000007000000DEA084E0EFF75E40138722A420C0244087B7A9A4CEF75E4022C361FC53BD244000B10F24A0F65E4098F7CEBB16BC244059EAD2BB40F65E40E81EC6DA6CC3244088464D7F0BF75E40869F9AA22ACB2440315B77C298F75E40289AE2673DC72440DEA084E0EFF75E40138722A420C02440
27	68755	PHL	Pilipinas	Cebu			PH.CB	RP21		Lalawigan|Probinsya	Province	Unknown	Present		Cebu City			PH.CB.CB			Lungsod|Siyudad	City	Unknown	Present		Sudlon I				Barangay	Village	Unknown	Present														0.11741812430199999	0.00075557779052499996	Sudlon I	072217076	0106000020E6100000010000000103000000010000000C0000006C7C41A00DF45E40A1BD9EC390C82440BF67943DD5F35E409D52B5E45DC12440D847E7E3B7F35E409D44340540C12440915AAE5C63F15E4006015A41BCBE24409E61739E67F15E40F6FDC7E1EAC024408A7C599C66F15E40624D405429C224403AA233DC60F15E40A9A2FB9F18C42440259D63DC57F15E40C3EE860C74C524409852BE224CF15E40E606C8C8CCC62440D7D1495C43F15E402EF083F801C82440ABE4B35C95F15E403E22DE8EAFCA24406C7C41A00DF45E40A1BD9EC390C82440
28	68773	PHL	Pilipinas	Cebu			PH.CB	RP21		Lalawigan|Probinsya	Province	Unknown	Present		Cebu City			PH.CB.CB			Lungsod|Siyudad	City	Unknown	Present		Budla-An				Barangay	Village	Unknown	Present														0.089850159033800003	0.00040756002872000002	Budla-an (Pob.)	072217013	0106000020E610000001000000010300000001000000090000004D88103C7EF95E4054E5FB86CEC22440828848A0D2F95E40C601408691BD2440A35D95BCE4F95E405079D1BCB4BA24404C2CC89DB1F95E403A5E169DE3B824407A11EB439DF95E40DCD2DE5DCEB5244053BFDB8024F95E4008FC14A939BA24401C850CFD5CF85E405BCE5C10F2C124406AD5D85DEFF85E4006A9F4C5ECC824404D88103C7EF95E4054E5FB86CEC22440
29	68788	PHL	Pilipinas	Cebu			PH.CB	RP21		Lalawigan|Probinsya	Province	Unknown	Present		Cebu City			PH.CB.CB			Lungsod|Siyudad	City	Unknown	Present		San Jose				Barangay	Village	Unknown	Present														0.056022360654099997	0.000178069744303	San Jose	072217067	0106000020E61000000100000001030000000100000006000000B209C3DC6EFA5E40FC522887C8C02440A369F5FE31FA5E40AE6FC72C9DBD2440828848A0D2F95E40C601408691BD24404D88103C7EF95E4054E5FB86CEC22440391D8AC394FA5E40BE61BA591BC72440B209C3DC6EFA5E40FC522887C8C02440
30	68789	PHL	Pilipinas	Cebu			PH.CB	RP21		Lalawigan|Probinsya	Province	Unknown	Present		Cebu City			PH.CB.CB			Lungsod|Siyudad	City	Unknown	Present		Bacayan				Barangay	Village	Unknown	Present														0.041038710427899999	0.000102698655937	Bacayan	072217006	0106000020E61000000100000001030000000100000005000000DA1C17212AFB5E407B7F4BD816C524405685616418FB5E40CEB5F7C3EEC02440B209C3DC6EFA5E40FC522887C8C02440391D8AC394FA5E40BE61BA591BC72440DA1C17212AFB5E407B7F4BD816C52440
31	68829	PHL	Pilipinas	Cebu			PH.CB	RP21		Lalawigan|Probinsya	Province	Unknown	Present		Cebu City			PH.CB.CB			Lungsod|Siyudad	City	Unknown	Present		Bonbon				Barangay	Village	Unknown	Present														0.12592395093799999	0.00092373780758999997	Bonbon	072217011	0106000020E6100000010000000103000000010000000C00000000B10F24A0F65E4098F7CEBB16BC2440CB1A7B21B7F55E403AF2168129B824403B55916141F45E406060CE1FE7B2244045053264C3F35E401B45BFA303BE244023F67344BDF35E40D6C659159EBE2440C909DA7CB8F35E409060ED653FBF2440AB511A80B5F35E40DE6A0E9D0FC0244036DEB624B7F35E400C9EC11AFDC02440D847E7E3B7F35E409D44340540C12440BF67943DD5F35E409D52B5E45DC1244059EAD2BB40F65E40E81EC6DA6CC3244000B10F24A0F65E4098F7CEBB16BC2440
32	68849	PHL	Pilipinas	Cebu			PH.CB	RP21		Lalawigan|Probinsya	Province	Unknown	Present		Cebu City			PH.CB.CB			Lungsod|Siyudad	City	Unknown	Present		Busay				Barangay	Village	Unknown	Present														0.10661292617199999	0.00047559271475599999	Busay (Pob.)	072217017	0106000020E6100000010000000103000000010000000C0000007A11EB439DF95E40DCD2DE5DCEB524406F5813DDC6F95E40EA2B616024B42440F8F8821DD8F95E40922F101B32B3244032DF829BEBF95E40FB58765E4FB224408AC4E07FEDF85E40B1B32545E5AD2440FC42F3A0E6F85E4054DA05BD82B1244064BAC39F86F85E409AC9477021B8244087B7A9A4CEF75E4022C361FC53BD2440DEA084E0EFF75E40138722A420C024401C850CFD5CF85E405BCE5C10F2C1244053BFDB8024F95E4008FC14A939BA24407A11EB439DF95E40DCD2DE5DCEB52440
33	68857	PHL	Pilipinas	Cebu			PH.CB	RP21		Lalawigan|Probinsya	Province	Unknown	Present		Cebu City			PH.CB.CB			Lungsod|Siyudad	City	Unknown	Present		Sinsin				Barangay	Village	Unknown	Present														0.130011456356	0.00096527908597700003	Sinsin	072217073	0106000020E6100000010000000103000000010000001D0000003B55916141F45E406060CE1FE7B2244058107A3C3DF45E40EA536228B0B22440C3651CDC2EF45E4054E9C78787B224403FCE661F1DF45E402F758A6560B224404C8D397E0FF45E40FEA5486A15B2244062815FC001F45E40187712F0B1B124409E0B9ABFF3F35E40B6288C569AB124408108BF01E6F35E40A26AA6F87AB124401F35ACA3CFF35E4015CCC1A74FB124409869D79FBBF35E40C0517FF74CB12440BC19A762A7F35E40965E5E91EEB024405685CC63A3F35E402C5E3A0144B124403E4CDD1C98F35E40FBEC764295B124406F03722188F35E40A615F740DDB124408FAA876074F35E40F47C55C962B22440BA83C7A467F35E40394140B55DB22440C6429A035AF35E40402BE22968B22440A58AE31F6FF15E40E2F4845050B624403EF608216BF15E402C985393ECB8244033C4DE1B64F15E400E8979CC8EBA24400E0BEB8263F15E40466E62B10BBD2440915AAE5C63F15E4006015A41BCBE2440D847E7E3B7F35E409D44340540C1244036DEB624B7F35E400C9EC11AFDC02440AB511A80B5F35E40DE6A0E9D0FC02440C909DA7CB8F35E409060ED653FBF244023F67344BDF35E40D6C659159EBE244045053264C3F35E401B45BFA303BE24403B55916141F45E406060CE1FE7B22440
34	68860	PHL	Pilipinas	Cebu			PH.CB	RP21		Lalawigan|Probinsya	Province	Unknown	Present		Cebu City			PH.CB.CB			Lungsod|Siyudad	City	Unknown	Present		Talamban				Barangay	Village	Unknown	Present														0.090742456759900003	0.00043565542828300001	Talamban	072217081	0106000020E6100000010000000103000000010000000C000000315C3F03FCFA5E4014EEDC2758BC2440193AE2E3E3FA5E40E84A26E114B72440FAFFBE00DBFA5E40868F5F405CB52440D92A72E4C8FA5E4057BC199875B124407A11EB439DF95E40DCD2DE5DCEB524404C2CC89DB1F95E403A5E169DE3B82440A35D95BCE4F95E405079D1BCB4BA2440828848A0D2F95E40C601408691BD2440A369F5FE31FA5E40AE6FC72C9DBD2440B209C3DC6EFA5E40FC522887C8C024405685616418FB5E40CEB5F7C3EEC02440315C3F03FCFA5E4014EEDC2758BC2440
35	68888	PHL	Pilipinas	Cebu			PH.CB	RP21		Lalawigan|Probinsya	Province	Unknown	Present		Cebu City			PH.CB.CB			Lungsod|Siyudad	City	Unknown	Present		Kalunasan				Barangay	Village	Unknown	Present														0.12938511233399999	0.00080724549859299995	Kalunasan	072217034	0106000020E6100000010000000103000000010000000A0000008AC4E07FEDF85E40B1B32545E5AD2440541B241FF1F85E40B81344082CAB2440BBC74ADB52F75E40B060CDB5B5A824401004C7BF80F75E4021E1ADE57AAB2440AF506A5F72F75E402E930EFB69B4244000B10F24A0F65E4098F7CEBB16BC244087B7A9A4CEF75E4022C361FC53BD244064BAC39F86F85E409AC9477021B82440FC42F3A0E6F85E4054DA05BD82B124408AC4E07FEDF85E40B1B32545E5AD2440
36	68894	PHL	Pilipinas	Cebu			PH.CB	RP21		Lalawigan|Probinsya	Province	Unknown	Present		Cebu City			PH.CB.CB			Lungsod|Siyudad	City	Unknown	Present		Sapangdaku				Barangay	Village	Unknown	Present														0.101781058521	0.00057599330031799997	Sapangdaku	072217077	0106000020E61000000100000001030000000100000012000000BBC74ADB52F75E40B060CDB5B5A824408D8067BE29F75E4057DEFC6B9BA82440D7311DFD27F75E40885E82F54EA924400F1222831FF75E402EDDF2961BAA244017C83A5E12F75E40E4F7A2A385AA24402A65627D01F75E404207D810F5AA2440D6981461EFF65E40D0A5BC6120AB24402C099DFEDFF65E406A4FA82EF1AA244032EA1A9DD5F65E405C7B6445DCAA2440A4682DBECEF65E40949F06E604AB2440803CE27EB9F65E409790DC8BFCAB2440283C751BA5F65E40067CE37B98AC24409BA9DD7E87F65E402754922062AD2440CB1A7B21B7F55E403AF2168129B8244000B10F24A0F65E4098F7CEBB16BC2440AF506A5F72F75E402E930EFB69B424401004C7BF80F75E4021E1ADE57AAB2440BBC74ADB52F75E40B060CDB5B5A82440
47	69107	PHL	Pilipinas	Cebu			PH.CB	RP21		Lalawigan|Probinsya	Province	Unknown	Present		Cebu City			PH.CB.CB			Lungsod|Siyudad	City	Unknown	Present		Carreta				Barangay	Village	Unknown	Present														0.027588867273100001	3.6452679511599999e-005	Carreta	072217021	0106000020E6100000010000000103000000010000001300000032B887A1C8FA5E40DB4A1299929B24407334EAFCC6FA5E409015C5487E9B244089504C24C3FA5E405CEB2F624F9B244024910C62BCFA5E40F2C088334B9B2440283B42DBB6FA5E403785731F469B24407423403FB0FA5E40FC7EBDA32A9B244042638764ABFA5E40FC703CC40C9B2440BBDFA443A9FA5E4083903DD1009B24408EE9D7DFA6FA5E40867251ACF39A244090BE721CA4FA5E408DC7B151D19A24403E0FB21FA1FA5E40BB64E214AB9A2440A8AF6F809DFA5E403B1381BD859A2440F435C0FB98FA5E4024810864919A2440774BFF4365FA5E40E29F723E709B2440C01BBA0319FA5E40B7BB13A3169C2440D37C4F8243FA5E40BA84E880829E2440B312FA40C3FA5E40AD2621E6A99B2440358D22DEC5FA5E4052C23CC19C9B244032B887A1C8FA5E40DB4A1299929B2440
37	68940	PHL	Pilipinas	Cebu			PH.CB	RP21		Lalawigan|Probinsya	Province	Unknown	Present		Cebu City			PH.CB.CB			Lungsod|Siyudad	City	Unknown	Present		Buot-Taup Pardo				Barangay	Village	Unknown	Present														0.15593782984400001	0.00116614022453	Buot-Taup Pardo	072217016	0106000020E6100000010000000103000000010000003A0000003B55916141F45E406060CE1FE7B2244055A0DBE2B5F45E408AF093402AAC2440FEE76062B3F45E4048003C5004AC24400DC4C0E0B4F45E40A4C15DC6C6AB244062A7A024BAF45E40D25E8E89A0AB2440D30E211EC0F45E40C67CC9C06DAB2440F3FD2840BEF45E40D0B33D413EAB2440E6F663FEB9F45E40C610CAA4B3AA244013ED3062BCF45E4001AB800415AA2440886094BDBAF45E402CFA9DD041A92440625FAE41A8F45E4018D0B85668A82440E89A9E7F98F45E40C694C7D20DA82440D56A69BC8CF45E407E170BBF92A7244046E97BDD85F45E402C7FDCE982A7244007FAC1DB72F45E409862554007A8244006DA0BDE6AF45E409C44691BFAA724409A3C775B67F45E40FC0D192BD4A72440C209D43D62F45E40C45435BB7EA724401FA3CC5C5AF45E40B088CE7D41A724404E85C6244DF45E40A6CA990D62A72440AEF3598042F45E40A65FDBDC8EA72440B1946B2328F45E400B67339E26A824400E2E644220F45E40C694C7D20DA82440F24A3F821AF45E4029408BBDDAA7244014C4C61F0BF45E40FB44DCBD64A72440E1063723FFF35E40C446B4DB60A7244023BAE1A3F8F35E40A65FDBDC8EA72440F14C3A036CF35E4022EAE92C16A72440C01B2503A4F25E40E41E63802AA82440A8E235BC98F25E400F61405820A82440A8F9C7E38BF25E407BE63A7208A82440093DF67B7EF25E40D7A75CE8CAA72440CBD1C0FD41F25E40CE6FA77C13A7244073F98F7F37F25E40964B05DCEAA624408EAE7D6217F25E40D4900C84AEA62440A04ECE5FFFF15E402347277ECBA62440961B76FD50F15E40C03E264249A724405A913BFE5EF15E403296C4BE9BAA2440789416BC6CF15E404E08625A18AE2440BF986DA377F15E40255A18A4CBB22440A58AE31F6FF15E40E2F4845050B62440C6429A035AF35E40402BE22968B22440BA83C7A467F35E40394140B55DB224408FAA876074F35E40F47C55C962B224406F03722188F35E40A615F740DDB124403E4CDD1C98F35E40FBEC764295B124405685CC63A3F35E402C5E3A0144B12440BC19A762A7F35E40965E5E91EEB024409869D79FBBF35E40C0517FF74CB124401F35ACA3CFF35E4015CCC1A74FB124408108BF01E6F35E40A26AA6F87AB124409E0B9ABFF3F35E40B6288C569AB1244062815FC001F45E40187712F0B1B124404C8D397E0FF45E40FEA5486A15B224403FCE661F1DF45E402F758A6560B22440C3651CDC2EF45E4054E9C78787B2244058107A3C3DF45E40EA536228B0B224403B55916141F45E406060CE1FE7B22440
38	68948	PHL	Pilipinas	Cebu			PH.CB	RP21		Lalawigan|Probinsya	Province	Unknown	Present		Cebu City			PH.CB.CB			Lungsod|Siyudad	City	Unknown	Present		Banilad				Barangay	Village	Unknown	Present														0.056425324396200002	0.00012776083407800001	Banilad	072217007	0106000020E6100000010000000103000000010000000A000000D92A72E4C8FA5E4057BC199875B12440CEC7E723A3FA5E40249A7F0DFBAB2440976B672182FA5E40E8A28B5CE4AC24405AD8F5BD3BFA5E4086640879B8AE2440F29380FB0BFA5E40AC84D7CE28B0244032DF829BEBF95E40FB58765E4FB22440F8F8821DD8F95E40922F101B32B324406F5813DDC6F95E40EA2B616024B424407A11EB439DF95E40DCD2DE5DCEB52440D92A72E4C8FA5E4057BC199875B12440
39	68980	PHL	Pilipinas	Cebu			PH.CB	RP21		Lalawigan|Probinsya	Province	Unknown	Present		Cebu City			PH.CB.CB			Lungsod|Siyudad	City	Unknown	Present		Lahug				Barangay	Village	Unknown	Present														0.094035014050599997	0.00046374225179600002	Lahug (Pob.)	072217041	0106000020E6100000010000000103000000010000002A0000005AD8F5BD3BFA5E4086640879B8AE24407B4B826310FA5E40DC2B85C484AC2440B620D8230DFA5E401487EAF73DAC24403DA4BA440FFA5E409011F947C5AB2440F84CD54237FA5E40D0A5BC6120AB24402237BF4441FA5E40F7584BB0EFAA2440CE7395FE43FA5E40ACD300035DAA24404D19235F49FA5E406464C5CEFFA924406827ADE251FA5E40E66DB762BEA92440337BC7A35CFA5E4022D1AA2F8FA92440724245C065FA5E40404DC5FD8DA9244022C7907C25FA5E404ECD07DD88A52440C3DFAA82FFF95E40BBBAFD658FA224403416CBC0E6F95E409EC4629CB8A12440BF5A7582D6F95E409B4D0DF298A1244047B3F2DFD5F95E40B86CEA6EE2A12440D6ECEDDBCAF95E40D93618348EA22440C5F0D75FC1F95E409E9C61D42CA32440E6B7A39CB5F95E40417E020DB5A3244078DAA21EA2F95E4066E4BE4FBEA32440768CB54374F95E405C180900C1A324408017695B64F95E40C89D031AA9A324408F0A5B0159F95E40DF2F7C739DA3244082D2350436F95E402E8818311EA3244095BA78E42FF95E40F0AE10A514A42440C65A7BC12CF95E405269965AE6A4244075CB70C231F95E40BEE1508097A5244048D5A35E2FF95E40E500DFEA20A6244048D5A35E2FF95E40EE61D6094BA624404AAA3E9B2CF95E40729FC33B4CA62440B953B67F28F95E408FBEA0B895A62440EEFF9BBE1DF95E409C92E4A1AAA62440E8D62B3D16F95E40FE4C6A577CA724408B0CD362FFF85E407E830ADB4CA82440F0A3D63FFCF85E4008F11EDFEDA824405924DEA2F0F85E40FE6AEEEC85A9244086BB26FCEDF85E40B2BDA27767AA2440541B241FF1F85E40B81344082CAB24408AC4E07FEDF85E40B1B32545E5AD244032DF829BEBF95E40FB58765E4FB22440F29380FB0BFA5E40AC84D7CE28B024405AD8F5BD3BFA5E4086640879B8AE2440
40	69013	PHL	Pilipinas	Cebu			PH.CB	RP21		Lalawigan|Probinsya	Province	Unknown	Present		Cebu City			PH.CB.CB			Lungsod|Siyudad	City	Unknown	Present		Buhisan				Barangay	Village	Unknown	Present														0.0909698236183	0.000421897679323	Buhisan	072217014	0106000020E6100000010000000103000000010000001A0000008D8067BE29F75E4057DEFC6B9BA82440942D5CC307F75E4019C0B5A07CA62440B1E8449E03F75E40D8C1DCD038A62440E0B3AC3E03F75E40D29F36DEB6A5244060593A9F08F75E40B7626D3C60A524402A71C2BF4EF75E406296AB5811A3244011E7BCBF1CF75E400E35A8A595A02440137F97FEADF65E40EE913ABD8E9D244091432AE068F65E40C24144957E9B2440742FA56444F65E40D4372E71159C24407FD1EAA327F65E40344763DE849C24401F4CC5203FF65E40688F0F9820A424401C9F533B0CF65E40655F80367DA52440BDFF5F24F8F55E40619BF0F093A724409BA9DD7E87F65E402754922062AD2440283C751BA5F65E40067CE37B98AC2440803CE27EB9F65E409790DC8BFCAB2440A4682DBECEF65E40949F06E604AB244032EA1A9DD5F65E405C7B6445DCAA24402C099DFEDFF65E406A4FA82EF1AA2440D6981461EFF65E40D0A5BC6120AB24402A65627D01F75E404207D810F5AA244017C83A5E12F75E40E4F7A2A385AA24400F1222831FF75E402EDDF2961BAA2440D7311DFD27F75E40885E82F54EA924408D8067BE29F75E4057DEFC6B9BA82440
41	69018	PHL	Pilipinas	Cebu			PH.CB	RP21		Lalawigan|Probinsya	Province	Unknown	Present		Cebu City			PH.CB.CB			Lungsod|Siyudad	City	Unknown	Present		Kasambagan				Barangay	Village	Unknown	Present														0.048556295130800002	0.000122418431327	Kasambagan	072217037	0106000020E6100000010000000103000000010000000F000000CEC7E723A3FA5E40249A7F0DFBAB2440CFAD2C1EB7FA5E400EFA85D4E8AB2440CD2084C4CBFA5E406DFAF87653AB244046860F7CD6FA5E40944188A968AA2440AF992483E7FA5E408B09D33DB1A924405320E261F7FA5E40DA616FFB31A924406D17DABD0CFB5E409FE138843EA82440932F526112FB5E4005DACE7AD1A72440E9A1D57F54FA5E40C2B361A59EA32440CA7E44C43EFA5E40585338CFF0A4244022C7907C25FA5E404ECD07DD88A52440724245C065FA5E40404DC5FD8DA92440569080BB7EFA5E405C7B6445DCAA2440976B672182FA5E40E8A28B5CE4AC2440CEC7E723A3FA5E40249A7F0DFBAB2440
42	69042	PHL	Pilipinas	Cebu			PH.CB	RP21		Lalawigan|Probinsya	Province	Unknown	Present		Cebu City			PH.CB.CB			Lungsod|Siyudad	City	Unknown	Present		Guadalupe				Barangay	Village	Unknown	Present														0.119042897671	0.000833221896392	Guadalupe	072217029	0106000020E6100000010000000103000000010000002600000082D2350436F95E402E8818311EA32440EB3BAB3F37F95E40B4D05BF184A224400B2BB36135F95E40C295DD0F95A124405CBABD6030F95E40E68F9A36E4A02440E64983E32AF95E4095F62A76ED9F24400F3796C32DF95E404A71E0C85A9F2440B647D31D30F95E40C40B5A5ED19E24405CBABD6030F95E4033C224C5439E24407CA9C5822EF95E404AE89D027E9D2440498A889D24F95E4058AD1F218E9C24409C50DBC11AF95E405B8EF2109A9B24404EC153E2CAF85E409E6107579D9A244026C8E0BF7AF85E40B8D452A09D9924405AB3817D2DF85E4026DF1E112A9D244020CF7C806BF75E40F21F485BCE9C244011E7BCBF1CF75E400E35A8A595A024402A71C2BF4EF75E406296AB5811A3244060593A9F08F75E40B7626D3C60A52440E0B3AC3E03F75E40D29F36DEB6A52440B1E8449E03F75E40D8C1DCD038A62440942D5CC307F75E4019C0B5A07CA624408D8067BE29F75E4057DEFC6B9BA82440BBC74ADB52F75E40B060CDB5B5A82440541B241FF1F85E40B81344082CAB244086BB26FCEDF85E40B2BDA27767AA24405924DEA2F0F85E40FE6AEEEC85A92440F0A3D63FFCF85E4008F11EDFEDA824408B0CD362FFF85E407E830ADB4CA82440E8D62B3D16F95E40FE4C6A577CA72440EEFF9BBE1DF95E409C92E4A1AAA62440B953B67F28F95E408FBEA0B895A624404AAA3E9B2CF95E40729FC33B4CA6244048D5A35E2FF95E40EE61D6094BA6244048D5A35E2FF95E40E500DFEA20A6244075CB70C231F95E40BEE1508097A52440C65A7BC12CF95E405269965AE6A4244095BA78E42FF95E40F0AE10A514A4244082D2350436F95E402E8818311EA32440
43	69053	PHL	Pilipinas	Cebu			PH.CB	RP21		Lalawigan|Probinsya	Province	Unknown	Present		Cebu City			PH.CB.CB			Lungsod|Siyudad	City	Unknown	Present		To-Ong Pardo				Barangay	Village	Unknown	Present														0.107492719647	0.000686113919251	To-ong Pardo	072217086	0106000020E6100000010000000103000000010000001A000000BDFF5F24F8F55E40619BF0F093A724401C9F533B0CF65E40655F80367DA524401F4CC5203FF65E40688F0F9820A424407FD1EAA327F65E40344763DE849C2440742FA56444F65E40D4372E71159C2440FCF73DFC1FF65E406854B51A919B2440C3113E7E0CF65E402EB9BDCF489B2440E7B5ADFEAAF55E407AEC88498F9924406D3B8BA0FEF45E405329F744D4972440190A41A176F45E40A6B740585E9D244059D1BEBD7FF45E40683B761D0A9E24406ED68EBD88F45E4057CBA3B6979E2440EA6F39BC95F45E404A71E0C85A9F24409F099F3EA2F45E4015C1CBDD03A02440467C8981A2F45E40E0A5F8C1D9A0244013A53E7FAAF45E403C845DE2BEA124405BC94B64BDF45E4048B61F0870A224409959815BCBF45E40F282A3A0E9A32440B14A7EBFC4F45E4002A5FA80ABA4244023A154FBB3F45E40ECEA805F2BA6244046E97BDD85F45E402C7FDCE982A72440D56A69BC8CF45E407E170BBF92A72440E89A9E7F98F45E40C694C7D20DA82440625FAE41A8F45E4018D0B85668A82440886094BDBAF45E402CFA9DD041A92440BDFF5F24F8F55E40619BF0F093A72440
44	69070	PHL	Pilipinas	Cebu			PH.CB	RP21		Lalawigan|Probinsya	Province	Unknown	Present		Cebu City			PH.CB.CB			Lungsod|Siyudad	City	Unknown	Present		Mabolo				Barangay	Village	Unknown	Present														0.069401322247700001	0.00022647667726399999	Mabolo	072217046	0106000020E61000000100000001030000000100000036000000464A7DDB11FB5E40AA9DEB1D50A62440E4BE5C600DFB5E40A402061BDDA52440FC98C79C13FB5E406F8873D72FA52440C6ECE15D1EFB5E4000C3E6A5B8A42440C80C985B26FB5E40FAD70346C7A3244026A3679C25FB5E40700DB2F070A3244017C7071E24FB5E40845F9832D6A224400DF4612322FB5E40F61DF13260A2244001EA730325FB5E4042607E77ABA1244057A5176220FB5E4066C5F9CECDA02440E8B084BC19FB5E4038CA4ACF57A024409B2D5D1F17FB5E4012DFB70211A02440EAE7CCE114FB5E409EB45FE6CC9F244002C2371E1BFB5E4074B3BDA0509F2440A01F857B23FB5E4043D6FAC5E79E24409E4AEA3E26FB5E4096D9E7CBCA9E244009E87EC129FB5E4018F15A3FA79E244011E6897F2EFB5E40EA532A7CCD9E244042D1A71D36FB5E40684A38E80E9F2440A865821C3AFB5E400EE4695D309F2440D55B4F803CFB5E40854D13A61C9F24400D25C2DE40FB5E40AC00A2F4EB9E24400B5027A243FB5E40C4FDD87EB39E2440B397AC2141FB5E40D01661DA769E24402416BF423AFB5E405A0AF5E23F9E24400F11EF4231FB5E4068C2360D199E2440F50265BF28FB5E406151D4A8FF9D2440C00E8D9D21FB5E40129BB9AEE29D2440A83422611BFB5E4054E84EF0BD9D2440E0B279FE14FB5E4058BCE1EB929D2440C9D80EC20EFB5E407885CEC5579D24407E2A826109FB5E405E480524019D2440CFB98C6004FB5E407C215D43B59C24401B40DDDBFFFA5E4058BBA000AC9C24406027A7A3FBFA5E40686377E5959C2440063B0DDCF6FA5E40968768987E9C244046191D20F3FA5E4016448820779C24402001A57CEDFA5E405E8940B67A9C244006529F03EAFA5E40A44D2BA2759C2440193AE2E3E3FA5E4052B5FCCC659C24409C69EFBFDBFA5E406CA2C8113E9C24405290FD9BD3FA5E405CD06E8EFA9B2440E3FD17DFCAFA5E4086DE50C8AD9B244032B887A1C8FA5E40DB4A1299929B2440358D22DEC5FA5E4052C23CC19C9B2440B312FA40C3FA5E40AD2621E6A99B2440D37C4F8243FA5E40BA84E880829E2440BF0428DC25FA5E40016FE59B9EA024406683726173FA5E40C6402E58F7A12440E9A1D57F54FA5E40C2B361A59EA32440932F526112FB5E4005DACE7AD1A72440CF017F4316FB5E4082565CEB3AA72440EAE7CCE114FB5E409C92E4A1AAA62440464A7DDB11FB5E40AA9DEB1D50A62440
45	69092	PHL	Pilipinas	Cebu			PH.CB	RP21		Lalawigan|Probinsya	Province	Unknown	Present		Cebu City			PH.CB.CB			Lungsod|Siyudad	City	Unknown	Present		Luz				Barangay	Village	Unknown	Present														0.024693660556600001	3.6261918185299999e-005	Luz	072217044	0106000020E61000000100000001030000000100000007000000E9A1D57F54FA5E40C2B361A59EA324406683726173FA5E40C6402E58F7A12440BF0428DC25FA5E40016FE59B9EA02440C3DFAA82FFF95E40BBBAFD658FA2244022C7907C25FA5E404ECD07DD88A52440CA7E44C43EFA5E40585338CFF0A42440E9A1D57F54FA5E40C2B361A59EA32440
46	69098	PHL	Pilipinas	Cebu			PH.CB	RP21		Lalawigan|Probinsya	Province	Unknown	Present		Cebu City			PH.CB.CB			Lungsod|Siyudad	City	Unknown	Present		Zapatera				Barangay	Village	Unknown	Present														0.026705187359400001	3.8077005132699998e-005	Zapatera	072217087	0106000020E6100000010000000103000000010000000F000000C01BBA0319FA5E40B7BB13A3169C24401B7E6AFD15FA5E4020517902EE9B24402788581D13FA5E40823300804B9B2440B4E98FFE11FA5E40F007B70BCB9A244045A2C50214FA5E4084817B06FC99244008EC74C3CCF95E40FDCC382ADB992440DAF8D03DC3F95E403EF59498789A2440962570BFC1F95E403786B40A2D9C2440BA09C91BC5F95E400681F067389D24409C4EE040C9F95E40A3412C99259E244096B87D63DEF95E40A93A90D8349F24404AD07FFFE4F95E407E7E3205679E2440CC929A7FF9F95E4050D23F77889D2440F8BCF07C13FA5E401CB5EA84909C2440C01BBA0319FA5E40B7BB13A3169C2440
48	69113	PHL	Pilipinas	Cebu			PH.CB	RP21		Lalawigan|Probinsya	Province	Unknown	Present		Cebu City			PH.CB.CB			Lungsod|Siyudad	City	Unknown	Present		Quiot Pardo				Barangay	Village	Unknown	Present														0.064128081227700001	0.000107024017317	Quiot Pardo	072217063	0106000020E6100000010000000103000000010000000A000000B4D27681A2F75E4076ED9E8616932440EDBB9FDDAEF75E40A41ED02D36922440FC669FA091F75E408007D05CC49124407FAD3EA47CF75E403490068F4F9124405035E83DF5F65E40AC2FC5BC4895244091432AE068F65E40C24144957E9B2440137F97FEADF65E40EE913ABD8E9D24402F7C77C49FF65E40AAE7CFB9019C2440D108AD7B20F75E4081EF69BB20972440B4D27681A2F75E4076ED9E8616932440
49	69114	PHL	Pilipinas	Cebu			PH.CB	RP21		Lalawigan|Probinsya	Province	Unknown	Present		Cebu City			PH.CB.CB			Lungsod|Siyudad	City	Unknown	Present		Punta Princesa				Barangay	Village	Unknown	Present														0.076602839558500002	0.000164522100833	Punta Princesa	072217062	0106000020E61000000100000001030000000100000018000000D538D6C07FF85E40DADCF8350E9724409966A9DE7BF85E40F8EC13E852962440B955B1007AF85E40FB2B6514FB952440B488891D3FF85E40EB74CC640C952440B4D27681A2F75E4076ED9E8616932440D108AD7B20F75E4081EF69BB209724402F7C77C49FF65E40AAE7CFB9019C2440137F97FEADF65E40EE913ABD8E9D2440A3203BDBBCF65E405E480524019D24401312A5A2CAF65E40A0871986BE9C2440A2DB8464E3F65E40864A50E4679C24401D5E9D3BFDF65E40F2B3483F149C24402DCAE17F22F75E40A7F6F9130A9B2440091A12BD36F75E40E6CF01A0139A24403A4D223E50F75E40C844250710992440A927FADD6AF75E40AC4E8A3D399824405AFD6EE190F75E40FEE5772762972440A8335A20B8F75E40D6D46A9CF69624400918173CE5F75E40AF7E199FDC96244003CAA6410CF85E408A26DE3BF196244072A47EE126F85E40286D997106972440485B236357F85E40080F6BC8149724408A8A49607AF85E400AF17EA307972440D538D6C07FF85E40DADCF8350E972440
50	69117	PHL	Pilipinas	Cebu			PH.CB	RP21		Lalawigan|Probinsya	Province	Unknown	Present		Cebu City			PH.CB.CB			Lungsod|Siyudad	City	Unknown	Present		Cogon Ramos				Barangay	Village	Unknown	Present														0.0180897633154	1.20682043031e-005	Cogon Ramos (Pob.)	072217023	0106000020E6100000010000000103000000010000000800000008EC74C3CCF95E40FDCC382ADB992440AD6188E4C5F95E40FAC4AA90C3992440F84ED0C388F95E40C4FB56A8E59C2440252E0B0098F95E40085583630D9D2440BA09C91BC5F95E400681F067389D2440962570BFC1F95E403786B40A2D9C2440DAF8D03DC3F95E403EF59498789A244008EC74C3CCF95E40FDCC382ADB992440
51	69121	PHL	Pilipinas	Cebu			PH.CB	RP21		Lalawigan|Probinsya	Province	Unknown	Present		Cebu City			PH.CB.CB			Lungsod|Siyudad	City	Unknown	Present		Santa Cruz				Barangay	Village	Unknown	Present														0.021207181143199999	2.50521086824e-005	Santa Cruz (Pob.)	072217070	0106000020E61000000100000001030000000100000007000000AD6188E4C5F95E40FAC4AA90C3992440BC3188207AF95E40A473AA9333992440448D2E5C72F95E404234E6C4209A24403972967E5EF95E401CA769A5729C2440885D66FC7AF95E40AA53CFD5BB9C2440F84ED0C388F95E40C4FB56A8E59C2440AD6188E4C5F95E40FAC4AA90C3992440
52	69127	PHL	Pilipinas	Cebu			PH.CB	RP21		Lalawigan|Probinsya	Province	Unknown	Present		Cebu City			PH.CB.CB			Lungsod|Siyudad	City	Unknown	Present		Sambag I				Barangay	Village	Unknown	Present														0.022518422341900001	2.67431519364e-005	Sambag I (Pob.)	072217064	0106000020E6100000010000000103000000010000000D000000448D2E5C72F95E404234E6C4209A244000896D2252F95E403BA781A1CB992440CE80C2643BF95E4004EE9D3176992440AEF02BBF02F95E4028E85A58C59824408E01249D04F95E40CC2639E202992440743B8CFC0DF95E40B2556F5C66992440D9FACBBE14F95E403BA781A1CB992440E0D8207F11F95E40140274321A9A24404A79DEDF0DF95E40589D1C6BA29A24408242513E12F95E40E6DEC36A189B24409C50DBC11AF95E405B8EF2109A9B24403972967E5EF95E401CA769A5729C2440448D2E5C72F95E404234E6C4209A2440
53	69130	PHL	Pilipinas	Cebu			PH.CB	RP21		Lalawigan|Probinsya	Province	Unknown	Present		Cebu City			PH.CB.CB			Lungsod|Siyudad	City	Unknown	Present		Lorega (Lorega San Miguel)				Barangay	Village	Unknown	Present														0.0171719771955	1.6884416113100001e-005	Lorega (Lorega San Miguel)	072217042	0106000020E61000000100000001030000000100000009000000774BFF4365FA5E40E29F723E709B24403A31E07E4FFA5E40967765E2929A24400193D2E34DFA5E40CFD1892A6599244045A2C50214FA5E4084817B06FC992440B4E98FFE11FA5E40F007B70BCB9A24402788581D13FA5E40823300804B9B24401B7E6AFD15FA5E4020517902EE9B2440C01BBA0319FA5E40B7BB13A3169C2440774BFF4365FA5E40E29F723E709B2440
54	69131	PHL	Pilipinas	Cebu			PH.CB	RP21		Lalawigan|Probinsya	Province	Unknown	Present		Cebu City			PH.CB.CB			Lungsod|Siyudad	City	Unknown	Present		Kinasang-An Pardo				Barangay	Village	Unknown	Present														0.108064458335	0.00024937673701100002	Kinasang-an Pardo	072217038	0106000020E6100000010000000103000000010000001800000091432AE068F65E40C24144957E9B24405035E83DF5F65E40AC2FC5BC489524407FAD3EA47CF75E403490068F4F912440FB754EDD56F85E4050C749AD3C8C24405279E41E64F85E403C742280F08B24405376BB406BF85E40027CEDE3F28B2440886A936272F85E40F23ED52FDC8B244017EC804179F85E40F23ED52FDC8B2440B78016C47CF85E405E4B9039D38B2440180C373F81F85E405471590AB88B2440A66D6E2080F85E40333C6D14398B2440B78016C47CF85E40EBDAB2BFF98A24408A8A49607AF85E402AA77A57CC8A2440FB085C8173F85E405E990BC0838A2440DDEEEE9B72F85E40789458E4798A2440CFDE058459F85E4026ED674465892440F927610229F85E40BAE1ED25558A24403C394FA240F75E40BF6516020F8F2440CEF97A1FB0F65E40613E7BF3FB932440587DE05F5DF65E40FE883AD6AC972440C3113E7E0CF65E402EB9BDCF489B2440FCF73DFC1FF65E406854B51A919B2440742FA56444F65E40D4372E71159C244091432AE068F65E40C24144957E9B2440
55	69134	PHL	Pilipinas	Cebu			PH.CB	RP21		Lalawigan|Probinsya	Province	Unknown	Present		Cebu City			PH.CB.CB			Lungsod|Siyudad	City	Unknown	Present		Calamba				Barangay	Village	Unknown	Present														0.028980171146099999	3.5411733231399998e-005	Calamba	072217018	0106000020E61000000100000001030000000100000011000000AEF02BBF02F95E4028E85A58C5982440286D499E00F95E40FE5177431C982440661411BD01F95E40C282845A9197244075F0703B03F95E407E0D56E02D97244031682B7E0CF95E407A708677E99624407727B960FEF85E402FB47837C6962440342C1CFDF2F85E402CACEA9DAE9624402DB295C2C4F85E4050A6A7C4FD9524404EC153E2CAF85E409E6107579D9A24409C50DBC11AF95E405B8EF2109A9B24408242513E12F95E40E6DEC36A189B24404A79DEDF0DF95E40589D1C6BA29A2440E0D8207F11F95E40140274321A9A2440D9FACBBE14F95E403BA781A1CB992440743B8CFC0DF95E40B2556F5C669924408E01249D04F95E40CC2639E202992440AEF02BBF02F95E4028E85A58C5982440
56	69136	PHL	Pilipinas	Cebu			PH.CB	RP21		Lalawigan|Probinsya	Province	Unknown	Present		Cebu City			PH.CB.CB			Lungsod|Siyudad	City	Unknown	Present		Tejero (Villa Gonzalo)				Barangay	Village	Unknown	Present														0.0198180350539	1.62619043119e-005	Tejero (Villa Gonzalo)	072217083	0106000020E6100000010000000103000000010000001E000000A8AF6F809DFA5E403B1381BD859A24406CDD429E99FA5E40454AF53D569A244078C451E295FA5E409AA8352F1D9A24400EFC579C8FFA5E4006A76F59F69924409D94D7A289FA5E40145FB183CF99244034CCDD5C83FA5E40D2F51983B8992440855BE85B7EFA5E40AE089D50A09924408266972179FA5E408AA2E00D97992440DD2AF50374FA5E406A36318587992440A6FFD4BC71FA5E4045D074427E992440833E5B3C6FFA5E40CF584A1A7499244021B33AC16AFA5E40AA6BCDE75B99244014AC757F66FA5E406699611C43992440A4E2479D62FA5E402B93ABA027992440852A88A05FFA5E4017D5C54208992440A51990C25DFA5E4090208366E798244087FF22DD5CFA5E40FAB5E8C5BE9824407D2C7DE25AFA5E40B8C590D598982440641BCA8059FA5E40FA12261774982440216B48DE58FA5E4087F64EDA4D982440F6A89AC158FA5E400E08CF0724982440AECC7FBF57FA5E4098FB6210ED97244046630A8456FA5E40D36CD7BCDB97244094BEF53B4FFA5E40BC611F53F69724403814535F40FA5E40D201198C089824400193D2E34DFA5E40CFD1892A659924403A31E07E4FFA5E40967765E2929A2440774BFF4365FA5E40E29F723E709B2440F435C0FB98FA5E4024810864919A2440A8AF6F809DFA5E403B1381BD859A2440
57	69137	PHL	Pilipinas	Cebu			PH.CB	RP21		Lalawigan|Probinsya	Province	Unknown	Present		Cebu City			PH.CB.CB			Lungsod|Siyudad	City	Unknown	Present		Pardo				Barangay	Village	Unknown	Present														0.081665526306899994	0.000202754441076	Pardo (Pob.)	072217053	0106000020E610000001000000010300000001000000110000003C394FA240F75E40BF6516020F8F24402153010442F75E409EA9691C818E2440ED7EDFDF42F75E405D164F7D108E2440C2BC31C342F75E401CBAF770308D2440156CF2BF45F75E4032E070AE6A8C244040FA16432EF75E40D77A4B9E768B244062FD7420E7F65E406AB697C8E28D24401312A5A2CAF65E4018F6672B478F2440A3EFDA1F9EF65E40DCFFB46517912440C12E487E70F65E40792CF0B2BE922440DBC37F6348F65E40C0A9ACC639932440482D78BEF4F55E40EEB45E7C9B952440E7B5ADFEAAF55E407AEC88498F992440C3113E7E0CF65E402EB9BDCF489B2440587DE05F5DF65E40FE883AD6AC972440CEF97A1FB0F65E40613E7BF3FB9324403C394FA240F75E40BF6516020F8F2440
58	69139	PHL	Pilipinas	Cebu			PH.CB	RP21		Lalawigan|Probinsya	Province	Unknown	Present		Cebu City			PH.CB.CB			Lungsod|Siyudad	City	Unknown	Present		Labangon				Barangay	Village	Unknown	Present														0.030849113211399999	4.5479784991200002e-005	Labangon	072217040	0106000020E6100000010000000103000000010000000F0000002DB295C2C4F85E4050A6A7C4FD9524403AD0D99D7CF85E4099621D9424942440A044FE9E78F85E406115394089942440BB2A4C3D77F85E405AC0D89AAB94244032D2CEDF77F85E40D47795DA4495244046B7E8E178F85E409C1C30A78B952440B955B1007AF85E40FB2B6514FB9524409966A9DE7BF85E40F8EC13E852962440D538D6C07FF85E40DADCF8350E972440A842095D7DF85E4063DF4E09DC972440CD3ACB027BF85E40D98E7DAF5D982440F01E245F7EF85E40BE1B32665D99244026C8E0BF7AF85E40B8D452A09D9924404EC153E2CAF85E409E6107579D9A24402DB295C2C4F85E4050A6A7C4FD952440
59	69147	PHL	Pilipinas	Cebu			PH.CB	RP21		Lalawigan|Probinsya	Province	Unknown	Present		Cebu City			PH.CB.CB			Lungsod|Siyudad	City	Unknown	Present		Sambag II				Barangay	Village	Unknown	Present														0.024882292400299998	3.5773675368099998e-005	Sambag II (Pob.)	072217065	0106000020E6100000010000000103000000010000000D000000BC3188207AF95E40A473AA9333992440B870C07F8CF95E40CCAB77FB4397244093FFAB3B5EF95E40704793D636972440C46E4E5D3CF95E4088D90B302B97244031682B7E0CF95E407A708677E996244075F0703B03F95E407E0D56E02D972440661411BD01F95E40C282845A91972440286D499E00F95E40FE5177431C982440AEF02BBF02F95E4028E85A58C5982440CE80C2643BF95E4004EE9D317699244000896D2252F95E403BA781A1CB992440448D2E5C72F95E404234E6C4209A2440BC3188207AF95E40A473AA9333992440
60	69150	PHL	Pilipinas	Cebu			PH.CB	RP21		Lalawigan|Probinsya	Province	Unknown	Present		Cebu City			PH.CB.CB			Lungsod|Siyudad	City	Unknown	Present		Day-As				Barangay	Village	Unknown	Present														0.016495263720699999	1.39820457124e-005	Day-as	072217025	0106000020E610000001000000010300000001000000090000003C8D281D1CFA5E4098FB6210ED972440E48397E3F2F95E407495A6CDE397244096B87D63DEF95E400E08CF072498244008EC74C3CCF95E40FDCC382ADB99244045A2C50214FA5E4084817B06FC9924403664B89B14FA5E404FF967E330992440B620D8230DFA5E407ADDC67E8A982440F29380FB0BFA5E402C84E9D5229824403C8D281D1CFA5E4098FB6210ED972440
61	69151	PHL	Pilipinas	Cebu			PH.CB	RP21		Lalawigan|Probinsya	Province	Unknown	Present		Cebu City			PH.CB.CB			Lungsod|Siyudad	City	Unknown	Present		T. Padilla				Barangay	Village	Unknown	Present														0.0134828772396	1.1240926915199999e-005	T. Padilla	072217078	0106000020E610000001000000010300000001000000080000000193D2E34DFA5E40CFD1892A659924403814535F40FA5E40D201198C089824403C8D281D1CFA5E4098FB6210ED972440F29380FB0BFA5E402C84E9D522982440B620D8230DFA5E407ADDC67E8A9824403664B89B14FA5E404FF967E33099244045A2C50214FA5E4084817B06FC9924400193D2E34DFA5E40CFD1892A65992440
63	69155	PHL	Pilipinas	Cebu			PH.CB	RP21		Lalawigan|Probinsya	Province	Unknown	Present		Cebu City			PH.CB.CB			Lungsod|Siyudad	City	Unknown	Present		Bulacao				Barangay	Village	Unknown	Present														0.099081196535699995	0.00033960003914100003	Bulacao	072217015	0106000020E6100000010000000103000000010000001A00000040FA16432EF75E40D77A4B9E768B244031125782DFF65E406CB0114579882440FD7CF0DC9DF65E40DE7E6DFBEE892440CABC370299F65E40548BD9F2258A244093F3C4A394F65E404486C5BC868A2440DF79151F90F65E403D082364368B2440FB1448FC83F65E40958B3499378C24402419ED037AF65E408E785071BA8C24404A87C5DB6FF65E404020B4B3398D2440C41A75E260F65E40889D70C7B48D2440641CFDC047F65E4028323FF4768E2440E565C5A22BF65E4050434C7FE28E2440079A833B03F65E405C179068F78E24406313C65CF3F55E40B53C23615C8F244052CFBDFDD7F55E40ED6E46E1A28F24408E708A24BDF55E40FAE68D64E9902440100D644019F55E4032968C12B99624406D3B8BA0FEF45E405329F744D4972440E7B5ADFEAAF55E407AEC88498F992440482D78BEF4F55E40EEB45E7C9B952440DBC37F6348F65E40C0A9ACC639932440C12E487E70F65E40792CF0B2BE922440A3EFDA1F9EF65E40DCFFB465179124401312A5A2CAF65E4018F6672B478F244062FD7420E7F65E406AB697C8E28D244040FA16432EF75E40D77A4B9E768B2440
64	69166	PHL	Pilipinas	Cebu			PH.CB	RP21		Lalawigan|Probinsya	Province	Unknown	Present		Cebu City			PH.CB.CB			Lungsod|Siyudad	City	Unknown	Present		Kamagayan				Barangay	Village	Unknown	Present														0.0155058033018	1.12346779808e-005	Kamagayan (Pob.)	072217035	0106000020E61000000100000001030000000100000006000000E48397E3F2F95E407495A6CDE39724405DB8C2DFDEF95E409202FFD0DD9624405CAF8B7B8AF95E40F0A5342293962440B870C07F8CF95E40CCAB77FB4397244096B87D63DEF95E400E08CF0724982440E48397E3F2F95E407495A6CDE3972440
65	69168	PHL	Pilipinas	Cebu			PH.CB	RP21		Lalawigan|Probinsya	Province	Unknown	Present		Cebu City			PH.CB.CB			Lungsod|Siyudad	City	Unknown	Present		Tinago				Barangay	Village	Unknown	Present														0.0103528392386	6.0363149922999999e-006	Tinago	072217084	0106000020E6100000010000000103000000010000000D00000046630A8456FA5E40D36CD7BCDB972440FF5B8ABE52FA5E4001834790A6972440CA67B29C4BFA5E40661EA0358497244044E4CF7B49FA5E40B2BEABB66B972440AADA57634BFA5E40BC6E5F472D97244003686D204BFA5E40E4A8AE850B9724408CC0EA7D4AFA5E407A708677E99624405FE1AF413BFA5E40E49A2DA6ED9624404994ED5E20FA5E408A26DE3BF19624403C8D281D1CFA5E4098FB6210ED9724403814535F40FA5E40D201198C0898244094BEF53B4FFA5E40BC611F53F697244046630A8456FA5E40D36CD7BCDB972440
66	69169	PHL	Pilipinas	Cebu			PH.CB	RP21		Lalawigan|Probinsya	Province	Unknown	Present		Cebu City			PH.CB.CB			Lungsod|Siyudad	City	Unknown	Present		Pari-An				Barangay	Village	Unknown	Present														0.0107993934847	6.3955923699700001e-006	Pari-an	072217054	0106000020E610000001000000010300000001000000060000004994ED5E20FA5E408A26DE3BF19624406EFCCA3EFAF95E406ABA2EB3E19624405DB8C2DFDEF95E409202FFD0DD962440E48397E3F2F95E407495A6CDE39724403C8D281D1CFA5E4098FB6210ED9724404994ED5E20FA5E408A26DE3BF1962440
67	69173	PHL	Pilipinas	Cebu			PH.CB	RP21		Lalawigan|Probinsya	Province	Unknown	Present		Cebu City			PH.CB.CB			Lungsod|Siyudad	City	Unknown	Present		Pahina Central				Barangay	Village	Unknown	Present														0.018493061382800002	1.48909670169e-005	Pahina Central (Pob.)	072217050	0106000020E6100000010000000103000000010000000C0000005CAF8B7B8AF95E40F0A5342293962440AB69FB3D88F95E4012CC5E4D0D962440DEF52A7F75F95E40F441C39FF09524409A25F3DE6CF95E4098DDDE7AE3952440C9BFFAC34DF95E40C67A0F3EBD952440D853685F3DF95E40741AE5E6249624404F6B063C1AF95E404D309305C596244031682B7E0CF95E407A708677E9962440C46E4E5D3CF95E4088D90B302B97244093FFAB3B5EF95E40704793D636972440B870C07F8CF95E40CCAB77FB439724405CAF8B7B8AF95E40F0A5342293962440
68	69177	PHL	Pilipinas	Cebu			PH.CB	RP21		Lalawigan|Probinsya	Province	Unknown	Present		Cebu City			PH.CB.CB			Lungsod|Siyudad	City	Unknown	Present		San Roque (Ciudad)				Barangay	Village	Unknown	Present														0.0171884343343	1.55056377809e-005	San Roque (Ciudad)	072217069	0106000020E6100000010000000103000000010000001B0000008CC0EA7D4AFA5E407A708677E996244043467D6447FA5E402FB47837C6962440F835431B44FA5E40140CF1649C9624403D1D0DE33FFA5E408ED0ED986C9624408EAC17E23AFA5E409F6A439E38962440EA0EC8DB37FA5E4054AE355E15962440230F835F37FA5E4071A38F3C0596244057E3A48336FA5E40B0F617C4E695244092B8FA4333FA5E40C3F94194B49524404CB17A7E2FFA5E402C8FA7F38B9524403FAAB53C2BFA5E402C8126146E95244007E142DE26FA5E408F3A6BDE58952440D5208A0322FA5E406AD4AE9B4F952440F2DB72DE1DFA5E40D759A9B537952440436B7DDD18FA5E40920EFED92D95244094FA87DC13FA5E403D0DFB391C952440535E6F830DFA5E40824A253608952440A1B95A3B06FA5E4029C854ECED9424406B273002FDF95E408C085AA6E79424405119A67EF4F95E407858F527E6942440C7A07223EDF95E4047BDAECADD94244063E13261E6F95E40D0BEC3B2C494244060F505FDF5F95E4088D8CA44449624406EFCCA3EFAF95E406ABA2EB3E19624404994ED5E20FA5E408A26DE3BF19624405FE1AF413BFA5E40E49A2DA6ED9624408CC0EA7D4AFA5E407A708677E9962440
69	69178	PHL	Pilipinas	Cebu			PH.CB	RP21		Lalawigan|Probinsya	Province	Unknown	Present		Cebu City			PH.CB.CB			Lungsod|Siyudad	City	Unknown	Present		San Nicolas Central				Barangay	Village	Unknown	Present														0.0163021837856	1.43448864918e-005	San Nicolas Central	072217068	0106000020E6100000010000000103000000010000000E0000004F6B063C1AF95E404D309305C5962440C43DEEA11DF95E4071CCD1EF77952440E8D62B3D16F95E4061167A2B709524405277E99D12F95E40F8EBD2FC6B9524401ED63544C3F85E403386895CCD942440F9DD739EC5F85E40E86C3ECBF49424400BEEF263C9F85E40BDE51C815095244026D44002C8F85E407EA015D98C952440863FAB7FC4F85E4067A3DE4EC59524402DB295C2C4F85E4050A6A7C4FD952440342C1CFDF2F85E402CACEA9DAE9624407727B960FEF85E402FB47837C696244031682B7E0CF95E407A708677E99624404F6B063C1AF95E404D309305C5962440
70	69180	PHL	Pilipinas	Cebu			PH.CB	RP21		Lalawigan|Probinsya	Province	Unknown	Present		Cebu City			PH.CB.CB			Lungsod|Siyudad	City	Unknown	Present		Central				Barangay	Village	Unknown	Present														0.0129392471579	9.1903127938199999e-006	Central (Pob.)	072217022	0106000020E6100000010000000103000000010000000C00000063E13261E6F95E40D0BEC3B2C4942440D45F4582DFF95E40D419179EA894244027C4EABDD7F95E40FEE2B465AD942440B4284B7DCFF95E4085103752BF9424406F5813DDC6F95E4044B52031C6942440FCBC739CBEF95E4092E47A3BD49424407C5FD81ECBF95E40EEC2DF5BB995244033CED8DDD4F95E4036D5DD3E619624405DB8C2DFDEF95E409202FFD0DD9624406EFCCA3EFAF95E406ABA2EB3E196244060F505FDF5F95E4088D8CA444496244063E13261E6F95E40D0BEC3B2C4942440
71	69181	PHL	Pilipinas	Cebu			PH.CB	RP21		Lalawigan|Probinsya	Province	Unknown	Present		Cebu City			PH.CB.CB			Lungsod|Siyudad	City	Unknown	Present		Kalubihan				Barangay	Village	Unknown	Present														0.012081688112600001	4.19425321941e-006	Kalubihan (Pob.)	072217033	0106000020E6100000010000000103000000010000000600000033CED8DDD4F95E4036D5DD3E61962440DE018BC1C2F95E400E8D0D2165962440AB69FB3D88F95E4012CC5E4D0D9624405CAF8B7B8AF95E40F0A53422939624405DB8C2DFDEF95E409202FFD0DD96244033CED8DDD4F95E4036D5DD3E61962440
72	69182	PHL	Pilipinas	Cebu			PH.CB	RP21		Lalawigan|Probinsya	Province	Unknown	Present		Cebu City			PH.CB.CB			Lungsod|Siyudad	City	Unknown	Present		Pahina San Nicolas				Barangay	Village	Unknown	Present														0.0092782466116399995	4.0206024413199997e-006	Pahina San Nicolas	072217051	0106000020E61000000100000001030000000100000006000000C9BFFAC34DF95E40C67A0F3EBD952440E632F1BB37F95E40B3BC29E09D952440C43DEEA11DF95E4071CCD1EF779524404F6B063C1AF95E404D309305C5962440D853685F3DF95E40741AE5E624962440C9BFFAC34DF95E40C67A0F3EBD952440
73	69189	PHL	Pilipinas	Cebu			PH.CB	RP21		Lalawigan|Probinsya	Province	Unknown	Present		Cebu City			PH.CB.CB			Lungsod|Siyudad	City	Unknown	Present		Ermita				Barangay	Village	Unknown	Present														0.0240943600179	2.4216320169999999e-005	Ermita (Pob.)	072217028	0106000020E6100000010000000103000000010000002100000033CED8DDD4F95E4036D5DD3E619624407C5FD81ECBF95E40EEC2DF5BB9952440FCBC739CBEF95E4092E47A3BD494244047829224B7F95E40C7008F42E59424406712163CB0F95E40E0829C56EA9424407AFA581CAAF95E40B3D7EAB3F2942440FF5D853FA4F95E40B3D7EAB3F2942440E7831A039EF95E40ACED483FE89424402A37C58397F95E40AAFDB384D79424400D54A0C391F95E403CCB7EBCBB9424408EAE12638CF95E40BD791D659694244033C2789B87F95E402025E14F639424402BC46DDD82F95E40A32ED3E321942440B65333607DF95E40BD0D1E49DC932440856815C275F95E4016ED2BE4AB9324406B5A8B3E6DF95E402D7FA43DA09324403A6F6DA065F95E402D7FA43DA0932440239502645FF95E40CA3E9F83A69324404559A5C25AF95E400F110B4FBF9324400E90326456F95E40F80553E5D9932440B3A3989C51F95E40C4F7BFBDE6932440ABA58DDE4CF95E404A9E81BAE9932440550DC95B52F95E4089BA46AF3A9424408F0A5B0159F95E40DAF53733959424407B2541FF57F95E40B06E16E9F0942440EE78EE5C4EF95E401F34A31A68952440FC7FB39E52F95E4022D17283AC952440C9BFFAC34DF95E40C67A0F3EBD9524409A25F3DE6CF95E4098DDDE7AE3952440DEF52A7F75F95E40F441C39FF0952440AB69FB3D88F95E4012CC5E4D0D962440DE018BC1C2F95E400E8D0D216596244033CED8DDD4F95E4036D5DD3E61962440
74	69192	PHL	Pilipinas	Cebu			PH.CB	RP21		Lalawigan|Probinsya	Province	Unknown	Present		Cebu City			PH.CB.CB			Lungsod|Siyudad	City	Unknown	Present		Duljo				Barangay	Village	Unknown	Present														0.014595617954799999	8.9778516145199995e-006	Duljo (Pob.)	072217027	0106000020E610000001000000010300000001000000140000001ED63544C3F85E403386895CCD9424406553CC3BBFF85E40E41E2BD447942440666A5E63B2F85E40D74AE7EA329424406041EEE1AAF85E403D937A3E4494244079078682A1F85E40056FD89D1B942440DF9E895F9EF85E40E86BFDDF0D942440501D9C8097F85E40DE91C6B0F293244072E13EDF92F85E40A00A438BCE93244010561E648EF85E40EB9CCD2C9893244065DA799D8EF85E40DEC8894383932440034F59228AF85E40C73611EA8E932440668F5EDC83F85E401CD7CD58B69324405CBCB8E181F85E409CAFEF9FEA9324403AD0D99D7CF85E4099621D94249424402DB295C2C4F85E4050A6A7C4FD952440863FAB7FC4F85E4067A3DE4EC595244026D44002C8F85E407EA015D98C9524400BEEF263C9F85E40BDE51C8150952440F9DD739EC5F85E40E86C3ECBF49424401ED63544C3F85E403386895CCD942440
75	69193	PHL	Pilipinas	Cebu			PH.CB	RP21		Lalawigan|Probinsya	Province	Unknown	Present		Cebu City			PH.CB.CB			Lungsod|Siyudad	City	Unknown	Present		Mambaling				Barangay	Village	Unknown	Present														0.034762272797100001	4.4787708991599997e-005	Mambaling	072217049	0106000020E610000001000000010300000001000000230000003AD0D99D7CF85E4099621D94249424405CBCB8E181F85E409CAFEF9FEA932440668F5EDC83F85E401CD7CD58B6932440034F59228AF85E40C73611EA8E93244065DA799D8EF85E40DEC88943839324404FFDE5828FF85E409A61DCA83D932440B08806FE93F85E4076FB1F6634932440501D9C8097F85E402A6995C46A932440E67CDE1F9BF85E40106E48A074932440DF9E895F9EF85E4040098FFD7C932440DF9E895F9EF85E40C73611EA8E932440CE8BE1BBA1F85E4010038A6FA193244082059140A6F85E4062A93924CF9324407C2413A2B0F85E4062A93924CF932440D1F060BEC2F85E40B615FBF4B393244060724E9DC9F85E40D4FCD3F3859324408D681B01CCF85E402A6995C46A9324406BA478A2D0F85E40EECD9D79229324406BA478A2D0F85E403A60281BEC9224401BEA08E0D2F85E40E538ABBCB59224408E88D1FED3F85E40C4BE7A54889224408E88D1FED3F85E406F97FDF5519224407B589C3BC8F85E40D2BB00F10F92244019CD7BC0C3F85E4002C2057FEB912440540FC4DCA3F85E401000C7ADEC902440540FC4DCA3F85E4073324B88C89024402513FC8085F85E40A83F9DC4D48F2440100E2C817CF85E40BEE0D7E8CD902440B488891D3FF85E40EB74CC640C952440B955B1007AF85E40FB2B6514FB95244046B7E8E178F85E409C1C30A78B95244032D2CEDF77F85E40D47795DA44952440BB2A4C3D77F85E405AC0D89AAB942440A044FE9E78F85E4061153940899424403AD0D99D7CF85E4099621D9424942440
76	69195	PHL	Pilipinas	Cebu			PH.CB	RP21		Lalawigan|Probinsya	Province	Unknown	Present		Cebu City			PH.CB.CB			Lungsod|Siyudad	City	Unknown	Present		Pasil				Barangay	Village	Unknown	Present														0.010277422799099999	6.0643468908899997e-006	Pasil	072217056	0106000020E6100000010000000103000000010000000F000000ABA58DDE4CF95E404A9E81BAE99324409E9EC89C48F95E404A9E81BAE9932440CA97BEDE43F95E404A9E81BAE9932440C7A26DA43EF95E404A9E81BAE9932440FA170BBE38F95E402AB99221E9932440AC94E32036F95E404A9E81BAE99324407494289D36F95E4002A9C68164942440E632F1BB37F95E40B3BC29E09D952440C9BFFAC34DF95E40C67A0F3EBD952440FC7FB39E52F95E4022D17283AC952440EE78EE5C4EF95E401F34A31A689524407B2541FF57F95E40B06E16E9F09424408F0A5B0159F95E40DAF5373395942440550DC95B52F95E4089BA46AF3A942440ABA58DDE4CF95E404A9E81BAE9932440
77	69198	PHL	Pilipinas	Cebu			PH.CB	RP21		Lalawigan|Probinsya	Province	Unknown	Present		Cebu City			PH.CB.CB			Lungsod|Siyudad	City	Unknown	Present		Suba Pob. (Suba San Nicolas)				Barangay	Village	Unknown	Present														0.012838254321300001	8.2138063804700007e-006	Suba Pob. (Suba San Nicolas)	072217075	0106000020E61000000100000001030000000100000014000000AC94E32036F95E404A9E81BAE993244089B08AC432F95E409CAFEF9FEA932440C251C13D2DF95E408C8058CBF19324408F91086328F95E40613E7BF3FB93244033D0D35E26F95E4075EEDF71FD932440B155ABC123F95E403AF6AAD5FF932440A957A0031FF95E40F813D4C4F79324401FA09E9B1AF95E40C4F7BFBDE69324408F49168016F95E400FA64C1EEC932440E5E1DA0211F95E40BD0D1E49DC932440F595FE9B08F95E404A0940EBBC932440286D499E00F95E40EB9CCD2C989324405660ED230AF95E4002A9C6816494244007A67D610CF95E404420DF61999424405277E99D12F95E40F8EBD2FC6B952440E8D62B3D16F95E4061167A2B70952440C43DEEA11DF95E4071CCD1EF77952440E632F1BB37F95E40B3BC29E09D9524407494289D36F95E4002A9C68164942440AC94E32036F95E404A9E81BAE9932440
78	69199	PHL	Pilipinas	Cebu			PH.CB	RP21		Lalawigan|Probinsya	Province	Unknown	Present		Cebu City			PH.CB.CB			Lungsod|Siyudad	City	Unknown	Present		Sawang Calero				Barangay	Village	Unknown	Present														0.0156384698786	1.1138183106600001e-005	Sawang Calero (Pob.)	072217071	0106000020E6100000010000000103000000010000000F000000286D499E00F95E40EB9CCD2C98932440BBAFFE1DF5F85E40EB9CCD2C989324407BE88001ECF85E407F901223A1932440C64E1B7FDFF85E40ADD00595C593244099584E1BDDF85E4034FE8781D79324400BD7603CD6F85E40613E7BF3FB932440FF06E41FCDF85E4030387665209424406F654043BEF85E40AA9F35483B942440666A5E63B2F85E40D74AE7EA329424406553CC3BBFF85E40E41E2BD4479424401ED63544C3F85E403386895CCD9424405277E99D12F95E40F8EBD2FC6B95244007A67D610CF95E404420DF61999424405660ED230AF95E4002A9C68164942440286D499E00F95E40EB9CCD2C98932440
79	69232	PHL	Pilipinas	Cebu			PH.CB	RP21		Lalawigan|Probinsya	Province	Unknown	Present		Cebu City			PH.CB.CB			Lungsod|Siyudad	City	Unknown	Present		Basak Pardo				Barangay	Village	Unknown	Present														0.039443656113900001	4.7436049549900002e-005	Basak Pardo	072217005	0106000020E6100000010000000103000000010000000D000000EEB67B7E64F85E40EADD7581AE8D244057829EA263F85E405C4D1210A18D2440B7ED082060F85E4064AFB2A9B58C24402A8CD13E61F85E40EE0D05E3518C2440466FF6FE66F85E408F0C5155008C24405376BB406BF85E40027CEDE3F28B24405279E41E64F85E403C742280F08B2440FB754EDD56F85E4050C749AD3C8C24407FAD3EA47CF75E403490068F4F912440FC669FA091F75E408007D05CC4912440EDBB9FDDAEF75E40A41ED02D369224406A6AE1825DF85E405A004004DB8D2440EEB67B7E64F85E40EADD7581AE8D2440
80	69262	PHL	Pilipinas	Cebu			PH.CB	RP21		Lalawigan|Probinsya	Province	Unknown	Present		Cebu City			PH.CB.CB			Lungsod|Siyudad	City	Unknown	Present		Cogon Pardo				Barangay	Village	Unknown	Present														0.047977223880299999	8.5885229905600005e-005	Cogon Pardo	072217024	0106000020E61000000100000001030000000100000011000000CFDE058459F85E4026ED674465892440CEE12E6252F85E40139A401719892440A8C9B6BE4CF85E406871C018D1882440CA8D591D48F85E40C2C90DC491882440B488891D3FF85E40483CD422528824406EE3B64039F85E4094CE5EC41B8824404AFF5DE435F85E4058336779D38724400924777E32F85E40D5CBF6A878872440F2490C422CF85E4090EB09FE41872440DF9D5B02F7F75E4027DEA57960882440156CF2BF45F75E4032E070AE6A8C2440C2BC31C342F75E401CBAF770308D2440ED7EDFDF42F75E405D164F7D108E24402153010442F75E409EA9691C818E24403C394FA240F75E40BF6516020F8F2440F927610229F85E40BAE1ED25558A2440CFDE058459F85E4026ED674465892440
\.


--
-- Data for Name: cebuMap_cebumap; Type: TABLE DATA; Schema: public; Owner: postgres
--

COPY public."cebuMap_cebumap" (id, location) FROM stdin;
10	0101000020E6100000C45BE7DF2EF85E40AB92C83EC89A2440
\.


--
-- Data for Name: cebuMap_incidence; Type: TABLE DATA; Schema: public; Owner: postgres
--

COPY public."cebuMap_incidence" (id, name, address, city, location) FROM stdin;
\.


--
-- Data for Name: django_admin_log; Type: TABLE DATA; Schema: public; Owner: postgres
--

COPY public.django_admin_log (id, action_time, object_id, object_repr, action_flag, change_message, content_type_id, user_id) FROM stdin;
1	2019-11-04 19:45:00.146074+08	1	Dr. Robot	1	[{"added": {}}]	18	1
2	2019-11-04 19:45:02.353019+08	1	cali	1	[{"added": {}}]	16	1
3	2019-11-04 19:45:07.770146+08	1	cali	1	[{"added": {}}]	19	1
4	2019-11-04 22:00:47.288835+08	4	rina	2	[{"changed": {"fields": ["password"]}}]	19	1
5	2019-11-05 23:02:18.847644+08	1	salvador dala	2	[]	21	1
6	2019-11-06 17:51:25.354842+08	1	CebuMap object (1)	1	[{"added": {}}]	24	1
7	2019-11-06 17:51:53.366782+08	1	CebuMap object (1)	2	[{"changed": {"fields": ["ceb_map"]}}]	24	1
8	2019-11-06 18:07:52.795624+08	2	CebuMap object (2)	1	[{"added": {}}]	24	1
9	2019-11-06 18:20:26.424112+08	3	CebuMap object (3)	1	[{"added": {}}]	24	1
10	2019-11-06 18:21:30.957891+08	4	CebuMap object (4)	1	[{"added": {}}]	24	1
11	2019-11-06 18:27:08.626258+08	5	CebuMap object (5)	1	[{"added": {}}]	24	1
12	2019-11-06 18:33:13.259222+08	6	CebuMap object (6)	1	[{"added": {}}]	24	1
13	2019-11-06 18:37:50.705953+08	7	CebuMap object (7)	1	[{"added": {}}]	24	1
14	2019-11-06 18:42:20.607077+08	6	CebuMap object (6)	2	[{"changed": {"fields": ["location"]}}]	24	1
15	2019-11-06 18:42:38.070109+08	8	CebuMap object (8)	1	[{"added": {}}]	24	1
16	2019-11-06 18:53:51.264931+08	8	CebuMap object (8)	2	[{"changed": {"fields": ["ceb_map"]}}]	24	1
17	2019-11-06 19:06:57.916876+08	http://localhost:8000	CebuMap object (http://localhost:8000)	1	[{"added": {}}]	24	1
18	2019-11-06 19:17:06.078608+08	10	CebuMap object (10)	1	[{"added": {}}]	24	1
19	2019-11-06 19:22:05.015088+08	9	CebuMap object (9)	3		24	1
20	2019-11-06 19:22:05.055044+08	8	CebuMap object (8)	3		24	1
21	2019-11-06 19:22:05.060031+08	7	CebuMap object (7)	3		24	1
22	2019-11-06 19:22:05.063837+08	6	CebuMap object (6)	3		24	1
23	2019-11-06 19:22:05.066377+08	5	CebuMap object (5)	3		24	1
24	2019-11-06 19:22:05.069953+08	4	CebuMap object (4)	3		24	1
25	2019-11-06 19:22:05.073415+08	3	CebuMap object (3)	3		24	1
26	2019-11-06 19:22:05.076598+08	2	CebuMap object (2)	3		24	1
27	2019-11-06 19:22:05.079472+08	1	CebuMap object (1)	3		24	1
28	2019-11-07 17:22:17.568186+08	10	shem	2	[{"changed": {"fields": ["username"]}}]	19	1
29	2019-11-10 17:29:53.603707+08	8	kalin	3		8	1
30	2019-11-10 17:29:53.616067+08	7	kalin	3		8	1
31	2019-11-10 17:29:53.617075+08	6	kalin	3		8	1
32	2019-11-11 14:59:47.251929+08	19	Patient	3		11	1
33	2019-11-11 14:59:47.267481+08	18	Patient	3		11	1
34	2019-11-11 14:59:47.270393+08	17	Patient	3		11	1
35	2019-11-11 14:59:47.272394+08	16	Patient	3		11	1
36	2019-11-11 14:59:47.275391+08	15	Patient	3		11	1
37	2019-11-11 14:59:47.277454+08	14	Patient	3		11	1
38	2019-11-11 14:59:47.280171+08	13	Patient	3		11	1
39	2019-11-11 14:59:47.282196+08	12	Patient	3		11	1
40	2019-11-11 14:59:47.28419+08	11	Patient	3		11	1
41	2019-11-11 14:59:47.286194+08	10	Patient	3		11	1
42	2019-11-11 14:59:47.288193+08	9	Patient	3		11	1
43	2019-11-11 14:59:47.291192+08	8	Patient	3		11	1
44	2019-11-11 14:59:47.293353+08	7	Patient	3		11	1
45	2019-11-11 14:59:47.29513+08	6	Patient	3		11	1
46	2019-11-11 14:59:47.296991+08	5	Patient	3		11	1
47	2019-11-11 14:59:47.298259+08	4	Patient	3		11	1
48	2019-11-11 14:59:47.300046+08	3	Patient	3		11	1
49	2019-11-11 14:59:47.30205+08	2	Patient	3		11	1
50	2019-11-11 14:59:47.303987+08	1	Patient	3		11	1
51	2019-11-11 15:00:01.115071+08	2	nelia calderon	3		9	1
52	2019-11-11 15:00:34.223561+08	13	rina	3		8	1
53	2019-11-11 15:00:34.231936+08	12	kalin	3		8	1
54	2019-11-11 15:00:34.233936+08	11	kalin	3		8	1
55	2019-11-11 15:00:34.236933+08	10	kalin	3		8	1
56	2019-11-11 15:00:34.238944+08	9	kalin	3		8	1
57	2019-11-11 15:00:34.241943+08	5	kalin	3		8	1
58	2019-11-11 15:00:34.244004+08	4	rina	3		8	1
59	2019-11-11 15:00:34.246027+08	3	rina	3		8	1
60	2019-11-11 15:00:34.248025+08	2	rina	3		8	1
61	2019-11-11 15:00:34.250098+08	1	rina	3		8	1
62	2019-11-11 15:00:56.214447+08	86	nelia calderon	3		10	1
63	2019-11-11 15:00:56.222665+08	85	nelia calderon	3		10	1
64	2019-11-11 15:00:56.225355+08	84	nelia calderon	3		10	1
65	2019-11-11 15:00:56.227348+08	83	nelia calderon	3		10	1
66	2019-11-11 15:00:56.23012+08	82	nelia calderon	3		10	1
67	2019-11-11 15:00:56.232144+08	81	nelia calderon	3		10	1
68	2019-11-11 15:00:56.233962+08	80	nelia calderon	3		10	1
69	2019-11-11 15:00:56.235671+08	79	nelia calderon	3		10	1
70	2019-11-11 15:00:56.237793+08	78	nelia calderon	3		10	1
71	2019-11-11 15:00:56.239657+08	77	nelia calderon	3		10	1
72	2019-11-11 15:00:56.241791+08	76	nelia calderon	3		10	1
73	2019-11-11 15:00:56.24366+08	75	nelia calderon	3		10	1
74	2019-11-11 15:00:56.245791+08	74	nelia calderon	3		10	1
75	2019-11-11 15:00:56.247704+08	73	nelia calderon	3		10	1
76	2019-11-11 15:00:56.249733+08	72	nelia calderon	3		10	1
77	2019-11-11 15:00:56.251655+08	71	nelia calderon	3		10	1
78	2019-11-11 15:00:56.253008+08	70	nelia calderon	3		10	1
79	2019-11-11 15:00:56.25497+08	69	nelia calderon	3		10	1
80	2019-11-11 15:00:56.256659+08	68	nelia calderon	3		10	1
81	2019-11-11 15:00:56.258699+08	67	nelia calderon	3		10	1
82	2019-11-11 15:00:56.260657+08	66	nelia calderon	3		10	1
83	2019-11-11 15:00:56.262655+08	65	nelia calderon	3		10	1
84	2019-11-11 15:00:56.264698+08	64	nelia calderon	3		10	1
85	2019-11-11 15:00:56.266769+08	63	nelia calderon	3		10	1
86	2019-11-11 15:00:56.268713+08	62	nelia calderon	3		10	1
87	2019-11-11 15:00:56.270673+08	61	nelia calderon	3		10	1
88	2019-11-11 15:00:56.272661+08	60	nelia calderon	3		10	1
89	2019-11-11 15:00:56.274689+08	59	nelia calderon	3		10	1
90	2019-11-11 15:00:56.276657+08	58	nelia calderon	3		10	1
91	2019-11-11 15:00:56.278656+08	57	nelia calderon	3		10	1
92	2019-11-11 15:00:56.279907+08	56	nelia calderon	3		10	1
93	2019-11-11 15:00:56.281856+08	55	nelia calderon	3		10	1
94	2019-11-11 15:00:56.283864+08	54	nelia calderon	3		10	1
95	2019-11-11 15:00:56.285914+08	53	nelia calderon	3		10	1
96	2019-11-11 15:00:56.287857+08	52	nelia calderon	3		10	1
97	2019-11-11 15:00:56.288916+08	51	nelia calderon	3		10	1
98	2019-11-11 15:00:56.290912+08	50	nelia calderon	3		10	1
99	2019-11-11 15:00:56.29294+08	49	nelia calderon	3		10	1
100	2019-11-11 15:00:56.29486+08	48	nelia calderon	3		10	1
101	2019-11-11 15:00:56.296926+08	47	nelia calderon	3		10	1
102	2019-11-11 15:00:56.298404+08	46	nelia calderon	3		10	1
103	2019-11-11 15:00:56.300409+08	45	nelia calderon	3		10	1
104	2019-11-11 15:00:56.302357+08	44	nelia calderon	3		10	1
105	2019-11-11 15:00:56.30441+08	43	nelia calderon	3		10	1
106	2019-11-11 15:00:56.309404+08	42	nelia calderon	3		10	1
107	2019-11-11 15:00:56.311658+08	41	nelia calderon	3		10	1
108	2019-11-11 15:00:56.313383+08	40	nelia calderon	3		10	1
109	2019-11-11 15:00:56.315133+08	39	nelia calderon	3		10	1
110	2019-11-11 15:00:56.317092+08	38	nelia calderon	3		10	1
111	2019-11-11 15:00:56.319114+08	37	nelia calderon	3		10	1
112	2019-11-11 15:00:56.321078+08	36	nelia calderon	3		10	1
113	2019-11-11 15:00:56.32235+08	35	nelia calderon	3		10	1
114	2019-11-11 15:00:56.325084+08	34	nelia calderon	3		10	1
115	2019-11-11 15:00:56.327118+08	33	nelia calderon	3		10	1
116	2019-11-11 15:00:56.329077+08	32	nelia calderon	3		10	1
117	2019-11-11 15:00:56.330867+08	31	nelia calderon	3		10	1
118	2019-11-11 15:00:56.332808+08	30	nelia calderon	3		10	1
119	2019-11-11 15:00:56.334569+08	29	nelia calderon	3		10	1
120	2019-11-11 15:00:56.336908+08	28	nelia calderon	3		10	1
121	2019-11-11 15:00:56.338862+08	27	nelia calderon	3		10	1
122	2019-11-11 15:00:56.340922+08	26	nelia calderon	3		10	1
123	2019-11-11 15:00:56.342339+08	25	nelia calderon	3		10	1
124	2019-11-11 15:00:56.34412+08	24	nelia calderon	3		10	1
125	2019-11-11 15:00:56.346164+08	23	nelia calderon	3		10	1
126	2019-11-11 15:00:56.348164+08	22	nelia calderon	3		10	1
127	2019-11-11 15:00:56.350217+08	21	nelia calderon	3		10	1
128	2019-11-11 15:00:56.351162+08	20	nelia calderon	3		10	1
129	2019-11-11 15:00:56.353157+08	19	nelia calderon	3		10	1
130	2019-11-11 15:00:56.355164+08	18	nelia calderon	3		10	1
131	2019-11-11 15:00:56.357162+08	17	nelia calderon	3		10	1
132	2019-11-11 15:00:56.359166+08	16	nelia calderon	3		10	1
133	2019-11-11 15:00:56.361692+08	15	nelia calderon	3		10	1
134	2019-11-11 15:00:56.363576+08	14	nelia calderon	3		10	1
135	2019-11-11 15:00:56.365532+08	13	nelia calderon	3		10	1
136	2019-11-11 15:00:56.366951+08	12	nelia calderon	3		10	1
137	2019-11-11 15:00:56.368971+08	11	nelia calderon	3		10	1
138	2019-11-11 15:00:56.370976+08	10	nelia calderon	3		10	1
139	2019-11-11 15:00:56.372977+08	9	nelia calderon	3		10	1
140	2019-11-11 15:00:56.374976+08	8	nelia calderon	3		10	1
141	2019-11-11 15:00:56.377031+08	7	nelia calderon	3		10	1
142	2019-11-11 15:00:56.378184+08	6	nelia calderon	3		10	1
143	2019-11-11 15:00:56.38003+08	5	nelia calderon	3		10	1
144	2019-11-11 15:00:56.382059+08	4	nelia calderon	3		10	1
145	2019-11-11 15:00:56.384036+08	3	nelia calderon	3		10	1
146	2019-11-11 15:00:56.386032+08	2	nelia calderon	3		10	1
147	2019-11-11 15:00:56.387974+08	1	nelia calderon	3		10	1
148	2019-11-11 15:01:11.571682+08	2	nelia calderon	3		12	1
149	2019-11-11 15:01:11.583855+08	1	juan luna	3		12	1
150	2019-11-11 15:03:26.604645+08	13	helena	3		19	1
151	2019-11-11 15:03:26.617889+08	12	dyosa	3		19	1
152	2019-11-11 15:03:26.621951+08	11	salvador	3		19	1
153	2019-11-11 15:03:26.625326+08	10	shem	3		19	1
154	2019-11-11 15:03:26.62871+08	9	sanna	3		19	1
155	2019-11-11 15:03:26.631736+08	8	dyanne	3		19	1
156	2019-11-11 15:03:26.634841+08	4	rina	3		19	1
157	2019-11-11 15:03:26.63766+08	1	cali	3		19	1
158	2019-11-11 15:03:38.312261+08	13	helena	3		16	1
159	2019-11-11 15:03:38.328212+08	12	dyosa	3		16	1
160	2019-11-11 15:03:38.332213+08	11	salvador	3		16	1
161	2019-11-11 15:03:38.335209+08	10	shem	3		16	1
162	2019-11-11 15:03:38.338362+08	9	sanna	3		16	1
163	2019-11-11 15:03:38.341452+08	8	dyanne	3		16	1
164	2019-11-11 15:03:38.34512+08	7	dyanne	3		16	1
165	2019-11-11 15:03:38.347869+08	4	rina	3		16	1
166	2019-11-11 15:03:38.350866+08	3	rina	3		16	1
167	2019-11-11 15:03:38.353869+08	2	rina	3		16	1
168	2019-11-11 15:03:38.356931+08	1	cali	3		16	1
169	2019-11-11 15:03:51.696046+08	13	helena	3		14	1
170	2019-11-11 15:03:51.704737+08	12	kalin	3		14	1
171	2019-11-11 15:03:51.706665+08	11	None	3		14	1
172	2019-11-11 15:03:51.709577+08	10	None	3		14	1
173	2019-11-11 15:03:51.711581+08	9	None	3		14	1
174	2019-11-11 15:03:51.714582+08	8	None	3		14	1
175	2019-11-11 15:03:51.718576+08	7	rina	3		14	1
176	2019-11-11 15:03:51.720573+08	6	None	3		14	1
177	2019-11-11 15:03:51.723579+08	5	None	3		14	1
178	2019-11-11 15:03:51.72558+08	4	None	3		14	1
179	2019-11-11 15:03:51.727577+08	3	None	3		14	1
180	2019-11-11 15:03:51.73059+08	2	None	3		14	1
181	2019-11-11 15:03:51.734591+08	1	None	3		14	1
182	2019-11-11 15:04:04.929625+08	3	helena samka	3		21	1
183	2019-11-11 15:04:04.935892+08	2	dyosa kalin	3		21	1
184	2019-11-11 15:04:04.93896+08	1	salvador dala	3		21	1
185	2019-11-11 15:04:36.074325+08	68	Doctor	3		13	1
186	2019-11-11 15:04:36.088154+08	62	Doctor	3		13	1
187	2019-11-11 15:04:36.09161+08	61	Doctor	3		13	1
188	2019-11-11 15:04:36.095213+08	60	Doctor	3		13	1
189	2019-11-11 15:04:36.098845+08	56	Doctor	3		13	1
190	2019-11-11 15:04:36.101678+08	55	Doctor	3		13	1
191	2019-11-11 15:04:36.105832+08	51	Doctor	3		13	1
192	2019-11-11 15:04:36.108839+08	50	Doctor	3		13	1
193	2019-11-11 15:04:36.111797+08	49	Doctor	3		13	1
194	2019-11-11 15:04:36.114781+08	48	Doctor	3		13	1
195	2019-11-11 15:04:36.118187+08	47	Doctor	3		13	1
196	2019-11-11 15:04:36.12078+08	46	Doctor	3		13	1
197	2019-11-11 15:04:36.123906+08	45	Doctor	3		13	1
198	2019-11-11 15:04:36.127111+08	44	Doctor	3		13	1
199	2019-11-11 15:04:36.129965+08	43	Doctor	3		13	1
200	2019-11-11 15:04:36.132721+08	42	Doctor	3		13	1
201	2019-11-11 15:04:36.135773+08	41	Doctor	3		13	1
202	2019-11-11 15:04:36.137724+08	40	Doctor	3		13	1
203	2019-11-11 15:04:36.140911+08	39	Doctor	3		13	1
204	2019-11-11 15:04:36.143959+08	38	Doctor	3		13	1
205	2019-11-11 15:04:36.146731+08	37	Doctor	3		13	1
206	2019-11-11 15:04:36.14978+08	36	Doctor	3		13	1
207	2019-11-11 15:04:36.152027+08	35	Doctor	3		13	1
208	2019-11-11 15:04:36.15507+08	34	Doctor	3		13	1
209	2019-11-11 15:04:36.158065+08	33	Doctor	3		13	1
210	2019-11-11 15:04:36.161066+08	32	Doctor	3		13	1
211	2019-11-11 15:04:36.164125+08	31	Doctor	3		13	1
212	2019-11-11 15:04:36.166565+08	30	Doctor	3		13	1
213	2019-11-11 15:04:36.16948+08	29	Doctor	3		13	1
214	2019-11-11 15:04:36.172485+08	28	Doctor	3		13	1
215	2019-11-11 15:04:36.17548+08	27	Doctor	3		13	1
216	2019-11-11 15:04:36.179075+08	26	Doctor	3		13	1
217	2019-11-11 15:04:36.182544+08	25	Doctor	3		13	1
218	2019-11-11 15:04:36.18504+08	24	Doctor	3		13	1
219	2019-11-11 15:04:36.187821+08	23	Doctor	3		13	1
220	2019-11-11 15:04:36.191577+08	22	Doctor	3		13	1
221	2019-11-11 15:04:36.194586+08	21	Doctor	3		13	1
222	2019-11-11 15:04:36.196609+08	20	Doctor	3		13	1
223	2019-11-11 15:04:36.199575+08	19	Doctor	3		13	1
224	2019-11-11 15:04:36.203596+08	18	Doctor	3		13	1
225	2019-11-11 15:04:36.207056+08	17	Doctor	3		13	1
226	2019-11-11 15:04:36.211581+08	16	Doctor	3		13	1
227	2019-11-11 15:04:36.214632+08	15	Doctor	3		13	1
228	2019-11-11 15:04:36.217981+08	14	Doctor	3		13	1
229	2019-11-11 15:04:36.220735+08	13	Doctor	3		13	1
230	2019-11-11 15:04:36.223734+08	12	Doctor	3		13	1
231	2019-11-11 15:04:36.22674+08	11	Doctor	3		13	1
232	2019-11-11 15:04:36.229962+08	10	Doctor	3		13	1
233	2019-11-11 15:04:36.232788+08	9	Doctor	3		13	1
234	2019-11-11 15:04:36.235733+08	8	Doctor	3		13	1
235	2019-11-11 15:04:36.238735+08	7	Doctor	3		13	1
236	2019-11-11 15:04:36.242745+08	6	Doctor	3		13	1
237	2019-11-11 15:04:36.245995+08	5	Doctor	3		13	1
238	2019-11-11 15:04:36.248738+08	4	Doctor	3		13	1
239	2019-11-11 15:04:36.251065+08	3	Doctor	3		13	1
240	2019-11-11 15:04:36.253735+08	2	Doctor	3		13	1
241	2019-11-11 15:04:36.257332+08	1	Doctor	3		13	1
242	2019-11-11 15:04:48.007881+08	2	sample 2	3		20	1
243	2019-11-11 15:04:48.016887+08	1	sample 1	3		20	1
244	2019-11-11 15:05:07.71107+08	14	helena	3		15	1
245	2019-11-11 15:05:07.722078+08	13	dyosa  kalin	3		15	1
246	2019-11-11 15:05:07.726063+08	12	salvador	3		15	1
247	2019-11-11 15:05:07.730095+08	11	shem	3		15	1
248	2019-11-11 15:05:07.734066+08	10	sanna	3		15	1
249	2019-11-11 15:05:07.738367+08	9	dyanne	3		15	1
250	2019-11-11 15:05:07.742065+08	7	rina  san	3		15	1
251	2019-11-11 15:05:07.745122+08	6	rina	3		15	1
252	2019-11-11 15:05:07.747473+08	5	rina	3		15	1
253	2019-11-11 15:05:07.750342+08	4	rina	3		15	1
254	2019-11-11 15:05:07.753242+08	3	rina	3		15	1
255	2019-11-11 15:05:07.757063+08	2	rina	3		15	1
256	2019-11-11 15:05:07.76021+08	1	rina	3		15	1
257	2019-11-11 15:15:20.250608+08	3	juan de la cruz	2	[{"changed": {"fields": ["name"]}}]	9	1
258	2019-11-12 01:15:33.206907+08	15	lito	3		19	1
259	2019-11-12 01:16:17.209098+08	15	lito	3		16	1
260	2019-11-12 01:16:36.194937+08	15	lam lam	3		14	1
261	2019-11-12 01:17:23.17223+08	5	lito carami	3		21	1
262	2019-11-12 01:17:34.477063+08	16	lito	3		15	1
263	2019-11-18 13:34:50.469536+08	95	consultation schedule remark	2	[{"changed": {"fields": ["subject", "action_type"]}}]	13	1
264	2019-11-18 13:35:12.279687+08	94	Medical History Edit	2	[{"changed": {"fields": ["action_type"]}}]	13	1
265	2019-11-18 13:35:24.600729+08	93	Medical History Edit	2	[{"changed": {"fields": ["action_type"]}}]	13	1
266	2019-11-18 13:35:36.905585+08	91	Medical History Edit	2	[{"changed": {"fields": ["action_type"]}}]	13	1
267	2019-11-18 13:35:45.938623+08	89	Medical History Edit	2	[{"changed": {"fields": ["action_type"]}}]	13	1
268	2019-11-18 13:35:59.294309+08	88	ICR Remark	2	[{"changed": {"fields": ["action_type"]}}]	13	1
269	2019-11-18 13:36:16.608256+08	87	consultation schedule	2	[{"changed": {"fields": ["action_type"]}}]	13	1
270	2019-11-18 13:36:26.895567+08	87	consultation schedule	2	[{"changed": {"fields": ["action_type"]}}]	13	1
271	2019-11-18 14:02:35.19678+08	95	Consultation Schedule	2	[{"changed": {"fields": ["subject", "action_type"]}}]	13	1
272	2019-11-18 14:03:00.399172+08	94	Medical History	2	[{"changed": {"fields": ["subject", "action_type"]}}]	13	1
273	2019-11-18 14:03:16.641866+08	93	Medical History	2	[{"changed": {"fields": ["subject", "action_type"]}}]	13	1
274	2019-11-18 14:03:38.232359+08	91	Medical History	2	[{"changed": {"fields": ["subject", "action_type"]}}]	13	1
275	2019-11-18 14:04:18.758716+08	90	Medical History	2	[{"changed": {"fields": ["subject", "action_type"]}}]	13	1
276	2019-11-18 14:05:52.460938+08	95	Consultation Schedule	2	[{"changed": {"fields": ["notification"]}}]	13	1
277	2019-11-18 14:06:11.838748+08	95	Consultation Schedule	2	[{"changed": {"fields": ["notification"]}}]	13	1
278	2019-11-18 22:36:15.254474+08	54	Patient Consultation	3		11	1
279	2019-11-18 22:36:15.266184+08	53	Patient Consultation	3		11	1
280	2019-11-19 01:26:46.030217+08	46	lena	3		8	1
281	2019-11-19 01:26:46.048067+08	45	lena	3		8	1
282	2019-11-19 01:26:46.051564+08	44	lena	3		8	1
283	2019-11-19 01:26:46.054814+08	43	lena	3		8	1
284	2019-11-19 01:26:46.058166+08	42	lena	3		8	1
285	2019-11-19 01:26:46.062204+08	41	lena	3		8	1
286	2019-11-19 01:26:46.065225+08	40	lena	3		8	1
287	2019-11-19 01:26:46.068792+08	39	lena	3		8	1
288	2019-11-19 01:26:46.071561+08	38	lena	3		8	1
289	2019-11-19 01:26:46.07455+08	37	lena	3		8	1
290	2019-11-19 01:26:46.076646+08	36	lena	3		8	1
291	2019-11-19 01:26:46.080599+08	35	lena	3		8	1
292	2019-11-19 01:26:46.082554+08	34	lena	3		8	1
293	2019-11-19 01:26:46.085552+08	33	lena	3		8	1
294	2019-11-19 01:26:46.089362+08	32	lena	3		8	1
295	2019-11-19 01:26:46.091781+08	31	lena	3		8	1
296	2019-11-19 01:26:46.094552+08	30	lena	3		8	1
297	2019-11-19 09:53:37.625391+08	49	marray	3		8	1
298	2019-11-19 09:53:37.63987+08	48	marray	3		8	1
299	2019-11-19 09:53:52.285922+08	75	Schedule Request	3		11	1
300	2019-11-19 09:53:52.293921+08	74	Schedule Request	3		11	1
301	2019-11-19 10:09:41.531565+08	76	Schedule Request	3		11	1
302	2019-11-19 10:10:25.759027+08	50	marray	3		8	1
303	2019-11-19 10:46:59.158304+08	146	Consultation Schedule	3		13	1
304	2019-11-19 10:46:59.174603+08	145	Consultation Schedule	3		13	1
305	2019-11-19 10:46:59.177519+08	144	Consultation Schedule	3		13	1
306	2019-11-19 10:46:59.181548+08	143	Consultation Schedule	3		13	1
307	2019-11-19 10:46:59.184554+08	142	Consultation Schedule	3		13	1
308	2019-11-19 10:46:59.187726+08	141	Consultation Schedule	3		13	1
309	2019-11-19 10:46:59.191075+08	140	Consultation Schedule	3		13	1
310	2019-11-19 10:47:52.15188+08	62	marray	3		8	1
311	2019-11-19 10:47:52.163823+08	61	marray	3		8	1
312	2019-11-19 10:47:52.167256+08	60	marray	3		8	1
313	2019-11-19 10:47:52.170059+08	59	marray	3		8	1
314	2019-11-19 10:47:52.174055+08	58	marray	3		8	1
315	2019-11-19 10:47:52.177079+08	57	marray	3		8	1
316	2019-11-19 10:47:52.180998+08	56	marray	3		8	1
317	2019-11-19 10:47:52.183996+08	55	marray	3		8	1
318	2019-11-19 10:47:52.18706+08	54	marray	3		8	1
319	2019-11-19 10:47:52.193001+08	53	marray	3		8	1
320	2019-11-19 10:47:52.196039+08	52	marray	3		8	1
321	2019-11-19 10:47:52.198876+08	51	marray	3		8	1
322	2019-11-19 10:48:52.070772+08	88	Schedule Request	3		11	1
323	2019-11-19 10:48:52.078959+08	87	Schedule Request	3		11	1
324	2019-11-19 10:48:52.080771+08	86	Schedule Request	3		11	1
325	2019-11-19 10:48:52.082771+08	85	Schedule Request	3		11	1
326	2019-11-19 10:48:52.08477+08	84	Schedule Request	3		11	1
327	2019-11-19 10:48:52.086771+08	83	Schedule Request	3		11	1
328	2019-11-19 10:48:52.088768+08	82	Schedule Request	3		11	1
329	2019-11-19 10:48:52.090101+08	81	Schedule Request	3		11	1
330	2019-11-19 10:48:52.091768+08	80	Schedule Request	3		11	1
331	2019-11-19 10:48:52.092767+08	79	Schedule Request	3		11	1
332	2019-11-19 10:48:52.09413+08	78	Schedule Request	3		11	1
333	2019-11-19 10:48:52.09577+08	77	Schedule Request	3		11	1
334	2019-11-19 11:12:43.937096+08	14	maria	2	[{"changed": {"fields": ["pending_schedules"]}}]	19	1
335	2019-11-19 11:29:22.510159+08	152	Consultation Schedule	3		13	1
336	2019-11-19 11:29:39.241257+08	71	marray	3		8	1
337	2019-11-19 11:29:39.252578+08	70	marray	3		8	1
338	2019-11-19 11:29:52.4279+08	97	Schedule Request	3		11	1
339	2019-11-19 11:29:52.434503+08	96	Schedule Request	3		11	1
340	2019-11-19 11:30:51.322556+08	72	marray	3		8	1
341	2019-11-19 11:31:05.833445+08	98	Schedule Request	3		11	1
342	2019-11-20 02:17:00.233489+08	2	martin boran	3		25	1
343	2019-11-20 02:17:00.262387+08	1	martin boran	3		25	1
344	2019-11-20 02:20:25.988885+08	3	martin boran	3		25	1
345	2019-11-20 02:24:13.816606+08	5	martin boran	3		25	1
346	2019-11-20 02:24:13.831612+08	4	martin boran	3		25	1
347	2019-11-20 02:26:08.015978+08	6	martin boran	3		25	1
348	2019-11-20 02:55:14.493755+08	7	martin boran	3		25	1
349	2019-11-20 03:24:48.119525+08	9	martin boran	3		25	1
350	2019-11-20 03:41:48.596678+08	12	martin boran	3		25	1
351	2019-11-20 03:43:30.676841+08	14	martin boran	3		25	1
352	2019-11-20 03:43:30.681903+08	13	martin boran	3		25	1
353	2019-11-20 15:34:03.883273+08	114	martin boran	2	[{"changed": {"fields": ["remark_parent_type", "remark_receiver"]}}]	10	1
354	2019-11-22 13:35:42.328775+08	91	Adlaon	3		22	1
355	2019-11-22 13:40:10.338497+08	93	Agsungot	3		22	1
356	2019-11-22 13:46:43.065112+08	160	Cogon Pardo	3		22	1
357	2019-11-22 13:46:43.072734+08	159	Basak Pardo	3		22	1
358	2019-11-22 13:46:43.075729+08	158	Sawang Calero	3		22	1
359	2019-11-22 13:46:43.076883+08	157	Suba Pob. (Suba San Nicolas)	3		22	1
360	2019-11-22 13:46:43.078891+08	156	Pasil	3		22	1
361	2019-11-22 13:46:43.079891+08	155	Mambaling	3		22	1
362	2019-11-22 13:46:43.080892+08	154	Duljo	3		22	1
363	2019-11-22 13:46:43.081891+08	153	Ermita	3		22	1
364	2019-11-22 13:46:43.082891+08	152	Pahina San Nicolas	3		22	1
365	2019-11-22 13:46:43.084892+08	151	Kalubihan	3		22	1
366	2019-11-22 13:46:43.085891+08	150	Central	3		22	1
367	2019-11-22 13:46:43.086892+08	149	San Nicolas Central	3		22	1
368	2019-11-22 13:46:43.088891+08	148	San Roque (Ciudad)	3		22	1
369	2019-11-22 13:46:43.089891+08	147	Pahina Central	3		22	1
370	2019-11-22 13:46:43.089891+08	146	Pari-An	3		22	1
371	2019-11-22 13:46:43.090891+08	145	Tinago	3		22	1
372	2019-11-22 13:46:43.091894+08	144	Kamagayan	3		22	1
373	2019-11-22 13:46:43.093394+08	143	Bulacao	3		22	1
374	2019-11-22 13:46:43.094405+08	142	San Antonio	3		22	1
375	2019-11-22 13:46:43.095402+08	141	T. Padilla	3		22	1
376	2019-11-22 13:46:43.096404+08	140	Day-As	3		22	1
377	2019-11-22 13:46:43.097404+08	139	Sambag II	3		22	1
378	2019-11-22 13:46:43.098405+08	138	Labangon	3		22	1
379	2019-11-22 13:46:43.099404+08	137	Pardo	3		22	1
380	2019-11-22 13:46:43.100403+08	136	Tejero (Villa Gonzalo)	3		22	1
381	2019-11-22 13:46:43.101405+08	135	Calamba	3		22	1
382	2019-11-22 13:46:43.102407+08	134	Kinasang-An Pardo	3		22	1
383	2019-11-22 13:46:43.104404+08	133	Lorega (Lorega San Miguel)	3		22	1
384	2019-11-22 13:46:43.105404+08	132	Sambag I	3		22	1
385	2019-11-22 13:46:43.106403+08	131	Santa Cruz	3		22	1
386	2019-11-22 13:46:43.111006+08	130	Cogon Ramos	3		22	1
387	2019-11-22 13:46:43.113005+08	129	Punta Princesa	3		22	1
388	2019-11-22 13:46:43.114047+08	128	Quiot Pardo	3		22	1
389	2019-11-22 13:46:43.115003+08	127	Carreta	3		22	1
390	2019-11-22 13:46:43.116043+08	126	Zapatera	3		22	1
391	2019-11-22 13:46:43.117002+08	125	Luz	3		22	1
392	2019-11-22 13:46:43.118006+08	124	Mabolo	3		22	1
393	2019-11-22 13:46:43.119003+08	123	To-Ong Pardo	3		22	1
394	2019-11-22 13:46:43.120002+08	122	Guadalupe	3		22	1
395	2019-11-22 13:46:43.121003+08	121	Kasambagan	3		22	1
396	2019-11-22 13:46:43.122001+08	120	Buhisan	3		22	1
397	2019-11-22 13:46:43.122001+08	119	Lahug	3		22	1
398	2019-11-22 13:46:43.123004+08	118	Banilad	3		22	1
399	2019-11-22 13:46:43.124041+08	117	Buot-Taup Pardo	3		22	1
400	2019-11-22 13:46:43.125027+08	116	Sapangdaku	3		22	1
401	2019-11-22 13:46:43.126419+08	115	Kalunasan	3		22	1
402	2019-11-22 13:46:43.127428+08	114	Talamban	3		22	1
403	2019-11-22 13:46:43.128429+08	113	Sinsin	3		22	1
404	2019-11-22 13:46:43.13043+08	112	Busay	3		22	1
405	2019-11-22 13:46:43.13143+08	111	Bonbon	3		22	1
406	2019-11-22 13:46:43.133444+08	110	Bacayan	3		22	1
407	2019-11-22 13:46:43.134431+08	109	San Jose	3		22	1
408	2019-11-22 13:46:43.135429+08	108	Budla-An	3		22	1
409	2019-11-22 13:46:43.138429+08	107	Sudlon I	3		22	1
410	2019-11-22 13:46:43.140428+08	106	Babag	3		22	1
411	2019-11-22 13:46:43.141428+08	105	Pit-Os	3		22	1
412	2019-11-22 13:46:43.142432+08	104	Malubog	3		22	1
413	2019-11-22 13:46:43.143729+08	103	Basak San Nicolas	3		22	1
414	2019-11-22 13:46:43.14474+08	102	Pamutan	3		22	1
415	2019-11-22 13:46:43.145738+08	101	Apas	3		22	1
416	2019-11-22 13:46:43.14674+08	100	Pulangbato	3		22	1
417	2019-11-22 13:46:43.149739+08	99	Pung-Ol-Sibugay	3		22	1
418	2019-11-22 13:46:43.15074+08	98	Sirao	3		22	1
419	2019-11-22 13:46:43.151739+08	97	Sudlon II	3		22	1
420	2019-11-22 13:46:43.152738+08	96	Binaliw	3		22	1
421	2019-11-22 13:46:43.15374+08	95	Taptap	3		22	1
422	2019-11-22 13:46:43.15474+08	94	Tabunan	3		22	1
423	2019-11-22 13:46:43.155739+08	92	Guba	3		22	1
424	2019-11-22 13:46:43.15674+08	90	Mabini	3		22	1
425	2019-11-22 13:46:43.15774+08	89	Tagbao	3		22	1
426	2019-11-22 13:46:43.158755+08	88	Paril	3		22	1
427	2019-11-22 13:46:43.160145+08	87	Cambinocot	3		22	1
428	2019-11-22 13:46:43.161155+08	86	Lusaran	3		22	1
429	2019-11-22 13:46:43.16216+08	85	Tisa	3		22	1
430	2019-11-22 13:46:43.163155+08	84	Hippodromo	3		22	1
431	2019-11-22 13:46:43.164155+08	83	Capitol Site	3		22	1
432	2019-11-22 13:46:43.166157+08	82	Camputhaw	3		22	1
433	2019-11-22 13:46:43.168154+08	81	Inayawan	3		22	1
434	2019-11-22 13:46:43.169155+08	80	Cogon Pardo	3		22	1
435	2019-11-22 13:46:43.170157+08	79	Basak Pardo	3		22	1
436	2019-11-22 13:46:43.172161+08	78	Sawang Calero	3		22	1
437	2019-11-22 13:46:43.173155+08	77	Suba Pob. (Suba San Nicolas)	3		22	1
438	2019-11-22 13:46:43.174154+08	76	Pasil	3		22	1
439	2019-11-22 13:46:43.175155+08	75	Mambaling	3		22	1
440	2019-11-22 13:46:43.176155+08	74	Duljo	3		22	1
441	2019-11-22 13:46:43.177114+08	73	Ermita	3		22	1
442	2019-11-22 13:46:43.178125+08	72	Pahina San Nicolas	3		22	1
443	2019-11-22 13:46:43.179124+08	71	Kalubihan	3		22	1
444	2019-11-22 13:46:43.180125+08	70	Central	3		22	1
445	2019-11-22 13:46:43.182124+08	69	San Nicolas Central	3		22	1
446	2019-11-22 13:46:43.18313+08	68	San Roque (Ciudad)	3		22	1
447	2019-11-22 13:46:43.185126+08	67	Pahina Central	3		22	1
448	2019-11-22 13:46:43.186127+08	66	Pari-An	3		22	1
449	2019-11-22 13:46:43.187141+08	65	Tinago	3		22	1
450	2019-11-22 13:46:43.188131+08	64	Kamagayan	3		22	1
451	2019-11-22 13:46:43.189166+08	63	Bulacao	3		22	1
452	2019-11-22 13:46:43.190124+08	62	San Antonio	3		22	1
453	2019-11-22 13:46:43.191124+08	61	T. Padilla	3		22	1
454	2019-11-22 13:46:43.194552+08	60	Day-As	3		22	1
455	2019-11-22 13:46:43.195572+08	59	Sambag II	3		22	1
456	2019-11-22 13:51:20.580318+08	58	Labangon	3		22	1
457	2019-11-22 13:51:20.586316+08	57	Pardo	3		22	1
458	2019-11-22 13:51:20.587316+08	56	Tejero (Villa Gonzalo)	3		22	1
459	2019-11-22 13:51:20.588316+08	55	Calamba	3		22	1
460	2019-11-22 13:51:20.589316+08	54	Kinasang-An Pardo	3		22	1
461	2019-11-22 13:51:20.590317+08	53	Lorega (Lorega San Miguel)	3		22	1
462	2019-11-22 13:51:20.591317+08	52	Sambag I	3		22	1
463	2019-11-22 13:51:20.592316+08	51	Santa Cruz	3		22	1
464	2019-11-22 13:51:20.593317+08	50	Cogon Ramos	3		22	1
465	2019-11-22 13:51:20.594357+08	49	Punta Princesa	3		22	1
466	2019-11-22 13:51:20.595317+08	48	Quiot Pardo	3		22	1
467	2019-11-22 13:51:20.596317+08	47	Carreta	3		22	1
468	2019-11-22 13:51:20.598316+08	46	Zapatera	3		22	1
469	2019-11-22 13:51:20.599321+08	45	Luz	3		22	1
470	2019-11-22 13:51:20.60032+08	44	Mabolo	3		22	1
471	2019-11-22 13:51:20.602318+08	43	To-Ong Pardo	3		22	1
472	2019-11-22 13:51:20.604319+08	42	Guadalupe	3		22	1
473	2019-11-22 13:51:20.605321+08	41	Kasambagan	3		22	1
474	2019-11-22 13:51:20.607316+08	40	Buhisan	3		22	1
475	2019-11-22 13:51:20.608317+08	39	Lahug	3		22	1
476	2019-11-22 13:51:20.609316+08	38	Banilad	3		22	1
477	2019-11-22 13:51:20.610316+08	37	Buot-Taup Pardo	3		22	1
478	2019-11-22 13:51:20.611321+08	36	Sapangdaku	3		22	1
479	2019-11-22 13:51:20.612321+08	35	Kalunasan	3		22	1
480	2019-11-22 13:51:20.613368+08	34	Talamban	3		22	1
481	2019-11-22 13:51:20.614316+08	33	Sinsin	3		22	1
482	2019-11-22 13:51:20.615316+08	32	Busay	3		22	1
483	2019-11-22 13:51:20.616316+08	31	Bonbon	3		22	1
484	2019-11-22 13:51:20.617316+08	30	Bacayan	3		22	1
485	2019-11-22 13:51:20.618316+08	29	San Jose	3		22	1
486	2019-11-22 13:51:20.618316+08	28	Budla-An	3		22	1
487	2019-11-22 13:51:20.619319+08	27	Sudlon I	3		22	1
488	2019-11-22 13:51:20.620318+08	26	Babag	3		22	1
489	2019-11-22 13:51:20.621356+08	25	Pit-Os	3		22	1
490	2019-11-22 13:51:20.62432+08	24	Malubog	3		22	1
491	2019-11-22 13:51:20.626316+08	23	Basak San Nicolas	3		22	1
492	2019-11-22 13:51:20.627315+08	22	Pamutan	3		22	1
493	2019-11-22 13:51:20.628318+08	21	Apas	3		22	1
494	2019-11-22 13:51:20.629318+08	20	Pulangbato	3		22	1
495	2019-11-22 13:51:20.630316+08	19	Pung-Ol-Sibugay	3		22	1
496	2019-11-22 13:51:20.631315+08	18	Sirao	3		22	1
497	2019-11-22 13:51:20.632315+08	17	Sudlon II	3		22	1
498	2019-11-22 13:51:20.633317+08	16	Binaliw	3		22	1
499	2019-11-22 13:51:20.634315+08	15	Taptap	3		22	1
500	2019-11-22 13:51:20.635315+08	14	Tabunan	3		22	1
501	2019-11-22 13:51:20.636316+08	13	Agsungot	3		22	1
502	2019-11-22 13:51:20.637315+08	12	Guba	3		22	1
503	2019-11-22 13:51:20.638315+08	11	Adlaon	3		22	1
504	2019-11-22 13:51:20.639315+08	10	Mabini	3		22	1
505	2019-11-22 13:51:20.640315+08	9	Tagbao	3		22	1
506	2019-11-22 13:51:20.641315+08	8	Paril	3		22	1
507	2019-11-22 13:51:20.641315+08	7	Cambinocot	3		22	1
508	2019-11-22 13:51:20.642315+08	6	Lusaran	3		22	1
509	2019-11-22 13:51:20.644319+08	5	Tisa	3		22	1
510	2019-11-22 13:51:20.645319+08	4	Hippodromo	3		22	1
511	2019-11-22 13:51:20.646361+08	3	Capitol Site	3		22	1
512	2019-11-22 13:51:20.647318+08	2	Camputhaw	3		22	1
513	2019-11-22 13:51:20.648354+08	1	Inayawan	3		22	1
514	2019-11-25 13:00:48.643904+08	108	marray	3		8	1
515	2019-11-26 11:05:31.004052+08	7	helen manay	2	[{"changed": {"fields": ["hiv_level"]}}]	21	1
516	2019-11-26 11:05:39.543842+08	8	jerman sheepherd	2	[{"changed": {"fields": ["hiv_level"]}}]	21	1
517	2019-11-26 11:05:47.594775+08	6	darren wan	2	[{"changed": {"fields": ["hiv_level"]}}]	21	1
518	2019-11-26 11:05:55.811734+08	4	maria lastimar	2	[{"changed": {"fields": ["hiv_level"]}}]	21	1
519	2019-11-29 09:39:32.128992+08	128	marray	2	[{"changed": {"fields": ["action_taken"]}}]	8	1
520	2019-11-29 09:39:54.419614+08	127	marray	2	[{"changed": {"fields": ["schedule_topic", "action_taken"]}}]	8	1
521	2019-11-29 09:41:29.280791+08	124	marray	2	[{"changed": {"fields": ["action_taken"]}}]	8	1
522	2019-11-29 09:41:42.256336+08	107	marray	2	[{"changed": {"fields": ["action_taken"]}}]	8	1
523	2019-11-29 09:42:32.942848+08	86	marray	2	[{"changed": {"fields": ["action_taken"]}}]	8	1
524	2019-11-29 09:43:27.357629+08	75	marray	2	[{"changed": {"fields": ["action_taken"]}}]	8	1
525	2019-11-29 09:43:27.70258+08	75	marray	2	[]	8	1
526	2019-11-29 09:43:40.631518+08	77	marray	2	[{"changed": {"fields": ["action_taken"]}}]	8	1
527	2019-11-29 09:44:09.495933+08	29	lena	2	[{"changed": {"fields": ["action_taken"]}}]	8	1
528	2019-11-29 09:44:20.087916+08	28	lena	2	[{"changed": {"fields": ["action_taken"]}}]	8	1
529	2019-11-29 09:44:36.642356+08	27	lena	2	[{"changed": {"fields": ["action_taken"]}}]	8	1
530	2019-11-29 09:44:52.502047+08	26	lena	2	[{"changed": {"fields": ["action_taken"]}}]	8	1
531	2019-11-29 09:45:06.706146+08	25	lena	2	[{"changed": {"fields": ["action_taken"]}}]	8	1
532	2019-11-29 09:46:22.86876+08	23	lena	2	[{"changed": {"fields": ["action_taken"]}}]	8	1
533	2019-11-29 09:46:39.4894+08	20	lena	2	[{"changed": {"fields": ["action_taken"]}}]	8	1
534	2019-11-29 09:46:53.421692+08	19	lena	2	[{"changed": {"fields": ["action_taken"]}}]	8	1
535	2019-11-29 09:47:04.818077+08	18	lena	2	[{"changed": {"fields": ["action_taken"]}}]	8	1
536	2019-11-29 09:47:31.936283+08	25	lena	2	[]	8	1
537	2019-11-29 09:48:09.844488+08	125	marray	2	[{"changed": {"fields": ["action_taken"]}}]	8	1
538	2019-11-29 09:48:23.536181+08	123	marray	2	[{"changed": {"fields": ["action_taken"]}}]	8	1
539	2019-11-29 09:48:37.691002+08	112	marray	2	[{"changed": {"fields": ["action_taken"]}}]	8	1
540	2019-11-29 09:48:47.714495+08	78	marray	2	[{"changed": {"fields": ["action_taken"]}}]	8	1
541	2019-11-29 09:48:57.838482+08	73	marray	2	[{"changed": {"fields": ["action_taken"]}}]	8	1
542	2019-11-29 09:49:07.321683+08	78	marray	2	[]	8	1
543	2019-11-29 09:49:15.001453+08	73	marray	2	[]	8	1
544	2019-11-29 09:49:22.772783+08	78	marray	2	[]	8	1
545	2019-11-29 09:49:41.087863+08	126	marray	2	[{"changed": {"fields": ["action_taken"]}}]	8	1
546	2019-11-29 09:49:51.884693+08	111	marray	2	[{"changed": {"fields": ["action_taken"]}}]	8	1
547	2019-11-29 09:50:13.629933+08	85	marray	2	[{"changed": {"fields": ["action_taken"]}}]	8	1
548	2019-11-29 09:50:21.983732+08	85	marray	2	[]	8	1
549	2019-11-29 09:50:31.939437+08	84	marray	2	[{"changed": {"fields": ["action_taken"]}}]	8	1
550	2019-11-29 09:50:42.969069+08	83	marray	2	[{"changed": {"fields": ["action_taken"]}}]	8	1
551	2019-11-29 09:50:54.744199+08	82	marray	2	[{"changed": {"fields": ["action_taken"]}}]	8	1
552	2019-11-29 09:51:35.817534+08	80	marray	2	[]	8	1
553	2019-11-29 09:51:49.244739+08	80	marray	3		8	1
554	2019-11-29 09:52:07.334539+08	76	marray	2	[{"changed": {"fields": ["action_taken"]}}]	8	1
555	2019-11-29 09:52:23.098124+08	74	marray	2	[{"changed": {"fields": ["action_taken"]}}]	8	1
556	2019-11-29 09:52:36.40904+08	24	lena	2	[{"changed": {"fields": ["action_taken"]}}]	8	1
557	2019-11-29 09:52:50.115459+08	74	marray	2	[]	8	1
558	2019-11-29 09:52:59.214738+08	24	lena	2	[]	8	1
559	2019-11-29 09:53:11.679381+08	17	lena	2	[{"changed": {"fields": ["action_taken"]}}]	8	1
560	2019-11-29 09:54:21.795937+08	84	marray	2	[]	8	1
561	2019-11-29 09:54:40.982816+08	76	marray	2	[]	8	1
562	2019-11-29 13:00:24.117516+08	18	germ	2	[{"changed": {"fields": ["HIV_status"]}}]	19	1
563	2019-11-29 13:00:37.025483+08	17	lena	2	[{"changed": {"fields": ["HIV_status"]}}]	19	1
564	2019-11-29 13:00:45.470655+08	16	derran	2	[]	19	1
565	2019-11-29 13:00:55.080654+08	14	marray	2	[{"changed": {"fields": ["HIV_status"]}}]	19	1
566	2019-11-29 22:39:23.017768+08	17	lena	2	[{"changed": {"fields": ["login_flag"]}}]	19	1
567	2019-12-06 15:11:27.221753+08	160	New Patient	3		11	1
568	2019-12-06 15:11:27.237756+08	159	New Patient	3		11	1
569	2019-12-06 15:11:27.239752+08	158	New Patient	3		11	1
570	2019-12-06 15:11:27.240753+08	157	New Patient	3		11	1
571	2019-12-06 15:11:27.241752+08	156	New Patient	3		11	1
\.


--
-- Data for Name: django_content_type; Type: TABLE DATA; Schema: public; Owner: postgres
--

COPY public.django_content_type (id, app_label, model) FROM stdin;
1	admin	logentry
2	auth	permission
3	auth	group
4	auth	user
5	contenttypes	contenttype
6	sessions	session
7	portal	adminnotification
8	doctor	doctorschedule
9	doctor	doctor
11	doctor	doctornotification
12	doctor	doctorstats
13	patient	patientnotification
14	patient	medhistform
15	patient	profileform
16	patient	icrform
17	patient	pendingdoctor
18	patient	comment
19	patient	patient
20	patient	personalrecord
21	patient	patientlocationdetails
23	cebuMap	incidence
22	cebuMap	cebubrgys
24	cebuMap	cebumap
10	doctor	remark
25	doctor	usersviewed
26	cebuMap	cebubarangays
\.


--
-- Data for Name: django_migrations; Type: TABLE DATA; Schema: public; Owner: postgres
--

COPY public.django_migrations (id, app, name, applied) FROM stdin;
1	contenttypes	0001_initial	2019-11-04 08:16:41.720704+08
2	auth	0001_initial	2019-11-04 08:16:41.847038+08
3	admin	0001_initial	2019-11-04 08:16:42.107413+08
4	admin	0002_logentry_remove_auto_add	2019-11-04 08:16:42.175309+08
5	admin	0003_logentry_add_action_flag_choices	2019-11-04 08:16:42.183852+08
6	contenttypes	0002_remove_content_type_name	2019-11-04 08:16:42.200609+08
7	auth	0002_alter_permission_name_max_length	2019-11-04 08:16:42.207375+08
8	auth	0003_alter_user_email_max_length	2019-11-04 08:16:42.21708+08
9	auth	0004_alter_user_username_opts	2019-11-04 08:16:42.22719+08
10	auth	0005_alter_user_last_login_null	2019-11-04 08:16:42.238152+08
11	auth	0006_require_contenttypes_0002	2019-11-04 08:16:42.242234+08
12	auth	0007_alter_validators_add_error_messages	2019-11-04 08:16:42.25927+08
13	auth	0008_alter_user_username_max_length	2019-11-04 08:16:42.294091+08
14	auth	0009_alter_user_last_name_max_length	2019-11-04 08:16:42.3146+08
15	auth	0010_alter_group_name_max_length	2019-11-04 08:16:42.333897+08
16	auth	0011_update_proxy_permissions	2019-11-04 08:16:42.352942+08
17	sessions	0001_initial	2019-11-04 08:16:42.377565+08
18	doctor	0001_initial	2019-11-04 15:43:22.915049+08
19	patient	0001_initial	2019-11-04 15:43:23.366121+08
20	portal	0001_initial	2019-11-04 15:43:23.724143+08
21	patient	0002_auto_20191104_1926	2019-11-04 19:27:06.176188+08
22	patient	0003_auto_20191104_1939	2019-11-04 19:47:35.240907+08
23	patient	0004_auto_20191104_1947	2019-11-04 19:47:35.425243+08
24	patient	0005_auto_20191104_1955	2019-11-04 19:55:13.979342+08
25	patient	0006_patientlocationdetails	2019-11-05 22:47:36.878621+08
26	patient	0007_patient_locationdetails	2019-11-05 22:49:16.935491+08
27	patient	0008_auto_20191105_2255	2019-11-05 22:55:46.423229+08
28	cebuMap	0001_initial	2019-11-06 10:52:42.179431+08
29	cebuMap	0002_auto_20191106_1743	2019-11-06 17:43:27.964271+08
30	cebuMap	0003_cebumap	2019-11-06 17:50:30.410712+08
31	cebuMap	0004_cebumap_location	2019-11-06 17:53:53.741189+08
32	cebuMap	0005_auto_20191106_1755	2019-11-06 17:55:24.322099+08
33	cebuMap	0006_remove_cebumap_location	2019-11-06 17:56:36.562703+08
34	cebuMap	0007_auto_20191106_1801	2019-11-06 18:01:20.866187+08
35	cebuMap	0008_cebumap_location	2019-11-06 18:03:16.148336+08
36	cebuMap	0009_auto_20191106_1806	2019-11-06 18:06:21.431077+08
37	cebuMap	0010_auto_20191106_1815	2019-11-06 18:15:07.161161+08
38	cebuMap	0011_auto_20191106_1825	2019-11-06 18:25:14.103066+08
39	cebuMap	0012_auto_20191106_1833	2019-11-06 18:33:51.191875+08
40	cebuMap	0013_auto_20191106_1855	2019-11-06 18:55:56.605066+08
41	cebuMap	0014_auto_20191106_1902	2019-11-06 19:02:16.478359+08
42	cebuMap	0015_remove_cebumap_ceb_map	2019-11-06 19:19:59.482355+08
43	cebuMap	0016_auto_20191107_1536	2019-11-07 15:36:43.152183+08
44	patient	0009_auto_20191108_1032	2019-11-08 10:33:03.434883+08
45	patient	0010_delete_comment	2019-11-08 11:04:03.9661+08
46	doctor	0002_auto_20191108_1437	2019-11-08 14:37:34.314611+08
47	doctor	0003_auto_20191108_1506	2019-11-08 15:06:47.146577+08
48	doctor	0004_auto_20191108_1515	2019-11-08 15:15:48.24722+08
49	patient	0011_auto_20191108_1533	2019-11-08 15:33:23.073076+08
50	patient	0012_auto_20191108_1540	2019-11-08 15:40:39.574732+08
51	patient	0013_auto_20191108_1543	2019-11-08 15:43:21.856556+08
52	patient	0014_auto_20191108_1555	2019-11-08 15:55:18.186686+08
53	patient	0015_auto_20191108_1557	2019-11-08 15:57:51.018452+08
54	patient	0016_auto_20191108_1559	2019-11-08 15:59:37.4605+08
55	patient	0017_auto_20191108_1601	2019-11-08 16:01:31.420861+08
56	patient	0018_auto_20191108_1604	2019-11-08 16:04:43.74742+08
57	patient	0019_auto_20191108_1610	2019-11-08 16:10:39.184674+08
58	patient	0020_auto_20191108_1612	2019-11-08 16:13:04.087968+08
59	patient	0021_auto_20191108_1625	2019-11-08 16:26:00.000431+08
60	patient	0022_auto_20191108_1649	2019-11-08 16:49:52.010634+08
61	patient	0023_auto_20191108_1702	2019-11-08 17:02:47.27702+08
62	patient	0024_auto_20191108_1707	2019-11-08 17:08:04.422318+08
63	patient	0025_auto_20191108_1754	2019-11-08 17:54:49.745178+08
64	patient	0026_auto_20191108_1827	2019-11-08 18:27:51.613777+08
65	patient	0027_auto_20191110_1801	2019-11-10 18:02:16.275489+08
66	doctor	0005_auto_20191110_1806	2019-11-10 18:07:04.663506+08
67	patient	0028_auto_20191110_1806	2019-11-10 18:07:04.992487+08
68	doctor	0006_auto_20191110_2303	2019-11-10 23:03:56.890116+08
69	patient	0029_auto_20191110_2303	2019-11-10 23:03:57.073642+08
70	doctor	0007_auto_20191110_2311	2019-11-10 23:11:15.46947+08
71	patient	0030_auto_20191110_2311	2019-11-10 23:11:15.61447+08
72	doctor	0008_auto_20191110_2332	2019-11-10 23:33:10.467325+08
73	patient	0031_auto_20191110_2332	2019-11-10 23:33:10.684325+08
74	doctor	0009_auto_20191110_2342	2019-11-10 23:42:30.083882+08
75	patient	0032_auto_20191110_2342	2019-11-10 23:42:30.295879+08
76	doctor	0010_auto_20191110_2346	2019-11-10 23:49:13.765301+08
77	patient	0033_auto_20191110_2346	2019-11-10 23:49:13.938291+08
78	doctor	0011_auto_20191110_2352	2019-11-10 23:53:02.689094+08
79	patient	0034_auto_20191110_2352	2019-11-10 23:53:02.921464+08
80	doctor	0012_auto_20191110_2353	2019-11-10 23:56:16.087205+08
81	doctor	0013_auto_20191110_2355	2019-11-10 23:56:16.309432+08
82	doctor	0014_auto_20191110_2356	2019-11-10 23:56:16.538834+08
83	patient	0035_auto_20191110_2353	2019-11-10 23:56:16.800859+08
84	patient	0036_auto_20191110_2355	2019-11-10 23:56:17.025918+08
85	patient	0037_auto_20191110_2356	2019-11-10 23:56:17.160573+08
86	doctor	0015_auto_20191110_2357	2019-11-10 23:57:19.766026+08
87	doctor	0016_auto_20191111_0004	2019-11-11 00:04:28.155819+08
88	doctor	0017_auto_20191111_0004	2019-11-11 00:06:11.548875+08
89	doctor	0018_auto_20191111_0006	2019-11-11 00:06:11.603195+08
90	doctor	0019_auto_20191111_0006	2019-11-11 00:06:50.634389+08
91	doctor	0020_auto_20191111_0026	2019-11-11 00:26:41.970477+08
92	patient	0038_auto_20191111_0026	2019-11-11 00:26:42.157479+08
93	doctor	0021_auto_20191111_0043	2019-11-11 00:43:43.025585+08
94	patient	0039_auto_20191111_0043	2019-11-11 00:43:43.089585+08
95	patient	0040_auto_20191111_0045	2019-11-11 00:45:24.111223+08
96	doctor	0022_doctorschedule_new_notif_count	2019-11-11 00:53:39.947211+08
97	doctor	0023_doctor_new_notifs	2019-11-11 00:53:40.014009+08
98	doctor	0024_auto_20191111_0053	2019-11-11 00:53:50.381072+08
99	patient	0041_patient_new_patient_notifications	2019-11-11 01:54:09.298699+08
100	patient	0042_auto_20191111_0157	2019-11-11 01:57:50.660545+08
101	patient	0043_auto_20191111_1607	2019-11-11 16:07:55.217216+08
102	doctor	0025_auto_20191111_2049	2019-11-11 20:55:00.592244+08
103	doctor	0026_auto_20191111_2054	2019-11-11 20:55:00.743795+08
104	patient	0044_auto_20191111_2049	2019-11-11 20:55:00.812293+08
105	patient	0045_auto_20191111_2054	2019-11-11 20:55:00.913259+08
106	patient	0046_auto_20191112_0038	2019-11-12 00:38:26.854075+08
107	doctor	0027_auto_20191112_0038	2019-11-12 00:38:27.3025+08
108	doctor	0028_auto_20191112_0049	2019-11-12 00:49:50.006593+08
109	patient	0047_auto_20191112_0049	2019-11-12 00:49:50.123592+08
110	patient	0048_auto_20191118_1145	2019-11-18 11:45:25.458802+08
111	patient	0049_patientnotification_action_type	2019-11-18 11:45:50.937233+08
112	patient	0050_patientnotification_action_pk	2019-11-18 13:44:25.340142+08
113	doctor	0029_auto_20191118_2239	2019-11-18 22:39:32.966201+08
114	doctor	0030_auto_20191118_2251	2019-11-18 22:52:01.794367+08
115	doctor	0031_auto_20191118_2307	2019-11-18 23:07:23.823378+08
116	doctor	0032_auto_20191119_1157	2019-11-19 11:57:44.970328+08
117	doctor	0033_auto_20191120_0116	2019-11-20 01:16:58.711961+08
118	patient	0051_auto_20191120_0123	2019-11-20 01:24:02.099303+08
119	doctor	0034_usersviewed_file_owner	2019-11-20 01:34:13.395943+08
120	doctor	0035_auto_20191120_0233	2019-11-20 02:33:50.777509+08
121	doctor	0036_remark_remark_parent_type	2019-11-20 14:21:41.50724+08
122	doctor	0037_auto_20191120_1505	2019-11-20 15:05:44.332069+08
123	doctor	0038_auto_20191120_1530	2019-11-20 15:30:37.010871+08
124	doctor	0039_remark_seen_date	2019-11-20 16:48:00.430265+08
125	cebuMap	0017_auto_20191122_1024	2019-11-22 10:25:21.940885+08
126	cebuMap	0018_cebubarangays	2019-11-22 14:07:54.155885+08
127	cebuMap	0019_delete_cebubrgys	2019-11-22 14:19:24.980068+08
128	doctor	0040_auto_20191125_1034	2019-11-25 10:34:35.608403+08
129	patient	0052_patientlocationdetails_hiv_level	2019-11-26 11:02:30.24117+08
130	doctor	0041_doctorschedule_action_taken	2019-11-29 09:38:43.783734+08
131	doctor	0042_auto_20191129_1002	2019-11-29 10:02:52.967307+08
132	patient	0053_auto_20191129_1233	2019-11-29 12:33:26.997512+08
133	patient	0054_patient_date_created	2019-11-29 13:05:16.725842+08
134	doctor	0043_auto_20191203_1118	2019-12-03 11:18:27.163697+08
135	patient	0055_auto_20191203_1118	2019-12-03 11:18:27.321806+08
136	patient	0056_patient_home_address	2019-12-03 11:43:50.126535+08
137	patient	0057_patient_tel_number	2019-12-03 12:16:54.511008+08
138	patient	0058_patientnotification_status	2019-12-04 11:11:51.28148+08
\.


--
-- Data for Name: django_session; Type: TABLE DATA; Schema: public; Owner: postgres
--

COPY public.django_session (session_key, session_data, expire_date) FROM stdin;
wc4an34dk9j9n0b8sriqctyvuaf337ee	YWI1NjIzYjU5NGUzYzZmNGNiYzAyNTY0MTFmODNhMzgwYTAyNWMwYjp7Il9hdXRoX3VzZXJfaWQiOiIxIiwiX2F1dGhfdXNlcl9iYWNrZW5kIjoiZGphbmdvLmNvbnRyaWIuYXV0aC5iYWNrZW5kcy5Nb2RlbEJhY2tlbmQiLCJfYXV0aF91c2VyX2hhc2giOiI4NWQyNmFlZWQ2Y2M1YTMxMzZiYzE0M2VjYzNlMmEwZWMzNmM5Y2FmIiwiZG9jLW5hbWUtbG9jYWwiOiJuZWxpYSBjYWxkZXJvbiIsInBhdGllbnQtdW5hbWUtbG9jYWwiOiJyaW5hIn0=	2019-11-18 22:09:10.077526+08
cazdv3kqb6wzg89lqm1d18yxbb5gr7rt	YWI1NjIzYjU5NGUzYzZmNGNiYzAyNTY0MTFmODNhMzgwYTAyNWMwYjp7Il9hdXRoX3VzZXJfaWQiOiIxIiwiX2F1dGhfdXNlcl9iYWNrZW5kIjoiZGphbmdvLmNvbnRyaWIuYXV0aC5iYWNrZW5kcy5Nb2RlbEJhY2tlbmQiLCJfYXV0aF91c2VyX2hhc2giOiI4NWQyNmFlZWQ2Y2M1YTMxMzZiYzE0M2VjYzNlMmEwZWMzNmM5Y2FmIiwiZG9jLW5hbWUtbG9jYWwiOiJuZWxpYSBjYWxkZXJvbiIsInBhdGllbnQtdW5hbWUtbG9jYWwiOiJyaW5hIn0=	2019-11-19 15:22:38.386356+08
zzbt1tcabjuizsbczkpfhsabbwdhblkx	YTIxMDU5ZGRkNDY1MTdkMGI5ZTY3ZTdlYjQxY2I3M2FlNWIzZDJhODp7Il9hdXRoX3VzZXJfaWQiOiIxIiwiX2F1dGhfdXNlcl9iYWNrZW5kIjoiZGphbmdvLmNvbnRyaWIuYXV0aC5iYWNrZW5kcy5Nb2RlbEJhY2tlbmQiLCJfYXV0aF91c2VyX2hhc2giOiI4NWQyNmFlZWQ2Y2M1YTMxMzZiYzE0M2VjYzNlMmEwZWMzNmM5Y2FmIiwicGF0aWVudC11bmFtZS1sb2NhbCI6InNhbHZhZG9yIn0=	2019-11-19 23:00:44.976972+08
gblvg0gm5263qcnmjpn2cth3qz4if1sz	N2ZkMmQ1NmZkYmI1ZjIzOGY3MmUxYWYxMjAxMWRjMTZjZDJmZDM5Yzp7Il9hdXRoX3VzZXJfaWQiOiIxIiwiX2F1dGhfdXNlcl9iYWNrZW5kIjoiZGphbmdvLmNvbnRyaWIuYXV0aC5iYWNrZW5kcy5Nb2RlbEJhY2tlbmQiLCJfYXV0aF91c2VyX2hhc2giOiI4NWQyNmFlZWQ2Y2M1YTMxMzZiYzE0M2VjYzNlMmEwZWMzNmM5Y2FmIiwiZG9jLW5hbWUtbG9jYWwiOiJ2aW5jZW50IHRvbW90byJ9	2019-11-29 14:36:34.74763+08
yqwluv5w2yyhmzy75bkp0u2b1nzojgv5	OTVhMTA5ZDgzYmRmMDcxZDlkYWZjYTRkNzIxYWExM2I4NWFiODgyZTp7Il9hdXRoX3VzZXJfaWQiOiIxIiwiX2F1dGhfdXNlcl9iYWNrZW5kIjoiZGphbmdvLmNvbnRyaWIuYXV0aC5iYWNrZW5kcy5Nb2RlbEJhY2tlbmQiLCJfYXV0aF91c2VyX2hhc2giOiI4NWQyNmFlZWQ2Y2M1YTMxMzZiYzE0M2VjYzNlMmEwZWMzNmM5Y2FmIn0=	2019-11-20 13:59:48.511067+08
d5q8nc15jb8ngttcsvi2lmupcv0cvfwx	ZjM1ZTczNTcxZmNmMWZhMGRlN2Q5ZGI3ZmRhOTQ3NmVkZTQ2YzVmMTp7ImRvYy1uYW1lLWxvY2FsIjoidmluY2VudCB0b21vdG8iLCJwYXRpZW50LXVuYW1lLWxvY2FsIjoibGVuYSIsIl9hdXRoX3VzZXJfaWQiOiIxIiwiX2F1dGhfdXNlcl9iYWNrZW5kIjoiZGphbmdvLmNvbnRyaWIuYXV0aC5iYWNrZW5kcy5Nb2RlbEJhY2tlbmQiLCJfYXV0aF91c2VyX2hhc2giOiI4NWQyNmFlZWQ2Y2M1YTMxMzZiYzE0M2VjYzNlMmEwZWMzNmM5Y2FmIn0=	2019-12-22 14:25:46.007325+08
\.


--
-- Data for Name: doctor_doctor; Type: TABLE DATA; Schema: public; Owner: postgres
--

COPY public.doctor_doctor (id, name, slug, birthdate, email, hospital_name, hospital_address, password, weekly_stats_id, last_log_in, last_log_out, login_flag) FROM stdin;
3	juan de la cruz		2019-11-22	drjuan@gmail.com	juan luna general hospital	dina romania cui street, fuente osmea cir, cebu city	juan	3	2019-11-12 22:57:39.064833+08	2019-11-12 22:57:55.472363+08	f
5	vincent tomoto		2003-06-11	vincent@gmail.com	fight ting chinese medical hospital	don romania cui street, fuente osmea cir, cebu city,	vincent	5	2019-12-08 22:25:45.60329+08	2019-12-08 22:25:37.98475+08	t
6	lito sattaro		2019-11-06	lito@gmail.com	juan luna general hospital	don romania cui street, fuente osmea cir, cebu city,	lito	6	2019-11-12 21:57:46.076324+08	2019-11-19 09:31:15.6584+08	f
4	martin boran		2019-02-05	martin@gmail.com	hua chong medical hospital	ramirez street, fuente osmea cir, cebu city,	martin	4	2019-12-06 21:00:50.243568+08	2019-12-06 21:48:07.883389+08	f
7	miranda covala	none	2019-12-13	miranda@gmail.com	visayas community medical center	85 osmea blvd, lalawigan ng cebu, cebu city, cebu	miranda	7	2019-12-06 21:48:15.519906+08	2019-12-06 22:24:44.750274+08	f
\.


--
-- Data for Name: doctor_doctor_doctorNotifs; Type: TABLE DATA; Schema: public; Owner: postgres
--

COPY public."doctor_doctor_doctorNotifs" (id, doctor_id, doctornotification_id) FROM stdin;
99	4	99
100	4	100
101	4	101
102	4	102
103	4	103
104	4	104
105	4	105
32	3	32
106	4	106
107	4	107
35	5	35
108	4	108
109	5	109
110	5	110
111	5	111
112	5	112
113	5	113
114	4	114
115	4	115
116	4	116
117	4	117
118	4	118
119	4	119
120	3	120
121	5	121
122	4	122
123	3	123
124	5	124
125	4	125
126	3	126
55	5	55
56	5	56
57	5	57
58	5	58
59	5	59
60	5	60
61	5	61
62	5	62
63	5	63
64	5	64
65	5	65
66	5	66
67	5	67
68	5	68
69	5	69
70	5	70
71	5	71
72	5	72
127	5	127
128	4	128
129	3	129
130	5	130
131	4	131
132	3	132
133	5	133
134	4	134
135	3	135
136	5	136
137	4	137
138	3	138
139	5	139
140	4	140
141	3	141
142	5	142
143	5	143
144	4	144
145	4	145
146	4	146
147	5	147
148	5	148
149	4	149
150	4	150
151	4	151
152	4	152
153	4	153
154	4	154
155	4	155
161	4	161
162	7	162
163	5	163
164	4	164
165	7	165
166	5	166
167	5	167
168	5	168
169	5	169
170	5	170
171	3	171
172	4	172
173	7	173
174	5	174
175	4	175
176	4	176
177	4	177
178	4	178
179	7	179
180	7	180
181	7	181
182	5	182
183	7	183
184	5	184
185	5	185
186	5	186
187	5	187
188	3	188
189	5	189
190	3	190
\.


--
-- Data for Name: doctor_doctor_finished_scheds; Type: TABLE DATA; Schema: public; Owner: postgres
--

COPY public.doctor_doctor_finished_scheds (id, doctor_id, doctorschedule_id) FROM stdin;
4	5	17
5	5	111
6	5	85
7	5	24
8	4	83
10	4	76
11	4	74
12	4	84
13	4	82
14	4	126
\.


--
-- Data for Name: doctor_doctor_new_notifs; Type: TABLE DATA; Schema: public; Owner: postgres
--

COPY public.doctor_doctor_new_notifs (id, doctor_id, doctornotification_id) FROM stdin;
\.


--
-- Data for Name: doctor_doctor_pending_scheds; Type: TABLE DATA; Schema: public; Owner: postgres
--

COPY public.doctor_doctor_pending_scheds (id, doctor_id, doctorschedule_id) FROM stdin;
22	3	22
94	4	129
95	4	130
96	5	131
98	4	133
100	4	135
101	4	136
102	4	137
103	4	138
\.


--
-- Data for Name: doctor_doctor_rejected_scheds; Type: TABLE DATA; Schema: public; Owner: postgres
--

COPY public.doctor_doctor_rejected_scheds (id, doctor_id, doctorschedule_id) FROM stdin;
1	5	20
2	5	19
4	5	29
6	4	77
7	5	107
8	5	28
9	5	27
10	5	26
11	5	25
12	5	86
13	5	23
14	5	18
15	5	127
16	4	124
17	4	75
18	4	128
19	4	134
20	5	140
21	5	132
\.


--
-- Data for Name: doctor_doctor_schedules; Type: TABLE DATA; Schema: public; Owner: postgres
--

COPY public.doctor_doctor_schedules (id, doctor_id, doctorschedule_id) FROM stdin;
37	4	125
38	4	123
39	4	112
40	4	78
41	4	73
42	5	139
43	5	141
\.


--
-- Data for Name: doctor_doctornotification; Type: TABLE DATA; Schema: public; Owner: postgres
--

COPY public.doctor_doctornotification (id, name, subject, user_type, notif, created_on, patient_username, action_pk, action_type, action_taken) FROM stdin;
32	juan de la cruz	new patient	Patient	marray requested you, juan de la cruz as a personal doctor.	2019-11-12 00:49:16.557941+08	marray	0	None	0
35	vincent tomoto	Patient Consultation	Patient	lena requested a consultation schedule with you.	2019-11-12 01:04:48.58403+08	lena	0	None	0
55	vincent tomoto	Patient Consultation	Patient	lena requested a consultation schedule with you.	2019-11-19 06:52:40.299355+08	lena	29	Schedule Request	0
56	vincent tomoto	Appointment	Patient	lena requested a consultation schedule with you.	2019-11-19 07:09:14.036593+08	lena	30	Schedule Request	0
57	vincent tomoto	Appointment	Patient	lena requested a consultation schedule with you.	2019-11-19 07:22:23.35688+08	lena	31	Schedule Request	0
58	vincent tomoto	Appointment	Patient	lena requested a consultation schedule with you.	2019-11-19 07:25:24.895942+08	lena	32	Schedule Request	0
59	vincent tomoto	Appointment	Patient	lena requested a consultation schedule with you.	2019-11-19 07:26:33.134172+08	lena	33	Schedule Request	0
60	vincent tomoto	Appointment	Patient	lena requested a consultation schedule with you.	2019-11-19 07:32:53.442068+08	lena	34	Schedule Request	0
61	vincent tomoto	Appointment	Patient	lena requested a consultation schedule with you.	2019-11-19 07:33:28.657398+08	lena	35	Schedule Request	0
62	vincent tomoto	Appointment	Patient	lena requested a consultation schedule with you.	2019-11-19 07:45:12.700773+08	lena	36	Schedule Request	0
63	vincent tomoto	Appointment	Patient	lena requested a consultation schedule with you.	2019-11-19 07:48:17.591061+08	lena	37	Schedule Request	0
64	vincent tomoto	Appointment	Patient	lena requested a consultation schedule with you.	2019-11-19 07:49:15.377292+08	lena	38	Schedule Request	0
65	vincent tomoto	Appointment	Patient	lena requested a consultation schedule with you.	2019-11-19 07:49:27.422497+08	lena	39	Schedule Request	0
66	vincent tomoto	Appointment	Patient	lena requested a consultation schedule with you.	2019-11-19 07:49:41.628734+08	lena	40	Schedule Request	0
67	vincent tomoto	Appointment	Patient	lena requested a consultation schedule with you.	2019-11-19 07:50:57.781808+08	lena	41	Schedule Request	0
68	vincent tomoto	Appointment	Patient	lena requested a consultation schedule with you.	2019-11-19 07:51:19.950407+08	lena	42	Schedule Request	0
69	vincent tomoto	Appointment	Patient	lena requested a consultation schedule with you.	2019-11-19 07:51:34.563998+08	lena	43	Schedule Request	0
70	vincent tomoto	Appointment	Patient	lena requested a consultation schedule with you.	2019-11-19 07:52:18.47605+08	lena	44	Schedule Request	0
71	vincent tomoto	Appointment	Patient	lena requested a consultation schedule with you.	2019-11-19 08:13:51.535985+08	lena	45	Schedule Request	0
72	vincent tomoto	Appointment	Patient	lena requested a consultation schedule with you.	2019-11-19 08:18:33.221341+08	lena	46	Schedule Request	0
99	martin boran	Appointment	Patient	marray requested a consultation schedule with you.	2019-11-19 19:31:21.691639+08	marray	73	Schedule Request	0
100	martin boran	Appointment	Patient	marray requested a consultation schedule with you.	2019-11-19 19:32:16.912548+08	marray	74	Schedule Request	0
101	martin boran	Appointment	Patient	marray requested a consultation schedule with you.	2019-11-19 19:32:55.037792+08	marray	75	Schedule Request	0
102	martin boran	Appointment	Patient	marray requested a consultation schedule with you.	2019-11-19 19:35:28.427761+08	marray	76	Schedule Request	0
103	martin boran	Appointment	Patient	marray requested a consultation schedule with you.	2019-11-19 19:35:48.46076+08	marray	77	Schedule Request	0
104	martin boran	Appointment	Patient	marray requested a consultation schedule with you.	2019-11-19 19:36:31.541722+08	marray	78	Schedule Request	0
105	martin boran	Appointment	Patient	marray requested a consultation schedule with you.	2019-11-19 19:38:42.005086+08	marray	80	Schedule Request	0
106	martin boran	Appointment	Patient	marray requested a consultation schedule with you.	2019-11-19 19:39:28.722807+08	marray	82	Schedule Request	0
107	martin boran	Appointment	Patient	marray requested a consultation schedule with you.	2019-11-19 19:40:59.322552+08	marray	83	Schedule Request	0
108	martin boran	Appointment	Patient	marray requested a consultation schedule with you.	2019-11-19 19:48:01.048779+08	marray	84	Schedule Request	0
109	vincent tomoto	Patient	Patient	marray added you, vincent tomoto as a personal doctor.	2019-11-21 00:37:00.357006+08	marray	14	New Patient	0
110	vincent tomoto	Appointment	Patient	marray requested a consultation schedule with you.	2019-11-21 00:38:41.555876+08	marray	85	Schedule Request	0
111	vincent tomoto	Appointment	Patient	marray requested a consultation schedule with you.	2019-11-21 00:39:17.245329+08	marray	86	Schedule Request	0
112	vincent tomoto	Appointment	Patient	marray requested a consultation schedule with you.	2019-11-25 20:58:06.936227+08	marray	107	Schedule Request	0
113	vincent tomoto	Appointment	Patient	marray requested a consultation schedule with you.	2019-11-25 21:25:37.313632+08	marray	111	Schedule Request	0
114	martin boran	Appointment	Patient	marray requested a consultation schedule with you.	2019-11-27 19:44:59.989657+08	marray	112	Schedule Request	0
115	martin boran	Appointment	Patient	marray requested a consultation schedule with you.	2019-11-27 20:33:07.846475+08	marray	123	Schedule Request	0
116	martin boran	Appointment	Patient	marray requested a consultation schedule with you.	2019-11-27 20:34:57.239423+08	marray	124	Schedule Request	0
117	martin boran	Appointment	Patient	marray requested a consultation schedule with you.	2019-11-27 20:35:57.690047+08	marray	125	Schedule Request	0
118	martin boran	Appointment	Patient	marray requested a consultation schedule with you.	2019-11-27 20:39:08.08691+08	marray	126	Schedule Request	0
119	martin boran	Edit	Patient	marray edited the Profile Form.	2019-11-27 21:05:45.148915+08	marray	15	Profile Form	0
120	juan de la cruz	Edit	Patient	marray edited the Profile Form.	2019-11-27 21:05:45.168311+08	marray	15	Profile Form	0
121	vincent tomoto	Edit	Patient	marray edited the Profile Form.	2019-11-27 21:05:45.17775+08	marray	15	Profile Form	0
122	martin boran	Edit	Patient	marray edited the Profile Form.	2019-11-27 21:06:05.68129+08	marray	15	Profile Form	0
123	juan de la cruz	Edit	Patient	marray edited the Profile Form.	2019-11-27 21:06:05.701703+08	marray	15	Profile Form	0
124	vincent tomoto	Edit	Patient	marray edited the Profile Form.	2019-11-27 21:06:05.711581+08	marray	15	Profile Form	0
125	martin boran	Edit	Patient	marray edited the Profile Form.	2019-11-27 21:06:26.733377+08	marray	15	Profile Form	0
126	juan de la cruz	Edit	Patient	marray edited the Profile Form.	2019-11-27 21:06:26.755592+08	marray	15	Profile Form	0
127	vincent tomoto	Edit	Patient	marray edited the Profile Form.	2019-11-27 21:06:26.768238+08	marray	15	Profile Form	0
128	martin boran	Edit	Patient	marray edited the ICR Form.	2019-11-28 00:35:35.119085+08	marray	14	ICR Form	0
129	juan de la cruz	Edit	Patient	marray edited the ICR Form.	2019-11-28 00:35:35.153844+08	marray	14	ICR Form	0
130	vincent tomoto	Edit	Patient	marray edited the ICR Form.	2019-11-28 00:35:35.165144+08	marray	14	ICR Form	0
131	martin boran	Edit	Patient	marray edited the ICR Form.	2019-11-28 00:42:08.490159+08	marray	14	ICR Form	0
132	juan de la cruz	Edit	Patient	marray edited the ICR Form.	2019-11-28 00:42:08.518251+08	marray	14	ICR Form	0
133	vincent tomoto	Edit	Patient	marray edited the ICR Form.	2019-11-28 00:42:08.52986+08	marray	14	ICR Form	0
134	martin boran	Edit	Patient	marray edited the ICR Form.	2019-11-28 00:43:22.917075+08	marray	14	ICR Form	0
135	juan de la cruz	Edit	Patient	marray edited the ICR Form.	2019-11-28 00:43:22.933654+08	marray	14	ICR Form	0
136	vincent tomoto	Edit	Patient	marray edited the ICR Form.	2019-11-28 00:43:22.942874+08	marray	14	ICR Form	0
137	martin boran	Edit	Patient	marray edited the ICR Form.	2019-11-28 00:43:45.269992+08	marray	14	ICR Form	0
138	juan de la cruz	Edit	Patient	marray edited the ICR Form.	2019-11-28 00:43:45.289538+08	marray	14	ICR Form	0
139	vincent tomoto	Edit	Patient	marray edited the ICR Form.	2019-11-28 00:43:45.300004+08	marray	14	ICR Form	0
140	martin boran	Edit	Patient	marray edited the Profile Form.	2019-11-28 01:08:37.469775+08	marray	15	Profile Form	0
141	juan de la cruz	Edit	Patient	marray edited the Profile Form.	2019-11-28 01:08:37.529821+08	marray	15	Profile Form	0
142	vincent tomoto	Edit	Patient	marray edited the Profile Form.	2019-11-28 01:08:37.550526+08	marray	15	Profile Form	0
143	vincent tomoto	Appointment	Patient	marray requested a consultation schedule with you.	2019-11-28 06:21:10.504177+08	marray	127	Schedule Request	0
144	martin boran	Appointment	Patient	marray requested a consultation schedule with you.	2019-11-28 08:08:28.926431+08	marray	128	Schedule Request	0
145	martin boran	Appointment	Patient	marray requested a consultation schedule with you.	2019-11-28 08:10:02.460742+08	marray	129	Schedule Request	0
146	martin boran	Appointment	Patient	marray requested a consultation schedule with you.	2019-11-28 09:35:29.934287+08	marray	130	Schedule Request	0
147	vincent tomoto	Appointment	Patient	lena requested a consultation schedule with you.	2019-11-29 18:15:10.000794+08	lena	131	Schedule Request	0
148	vincent tomoto	Appointment	Patient	lena requested a consultation schedule with you.	2019-12-04 02:48:27.396758+08	lena	132	Schedule Request	0
149	martin boran	Appointment	Patient	marray requested a consultation schedule with you.	2019-12-04 22:55:56.941174+08	marray	133	Schedule Request	0
150	martin boran	Appointment	Patient	marray requested a consultation schedule with you.	2019-12-05 18:42:04.418479+08	marray	134	Schedule Request	0
151	martin boran	Appointment	Patient	marray requested a consultation schedule with you.	2019-12-05 18:58:57.462957+08	marray	135	Schedule Request	0
152	martin boran	Appointment	Patient	marray requested a consultation schedule with you.	2019-12-05 20:00:21.477974+08	marray	136	Schedule Request	0
153	martin boran	Appointment	Patient	marray requested a consultation schedule with you.	2019-12-05 20:10:09.457969+08	marray	137	Schedule Request	0
154	martin boran	Appointment	Patient	marray requested a consultation schedule with you.	2019-12-05 20:11:33.343388+08	marray	138	Schedule Request	0
155	martin boran	Patient	Patient	dolly added you, martin boran as a personal doctor.	2019-12-06 21:17:41.646607+08	dolly	26	New Patient	0
161	martin boran	Edit	Patient	dolly edited the ICR Form.	2019-12-06 23:23:58.202983+08	dolly	26	ICR Form	0
162	miranda covala	Edit	Patient	dolly edited the ICR Form.	2019-12-06 23:23:58.218509+08	dolly	26	ICR Form	0
163	vincent tomoto	Edit	Patient	dolly edited the ICR Form.	2019-12-06 23:23:58.224513+08	dolly	26	ICR Form	0
164	martin boran	Edit	Patient	dolly edited the Profile Form.	2019-12-06 23:45:43.743614+08	dolly	27	Profile Form	0
165	miranda covala	Edit	Patient	dolly edited the Profile Form.	2019-12-06 23:45:43.788938+08	dolly	27	Profile Form	0
166	vincent tomoto	Edit	Patient	dolly edited the Profile Form.	2019-12-06 23:45:43.808837+08	dolly	27	Profile Form	0
167	vincent tomoto	Appointment	Patient	dolly requested a consultation schedule with you.	2019-12-06 23:50:40.130209+08	dolly	139	Schedule Request	0
168	vincent tomoto	Appointment	Patient	dolly requested a consultation schedule with you.	2019-12-06 23:52:31.784295+08	dolly	140	Schedule Request	0
169	vincent tomoto	Appointment	Patient	dolly requested a consultation schedule with you.	2019-12-06 23:55:28.955182+08	dolly	141	Schedule Request	0
170	vincent tomoto	Edit	Patient	lena edited the Profile Form.	2019-12-08 08:06:19.008435+08	lena	18	Profile Form	0
171	juan de la cruz	Edit	Patient	lena edited the Profile Form.	2019-12-08 08:06:19.066432+08	lena	18	Profile Form	0
172	martin boran	Edit	Patient	dolly edited the Profile Form.	2019-12-08 08:13:14.997869+08	dolly	27	Profile Form	0
173	miranda covala	Edit	Patient	dolly edited the Profile Form.	2019-12-08 08:13:15.032927+08	dolly	27	Profile Form	0
174	vincent tomoto	Edit	Patient	dolly edited the Profile Form.	2019-12-08 08:13:15.050907+08	dolly	27	Profile Form	0
175	martin boran	Edit	Patient	dolly edited the Profile Form.	2019-12-08 08:13:15.251848+08	dolly	27	Profile Form	0
176	martin boran	Edit	Patient	dolly edited the Profile Form.	2019-12-08 08:13:15.258852+08	dolly	27	Profile Form	0
177	martin boran	Edit	Patient	dolly edited the Profile Form.	2019-12-08 08:13:15.264852+08	dolly	27	Profile Form	0
178	martin boran	Edit	Patient	dolly edited the Profile Form.	2019-12-08 08:13:15.270072+08	dolly	27	Profile Form	0
179	miranda covala	Edit	Patient	dolly edited the Profile Form.	2019-12-08 08:13:15.278851+08	dolly	27	Profile Form	0
180	miranda covala	Edit	Patient	dolly edited the Profile Form.	2019-12-08 08:13:15.28785+08	dolly	27	Profile Form	0
181	miranda covala	Edit	Patient	dolly edited the Profile Form.	2019-12-08 08:13:15.288982+08	dolly	27	Profile Form	0
182	vincent tomoto	Edit	Patient	dolly edited the Profile Form.	2019-12-08 08:13:15.296152+08	dolly	27	Profile Form	0
183	miranda covala	Edit	Patient	dolly edited the Profile Form.	2019-12-08 08:13:15.299853+08	dolly	27	Profile Form	0
184	vincent tomoto	Edit	Patient	dolly edited the Profile Form.	2019-12-08 08:13:15.30885+08	dolly	27	Profile Form	0
185	vincent tomoto	Edit	Patient	dolly edited the Profile Form.	2019-12-08 08:13:15.310853+08	dolly	27	Profile Form	0
186	vincent tomoto	Edit	Patient	dolly edited the Profile Form.	2019-12-08 08:13:15.319866+08	dolly	27	Profile Form	0
187	vincent tomoto	Edit	Patient	lena edited the Profile Form.	2019-12-08 08:29:02.45028+08	lena	18	Profile Form	0
188	juan de la cruz	Edit	Patient	lena edited the Profile Form.	2019-12-08 08:29:02.472312+08	lena	18	Profile Form	0
189	vincent tomoto	Edit	Patient	lena edited the ICR Form.	2019-12-08 08:29:57.797699+08	lena	17	ICR Form	0
190	juan de la cruz	Edit	Patient	lena edited the ICR Form.	2019-12-08 08:29:57.817784+08	lena	17	ICR Form	0
\.


--
-- Data for Name: doctor_doctorschedule; Type: TABLE DATA; Schema: public; Owner: postgres
--

COPY public.doctor_doctorschedule (id, patient_username, patient_hiv_status, schedule_date, schedule_topic, schedule_notes, doc_in_charge, status, created_on, new_notif_count, action_taken) FROM stdin;
92	marray	stage1	2019-11-27 23:45:00+08	let's talk	charrrtt	vincent tomoto	pending	2019-11-21 01:01:50.314476+08	0	0
93	marray	stage1	2019-11-27 23:45:00+08	let's talk	charrrtt	vincent tomoto	pending	2019-11-21 01:02:25.074133+08	0	0
79	marray	stage1	2019-11-18 13:23:00+08	reject me	reject meeee	martin boran	pending	2019-11-19 19:38:26.433925+08	0	0
81	marray	stage1	2019-11-12 12:23:00+08	chart	charooooooottt	martin boran	pending	2019-11-19 19:39:03.987584+08	0	0
94	marray	stage1	2019-11-27 23:45:00+08	let's talk	charrrtt	vincent tomoto	pending	2019-11-21 01:02:57.811954+08	0	0
95	marray	stage1	2019-11-27 23:45:00+08	let's talk	charrrtt	vincent tomoto	pending	2019-11-21 01:03:44.879513+08	0	0
96	marray	stage1	2019-11-27 23:45:00+08	let's talk	charrrtt	vincent tomoto	pending	2019-11-21 01:07:19.39982+08	0	0
22	lena	stage3	2019-11-14 04:05:00+08	Explain my current situation	heel	juan de la cruz	pending	2019-11-12 22:55:52.90471+08	0	0
87	marray	stage1	2019-11-27 23:45:00+08	let's talk	charrrtt	vincent tomoto	pending	2019-11-21 00:40:31.148624+08	0	0
88	marray	stage1	2019-11-27 23:45:00+08	let's talk	charrrtt	vincent tomoto	pending	2019-11-21 00:57:50.097291+08	0	0
97	marray	stage1	2019-11-27 23:45:00+08	let's talk	charrrtt	vincent tomoto	pending	2019-11-21 01:08:33.945034+08	0	0
89	marray	stage1	2019-11-27 23:45:00+08	let's talk	charrrtt	vincent tomoto	pending	2019-11-21 00:58:46.576956+08	0	0
90	marray	stage1	2019-11-27 23:45:00+08	let's talk	charrrtt	vincent tomoto	pending	2019-11-21 00:59:54.383767+08	0	0
91	marray	stage1	2019-11-27 23:45:00+08	let's talk	charrrtt	vincent tomoto	pending	2019-11-21 01:00:59.687421+08	0	0
98	marray	stage1	2019-11-27 23:45:00+08	let's talk	charrrtt	vincent tomoto	pending	2019-11-21 01:09:42.927755+08	0	0
99	marray	stage1	2019-11-27 23:45:00+08	let's talk	charrrtt	vincent tomoto	pending	2019-11-21 01:17:39.306484+08	0	0
100	marray	stage1	2019-11-27 23:45:00+08	let's talk	charrrtt	vincent tomoto	pending	2019-11-21 01:21:14.364918+08	0	0
101	marray	stage1	2019-11-27 23:45:00+08	let's talk	charrrtt	vincent tomoto	pending	2019-11-21 01:23:12.696066+08	0	0
102	marray	stage1	2019-11-27 23:45:00+08	let's talk	charrrtt	vincent tomoto	pending	2019-11-21 01:25:48.210998+08	0	0
103	marray	stage1	2019-11-27 23:45:00+08	let's talk	charrrtt	vincent tomoto	pending	2019-11-21 01:28:08.376734+08	0	0
104	marray	stage1	2019-11-27 23:45:00+08	let's talk	charrrtt	vincent tomoto	pending	2019-11-21 02:08:33.324823+08	0	0
105	marray	stage1	2019-11-27 23:45:00+08	let's talk	charrrtt	vincent tomoto	pending	2019-11-21 02:14:17.605561+08	0	0
106	marray	stage1	2019-11-27 23:45:00+08	let's talk	charrrtt	vincent tomoto	pending	2019-11-21 02:15:04.137194+08	0	0
109	marray	stage1	2019-11-13 05:23:00+08	hmmm. i wonder	not that sick but want to make sure	vincent tomoto	pending	2019-11-25 21:00:11.284193+08	0	0
110	marray	stage1	2019-11-13 05:23:00+08	hmmm. i wonder	not that sick but want to make sure	vincent tomoto	pending	2019-11-25 21:04:30.106866+08	0	0
129	marray	stage1	2019-11-29 10:34:00+08	decline at notif	test	martin boran	pending	2019-11-28 08:10:02.412937+08	0	0
130	marray	stage1	2019-11-29 11:04:00+08	Test if notif is added as new notif	test	martin boran	pending	2019-11-28 09:35:29.874286+08	0	0
128	marray	stage1	2019-11-29 12:02:00+08	Decline at notif	test	martin boran	rejected	2019-11-28 08:08:28+08	0	2
127	marray	stage1	2019-11-28 12:34:00+08	test 1	test 1	vincent tomoto	rejected	2019-11-28 06:21:10+08	0	2
124	marray	stage1	2019-11-30 13:52:00+08	test 2	ajax check 2	martin boran	rejected	2019-11-27 20:34:57+08	0	2
107	marray	stage1	2019-11-13 05:23:00+08	hmmm. i wonder	not that sick but want to make sure	vincent tomoto	rejected	2019-11-25 20:58:06+08	0	2
86	marray	stage1	2019-11-27 23:45:00+08	let's talk	charrrtt	vincent tomoto	rejected	2019-11-21 00:39:17+08	0	2
77	marray	stage1	2019-11-18 13:23:00+08	reject me	reject meeee	martin boran	rejected	2019-11-19 19:35:48+08	0	2
75	marray	stage1	2019-11-26 11:23:00+08	aaaa	not sure but why not	martin boran	rejected	2019-11-19 19:32:54+08	0	2
29	lena	stage3	2019-11-13 06:04:00+08	personal health matter	hahaha	vincent tomoto	rejected	2019-11-19 06:52:40+08	0	2
28	lena	stage3	2019-11-12 17:23:00+08	Explain my current situation	hhh	vincent tomoto	rejected	2019-11-19 06:50:43+08	0	2
27	lena	stage3	2019-11-05 15:23:00+08	Health issue	i dunno	vincent tomoto	rejected	2019-11-19 06:50:15+08	0	2
26	lena	stage3	2019-11-05 15:23:00+08	Health issue	i dunno	vincent tomoto	rejected	2019-11-19 06:50:01+08	0	2
125	marray	stage1	2019-12-07 11:12:00+08	test 3	ajax test 3	martin boran	accepted	2019-11-27 20:35:57+08	0	1
23	lena	stage3	2019-11-14 00:45:00+08	Assessment on current sickness.	huhh	vincent tomoto	rejected	2019-11-12 23:23:00+08	0	2
20	lena	stage3	2019-11-05 16:30:00+08	Explain my current situation	In need to explain how I got my HIV and how to lessen the effects.	vincent tomoto	rejected	2019-11-12 04:01:25+08	0	2
19	lena	stage3	2019-11-14 01:35:00+08	Assessment on current sickness.	check my symptoms.	vincent tomoto	rejected	2019-11-12 03:38:20+08	0	2
18	lena	stage3	2019-11-12 08:00:00+08	Health issue	in fear of dying sir.	vincent tomoto	rejected	2019-11-12 01:04:48+08	0	2
25	lena	stage3	2019-11-14 05:34:00+08	Assessment on current sickness.	yep	vincent tomoto	rejected	2019-11-19 06:29:58+08	0	2
123	marray	stage1	2019-11-29 23:34:00+08	ajax send	test	martin boran	accepted	2019-11-27 20:33:07+08	0	1
112	marray	stage1	2019-11-21 15:30:00+08	Assessment on current sickness.	oh well	martin boran	accepted	2019-11-27 19:44:59+08	0	1
73	marray	stage1	2019-11-20 11:43:00+08	Explain my current situation	chart	martin boran	accepted	2019-11-19 19:31:21+08	0	1
78	marray	stage1	2019-11-18 13:23:00+08	reject me	reject meeee	martin boran	accepted	2019-11-19 19:36:31+08	0	1
126	marray	stage1	2019-11-29 11:23:00+08	test 4	ajax check 4	martin boran	finished	2019-11-27 20:39:08+08	0	3
111	marray	stage1	2019-11-20 00:23:00+08	test to convert ajax	testing..	vincent tomoto	finished	2019-11-25 21:25:37+08	0	3
76	marray	stage1	2019-11-18 13:23:00+08	reject me	reject meeee	martin boran	finished	2019-11-19 19:35:28+08	0	3
85	marray	stage1	2019-11-27 23:45:00+08	let's talk	charrrtt	vincent tomoto	finished	2019-11-21 00:38:41+08	0	3
83	marray	stage1	2019-11-20 10:34:00+08	luhh	luhhhhhh	martin boran	finished	2019-11-19 19:40:59+08	0	3
82	marray	stage1	2019-11-12 12:23:00+08	chart	charooooooottt	martin boran	finished	2019-11-19 19:39:28+08	0	3
24	lena	stage3	2019-11-14 05:34:00+08	Assessment on current sickness.	yep	vincent tomoto	finished	2019-11-19 06:26:07+08	0	3
17	lena	stage3	2019-11-12 08:00:00+08	Health issue	in fear of dying sir.	vincent tomoto	finished	2019-11-12 01:04:21+08	0	3
74	marray	stage1	2019-11-26 11:23:00+08	aaaa	not sure but why not	martin boran	finished	2019-11-19 19:32:16+08	0	3
84	marray	stage1	2019-11-21 05:54:00+08	yahhpp	hahhahahaha	martin boran	finished	2019-11-19 19:48:00+08	0	3
131	lena	stage3	2019-11-27 23:45:00+08	test if sched notif works	test	vincent tomoto	pending	2019-11-29 18:15:09.909793+08	0	0
133	marray	stage 1	2019-12-24 20:58:00+08	Check on current sickness.	Check	martin boran	pending	2019-12-04 22:55:56.845757+08	0	0
132	lena	stage 3	2019-12-10 20:55:00+08	Health issue	test	vincent tomoto	rejected	2019-12-04 02:48:27.276926+08	0	0
134	marray	stage 1	2019-12-17 23:45:00+08	test 1	test	martin boran	rejected	2019-12-05 18:42:04.285477+08	0	0
135	marray	stage 1	2019-12-17 10:45:00+08	test 2	test2	martin boran	pending	2019-12-05 18:58:57.342398+08	0	0
136	marray	stage 1	2019-12-11 23:05:00+08	test 3	test 3	martin boran	pending	2019-12-05 20:00:21.44597+08	0	0
137	marray	stage 1	2019-12-18 10:04:00+08	aa	aa	martin boran	pending	2019-12-05 20:10:09.43597+08	0	0
138	marray	stage 1	2019-12-26 10:03:00+08	test from notif	test from notif	martin boran	pending	2019-12-05 20:11:33.318386+08	0	0
139	dolly	negative	2019-12-11 11:04:00+08	please see me	please meet me. I need help.	vincent tomoto	accepted	2019-12-06 23:50:40.04441+08	0	0
140	dolly	negative	2019-12-17 00:23:00+08	i have a problem	i need to talk to you.	vincent tomoto	rejected	2019-12-06 23:52:31.755204+08	0	0
141	dolly	negative	2019-12-11 23:34:00+08	something	needed asap	vincent tomoto	accepted	2019-12-06 23:55:28.904679+08	0	0
\.


--
-- Data for Name: doctor_doctorschedule_doc_remark; Type: TABLE DATA; Schema: public; Owner: postgres
--

COPY public.doctor_doctorschedule_doc_remark (id, doctorschedule_id, remark_id) FROM stdin;
20	20	96
21	20	97
22	20	98
23	19	100
24	17	101
25	23	103
26	23	104
27	85	116
28	107	120
29	107	124
30	82	125
31	82	126
32	111	143
33	111	144
34	126	145
35	126	146
36	126	147
37	125	148
38	125	149
39	126	150
40	126	151
41	125	153
42	127	156
43	124	157
44	75	158
45	128	159
46	134	169
47	140	179
48	132	180
\.


--
-- Data for Name: doctor_doctorschedule_users_viewed; Type: TABLE DATA; Schema: public; Owner: postgres
--

COPY public.doctor_doctorschedule_users_viewed (id, doctorschedule_id, usersviewed_id) FROM stdin;
1	86	24
2	107	25
3	127	29
4	124	30
5	112	31
7	78	33
8	76	34
9	77	35
10	82	36
11	83	37
12	84	38
13	126	39
14	125	40
15	73	41
16	74	42
17	75	43
18	128	44
19	129	45
20	130	46
21	111	47
22	131	48
23	132	49
24	135	53
\.


--
-- Data for Name: doctor_doctorstats; Type: TABLE DATA; Schema: public; Owner: postgres
--

COPY public.doctor_doctorstats (id, day_count, last_updated, start_date, week_count, doctor_name, neg_patients, stage_1, stage_2, stage_3, all_patients_count, my_patients_count) FROM stdin;
6	0	2019-11-12	2019-11-12	0	lito sattaro	0	0	0	0	4	0
5	0	2019-11-11	2019-11-11	0	vincent tomoto	2	1	1	1	8	5
4	0	2019-11-11	2019-11-11	0	martin boran	0	1	0	0	8	1
7	0	2019-12-03	2019-12-03	0	miranda covala	0	0	0	0	8	0
3	0	2019-11-11	2019-11-11	0	juan de la Cruz	0	1	0	1	4	2
\.


--
-- Data for Name: doctor_remark; Type: TABLE DATA; Schema: public; Owner: postgres
--

COPY public.doctor_remark (id, author, text, created_date, approved_comment, remark_seen, remark_parent_type, remark_receiver, seen_date) FROM stdin;
88	martin boran	alright, let's meet on that day.	2019-11-11 23:56:43.417215+08	f	f			2019-11-21 00:48:00.370273+08
89	martin boran	alright, let's meet on that day.	2019-11-11 23:57:49.30573+08	f	f			2019-11-21 00:48:00.370273+08
91	martin boran	talk to someone close to you.	2019-11-12 00:19:16.525335+08	f	f			2019-11-21 00:48:00.370273+08
93	martin boran	need to meet you for counseling	2019-11-12 00:32:01.820798+08	f	f			2019-11-21 00:48:00.370273+08
96	vincent tomoto	alright, let's meet on the said date then.	2019-11-12 04:45:28.577063+08	f	f			2019-11-21 00:48:00.370273+08
97	vincent tomoto	alright. let''s do it.	2019-11-12 04:49:09.257262+08	f	f			2019-11-21 00:48:00.370273+08
98	vincent tomoto	had	2019-11-12 04:55:45.833617+08	f	f			2019-11-21 00:48:00.370273+08
99	vincent tomoto	had	2019-11-12 08:43:00.195934+08	f	f			2019-11-21 00:48:00.370273+08
100	vincent tomoto	can't go because i have sched	2019-11-12 23:02:33.589054+08	f	f			2019-11-21 00:48:00.370273+08
105	vincent tomoto	not feeling well	2019-11-18 22:12:09.066261+08	f	f			2019-11-21 00:48:00.370273+08
106	vincent tomoto	not feeling well	2019-11-18 22:16:39.098102+08	f	f			2019-11-21 00:48:00.370273+08
107	vincent tomoto	not feeling well	2019-11-18 22:17:42.541855+08	f	f			2019-11-21 00:48:00.370273+08
109	vincent tomoto	ano sumimasen	2019-11-19 04:21:20.801483+08	f	f			2019-11-21 00:48:00.370273+08
95	vincent tomoto	add date sent for confirmatory	2019-11-12 01:05:42.337407+08	f	t			2019-11-21 00:48:00.370273+08
108	vincent tomoto	edit this one	2019-11-18 22:18:08.001051+08	f	t			2019-11-21 00:48:00.370273+08
110	vincent tomoto	yep	2019-11-19 04:21:43.9499+08	f	t			2019-11-21 00:48:00.370273+08
112	vincent tomoto	hello	2019-11-19 05:21:01.533874+08	f	t			2019-11-21 00:48:00.370273+08
111	vincent tomoto	rampapampam	2019-11-19 05:11:24.166667+08	f	t			2019-11-21 00:48:00.370273+08
102	vincent tomoto	check	2019-11-12 23:22:57.318469+08	f	t			2019-11-21 00:48:00.370273+08
115	vincent tomoto	comment on What I felt today	2019-11-21 00:07:58.228067+08	f	t	Personal Record	lena	2019-11-21 00:48:00.370273+08
116	vincent tomoto	in a meeting	2019-11-21 00:39:00.179886+08	f	t	Consultation Schedule	marray	2019-11-21 00:48:00.370273+08
90	martin boran	need to fill up everything in profile form	2019-11-12 00:09:35.814116+08	f	t			2019-11-21 02:09:10.912522+08
94	martin boran	i usggest you visit a doctor soon.	2019-11-12 00:33:04.231803+08	f	t			2019-11-21 02:14:04.42451+08
117	vincent tomoto	add a remark in med hist	2019-11-21 02:08:28.064495+08	f	t	Profile Form	marray	2019-11-21 02:14:04.442706+08
87	martin boran		2019-11-11 23:43:04.124612+08	f	t			2019-11-21 02:14:26.317058+08
113	martin boran	chuchu	2019-11-19 17:30:44.902722+08	f	t			2019-11-21 02:14:26.323539+08
114	martin boran	hello marray	2019-11-19 17:33:28+08	f	t	Medical History	marray	2019-11-21 02:14:26.326063+08
118	vincent tomoto	again in med hist	2019-11-21 02:14:58.084223+08	f	t	Medical History Form	marray	2019-11-21 02:15:12.809966+08
119	vincent tomoto	check if seen is working	2019-11-25 18:41:48.275833+08	f	t	Medical History Form	lena	2019-11-25 18:42:41.829854+08
101	vincent tomoto	done	2019-11-12 23:05:24.773417+08	f	t			2019-11-25 20:21:49.573731+08
120	vincent tomoto	prior appointment	2019-11-25 21:04:21.321039+08	f	t	Consultation Schedule	marray	2019-11-25 21:04:40.318242+08
121	vincent tomoto	prior appointment	2019-11-25 21:04:45.288962+08	f	f	Consultation Schedule	marray	2019-11-25 21:04:45.288962+08
122	vincent tomoto	prior appointment	2019-11-25 21:11:12.232608+08	f	f	Consultation Schedule	marray	2019-11-25 21:11:12.232608+08
123	vincent tomoto	prior appointment	2019-11-25 21:25:50.601396+08	f	f	Consultation Schedule	marray	2019-11-25 21:25:50.602458+08
124	vincent tomoto	not feeling well	2019-11-26 07:40:12.14506+08	f	f	Consultation Schedule	marray	2019-11-26 07:40:12.146096+08
125	martin boran	olaright.done!	2019-11-26 13:00:24.057016+08	f	f	Consultation Schedule	marray	2019-11-26 13:00:24.057016+08
126	martin boran	yep,this time,its time.	2019-11-26 13:01:37.678452+08	f	f	Consultation Schedule	marray	2019-11-26 13:01:37.678452+08
127	martin boran	yep,this time,its time.	2019-11-26 13:02:29.737524+08	f	f	Consultation Schedule	marray	2019-11-26 13:02:29.737524+08
92	martin boran		2019-11-12 00:26:58.132665+08	f	t			2019-11-27 09:43:52.484625+08
128	martin boran	just a remark dear	2019-11-28 01:46:29.62447+08	f	t	Medical History Form	marray	2019-11-28 01:47:10.538767+08
138	vincent tomoto	test to add a remark on med hist via ajax	2019-11-28 03:49:33.18763+08	f	f	Medical History Form	germ	2019-11-28 03:49:33.18763+08
139	vincent tomoto	remark on  profile form via ajax.	2019-11-28 03:50:38.402821+08	f	f	Profile Form	germ	2019-11-28 03:50:38.402821+08
140	vincent tomoto	add some revisions you know	2019-11-28 03:56:04.493954+08	f	f	Profile Form	germ	2019-11-28 03:56:04.493954+08
141	vincent tomoto	some things are better if they're changed.	2019-11-28 03:57:36.976414+08	f	f	Medical History Form	germ	2019-11-28 03:57:36.976414+08
142	vincent tomoto	sample remark on ICR	2019-11-28 04:35:54.643505+08	f	f	ICR Form	germ	2019-11-28 04:35:54.643505+08
143	vincent tomoto	add remark for finished on ajax	2019-11-28 05:03:54.782213+08	f	f	Consultation Schedule	marray	2019-11-28 05:03:54.782213+08
144	vincent tomoto	testing on ajax for finished sched remark	2019-11-28 05:07:43.96564+08	f	f	Consultation Schedule	marray	2019-11-28 05:07:43.96564+08
145	martin boran	out of time	2019-11-28 05:11:17.59488+08	f	f	Consultation Schedule	marray	2019-11-28 05:11:17.59488+08
146	martin boran	not feeling well	2019-11-28 05:13:31.967492+08	f	f	Consultation Schedule	marray	2019-11-28 05:13:31.967492+08
147	martin boran	ongoing add remark	2019-11-28 05:14:36.136864+08	f	f	Consultation Schedule	marray	2019-11-28 05:14:36.136864+08
148	martin boran	sample remark on pending sched	2019-11-28 05:15:49.101136+08	f	f	Consultation Schedule	marray	2019-11-28 05:15:49.101136+08
149	martin boran	no remark was added 	2019-11-28 05:16:22.523018+08	f	f	Consultation Schedule	marray	2019-11-28 05:16:22.523018+08
150	martin boran	test again	2019-11-28 05:20:33.163575+08	f	f	Consultation Schedule	marray	2019-11-28 05:20:33.163575+08
151	martin boran	test 5	2019-11-28 05:23:18.81342+08	f	f	Consultation Schedule	marray	2019-11-28 05:23:18.81342+08
152	martin boran	test 6	2019-11-28 05:25:19.349114+08	f	f	Consultation Schedule	marray	2019-11-28 05:25:19.349114+08
153	martin boran	test 6	2019-11-28 05:25:50.008178+08	f	f	Consultation Schedule	marray	2019-11-28 05:25:50.008178+08
155	vincent tomoto	prior appointment	2019-11-28 06:32:08.394142+08	f	f	Consultation Schedule	marray	2019-11-28 06:32:08.394142+08
156	vincent tomoto	not feeling well	2019-11-28 06:34:31.072852+08	f	f	Consultation Schedule	marray	2019-11-28 06:34:31.072852+08
157	martin boran	in a meeting	2019-11-28 06:36:48.214478+08	f	f	Consultation Schedule	marray	2019-11-28 06:36:48.214478+08
158	martin boran	gagagaga	2019-11-28 07:59:36.955231+08	f	f	Consultation Schedule	marray	2019-11-28 07:59:36.955231+08
104	vincent tomoto	in a meeting	2019-11-18 22:11:28.241778+08	f	t			2019-11-29 17:26:17.065043+08
130	martin boran	again to test the remark on profile.	2019-11-28 02:23:57.732496+08	f	t	Profile Form	marray	2019-12-05 00:50:55.708649+08
131	martin boran	testing on ajax remark	2019-11-28 02:26:52.107655+08	f	t	Profile Form	marray	2019-12-05 00:50:55.711657+08
132	martin boran	again to append not prepend	2019-11-28 02:28:07.944283+08	f	t	Profile Form	marray	2019-12-05 00:50:55.71318+08
133	martin boran	test  5 on ajax	2019-11-28 02:32:32.375355+08	f	t	Profile Form	marray	2019-12-05 00:50:55.71418+08
134	martin boran	test 6 on ajax	2019-11-28 03:25:38.932813+08	f	t	Profile Form	marray	2019-12-05 00:50:55.716184+08
135	martin boran	test 7 ajax	2019-11-28 03:27:21.435981+08	f	t	Profile Form	marray	2019-12-05 00:50:55.720181+08
136	martin boran	test 8	2019-11-28 03:28:08.630336+08	f	t	Profile Form	marray	2019-12-05 00:50:55.722183+08
137	martin boran	test 9	2019-11-28 03:29:11.700329+08	f	t	Profile Form	marray	2019-12-05 00:50:55.725199+08
159	martin boran	not feeling well	2019-11-28 08:09:14.967188+08	f	t	Consultation Schedule	marray	2019-11-28 08:50:55.240036+08
103	vincent tomoto	not feeling well	2019-11-18 22:09:15.632962+08	f	t			2019-11-29 17:26:17.053041+08
160	vincent tomoto	you can do it.	2019-12-04 19:38:21.748362+08	f	f	ICR Form	germ	2019-12-04 19:38:21.748362+08
161	vincent tomoto	why not?	2019-12-04 19:42:09.459499+08	f	f	ICR Form	derran	2019-12-04 19:42:09.459499+08
165	martin boran	test	2019-12-05 00:48:26.241434+08	f	t	Personal Record	marray	2019-12-05 00:49:14.900042+08
129	martin boran	test to add remark using ajax on profile	2019-11-28 02:12:13.329025+08	f	t	Profile Form	marray	2019-12-05 00:50:55.702653+08
164	martin boran	test	2019-12-05 00:47:31.837814+08	f	t	Profile Form	marray	2019-12-05 00:50:55.728188+08
163	martin boran	test	2019-12-05 00:46:55.733212+08	f	t	Medical History Form	marray	2019-12-05 00:51:01.236418+08
166	vincent tomoto	hello	2019-12-05 17:46:57.029425+08	f	t	ICR Form	marray	2019-12-05 18:03:31.63625+08
167	vincent tomoto	test	2019-12-05 17:47:55.407935+08	f	t	ICR Form	marray	2019-12-05 18:03:31.638252+08
168	vincent tomoto	test1	2019-12-05 18:03:07.780781+08	f	t	ICR Form	marray	2019-12-05 18:03:31.643251+08
169	martin boran	not feeling well	2019-12-05 18:42:35.512196+08	f	t	Consultation Schedule	marray	2019-12-05 18:43:01.775074+08
171	vincent tomoto	try this.	2019-12-06 23:07:47.682108+08	f	f	Profile Form	germ	2019-12-06 23:07:47.682108+08
173	vincent tomoto	trial	2019-12-06 23:12:04.703731+08	f	f	Profile Form	marray	2019-12-06 23:12:04.703731+08
175	vincent tomoto	whyy	2019-12-06 23:15:37.338477+08	f	f	Profile Form	germ	2019-12-06 23:15:37.338477+08
176	vincent tomoto	trial 3	2019-12-06 23:18:03.791772+08	f	f	Profile Form	germ	2019-12-06 23:18:03.791772+08
172	vincent tomoto	how about this	2019-12-06 23:08:07.720331+08	f	t	ICR Form	dolly	2019-12-06 23:19:12.166071+08
177	vincent tomoto	why is this happening?	2019-12-06 23:34:25.090952+08	f	t	Personal Record	dolly	2019-12-06 23:35:43.437259+08
178	vincent tomoto	weyoo	2019-12-06 23:40:16.425226+08	f	f	Profile Form	germ	2019-12-06 23:40:16.425226+08
179	vincent tomoto	prior appointment. i'm sorry.	2019-12-06 23:52:59.176274+08	f	t	Consultation Schedule	dolly	2019-12-06 23:53:06.279764+08
180	vincent tomoto	not feeling well	2019-12-07 00:12:23.071315+08	f	t	Consultation Schedule	lena	2019-12-07 00:13:15.143552+08
170	vincent tomoto	i need strength	2019-12-06 23:07:05.396241+08	f	t	Medical History Form	lena	2019-12-07 00:14:55.846553+08
181	vincent tomoto	test remark to lena	2019-12-08 08:18:41.118662+08	f	f	Profile Form	germ	2019-12-08 08:18:41.118662+08
162	vincent tomoto	hello	2019-12-04 19:44:20.252771+08	f	t	ICR Form	lena	2019-12-08 08:19:30.527676+08
185	vincent tomoto	test to add remark in med hist	2019-12-08 08:25:13.951276+08	f	f	Medical History Form	germ	2019-12-08 08:25:13.951276+08
186	vincent tomoto	test add remark in med hist	2019-12-08 08:28:11.862921+08	f	t	Medical History Form	lena	2019-12-08 08:28:39.159316+08
174	vincent tomoto	trial2	2019-12-06 23:13:43.548861+08	f	t	Profile Form	lena	2019-12-08 08:28:45.206928+08
182	vincent tomoto	test add remark to profile	2019-12-08 08:22:33.640795+08	f	t	Profile Form	lena	2019-12-08 08:28:45.215102+08
183	vincent tomoto	testtt	2019-12-08 08:23:35.604654+08	f	t	Profile Form	lena	2019-12-08 08:28:45.218149+08
184	vincent tomoto	test again.	2019-12-08 08:24:17.788983+08	f	t	Profile Form	lena	2019-12-08 08:28:45.221+08
\.


--
-- Data for Name: doctor_usersviewed; Type: TABLE DATA; Schema: public; Owner: postgres
--

COPY public.doctor_usersviewed (id, seen_flag, seen_date, viewer_type, viewed_type, viewer_name, viewed_pk, file_owner) FROM stdin;
8	t	2019-11-20 11:00:34.204734+08	Doctor	Personal Record	martin boran	4	marray
10	t	2019-11-20 11:24:59.022489+08	Doctor	Medical History	martin boran	14	marray
11	t	2019-11-20 11:37:26.601602+08	Doctor	Profile Form	martin boran	14	marray
15	t	2019-11-20 11:43:49.448582+08	Doctor	ICR	martin boran	14	marray
16	t	2019-11-21 00:05:47.976939+08	Doctor	Personal Record	vincent tomoto	7	lena
17	t	2019-11-21 00:58:24.30553+08	Doctor	Medical History	vincent tomoto	14	marray
18	t	2019-11-21 01:42:53.353187+08	Doctor	Medical History	vincent tomoto	17	lena
19	t	2019-11-21 01:48:32.864846+08	Doctor	Profile Form	vincent tomoto	14	marray
20	t	2019-11-21 01:48:42.091074+08	Doctor	ICR	vincent tomoto	14	marray
21	t	2019-11-21 17:52:24.992713+08	Doctor	Personal Record	vincent tomoto	4	marray
22	t	2019-11-21 17:52:39.450665+08	Doctor	Personal Record	vincent tomoto	3	marray
23	t	2019-11-22 09:48:54.781928+08	Doctor	Medical History	vincent tomoto	18	germ
24	t	2019-11-25 20:56:13.193367+08	Doctor	Consultation Schedule	vincent tomoto	86	marray
25	t	2019-11-25 20:58:27.752259+08	Doctor	Consultation Schedule	vincent tomoto	107	marray
26	t	2019-11-25 21:06:51.190117+08	Doctor	Profile Form	vincent tomoto	17	lena
27	t	2019-11-28 03:48:36.719144+08	Doctor	Profile Form	vincent tomoto	18	germ
28	t	2019-11-28 03:48:39.919318+08	Doctor	ICR	vincent tomoto	18	germ
29	t	2019-11-28 06:22:25.495658+08	Doctor	Consultation Schedule	vincent tomoto	127	marray
30	t	2019-11-28 06:51:26.88651+08	Doctor	Consultation Schedule	martin boran	124	marray
31	t	2019-11-28 06:51:29.811663+08	Doctor	Consultation Schedule	martin boran	112	marray
32	t	2019-11-28 07:07:11.580507+08	Doctor	Consultation Schedule	martin boran	80	marray
33	t	2019-11-28 07:07:13.335581+08	Doctor	Consultation Schedule	martin boran	78	marray
34	t	2019-11-28 07:07:17.857633+08	Doctor	Consultation Schedule	martin boran	76	marray
35	t	2019-11-28 07:07:19.489517+08	Doctor	Consultation Schedule	martin boran	77	marray
36	t	2019-11-28 07:07:21.357774+08	Doctor	Consultation Schedule	martin boran	82	marray
37	t	2019-11-28 07:07:22.888239+08	Doctor	Consultation Schedule	martin boran	83	marray
38	t	2019-11-28 07:07:24.305588+08	Doctor	Consultation Schedule	martin boran	84	marray
39	t	2019-11-28 07:07:28.007668+08	Doctor	Consultation Schedule	martin boran	126	marray
40	t	2019-11-28 07:07:29.585315+08	Doctor	Consultation Schedule	martin boran	125	marray
41	t	2019-11-28 07:07:34.849339+08	Doctor	Consultation Schedule	martin boran	73	marray
42	t	2019-11-28 07:22:34.959609+08	Doctor	Consultation Schedule	martin boran	74	marray
43	t	2019-11-28 07:22:36.994357+08	Doctor	Consultation Schedule	martin boran	75	marray
44	t	2019-11-28 08:08:39.199223+08	Doctor	Consultation Schedule	martin boran	128	marray
45	t	2019-11-28 08:10:15.715407+08	Doctor	Consultation Schedule	martin boran	129	marray
46	t	2019-11-28 09:35:47.766469+08	Doctor	Consultation Schedule	martin boran	130	marray
47	t	2019-11-29 17:25:10.837982+08	Doctor	Consultation Schedule	vincent tomoto	111	marray
48	t	2019-11-29 18:48:31.580763+08	Doctor	Consultation Schedule	vincent tomoto	131	lena
49	t	2019-12-04 02:53:45.025869+08	Doctor	Consultation Schedule	vincent tomoto	132	lena
50	t	2019-12-05 00:48:20.806639+08	Doctor	Personal Record	martin boran	10	marray
51	t	2019-12-05 09:46:14.150736+08	Doctor	Medical History	vincent tomoto	16	derran
52	t	2019-12-05 09:46:15.804696+08	Doctor	Profile Form	vincent tomoto	16	derran
53	t	2019-12-05 19:03:09.205738+08	Doctor	Consultation Schedule	martin boran	135	marray
54	t	2019-12-06 19:37:42.67624+08	Doctor	Personal Record	vincent tomoto	10	marray
55	t	2019-12-06 19:37:53.43864+08	Doctor	Personal Record	vincent tomoto	8	marray
56	t	2019-12-06 19:37:56.332774+08	Doctor	Personal Record	vincent tomoto	9	marray
57	t	2019-12-06 23:07:37.626261+08	Doctor	Profile Form	vincent tomoto	26	dolly
58	t	2019-12-06 23:07:59.456524+08	Doctor	ICR	vincent tomoto	26	dolly
59	t	2019-12-06 23:19:37.617612+08	Doctor	Medical History	vincent tomoto	26	dolly
60	t	2019-12-06 23:34:10.007501+08	Doctor	Personal Record	vincent tomoto	15	dolly
61	t	2019-12-07 00:10:12.124424+08	Doctor	Personal Record	vincent tomoto	14	dolly
\.


--
-- Data for Name: patient_icrform; Type: TABLE DATA; Schema: public; Owner: postgres
--

COPY public.patient_icrform (id, last_name, first_name, middle_name, date_of_visit, age, birthdate, sex, civil_status, phone_number, home_address, occupation, work_address, work_number, purpose_of_visit, symptoms, specification) FROM stdin;
14	olrayt	maria	none	2019-11-12	29	2019-11-13	female	single	09123000000	sibonga, cebu	office worker	mabolo, cebu city	123456789	routine-checkup	none	none
26	soron	dahlia	none		27	1991-04-08	female	single	09122223456	kasambagan, cebu city	teacher	banilad, cebu city	123456789	routine-checkup	coughing	none
17	manay	helen	t		36	2019-11-13	female	single	09123000000	minglanilla, cebu	office worker	colon, cebu city	123456789	routine-checkup	none	none
19	ros	dahlia	None	None	27	1991-03-04	None	None	09123456789	San Fernando, Cebu	teacher	Mabolo, Cebu City	123456789	None	None	None
20	none	none	None	None	5	2019-12-03	None	None	0	none	none	none	123456789	None	None	None
21	kam	dahlia	None	None	27	1991-03-03	None	None	09123456789	Sibonga, Cebu	office worker	Colon, Cebu City	123456789	None	None	None
22	none	none	None	None	5	2019-12-03	None	None	0	none	none	none	123456789	None	None	None
23	san	shem	None	None	21	2019-12-21	None	None	09123000000	San Fernando, Cebu	teacher	Mandaue, Cebu City	123456789	None	None	None
24	none	none	None	None	5	2019-12-03	None	None	0	none	none	none	123456789	None	None	None
25	none	none	None	None	5	2019-12-03	None	None	0	none	none	none	123456789	None	None	None
27			None	None			None	None					123456789	None	None	None
28			None	None			None	None					123456789	None	None	None
29			None	None			None	None					123456789	None	None	None
30			None	None			None	None					123456789	None	None	None
18	sheepherd	jerman	none		30	2019-11-13	female	single	09123456789	cambodia	office worker	mandaue, cebu city	123456789	routine-checkup	none	none
16	wan	darren	none		21	2019-10-29	female	single	09123456789	kasambagan, cebu city	engineer	lahug, cebu city	123456789	routine-checkup	none	none
31	barain	carol	None	None	45	2019-12-14	None	None	09123000000	Minglanilla, Cebu	clerk	Malubok, Cebu City	123456789	None	None	None
\.


--
-- Data for Name: patient_icrform_docs_viewed; Type: TABLE DATA; Schema: public; Owner: postgres
--

COPY public.patient_icrform_docs_viewed (id, icrform_id, usersviewed_id) FROM stdin;
1	14	15
2	14	20
3	18	28
4	26	58
\.


--
-- Data for Name: patient_icrform_doctor_remarks; Type: TABLE DATA; Schema: public; Owner: postgres
--

COPY public.patient_icrform_doctor_remarks (id, icrform_id, remark_id) FROM stdin;
25	14	92
26	17	111
27	18	142
28	18	160
29	16	161
30	17	162
31	14	166
32	14	167
33	14	168
34	26	172
\.


--
-- Data for Name: patient_medhistform; Type: TABLE DATA; Schema: public; Owner: postgres
--

COPY public.patient_medhistform (id, name, exposure, other_conditions, date_diagnosed) FROM stdin;
23	none none	negative	none	None
24	dahlia soron	negative	none	None
25	 	negative	none	None
26	 	negative	none	None
27	 	negative	none	None
28	 	negative	none	None
16	derran	negative	none	None
14	marray	positive	changed med con in med hist	2019-12-18
29	carol barain	positive	none	None
18	germ	negative	none	None
17	lena	negative	none	
19	dahlia kam	positive	none	None
20	none none	negative	none	None
21	shem san	positive	none	None
22	none none	negative	none	None
\.


--
-- Data for Name: patient_medhistform_docs_viewed; Type: TABLE DATA; Schema: public; Owner: postgres
--

COPY public.patient_medhistform_docs_viewed (id, medhistform_id, usersviewed_id) FROM stdin;
2	14	10
3	14	17
4	17	18
5	18	23
6	16	51
7	24	59
\.


--
-- Data for Name: patient_medhistform_doctor_remarks; Type: TABLE DATA; Schema: public; Owner: postgres
--

COPY public.patient_medhistform_doctor_remarks (id, medhistform_id, remark_id) FROM stdin;
14	14	87
15	17	95
16	17	108
17	16	109
18	17	110
19	14	113
20	14	114
21	14	118
22	17	119
23	14	128
24	18	138
25	18	141
26	14	163
27	17	170
28	18	185
29	17	186
\.


--
-- Data for Name: patient_patient; Type: TABLE DATA; Schema: public; Owner: postgres
--

COPY public.patient_patient (first_name, last_name, username, birthdate, age, present_address, work, work_address, call_number, email, password, "HIV_status", icr_id, medical_history_id, profile_id, location_details_id, last_log_in, last_log_out, login_flag, date_created, home_address, tel_number) FROM stdin;
shem	san	shem	2019-12-21	21	Apas, Cebu	teacher	Mandaue, Cebu City	09123000000	shem@gmail.com	shem	stage 3	23	21	24	9	2019-12-03 21:07:12.229799+08	2019-12-03 21:08:01.996984+08	f	2019-12-03 21:04:23.962524+08	San Fernando, Cebu	9854321
none	none	none	2019-12-03	5	none	none	none	0	none	none	negative	25	23	26	11	2019-12-03 21:08:14.872875+08	2019-12-03 21:08:14.872875+08	f	2019-12-03 21:08:14.930898+08	none	0
carol	barain	carry	2019-12-14	45	Malubog, Cebu City	clerk	Malubok, Cebu City	09123000000	carol@gmail.com	carry	stage 2	31	29	32	17	2019-12-05 10:53:30.695843+08	2019-12-05 10:54:39.521882+08	f	2019-12-05 10:53:10.515253+08	Minglanilla, Cebu	7564231
jerman	sheepherd	germ	2019-11-13	30	Cambodia	office worker	Mandaue, Cebu City	09123456789	jerman@gmail.com	germ	stage 2	18	18	19	8	2019-11-12 01:36:07+08	2019-11-12 02:57:59+08	f	2019-11-29 21:05:16.647885+08	none	0
helen	manay	lena	2019-11-13	36	minglanilla, Cebu	office worker	Colon, Cebu City	09123000000	helen@gmail.com	lena	stage 3	17	17	18	7	2019-12-07 00:13:06.516911+08	2019-12-06 20:01:50.453958+08	t	2019-11-29 21:05:16+08	none	0
maria	lastimar	marray	2019-11-13	29	Sibonga, Cebu	office worker	Mabolo, Cebu City	09123000000	maria@gmail.com	marray	stage 1	14	14	15	4	2019-12-06 20:58:55.738078+08	2019-12-06 21:01:22.680849+08	f	2019-11-29 21:05:16.647885+08	none	0
dahlia	soron	dolly	1991-04-08	27	Pasil, Cebu City	teacher	Banilad, Cebu City	09122223456	dahlia@gmail.com	dolly	negative	26	24	27	12	2019-12-08 08:06:42.616046+08	2019-12-08 08:12:44.131659+08	f	2019-12-03 21:12:19.519809+08	Kasambagan, Cebu City	7564231
darren	wan	derran	2019-10-29	21	Kasambagan, Cebu City	engineer	Lahug, Cebu City	09123456789	darren@gmail.com	derran	negative	16	16	17	6	2019-11-12 01:29:55+08	2019-11-12 01:31:19+08	f	2019-11-29 21:05:16.647885+08	none	0
\.


--
-- Data for Name: patient_patient_approved_schedules; Type: TABLE DATA; Schema: public; Owner: postgres
--

COPY public.patient_patient_approved_schedules (id, patient_id, doctorschedule_id) FROM stdin;
30	14	125
31	14	123
32	14	112
33	14	78
34	14	73
35	26	139
36	26	141
\.


--
-- Data for Name: patient_patient_finished_schedules; Type: TABLE DATA; Schema: public; Owner: postgres
--

COPY public.patient_patient_finished_schedules (id, patient_id, doctorschedule_id) FROM stdin;
4	17	17
5	14	111
6	14	85
7	17	24
8	14	83
10	14	76
11	14	74
12	14	84
13	14	82
14	14	126
\.


--
-- Data for Name: patient_patient_my_doctors; Type: TABLE DATA; Schema: public; Owner: postgres
--

COPY public.patient_patient_my_doctors (id, patient_id, doctor_id) FROM stdin;
4	14	4
5	14	3
6	17	5
7	16	5
8	18	5
9	17	3
10	14	5
11	26	4
12	26	7
13	26	5
\.


--
-- Data for Name: patient_patient_patient_new_notifications; Type: TABLE DATA; Schema: public; Owner: postgres
--

COPY public.patient_patient_patient_new_notifications (id, patient_id, patientnotification_id) FROM stdin;
313	17	314
314	17	313
315	17	312
316	17	311
317	17	310
318	17	309
319	17	306
320	17	295
321	17	294
322	17	283
323	17	282
\.


--
-- Data for Name: patient_patient_patient_notifications; Type: TABLE DATA; Schema: public; Owner: postgres
--

COPY public.patient_patient_patient_notifications (id, patient_id, patientnotification_id) FROM stdin;
86	17	87
87	17	88
88	17	89
89	17	90
90	17	91
92	17	93
93	17	94
94	17	95
105	16	106
106	16	107
107	17	108
108	17	109
109	17	110
110	16	111
111	17	112
112	17	113
113	17	114
114	17	115
115	17	116
116	17	117
117	17	118
118	17	119
119	17	120
120	17	121
121	17	122
122	17	123
152	14	153
153	14	154
154	14	155
155	14	156
156	14	157
157	17	158
158	14	159
159	14	160
160	14	161
161	14	162
162	14	163
163	14	164
164	14	165
165	14	166
166	17	167
167	17	168
168	17	169
169	17	170
170	17	171
171	17	172
172	17	173
173	17	174
174	17	175
175	17	176
176	17	177
177	14	178
178	14	179
179	14	180
180	14	181
181	17	182
182	17	183
183	17	184
184	17	185
185	14	186
186	17	187
187	17	188
188	14	189
189	14	190
190	17	191
191	14	192
192	14	193
193	14	194
194	14	195
195	14	196
196	14	197
197	14	198
198	14	199
199	14	200
200	14	201
201	14	202
202	14	203
203	14	204
204	14	205
205	14	206
206	14	207
207	14	208
208	14	209
209	14	210
210	14	211
211	14	212
212	14	213
213	14	214
214	14	215
215	14	216
216	14	217
217	14	218
218	14	219
219	14	220
220	14	221
221	14	222
222	18	223
223	18	224
224	18	225
225	18	226
226	18	227
227	18	228
228	18	229
229	18	230
230	18	231
231	18	232
232	18	233
233	18	234
234	18	235
235	18	236
236	18	237
237	18	238
238	18	239
239	18	240
240	18	241
241	14	242
242	14	243
243	14	244
244	14	245
245	14	246
246	14	247
247	14	248
248	14	249
249	14	250
250	14	251
251	14	252
252	14	253
253	14	254
254	14	255
255	14	256
256	14	257
257	14	258
258	14	259
259	14	260
260	14	261
261	14	262
262	18	263
263	18	264
264	16	265
265	16	266
266	17	267
267	17	268
268	14	269
269	14	270
270	14	271
271	14	272
272	14	273
273	14	274
274	14	275
275	14	276
276	14	277
277	14	278
278	14	279
279	14	280
280	14	281
281	17	282
282	17	283
283	18	284
284	18	285
285	26	286
286	26	287
287	14	288
288	14	289
289	14	290
290	14	291
291	14	292
292	14	293
293	17	294
294	17	295
295	18	296
296	18	297
297	18	298
298	18	299
299	26	300
300	18	301
301	18	302
302	26	303
303	26	304
304	26	305
305	17	306
306	18	307
307	18	308
308	17	309
309	17	310
310	17	311
311	17	312
312	17	313
313	17	314
314	18	315
315	18	316
316	17	317
317	17	318
\.


--
-- Data for Name: patient_patient_pending_schedules; Type: TABLE DATA; Schema: public; Owner: postgres
--

COPY public.patient_patient_pending_schedules (id, patient_id, doctorschedule_id) FROM stdin;
22	17	22
94	14	129
95	14	130
96	17	131
98	14	133
100	14	135
101	14	136
102	14	137
103	14	138
\.


--
-- Data for Name: patient_patient_personal_records; Type: TABLE DATA; Schema: public; Owner: postgres
--

COPY public.patient_patient_personal_records (id, patient_id, personalrecord_id) FROM stdin;
3	14	3
4	14	4
5	17	5
6	17	6
7	17	7
8	14	8
9	14	9
10	14	10
11	26	11
12	26	12
13	26	13
14	26	14
15	26	15
\.


--
-- Data for Name: patient_patient_rejected_schedules; Type: TABLE DATA; Schema: public; Owner: postgres
--

COPY public.patient_patient_rejected_schedules (id, patient_id, doctorschedule_id) FROM stdin;
1	17	20
2	17	19
4	17	29
6	14	77
7	14	107
8	17	28
9	17	27
10	17	26
11	17	25
12	14	86
13	17	23
14	17	18
15	14	127
16	14	124
17	14	75
18	14	128
19	14	134
20	26	140
21	17	132
\.


--
-- Data for Name: patient_patientlocationdetails; Type: TABLE DATA; Schema: public; Owner: postgres
--

COPY public.patient_patientlocationdetails (id, lat, lon, location, patient_name, username, work, hiv_level) FROM stdin;
7	10.29796940	123.90340560	Colon st., Cebu City	helen manay	lena	office worker	stage 1
8	10.31227550	123.88616130	hilton building, v.rama avenue, cebu city	jerman sheepherd	germ	office worker	stage 2
6	10.32672530	123.91394200	Kasambagan, Cebu City	darren wan	derran	engineer	stage 3
4	10.32672530	123.91394200	Kasambagan, Cebu City	maria lastimar	marray	office worker	negative
9	10.33750400	123.90556770	Apas, Cebu	shem san	shem	teacher	stage 3
11	10.3157	123.8854	none	none none	none	none	negative
12	10.29081770	123.89509010	Pasil, Cebu City	dahlia soron	dolly	teacher	negative
13	10.3149331	123.9145416		 			negative
14	10.3149331	123.9145416		 			negative
15	10.3149331	123.9145416		 			negative
16	10.3149331	123.9145416		 			negative
17	10.38963940	123.86969080	Malubog, Cebu City	carol barain	carry	clerk	stage 2
\.


--
-- Data for Name: patient_patientnotification; Type: TABLE DATA; Schema: public; Owner: postgres
--

COPY public.patient_patientnotification (id, doctor_name, subject, user_type, notification, created_on, patient_username, action_type, action_pk, status) FROM stdin;
89	vincent tomoto	Medical History Edit	Doctor	Dr. vincent tomoto edited your Medical History.	2019-11-12 01:05:42+08	lena	edit	0	f
88	vincent tomoto	ICR Remark	Doctor	Dr. vincent tomoto added a remark on your medical history	2019-11-12 01:05:42+08	lena	remark	0	f
87	vincent tomoto	consultation schedule	Doctor	Dr. Vincent Tomoto accepted your request to schedule a consultation.	2019-11-12 01:04:45+08	lena	accepted	0	f
122	vincent tomoto	Consultation Schedule	Doctor	Dr. Vincent Tomoto accepted your request to schedule a consultation.	2019-11-19 09:21:44.741894+08	lena	Accepted	45	f
94	vincent tomoto	Medical History	Doctor	Dr. vincent tomoto edited your Medical History.	2019-11-12 01:27:15+08	lena	Edit	0	f
93	vincent tomoto	Medical History	Doctor	Dr. vincent tomoto edited your Medical History.	2019-11-12 01:20:51+08	lena	Edit	0	f
91	vincent tomoto	Medical History	Doctor	Dr. vincent tomoto edited your Medical History.	2019-11-12 01:10:03+08	lena	Edit	0	f
90	vincent tomoto	Medical History	Doctor	Dr. vincent tomoto edited your Medical History.	2019-11-12 01:08:32+08	lena	Edit	0	f
123	vincent tomoto	Consultation Schedule	Doctor	Dr. Vincent Tomoto declined your request to schedule a consultation.	2019-11-19 09:29:06.262022+08	lena	Declined	29	f
95	vincent tomoto	Consultation Schedule	Doctor	Dr. Vincent Tomoto  remarked on your schedule : .Explain my current situation	2019-11-12 04:55:45+08	lena	Remark	0	f
106	vincent tomoto	Medical History	Doctor	Dr. vincent tomoto added a remark on your medical history	2019-11-19 04:21:20.836431+08	derran	Remark	16	f
107	vincent tomoto	Medical History	Doctor	Dr. vincent tomoto edited your Medical History.	2019-11-19 04:21:20.884431+08	derran	Edit	16	f
108	vincent tomoto	Medical History	Doctor	Dr. vincent tomoto added a remark on your medical history	2019-11-19 04:21:43.969891+08	lena	Remark	17	f
109	vincent tomoto	Medical History	Doctor	Dr. vincent tomoto edited your Medical History.	2019-11-19 04:21:44.00789+08	lena	Edit	17	f
110	vincent tomoto	Medical History	Doctor	Dr. vincent tomoto edited your Medical History.	2019-11-19 05:10:08.132849+08	lena	Edit	17	f
111	vincent tomoto	Medical History	Doctor	Dr. vincent tomoto edited your Medical History.	2019-11-19 05:11:02.096882+08	derran	Edit	16	f
112	vincent tomoto	ICR	Doctor	Dr. vincent tomoto added a remark on your Individual Client Form.	2019-11-19 05:11:24.196562+08	lena	Remark	17	f
113	vincent tomoto	ICR	Doctor	Dr. vincent tomoto edited your Individual Client Form.	2019-11-19 05:11:24.220777+08	lena	Edit	17	f
114	vincent tomoto	Profile Form	Doctor	Dr. vincent tomoto added a remark on your Profile Form	2019-11-19 05:21:01.564873+08	lena	Remark	17	f
115	vincent tomoto	Profile Form	Doctor	Dr. vincent tomoto edited your Profile Form.	2019-11-19 05:21:01.589085+08	lena	Edit	17	f
116	vincent tomoto	Profile Form	Doctor	Dr. vincent tomoto edited your Profile Form.	2019-11-19 06:12:05.201951+08	lena	Edit	17	f
117	vincent tomoto	Profile Form	Doctor	Dr. vincent tomoto edited your Profile Form.	2019-11-19 06:14:26.258876+08	lena	Edit	17	f
118	vincent tomoto	Profile Form	Doctor	Dr. vincent tomoto edited your Profile Form.	2019-11-19 06:14:45.179427+08	lena	Edit	17	f
119	vincent tomoto	Consultation Schedule	Doctor	Dr. Vincent Tomoto accepted your request to schedule a consultation.	2019-11-19 06:29:41.192318+08	lena	Accepted	24	f
120	vincent tomoto	Consultation Schedule	Doctor	Dr. Vincent Tomoto declined your request to schedule a consultation.	2019-11-19 07:22:18.380121+08	lena	Declined	30	f
121	vincent tomoto	Consultation Schedule	Doctor	Dr. Vincent Tomoto accepted your request to schedule a consultation.	2019-11-19 09:14:54.855584+08	lena	Accepted	46	f
153	martin boran	Consultation Schedule	Doctor	Dr. Martin Boran accepted your request to schedule a consultation.	2019-11-19 19:32:41.132211+08	marray	Accepted	74	f
154	martin boran	Consultation Schedule	Doctor	Dr. Martin Boran accepted your request to schedule a consultation.	2019-11-19 19:35:39.682098+08	marray	Accepted	76	f
155	martin boran	Consultation Schedule	Doctor	Dr. Martin Boran declined your request to schedule a consultation.	2019-11-19 19:36:25.918552+08	marray	Declined	77	f
156	martin boran	Consultation Schedule	Doctor	Dr. Martin Boran accepted your request to schedule a consultation.	2019-11-19 19:39:15.401947+08	marray	Accepted	80	f
157	martin boran	Consultation Schedule	Doctor	Dr. Martin Boran accepted your request to schedule a consultation.	2019-11-19 19:41:37.948514+08	marray	Accepted	83	f
158	vincent tomoto	Personal Record	Doctor	Dr. vincent tomoto added a comment in your Daily Record: What I felt Today	2019-11-21 00:07:58.176077+08	helen	Comment	7	f
159	vincent tomoto	Consultation Schedule	Doctor	Dr. Vincent Tomoto remarked on your schedule:\r\nlet's talk	2019-11-21 00:39:00.222086+08	marray	Remark	85	f
160	vincent tomoto	Consultation Schedule	Doctor	Dr. Vincent Tomoto accepted your request to schedule a consultation.	2019-11-21 00:39:12.272092+08	marray	Accepted	85	f
161	vincent tomoto	Profile Form	Doctor	Dr. vincent tomoto added a remark on your Profile Form	2019-11-21 02:08:28.104494+08	marray	Remark	14	f
162	vincent tomoto	Profile Form	Doctor	Dr. vincent tomoto edited your Profile Form.	2019-11-21 02:08:28.130492+08	marray	Edit	14	f
163	vincent tomoto	Medical History	Doctor	Dr. vincent tomoto edited your Medical History.	2019-11-21 02:13:57.400636+08	marray	Edit	14	f
164	vincent tomoto	Medical History	Doctor	Dr. vincent tomoto added a remark on your medical history	2019-11-21 02:14:58.115735+08	marray	Remark	14	f
165	vincent tomoto	Medical History	Doctor	Dr. vincent tomoto edited your Medical History.	2019-11-21 02:14:58.154366+08	marray	Edit	14	f
166	vincent tomoto	Medical History	Doctor	Dr. vincent tomoto edited your Medical History.	2019-11-21 02:19:42.524963+08	marray	Edit	14	f
167	vincent tomoto	Medical History	Doctor	Dr. vincent tomoto added a remark on your medical history	2019-11-25 18:41:48.302268+08	lena	Remark	17	f
168	vincent tomoto	Medical History	Doctor	Dr. vincent tomoto edited your Medical History.	2019-11-25 18:41:48.324268+08	lena	Edit	17	f
169	vincent tomoto	Medical History	Doctor	Dr. vincent tomoto edited your Medical History.	2019-11-25 18:42:24.087255+08	lena	Edit	17	f
170	vincent tomoto	Medical History	Doctor	Dr. vincent tomoto edited your Medical History.	2019-11-25 18:42:47.332374+08	lena	Edit	17	f
171	vincent tomoto	Medical History	Doctor	Dr. vincent tomoto edited your Medical History.	2019-11-25 18:44:52.948777+08	lena	Edit	17	f
172	vincent tomoto	Medical History	Doctor	Dr. vincent tomoto edited your Medical History.	2019-11-25 20:11:27.734771+08	lena	Edit	17	f
173	vincent tomoto	Medical History	Doctor	Dr. vincent tomoto edited your Medical History.	2019-11-25 20:11:35.598771+08	lena	Edit	17	f
174	vincent tomoto	Medical History	Doctor	Dr. vincent tomoto edited your Medical History.	2019-11-25 20:54:19.370782+08	lena	Edit	17	f
175	vincent tomoto	Medical History	Doctor	Dr. vincent tomoto edited your Medical History.	2019-11-25 20:56:01.334326+08	lena	Edit	17	f
176	vincent tomoto	Medical History	Doctor	Dr. vincent tomoto edited your Medical History.	2019-11-25 20:58:11.509425+08	lena	Edit	17	f
177	vincent tomoto	Medical History	Doctor	Dr. vincent tomoto edited your Medical History.	2019-11-25 20:58:46.138385+08	lena	Edit	17	f
178	vincent tomoto	Consultation Schedule	Doctor	Dr. Vincent Tomoto remarked on your schedule:\r\nhmmm. i wonder	2019-11-25 21:04:21.367904+08	marray	Remark	107	f
179	vincent tomoto	Consultation Schedule	Doctor	Dr. Vincent Tomoto accepted your request to schedule a consultation.	2019-11-25 21:37:58.891757+08	marray	Accepted	111	f
180	vincent tomoto	Consultation Schedule	Doctor	Dr. Vincent Tomoto remarked on your schedule:\r\nhmmm. i wonder	2019-11-26 07:40:12.226133+08	marray	Remark	107	f
181	vincent tomoto	Consultation Schedule	Doctor	Dr. Vincent Tomoto declined your request to schedule a consultation.	2019-11-26 07:56:08.444378+08	marray	Declined	107	f
182	vincent tomoto	Consultation Schedule	Doctor	Dr. Vincent Tomoto declined your request to schedule a consultation.	2019-11-26 08:07:50.261199+08	lena	Declined	28	f
183	vincent tomoto	Consultation Schedule	Doctor	Dr. Vincent Tomoto declined your request to schedule a consultation.	2019-11-26 08:08:42.47218+08	lena	Declined	27	f
184	vincent tomoto	Consultation Schedule	Doctor	Dr. Vincent Tomoto declined your request to schedule a consultation.	2019-11-26 08:20:29.891478+08	lena	Declined	26	f
185	vincent tomoto	Consultation Schedule	Doctor	Dr. Vincent Tomoto declined your request to schedule a consultation.	2019-11-26 08:22:30.530932+08	lena	Declined	25	f
186	vincent tomoto	Consultation Schedule	Doctor	Dr. Vincent Tomoto declined your request to schedule a consultation.	2019-11-26 08:25:14.167897+08	marray	Declined	86	f
187	vincent tomoto	Consultation Schedule	Doctor	Dr. Vincent Tomoto declined your request to schedule a consultation.	2019-11-26 08:30:25.542927+08	lena	Declined	23	f
188	vincent tomoto	Consultation Schedule	Doctor	Dr. Vincent Tomoto declined your request to schedule a consultation.	2019-11-26 08:31:44.280091+08	lena	Declined	18	f
189	vincent tomoto	Consultation Schedule	Doctor	Dr. Vincent Tomoto marked your schedule for consultation DONE.	2019-11-26 12:42:15.382174+08	marray	Done	111	f
190	vincent tomoto	Consultation Schedule	Doctor	Dr. Vincent Tomoto marked your schedule for consultation DONE.	2019-11-26 12:42:15.693855+08	marray	Done	85	f
191	vincent tomoto	Consultation Schedule	Doctor	Dr. Vincent Tomoto marked your schedule for consultation DONE.	2019-11-26 12:43:00.364681+08	lena	Done	24	f
192	martin boran	Consultation Schedule	Doctor	Dr. Martin Boran marked your schedule for consultation DONE.	2019-11-26 12:45:50.084599+08	marray	Done	83	f
193	martin boran	Consultation Schedule	Doctor	Dr. Martin Boran marked your schedule for consultation DONE.	2019-11-26 12:45:50.382451+08	marray	Done	80	f
194	martin boran	Consultation Schedule	Doctor	Dr. Martin Boran marked your schedule for consultation DONE.	2019-11-26 12:45:50.400452+08	marray	Done	76	f
195	martin boran	Consultation Schedule	Doctor	Dr. Martin Boran marked your schedule for consultation DONE.	2019-11-26 12:45:50.416452+08	marray	Done	74	f
196	martin boran	Consultation Schedule	Doctor	Dr. Martin Boran accepted your request to schedule a consultation.	2019-11-26 12:47:59.599131+08	marray	Accepted	84	f
197	martin boran	Consultation Schedule	Doctor	Dr. Martin Boran marked your schedule for consultation DONE.	2019-11-26 12:48:21.591869+08	marray	Done	84	f
198	martin boran	Consultation Schedule	Doctor	Dr. Martin Boran accepted your request to schedule a consultation.	2019-11-26 12:53:43.103981+08	marray	Accepted	82	f
199	martin boran	Consultation Schedule	Doctor	Dr. Martin Boran remarked on your schedule:\r\nchart	2019-11-26 13:00:24.179002+08	marray	Remark	82	f
200	martin boran	Consultation Schedule	Doctor	Dr. Martin Boran remarked on your schedule:\r\nchart	2019-11-26 13:01:37.747038+08	marray	Remark	82	f
201	martin boran	Consultation Schedule	Doctor	Dr. Martin Boran marked your schedule for consultation DONE.	2019-11-26 13:02:48.392836+08	marray	Done	82	f
202	martin boran	Medical History	Doctor	Dr. martin boran edited your Medical History.	2019-11-28 01:43:06.568492+08	marray	Edit	14	f
203	martin boran	Medical History	Doctor	Dr. martin boran added a remark on your medical history	2019-11-28 01:46:29.647379+08	marray	Remark	14	f
204	martin boran	Medical History	Doctor	Dr. martin boran edited your Medical History.	2019-11-28 01:46:29.66973+08	marray	Edit	14	f
205	martin boran	Profile Form	Doctor	Dr. martin boran added a remark on your Profile Form	2019-11-28 02:12:13.36612+08	marray	Remark	14	f
206	martin boran	Profile Form	Doctor	Dr. martin boran edited your Profile Form.	2019-11-28 02:12:13.394382+08	marray	Edit	14	f
207	martin boran	Profile Form	Doctor	Dr. martin boran added a remark on your Profile Form	2019-11-28 02:23:57.768513+08	marray	Remark	14	f
208	martin boran	Profile Form	Doctor	Dr. martin boran edited your Profile Form.	2019-11-28 02:23:57.796521+08	marray	Edit	14	f
209	martin boran	Profile Form	Doctor	Dr. martin boran added a remark on your Profile Form	2019-11-28 02:26:52.139844+08	marray	Remark	14	f
210	martin boran	Profile Form	Doctor	Dr. martin boran edited your Profile Form.	2019-11-28 02:26:52.164638+08	marray	Edit	14	f
211	martin boran	Profile Form	Doctor	Dr. martin boran added a remark on your Profile Form	2019-11-28 02:28:07.977569+08	marray	Remark	14	f
212	martin boran	Profile Form	Doctor	Dr. martin boran edited your Profile Form.	2019-11-28 02:28:08.003954+08	marray	Edit	14	f
213	martin boran	Profile Form	Doctor	Dr. martin boran added a remark on your Profile Form	2019-11-28 02:32:32.405782+08	marray	Remark	14	f
214	martin boran	Profile Form	Doctor	Dr. martin boran edited your Profile Form.	2019-11-28 02:32:32.43183+08	marray	Edit	14	f
215	martin boran	Profile Form	Doctor	Dr. martin boran added a remark on your Profile Form	2019-11-28 03:25:38.96882+08	marray	Remark	14	f
216	martin boran	Profile Form	Doctor	Dr. martin boran edited your Profile Form.	2019-11-28 03:25:38.991841+08	marray	Edit	14	f
217	martin boran	Profile Form	Doctor	Dr. martin boran added a remark on your Profile Form	2019-11-28 03:27:21.457873+08	marray	Remark	14	f
218	martin boran	Profile Form	Doctor	Dr. martin boran edited your Profile Form.	2019-11-28 03:27:21.473081+08	marray	Edit	14	f
219	martin boran	Profile Form	Doctor	Dr. martin boran added a remark on your Profile Form	2019-11-28 03:28:08.64904+08	marray	Remark	14	f
220	martin boran	Profile Form	Doctor	Dr. martin boran edited your Profile Form.	2019-11-28 03:28:08.662919+08	marray	Edit	14	f
221	martin boran	Profile Form	Doctor	Dr. martin boran added a remark on your Profile Form	2019-11-28 03:29:11.718307+08	marray	Remark	14	f
222	martin boran	Profile Form	Doctor	Dr. martin boran edited your Profile Form.	2019-11-28 03:29:11.730286+08	marray	Edit	14	f
223	vincent tomoto	Medical History	Doctor	Dr. vincent tomoto added a remark on your medical history	2019-11-28 03:49:33.203451+08	germ	Remark	18	f
224	vincent tomoto	Medical History	Doctor	Dr. vincent tomoto edited your Medical History.	2019-11-28 03:49:33.221119+08	germ	Edit	18	f
225	vincent tomoto	Medical History	Doctor	Dr. vincent tomoto edited your Medical History.	2019-11-28 03:49:33.286021+08	germ	Edit	18	f
226	vincent tomoto	Medical History	Doctor	Dr. vincent tomoto edited your Medical History.	2019-11-28 03:49:33.355454+08	germ	Edit	18	f
227	vincent tomoto	Medical History	Doctor	Dr. vincent tomoto edited your Medical History.	2019-11-28 03:49:33.42141+08	germ	Edit	18	f
228	vincent tomoto	Profile Form	Doctor	Dr. vincent tomoto added a remark on your Profile Form	2019-11-28 03:50:38.421193+08	germ	Remark	18	f
229	vincent tomoto	Profile Form	Doctor	Dr. vincent tomoto edited your Profile Form.	2019-11-28 03:50:38.435193+08	germ	Edit	18	f
230	vincent tomoto	Profile Form	Doctor	Dr. vincent tomoto edited your Profile Form.	2019-11-28 03:50:38.492578+08	germ	Edit	18	f
231	vincent tomoto	Profile Form	Doctor	Dr. vincent tomoto edited your Profile Form.	2019-11-28 03:50:38.554548+08	germ	Edit	18	f
232	vincent tomoto	Profile Form	Doctor	Dr. vincent tomoto edited your Profile Form.	2019-11-28 03:50:38.614375+08	germ	Edit	18	f
233	vincent tomoto	Profile Form	Doctor	Dr. vincent tomoto added a remark on your Profile Form	2019-11-28 03:56:04.511956+08	germ	Remark	18	f
234	vincent tomoto	Profile Form	Doctor	Dr. vincent tomoto edited your Profile Form.	2019-11-28 03:56:04.527956+08	germ	Edit	18	f
235	vincent tomoto	Medical History	Doctor	Dr. vincent tomoto added a remark on your medical history	2019-11-28 03:57:36.988451+08	germ	Remark	18	f
236	vincent tomoto	Medical History	Doctor	Dr. vincent tomoto edited your Medical History.	2019-11-28 03:57:37.001415+08	germ	Edit	18	f
237	vincent tomoto	ICR	Doctor	Dr. vincent tomoto edited your Individual Client Form.	2019-11-28 04:32:23.935644+08	germ	Edit	18	f
238	vincent tomoto	ICR	Doctor	Dr. vincent tomoto edited your Individual Client Form.	2019-11-28 04:33:47.541606+08	germ	Edit	18	f
239	vincent tomoto	ICR	Doctor	Dr. vincent tomoto edited your Individual Client Form.	2019-11-28 04:34:52.775669+08	germ	Edit	18	f
240	vincent tomoto	ICR	Doctor	Dr. vincent tomoto added a remark on your Individual Client Form.	2019-11-28 04:35:54.662504+08	germ	Remark	18	f
241	vincent tomoto	ICR	Doctor	Dr. vincent tomoto edited your Individual Client Form.	2019-11-28 04:35:54.675505+08	germ	Edit	18	f
242	vincent tomoto	Consultation Schedule	Doctor	Dr. Vincent Tomoto remarked on your schedule:\r\ntest to convert ajax	2019-11-28 05:03:54.80853+08	marray	Remark	111	f
243	vincent tomoto	Consultation Schedule	Doctor	Dr. Vincent Tomoto remarked on your schedule:\r\ntest to convert ajax	2019-11-28 05:07:43.989114+08	marray	Remark	111	f
244	martin boran	Consultation Schedule	Doctor	Dr. Martin Boran remarked on your schedule:\r\ntest 4	2019-11-28 05:11:17.619035+08	marray	Remark	126	f
245	martin boran	Consultation Schedule	Doctor	Dr. Martin Boran remarked on your schedule:\r\ntest 4	2019-11-28 05:13:31.992209+08	marray	Remark	126	f
246	martin boran	Consultation Schedule	Doctor	Dr. Martin Boran accepted your request to schedule a consultation.	2019-11-28 05:14:06.204885+08	marray	Accepted	126	f
247	martin boran	Consultation Schedule	Doctor	Dr. Martin Boran remarked on your schedule:\r\ntest 4	2019-11-28 05:14:36.162824+08	marray	Remark	126	f
248	martin boran	Consultation Schedule	Doctor	Dr. Martin Boran remarked on your schedule:\r\ntest 3	2019-11-28 05:15:49.122943+08	marray	Remark	125	f
249	martin boran	Consultation Schedule	Doctor	Dr. Martin Boran remarked on your schedule:\r\ntest 3	2019-11-28 05:16:22.546626+08	marray	Remark	125	f
250	martin boran	Consultation Schedule	Doctor	Dr. Martin Boran remarked on your schedule:\r\ntest 4	2019-11-28 05:20:33.189463+08	marray	Remark	126	f
251	martin boran	Consultation Schedule	Doctor	Dr. Martin Boran remarked on your schedule:\r\ntest 4	2019-11-28 05:23:18.837458+08	marray	Remark	126	f
252	martin boran	Consultation Schedule	Doctor	Dr. Martin Boran marked your schedule for consultation DONE.	2019-11-28 05:24:58.816235+08	marray	Done	126	f
253	martin boran	Consultation Schedule	Doctor	Dr. Martin Boran accepted your request to schedule a consultation.	2019-11-28 05:25:32.021476+08	marray	Accepted	125	f
254	martin boran	Consultation Schedule	Doctor	Dr. Martin Boran remarked on your schedule:\r\ntest 3	2019-11-28 05:25:50.035218+08	marray	Remark	125	f
255	vincent tomoto	Consultation Schedule	Doctor	Dr. Vincent Tomoto declined your request to schedule a consultation.	2019-11-28 06:34:31.137714+08	marray	Declined	127	f
256	martin boran	Consultation Schedule	Doctor	Dr. Martin Boran declined your request to schedule a consultation.	2019-11-28 06:36:48.273563+08	marray	Declined	124	f
257	martin boran	Consultation Schedule	Doctor	Dr. Martin Boran accepted your request to schedule a consultation.	2019-11-28 06:52:34.62724+08	marray	Accepted	123	f
258	martin boran	Consultation Schedule	Doctor	Dr. Martin Boran accepted your request to schedule a consultation.	2019-11-28 06:55:48.489634+08	marray	Accepted	112	f
259	martin boran	Consultation Schedule	Doctor	Dr. Martin Boran accepted your request to schedule a consultation.	2019-11-28 07:01:03.049273+08	marray	Accepted	78	f
260	martin boran	Consultation Schedule	Doctor	Dr. Martin Boran accepted your request to schedule a consultation.	2019-11-28 07:18:17.662042+08	marray	Accepted	73	f
261	martin boran	Consultation Schedule	Doctor	Dr. Martin Boran declined your request to schedule a consultation.	2019-11-28 07:59:37.023187+08	marray	Declined	75	f
262	martin boran	Consultation Schedule	Doctor	Dr. Martin Boran declined your request to schedule a consultation.	2019-11-28 08:09:15.031255+08	marray	Declined	128	f
263	vincent tomoto	ICR	Doctor	Dr. vincent tomoto added a remark on your Individual Client Form.	2019-12-04 19:38:21.784529+08	germ	Remark	18	f
264	vincent tomoto	ICR	Doctor	Dr. vincent tomoto edited your Individual Client Form.	2019-12-04 19:38:21.815321+08	germ	Edit	18	f
265	vincent tomoto	ICR	Doctor	Dr. vincent tomoto added a remark on your Individual Client Form.	2019-12-04 19:42:09.501463+08	derran	Remark	16	f
266	vincent tomoto	ICR	Doctor	Dr. vincent tomoto edited your Individual Client Form.	2019-12-04 19:42:09.539986+08	derran	Edit	16	f
267	vincent tomoto	ICR	Doctor	Dr. vincent tomoto added a remark on your Individual Client Form.	2019-12-04 19:47:13.509397+08	lena	Remark	17	f
268	vincent tomoto	ICR	Doctor	Dr. vincent tomoto edited your Individual Client Form.	2019-12-04 19:47:13.562399+08	lena	Edit	17	f
270	martin boran	Medical History	Doctor	Dr. martin boran edited your Medical History.	2019-12-05 00:46:55.841312+08	marray	Edit	14	f
269	martin boran	Medical History	Doctor	Dr. martin boran added a remark on your medical history	2019-12-05 00:46:55.806952+08	marray	Remark	14	f
272	martin boran	Profile Form	Doctor	Dr. martin boran edited your Profile Form.	2019-12-05 00:47:31.870313+08	marray	Edit	14	f
271	martin boran	Profile Form	Doctor	Dr. martin boran added a remark on your Profile Form	2019-12-05 00:47:31.858302+08	marray	Remark	14	f
274	martin boran	Medical History	Doctor	Dr. martin boran edited your Medical History.	2019-12-05 00:57:22.231248+08	marray	Edit	14	f
273	martin boran	Personal Record	Doctor	Dr. martin boran added a comment in your Daily Record: working	2019-12-05 00:48:26.230428+08	maria	Comment	10	f
275	vincent tomoto	ICR	Doctor	Dr. vincent tomoto added a remark on your Individual Client Form.	2019-12-05 17:46:57.068933+08	marray	Remark	14	f
280	vincent tomoto	ICR	Doctor	Dr. vincent tomoto edited your Individual Client Form.	2019-12-05 18:03:07.822283+08	marray	Edit	14	f
279	vincent tomoto	ICR	Doctor	Dr. vincent tomoto added a remark on your Individual Client Form.	2019-12-05 18:03:07.804872+08	marray	Remark	14	f
278	vincent tomoto	ICR	Doctor	Dr. vincent tomoto edited your Individual Client Form.	2019-12-05 17:47:55.441937+08	marray	Edit	14	f
277	vincent tomoto	ICR	Doctor	Dr. vincent tomoto added a remark on your Individual Client Form.	2019-12-05 17:47:55.424898+08	marray	Remark	14	f
276	vincent tomoto	ICR	Doctor	Dr. vincent tomoto edited your Individual Client Form.	2019-12-05 17:46:57.095297+08	marray	Edit	14	f
281	martin boran	Consultation Schedule	Doctor	Dr. Martin Boran declined your request to schedule a consultation.	2019-12-05 18:42:35.620214+08	marray	Declined	134	f
282	vincent tomoto	Medical History	Doctor	Dr. vincent tomoto added a remark on your medical history	2019-12-06 23:07:05.417815+08	lena	Remark	17	t
283	vincent tomoto	Medical History	Doctor	Dr. vincent tomoto edited your Medical History.	2019-12-06 23:07:05.439464+08	lena	Edit	17	t
284	vincent tomoto	Profile Form	Doctor	Dr. vincent tomoto added a remark on your Profile Form	2019-12-06 23:07:47.703865+08	germ	Remark	18	t
285	vincent tomoto	Profile Form	Doctor	Dr. vincent tomoto edited your Profile Form.	2019-12-06 23:07:47.714867+08	germ	Edit	18	t
288	vincent tomoto	Profile Form	Doctor	Dr. vincent tomoto edited your Profile Form.	2019-12-06 23:12:04.689731+08	marray	Edit	14	t
289	vincent tomoto	Profile Form	Doctor	Dr. vincent tomoto edited your Profile Form.	2019-12-06 23:12:04.691735+08	marray	Edit	14	t
290	vincent tomoto	Profile Form	Doctor	Dr. vincent tomoto edited your Profile Form.	2019-12-06 23:12:04.694733+08	marray	Edit	14	t
291	vincent tomoto	Profile Form	Doctor	Dr. vincent tomoto edited your Profile Form.	2019-12-06 23:12:04.702741+08	marray	Edit	14	t
292	vincent tomoto	Profile Form	Doctor	Dr. vincent tomoto added a remark on your Profile Form	2019-12-06 23:12:04.721735+08	marray	Remark	14	t
293	vincent tomoto	Profile Form	Doctor	Dr. vincent tomoto edited your Profile Form.	2019-12-06 23:12:04.73775+08	marray	Edit	14	t
294	vincent tomoto	Profile Form	Doctor	Dr. vincent tomoto added a remark on your Profile Form	2019-12-06 23:13:43.567845+08	lena	Remark	17	t
295	vincent tomoto	Profile Form	Doctor	Dr. vincent tomoto edited your Profile Form.	2019-12-06 23:13:43.58286+08	lena	Edit	17	t
296	vincent tomoto	Profile Form	Doctor	Dr. vincent tomoto added a remark on your Profile Form	2019-12-06 23:15:37.356479+08	germ	Remark	18	t
297	vincent tomoto	Profile Form	Doctor	Dr. vincent tomoto edited your Profile Form.	2019-12-06 23:15:37.368476+08	germ	Edit	18	t
298	vincent tomoto	Profile Form	Doctor	Dr. vincent tomoto added a remark on your Profile Form	2019-12-06 23:18:03.808775+08	germ	Remark	18	t
299	vincent tomoto	Profile Form	Doctor	Dr. vincent tomoto edited your Profile Form.	2019-12-06 23:18:03.819775+08	germ	Edit	18	t
301	vincent tomoto	Profile Form	Doctor	Dr. vincent tomoto added a remark on your Profile Form	2019-12-06 23:40:16.474982+08	germ	Remark	18	t
302	vincent tomoto	Profile Form	Doctor	Dr. vincent tomoto edited your Profile Form.	2019-12-06 23:40:16.515124+08	germ	Edit	18	t
300	vincent tomoto	Personal Record	Doctor	Dr. vincent tomoto added a comment in your Daily Record: it happens	2019-12-06 23:34:25.075886+08	dahlia	Comment	15	f
287	vincent tomoto	ICR	Doctor	Dr. vincent tomoto edited your Individual Client Form.	2019-12-06 23:08:07.770336+08	dolly	Edit	26	f
286	vincent tomoto	ICR	Doctor	Dr. vincent tomoto added a remark on your Individual Client Form.	2019-12-06 23:08:07.741332+08	dolly	Remark	26	f
306	vincent tomoto	Consultation Schedule	Doctor	Dr. Vincent Tomoto declined your request to schedule a consultation.	2019-12-07 00:12:23.178262+08	lena	Declined	132	t
305	vincent tomoto	Consultation Schedule	Doctor	Dr. Vincent Tomoto accepted your request to schedule a consultation.	2019-12-06 23:56:19.500786+08	dolly	Accepted	141	f
304	vincent tomoto	Consultation Schedule	Doctor	Dr. Vincent Tomoto declined your request to schedule a consultation.	2019-12-06 23:52:59.284214+08	dolly	Declined	140	f
303	vincent tomoto	Consultation Schedule	Doctor	Dr. Vincent Tomoto accepted your request to schedule a consultation.	2019-12-06 23:50:59.326965+08	dolly	Accepted	139	f
307	vincent tomoto	Profile Form	Doctor	Dr. vincent tomoto added a remark on your Profile Form	2019-12-08 08:18:41.147621+08	germ	Remark	18	t
308	vincent tomoto	Profile Form	Doctor	Dr. vincent tomoto edited your Profile Form.	2019-12-08 08:18:41.175315+08	germ	Edit	18	t
309	vincent tomoto	Profile Form	Doctor	Dr. vincent tomoto added a remark on your Profile Form	2019-12-08 08:22:33.686801+08	lena	Remark	17	t
310	vincent tomoto	Profile Form	Doctor	Dr. vincent tomoto edited your Profile Form.	2019-12-08 08:22:33.721792+08	lena	Edit	17	t
311	vincent tomoto	Profile Form	Doctor	Dr. vincent tomoto added a remark on your Profile Form	2019-12-08 08:23:35.644586+08	lena	Remark	17	t
312	vincent tomoto	Profile Form	Doctor	Dr. vincent tomoto edited your Profile Form.	2019-12-08 08:23:35.669584+08	lena	Edit	17	t
313	vincent tomoto	Profile Form	Doctor	Dr. vincent tomoto added a remark on your Profile Form	2019-12-08 08:24:17.807659+08	lena	Remark	17	t
314	vincent tomoto	Profile Form	Doctor	Dr. vincent tomoto edited your Profile Form.	2019-12-08 08:24:17.824064+08	lena	Edit	17	t
315	vincent tomoto	Medical History	Doctor	Dr. vincent tomoto added a remark on your medical history	2019-12-08 08:25:13.980277+08	germ	Remark	18	t
316	vincent tomoto	Medical History	Doctor	Dr. vincent tomoto edited your Medical History.	2019-12-08 08:25:14.021272+08	germ	Edit	18	t
317	vincent tomoto	Medical History	Doctor	Dr. vincent tomoto added a remark on your medical history	2019-12-08 08:28:11.878945+08	lena	Remark	17	t
318	vincent tomoto	Medical History	Doctor	Dr. vincent tomoto edited your Medical History.	2019-12-08 08:28:11.904088+08	lena	Edit	17	t
\.


--
-- Data for Name: patient_personalrecord; Type: TABLE DATA; Schema: public; Owner: postgres
--

COPY public.patient_personalrecord (id, author, title, slug, updated_on, content, created_on, status) FROM stdin;
5	lena	sample 1	sample1	2019-11-12 04:07:55.837641+08	hard to breathe today. i sometimes choke.	2019-11-12 04:07:55.837641+08	0
6	lena	sample 2	sample2	2019-11-12 04:28:33.932877+08	still waiting for the doctor to meet with me today.	2019-11-12 04:28:33.932877+08	0
7	lena	What I felt Today	whatifelttoday	2019-11-12 04:32:22.231602+08	today, I had trouble waking up. My Body is so weak. It's hard for me to move too.	2019-11-12 04:32:22.231602+08	0
4	marray	test 2	test2	2019-11-12 00:30:46.85738+08	today i don't feel so good.	2019-11-12 00:30:46.85738+08	0
3	marray	test 1	test1	2019-11-12 00:18:26.705033+08	need to breathe today. had a hard time talking to people earlier.	2019-11-12 00:18:26.705033+08	0
10	marray	working	working	2019-11-28 00:07:03.874432+08	hopefully works now	2019-11-28 00:07:03.874432+08	0
8	marray	test for ajax	testforajax	2019-11-27 20:55:26.464355+08	check	2019-11-27 20:55:26.464355+08	0
9	marray	ples work	pleswork	2019-11-28 00:02:14.16319+08	sample to add automatically on submit.	2019-11-28 00:02:14.16319+08	0
11	dolly	can't breathe	can'tbreathe	2019-12-06 23:27:11.055912+08	i hoped today was a good day. 	2019-12-06 23:27:11.055912+08	0
12	dolly	why is this?	whyisthis?	2019-12-06 23:29:23.746555+08	happening?	2019-12-06 23:29:23.746555+08	0
13	dolly	welp	welp	2019-12-06 23:31:50.748739+08	welp	2019-12-06 23:31:50.748739+08	0
15	dolly	it happens	ithappens	2019-12-06 23:33:29.120124+08	it happens for a reason	2019-12-06 23:33:29.120124+08	0
14	dolly	this day	thisday	2019-12-06 23:32:34.836401+08	this day was especially sad.	2019-12-06 23:32:34.836401+08	0
\.


--
-- Data for Name: patient_personalrecord_comment; Type: TABLE DATA; Schema: public; Owner: postgres
--

COPY public.patient_personalrecord_comment (id, personalrecord_id, remark_id) FROM stdin;
2	3	91
3	4	93
4	7	102
5	7	115
6	10	165
7	15	177
\.


--
-- Data for Name: patient_personalrecord_docs_viewed; Type: TABLE DATA; Schema: public; Owner: postgres
--

COPY public.patient_personalrecord_docs_viewed (id, personalrecord_id, usersviewed_id) FROM stdin;
6	4	8
7	7	16
8	4	21
9	3	22
10	10	50
11	10	54
12	8	55
13	9	56
14	15	60
15	14	61
\.


--
-- Data for Name: patient_profileform; Type: TABLE DATA; Schema: public; Owner: postgres
--

COPY public.patient_profileform (id, uid, code_name, real_name, mother_maiden_name, address, province, age, sex, status, birthdate, pdate, nation, ed, occupation, contact, "philNum") FROM stdin;
29	None			None		None		None	None		None	Filipino	None			None
30	None			None		None		None	None		None	Filipino	None			None
31	None			None		None		None	None		None	Filipino	None			None
17	None	derran	darren	None	Kasambagan, Cebu City	None	21	None	None	2019-10-29	None	Filipino	None	engineer	09123456789	None
32	None	carry	carol	None	Minglanilla, Cebu	None	45	None	None	2019-12-14	None	Filipino	None	clerk	09123000000	None
15	None	marray	maria  lastimar	mama	sibonga, cebu	cebu	29	female	single	2019-11-13	Cebu City	filipino	elementary undergraduate	office worker	09123000000	7573214
20	None	dolly	dahlia	None	San Fernando, Cebu	None	27	None	None	1991-03-04	None	Filipino	None	teacher	09123456789	None
21	None	none	none	None	none	None	5	None	None	2019-12-03	None	Filipino	None	none	0	None
22	None	dolly	dahlia	None	Sibonga, Cebu	None	27	None	None	1991-03-03	None	Filipino	None	office worker	09123456789	None
23	None	none	none	None	none	None	5	None	None	2019-12-03	None	Filipino	None	none	0	None
24	None	shem	shem	None	San Fernando, Cebu	None	21	None	None	2019-12-21	None	Filipino	None	teacher	09123000000	None
25	None	none	none	None	none	None	5	None	None	2019-12-03	None	Filipino	None	none	0	None
26	None	none	none	None	none	None	5	None	None	2019-12-03	None	Filipino	None	none	0	None
28	None			None		None		None	None		None	Filipino	None			None
27	None	germ	helen  manay	none	cambodia	none	30	female	single	2019-11-13	None	filipino	elementary undergraduate	office worker	09123456789	None
19	None	germ	jerman  sheepherd	none	cambodia	none	30	female	single	2019-11-13	None	filipino	elementary undergraduate	office worker	09123456789	None
18	None	germ	helen  manay	none	cambodia	none	30	female	single	2019-11-13	Cebu City	filipino	elementary undergraduate	office worker	09123456789	None
\.


--
-- Data for Name: patient_profileform_docs_viewed; Type: TABLE DATA; Schema: public; Owner: postgres
--

COPY public.patient_profileform_docs_viewed (id, profileform_id, usersviewed_id) FROM stdin;
1	15	11
3	15	19
4	18	26
5	19	27
6	17	52
7	27	57
\.


--
-- Data for Name: patient_profileform_doctor_remarks; Type: TABLE DATA; Schema: public; Owner: postgres
--

COPY public.patient_profileform_doctor_remarks (id, profileform_id, remark_id) FROM stdin;
17	15	90
18	15	94
19	18	112
20	15	117
21	15	129
22	15	130
23	15	131
24	15	132
25	15	133
26	15	134
27	15	135
28	15	136
29	15	137
30	19	139
31	19	140
32	15	164
33	19	171
34	15	173
35	18	174
36	19	175
37	19	176
38	19	178
39	19	181
40	18	182
41	18	183
42	18	184
\.


--
-- Data for Name: portal_adminnotification; Type: TABLE DATA; Schema: public; Owner: postgres
--

COPY public.portal_adminnotification (id, name, user_type, notif, created_on) FROM stdin;
\.


--
-- Data for Name: spatial_ref_sys; Type: TABLE DATA; Schema: public; Owner: postgres
--

COPY public.spatial_ref_sys (srid, auth_name, auth_srid, srtext, proj4text) FROM stdin;
\.


--
-- Name: auth_group_id_seq; Type: SEQUENCE SET; Schema: public; Owner: postgres
--

SELECT pg_catalog.setval('public.auth_group_id_seq', 1, false);


--
-- Name: auth_group_permissions_id_seq; Type: SEQUENCE SET; Schema: public; Owner: postgres
--

SELECT pg_catalog.setval('public.auth_group_permissions_id_seq', 1, false);


--
-- Name: auth_permission_id_seq; Type: SEQUENCE SET; Schema: public; Owner: postgres
--

SELECT pg_catalog.setval('public.auth_permission_id_seq', 112, true);


--
-- Name: auth_user_groups_id_seq; Type: SEQUENCE SET; Schema: public; Owner: postgres
--

SELECT pg_catalog.setval('public.auth_user_groups_id_seq', 1, false);


--
-- Name: auth_user_id_seq; Type: SEQUENCE SET; Schema: public; Owner: postgres
--

SELECT pg_catalog.setval('public.auth_user_id_seq', 2, true);


--
-- Name: auth_user_user_permissions_id_seq; Type: SEQUENCE SET; Schema: public; Owner: postgres
--

SELECT pg_catalog.setval('public.auth_user_user_permissions_id_seq', 1, false);


--
-- Name: cebuMap_cebubarangays_id_seq; Type: SEQUENCE SET; Schema: public; Owner: postgres
--

SELECT pg_catalog.setval('public."cebuMap_cebubarangays_id_seq"', 80, true);


--
-- Name: cebuMap_cebumap_id_seq1; Type: SEQUENCE SET; Schema: public; Owner: postgres
--

SELECT pg_catalog.setval('public."cebuMap_cebumap_id_seq1"', 10, true);


--
-- Name: cebuMap_incidence_id_seq; Type: SEQUENCE SET; Schema: public; Owner: postgres
--

SELECT pg_catalog.setval('public."cebuMap_incidence_id_seq"', 1, false);


--
-- Name: django_admin_log_id_seq; Type: SEQUENCE SET; Schema: public; Owner: postgres
--

SELECT pg_catalog.setval('public.django_admin_log_id_seq', 571, true);


--
-- Name: django_content_type_id_seq; Type: SEQUENCE SET; Schema: public; Owner: postgres
--

SELECT pg_catalog.setval('public.django_content_type_id_seq', 26, true);


--
-- Name: django_migrations_id_seq; Type: SEQUENCE SET; Schema: public; Owner: postgres
--

SELECT pg_catalog.setval('public.django_migrations_id_seq', 138, true);


--
-- Name: doctor_doctor_doctorNotifs_id_seq; Type: SEQUENCE SET; Schema: public; Owner: postgres
--

SELECT pg_catalog.setval('public."doctor_doctor_doctorNotifs_id_seq"', 190, true);


--
-- Name: doctor_doctor_finished_scheds_id_seq; Type: SEQUENCE SET; Schema: public; Owner: postgres
--

SELECT pg_catalog.setval('public.doctor_doctor_finished_scheds_id_seq', 14, true);


--
-- Name: doctor_doctor_id_seq; Type: SEQUENCE SET; Schema: public; Owner: postgres
--

SELECT pg_catalog.setval('public.doctor_doctor_id_seq', 7, true);


--
-- Name: doctor_doctor_new_notifs_id_seq; Type: SEQUENCE SET; Schema: public; Owner: postgres
--

SELECT pg_catalog.setval('public.doctor_doctor_new_notifs_id_seq', 73, true);


--
-- Name: doctor_doctor_pending_scheds_id_seq; Type: SEQUENCE SET; Schema: public; Owner: postgres
--

SELECT pg_catalog.setval('public.doctor_doctor_pending_scheds_id_seq', 106, true);


--
-- Name: doctor_doctor_rejected_scheds_id_seq; Type: SEQUENCE SET; Schema: public; Owner: postgres
--

SELECT pg_catalog.setval('public.doctor_doctor_rejected_scheds_id_seq', 21, true);


--
-- Name: doctor_doctor_schedules_id_seq; Type: SEQUENCE SET; Schema: public; Owner: postgres
--

SELECT pg_catalog.setval('public.doctor_doctor_schedules_id_seq', 43, true);


--
-- Name: doctor_doctornotification_id_seq; Type: SEQUENCE SET; Schema: public; Owner: postgres
--

SELECT pg_catalog.setval('public.doctor_doctornotification_id_seq', 190, true);


--
-- Name: doctor_doctorschedule_doc_remark_id_seq; Type: SEQUENCE SET; Schema: public; Owner: postgres
--

SELECT pg_catalog.setval('public.doctor_doctorschedule_doc_remark_id_seq', 48, true);


--
-- Name: doctor_doctorschedule_doc_views_details_id_seq; Type: SEQUENCE SET; Schema: public; Owner: postgres
--

SELECT pg_catalog.setval('public.doctor_doctorschedule_doc_views_details_id_seq', 24, true);


--
-- Name: doctor_doctorschedule_id_seq; Type: SEQUENCE SET; Schema: public; Owner: postgres
--

SELECT pg_catalog.setval('public.doctor_doctorschedule_id_seq', 141, true);


--
-- Name: doctor_doctorstats_id_seq; Type: SEQUENCE SET; Schema: public; Owner: postgres
--

SELECT pg_catalog.setval('public.doctor_doctorstats_id_seq', 7, true);


--
-- Name: doctor_note_id_seq; Type: SEQUENCE SET; Schema: public; Owner: postgres
--

SELECT pg_catalog.setval('public.doctor_note_id_seq', 186, true);


--
-- Name: doctor_usersviewed_id_seq; Type: SEQUENCE SET; Schema: public; Owner: postgres
--

SELECT pg_catalog.setval('public.doctor_usersviewed_id_seq', 61, true);


--
-- Name: patient_icrform_doc_remarks_id_seq; Type: SEQUENCE SET; Schema: public; Owner: postgres
--

SELECT pg_catalog.setval('public.patient_icrform_doc_remarks_id_seq', 34, true);


--
-- Name: patient_icrform_docs_viewed_id_seq; Type: SEQUENCE SET; Schema: public; Owner: postgres
--

SELECT pg_catalog.setval('public.patient_icrform_docs_viewed_id_seq', 4, true);


--
-- Name: patient_icrform_id_seq; Type: SEQUENCE SET; Schema: public; Owner: postgres
--

SELECT pg_catalog.setval('public.patient_icrform_id_seq', 31, true);


--
-- Name: patient_medhistform_doc_remarks_id_seq; Type: SEQUENCE SET; Schema: public; Owner: postgres
--

SELECT pg_catalog.setval('public.patient_medhistform_doc_remarks_id_seq', 29, true);


--
-- Name: patient_medhistform_docs_viewed_id_seq; Type: SEQUENCE SET; Schema: public; Owner: postgres
--

SELECT pg_catalog.setval('public.patient_medhistform_docs_viewed_id_seq', 7, true);


--
-- Name: patient_medhistform_id_seq; Type: SEQUENCE SET; Schema: public; Owner: postgres
--

SELECT pg_catalog.setval('public.patient_medhistform_id_seq', 29, true);


--
-- Name: patient_patient_approvedScheds_id_seq; Type: SEQUENCE SET; Schema: public; Owner: postgres
--

SELECT pg_catalog.setval('public."patient_patient_approvedScheds_id_seq"', 36, true);


--
-- Name: patient_patient_finishedScheds_id_seq; Type: SEQUENCE SET; Schema: public; Owner: postgres
--

SELECT pg_catalog.setval('public."patient_patient_finishedScheds_id_seq"', 14, true);


--
-- Name: patient_patient_myDoctors_id_seq; Type: SEQUENCE SET; Schema: public; Owner: postgres
--

SELECT pg_catalog.setval('public."patient_patient_myDoctors_id_seq"', 13, true);


--
-- Name: patient_patient_new_patient_notifications_id_seq; Type: SEQUENCE SET; Schema: public; Owner: postgres
--

SELECT pg_catalog.setval('public.patient_patient_new_patient_notifications_id_seq', 323, true);


--
-- Name: patient_patient_patientNotif_id_seq; Type: SEQUENCE SET; Schema: public; Owner: postgres
--

SELECT pg_catalog.setval('public."patient_patient_patientNotif_id_seq"', 317, true);


--
-- Name: patient_patient_pendingScheds_id_seq; Type: SEQUENCE SET; Schema: public; Owner: postgres
--

SELECT pg_catalog.setval('public."patient_patient_pendingScheds_id_seq"', 106, true);


--
-- Name: patient_patient_personalRecord_id_seq; Type: SEQUENCE SET; Schema: public; Owner: postgres
--

SELECT pg_catalog.setval('public."patient_patient_personalRecord_id_seq"', 15, true);


--
-- Name: patient_patient_rejectedScheds_id_seq; Type: SEQUENCE SET; Schema: public; Owner: postgres
--

SELECT pg_catalog.setval('public."patient_patient_rejectedScheds_id_seq"', 21, true);


--
-- Name: patient_patientlocationdetails_id_seq; Type: SEQUENCE SET; Schema: public; Owner: postgres
--

SELECT pg_catalog.setval('public.patient_patientlocationdetails_id_seq', 17, true);


--
-- Name: patient_patientnotification_id_seq; Type: SEQUENCE SET; Schema: public; Owner: postgres
--

SELECT pg_catalog.setval('public.patient_patientnotification_id_seq', 318, true);


--
-- Name: patient_personalrecord_comment_id_seq; Type: SEQUENCE SET; Schema: public; Owner: postgres
--

SELECT pg_catalog.setval('public.patient_personalrecord_comment_id_seq', 7, true);


--
-- Name: patient_personalrecord_docs_viewed_id_seq; Type: SEQUENCE SET; Schema: public; Owner: postgres
--

SELECT pg_catalog.setval('public.patient_personalrecord_docs_viewed_id_seq', 15, true);


--
-- Name: patient_personalrecord_id_seq; Type: SEQUENCE SET; Schema: public; Owner: postgres
--

SELECT pg_catalog.setval('public.patient_personalrecord_id_seq', 15, true);


--
-- Name: patient_profileform_doc_remarks_id_seq; Type: SEQUENCE SET; Schema: public; Owner: postgres
--

SELECT pg_catalog.setval('public.patient_profileform_doc_remarks_id_seq', 42, true);


--
-- Name: patient_profileform_docs_viewed_id_seq; Type: SEQUENCE SET; Schema: public; Owner: postgres
--

SELECT pg_catalog.setval('public.patient_profileform_docs_viewed_id_seq', 7, true);


--
-- Name: patient_profileform_id_seq; Type: SEQUENCE SET; Schema: public; Owner: postgres
--

SELECT pg_catalog.setval('public.patient_profileform_id_seq', 32, true);


--
-- Name: portal_adminnotification_id_seq; Type: SEQUENCE SET; Schema: public; Owner: postgres
--

SELECT pg_catalog.setval('public.portal_adminnotification_id_seq', 1, false);


--
-- Name: auth_group auth_group_name_key; Type: CONSTRAINT; Schema: public; Owner: postgres
--

ALTER TABLE ONLY public.auth_group
    ADD CONSTRAINT auth_group_name_key UNIQUE (name);


--
-- Name: auth_group_permissions auth_group_permissions_group_id_permission_id_0cd325b0_uniq; Type: CONSTRAINT; Schema: public; Owner: postgres
--

ALTER TABLE ONLY public.auth_group_permissions
    ADD CONSTRAINT auth_group_permissions_group_id_permission_id_0cd325b0_uniq UNIQUE (group_id, permission_id);


--
-- Name: auth_group_permissions auth_group_permissions_pkey; Type: CONSTRAINT; Schema: public; Owner: postgres
--

ALTER TABLE ONLY public.auth_group_permissions
    ADD CONSTRAINT auth_group_permissions_pkey PRIMARY KEY (id);


--
-- Name: auth_group auth_group_pkey; Type: CONSTRAINT; Schema: public; Owner: postgres
--

ALTER TABLE ONLY public.auth_group
    ADD CONSTRAINT auth_group_pkey PRIMARY KEY (id);


--
-- Name: auth_permission auth_permission_content_type_id_codename_01ab375a_uniq; Type: CONSTRAINT; Schema: public; Owner: postgres
--

ALTER TABLE ONLY public.auth_permission
    ADD CONSTRAINT auth_permission_content_type_id_codename_01ab375a_uniq UNIQUE (content_type_id, codename);


--
-- Name: auth_permission auth_permission_pkey; Type: CONSTRAINT; Schema: public; Owner: postgres
--

ALTER TABLE ONLY public.auth_permission
    ADD CONSTRAINT auth_permission_pkey PRIMARY KEY (id);


--
-- Name: auth_user_groups auth_user_groups_pkey; Type: CONSTRAINT; Schema: public; Owner: postgres
--

ALTER TABLE ONLY public.auth_user_groups
    ADD CONSTRAINT auth_user_groups_pkey PRIMARY KEY (id);


--
-- Name: auth_user_groups auth_user_groups_user_id_group_id_94350c0c_uniq; Type: CONSTRAINT; Schema: public; Owner: postgres
--

ALTER TABLE ONLY public.auth_user_groups
    ADD CONSTRAINT auth_user_groups_user_id_group_id_94350c0c_uniq UNIQUE (user_id, group_id);


--
-- Name: auth_user auth_user_pkey; Type: CONSTRAINT; Schema: public; Owner: postgres
--

ALTER TABLE ONLY public.auth_user
    ADD CONSTRAINT auth_user_pkey PRIMARY KEY (id);


--
-- Name: auth_user_user_permissions auth_user_user_permissions_pkey; Type: CONSTRAINT; Schema: public; Owner: postgres
--

ALTER TABLE ONLY public.auth_user_user_permissions
    ADD CONSTRAINT auth_user_user_permissions_pkey PRIMARY KEY (id);


--
-- Name: auth_user_user_permissions auth_user_user_permissions_user_id_permission_id_14a6b632_uniq; Type: CONSTRAINT; Schema: public; Owner: postgres
--

ALTER TABLE ONLY public.auth_user_user_permissions
    ADD CONSTRAINT auth_user_user_permissions_user_id_permission_id_14a6b632_uniq UNIQUE (user_id, permission_id);


--
-- Name: auth_user auth_user_username_key; Type: CONSTRAINT; Schema: public; Owner: postgres
--

ALTER TABLE ONLY public.auth_user
    ADD CONSTRAINT auth_user_username_key UNIQUE (username);


--
-- Name: cebuMap_cebubarangays cebuMap_cebubarangays_pkey; Type: CONSTRAINT; Schema: public; Owner: postgres
--

ALTER TABLE ONLY public."cebuMap_cebubarangays"
    ADD CONSTRAINT "cebuMap_cebubarangays_pkey" PRIMARY KEY (id);


--
-- Name: cebuMap_cebumap cebuMap_cebumap_pkey1; Type: CONSTRAINT; Schema: public; Owner: postgres
--

ALTER TABLE ONLY public."cebuMap_cebumap"
    ADD CONSTRAINT "cebuMap_cebumap_pkey1" PRIMARY KEY (id);


--
-- Name: cebuMap_incidence cebuMap_incidence_pkey; Type: CONSTRAINT; Schema: public; Owner: postgres
--

ALTER TABLE ONLY public."cebuMap_incidence"
    ADD CONSTRAINT "cebuMap_incidence_pkey" PRIMARY KEY (id);


--
-- Name: django_admin_log django_admin_log_pkey; Type: CONSTRAINT; Schema: public; Owner: postgres
--

ALTER TABLE ONLY public.django_admin_log
    ADD CONSTRAINT django_admin_log_pkey PRIMARY KEY (id);


--
-- Name: django_content_type django_content_type_app_label_model_76bd3d3b_uniq; Type: CONSTRAINT; Schema: public; Owner: postgres
--

ALTER TABLE ONLY public.django_content_type
    ADD CONSTRAINT django_content_type_app_label_model_76bd3d3b_uniq UNIQUE (app_label, model);


--
-- Name: django_content_type django_content_type_pkey; Type: CONSTRAINT; Schema: public; Owner: postgres
--

ALTER TABLE ONLY public.django_content_type
    ADD CONSTRAINT django_content_type_pkey PRIMARY KEY (id);


--
-- Name: django_migrations django_migrations_pkey; Type: CONSTRAINT; Schema: public; Owner: postgres
--

ALTER TABLE ONLY public.django_migrations
    ADD CONSTRAINT django_migrations_pkey PRIMARY KEY (id);


--
-- Name: django_session django_session_pkey; Type: CONSTRAINT; Schema: public; Owner: postgres
--

ALTER TABLE ONLY public.django_session
    ADD CONSTRAINT django_session_pkey PRIMARY KEY (session_key);


--
-- Name: doctor_doctor_doctorNotifs doctor_doctor_doctorNoti_doctor_id_doctornotifica_4aabd4ae_uniq; Type: CONSTRAINT; Schema: public; Owner: postgres
--

ALTER TABLE ONLY public."doctor_doctor_doctorNotifs"
    ADD CONSTRAINT "doctor_doctor_doctorNoti_doctor_id_doctornotifica_4aabd4ae_uniq" UNIQUE (doctor_id, doctornotification_id);


--
-- Name: doctor_doctor_doctorNotifs doctor_doctor_doctorNotifs_pkey; Type: CONSTRAINT; Schema: public; Owner: postgres
--

ALTER TABLE ONLY public."doctor_doctor_doctorNotifs"
    ADD CONSTRAINT "doctor_doctor_doctorNotifs_pkey" PRIMARY KEY (id);


--
-- Name: doctor_doctor_finished_scheds doctor_doctor_finished_s_doctor_id_doctorschedule_b90c794b_uniq; Type: CONSTRAINT; Schema: public; Owner: postgres
--

ALTER TABLE ONLY public.doctor_doctor_finished_scheds
    ADD CONSTRAINT doctor_doctor_finished_s_doctor_id_doctorschedule_b90c794b_uniq UNIQUE (doctor_id, doctorschedule_id);


--
-- Name: doctor_doctor_finished_scheds doctor_doctor_finished_scheds_pkey; Type: CONSTRAINT; Schema: public; Owner: postgres
--

ALTER TABLE ONLY public.doctor_doctor_finished_scheds
    ADD CONSTRAINT doctor_doctor_finished_scheds_pkey PRIMARY KEY (id);


--
-- Name: doctor_doctor_new_notifs doctor_doctor_new_notifs_doctor_id_doctornotifica_dcbc9409_uniq; Type: CONSTRAINT; Schema: public; Owner: postgres
--

ALTER TABLE ONLY public.doctor_doctor_new_notifs
    ADD CONSTRAINT doctor_doctor_new_notifs_doctor_id_doctornotifica_dcbc9409_uniq UNIQUE (doctor_id, doctornotification_id);


--
-- Name: doctor_doctor_new_notifs doctor_doctor_new_notifs_pkey; Type: CONSTRAINT; Schema: public; Owner: postgres
--

ALTER TABLE ONLY public.doctor_doctor_new_notifs
    ADD CONSTRAINT doctor_doctor_new_notifs_pkey PRIMARY KEY (id);


--
-- Name: doctor_doctor_pending_scheds doctor_doctor_pending_sc_doctor_id_doctorschedule_d9cd6807_uniq; Type: CONSTRAINT; Schema: public; Owner: postgres
--

ALTER TABLE ONLY public.doctor_doctor_pending_scheds
    ADD CONSTRAINT doctor_doctor_pending_sc_doctor_id_doctorschedule_d9cd6807_uniq UNIQUE (doctor_id, doctorschedule_id);


--
-- Name: doctor_doctor_pending_scheds doctor_doctor_pending_scheds_pkey; Type: CONSTRAINT; Schema: public; Owner: postgres
--

ALTER TABLE ONLY public.doctor_doctor_pending_scheds
    ADD CONSTRAINT doctor_doctor_pending_scheds_pkey PRIMARY KEY (id);


--
-- Name: doctor_doctor doctor_doctor_pkey; Type: CONSTRAINT; Schema: public; Owner: postgres
--

ALTER TABLE ONLY public.doctor_doctor
    ADD CONSTRAINT doctor_doctor_pkey PRIMARY KEY (id);


--
-- Name: doctor_doctor_rejected_scheds doctor_doctor_rejected_s_doctor_id_doctorschedule_f99c2aae_uniq; Type: CONSTRAINT; Schema: public; Owner: postgres
--

ALTER TABLE ONLY public.doctor_doctor_rejected_scheds
    ADD CONSTRAINT doctor_doctor_rejected_s_doctor_id_doctorschedule_f99c2aae_uniq UNIQUE (doctor_id, doctorschedule_id);


--
-- Name: doctor_doctor_rejected_scheds doctor_doctor_rejected_scheds_pkey; Type: CONSTRAINT; Schema: public; Owner: postgres
--

ALTER TABLE ONLY public.doctor_doctor_rejected_scheds
    ADD CONSTRAINT doctor_doctor_rejected_scheds_pkey PRIMARY KEY (id);


--
-- Name: doctor_doctor_schedules doctor_doctor_schedules_doctor_id_doctorschedule_d3adfdb5_uniq; Type: CONSTRAINT; Schema: public; Owner: postgres
--

ALTER TABLE ONLY public.doctor_doctor_schedules
    ADD CONSTRAINT doctor_doctor_schedules_doctor_id_doctorschedule_d3adfdb5_uniq UNIQUE (doctor_id, doctorschedule_id);


--
-- Name: doctor_doctor_schedules doctor_doctor_schedules_pkey; Type: CONSTRAINT; Schema: public; Owner: postgres
--

ALTER TABLE ONLY public.doctor_doctor_schedules
    ADD CONSTRAINT doctor_doctor_schedules_pkey PRIMARY KEY (id);


--
-- Name: doctor_doctor doctor_doctor_weekly_stats_id_key; Type: CONSTRAINT; Schema: public; Owner: postgres
--

ALTER TABLE ONLY public.doctor_doctor
    ADD CONSTRAINT doctor_doctor_weekly_stats_id_key UNIQUE (weekly_stats_id);


--
-- Name: doctor_doctornotification doctor_doctornotification_pkey; Type: CONSTRAINT; Schema: public; Owner: postgres
--

ALTER TABLE ONLY public.doctor_doctornotification
    ADD CONSTRAINT doctor_doctornotification_pkey PRIMARY KEY (id);


--
-- Name: doctor_doctorschedule_doc_remark doctor_doctorschedule_do_doctorschedule_id_note_i_1fdf0288_uniq; Type: CONSTRAINT; Schema: public; Owner: postgres
--

ALTER TABLE ONLY public.doctor_doctorschedule_doc_remark
    ADD CONSTRAINT doctor_doctorschedule_do_doctorschedule_id_note_i_1fdf0288_uniq UNIQUE (doctorschedule_id, remark_id);


--
-- Name: doctor_doctorschedule_users_viewed doctor_doctorschedule_do_doctorschedule_id_usersv_ac687590_uniq; Type: CONSTRAINT; Schema: public; Owner: postgres
--

ALTER TABLE ONLY public.doctor_doctorschedule_users_viewed
    ADD CONSTRAINT doctor_doctorschedule_do_doctorschedule_id_usersv_ac687590_uniq UNIQUE (doctorschedule_id, usersviewed_id);


--
-- Name: doctor_doctorschedule_doc_remark doctor_doctorschedule_doc_remark_pkey; Type: CONSTRAINT; Schema: public; Owner: postgres
--

ALTER TABLE ONLY public.doctor_doctorschedule_doc_remark
    ADD CONSTRAINT doctor_doctorschedule_doc_remark_pkey PRIMARY KEY (id);


--
-- Name: doctor_doctorschedule_users_viewed doctor_doctorschedule_doc_views_details_pkey; Type: CONSTRAINT; Schema: public; Owner: postgres
--

ALTER TABLE ONLY public.doctor_doctorschedule_users_viewed
    ADD CONSTRAINT doctor_doctorschedule_doc_views_details_pkey PRIMARY KEY (id);


--
-- Name: doctor_doctorschedule doctor_doctorschedule_pkey; Type: CONSTRAINT; Schema: public; Owner: postgres
--

ALTER TABLE ONLY public.doctor_doctorschedule
    ADD CONSTRAINT doctor_doctorschedule_pkey PRIMARY KEY (id);


--
-- Name: doctor_doctorstats doctor_doctorstats_pkey; Type: CONSTRAINT; Schema: public; Owner: postgres
--

ALTER TABLE ONLY public.doctor_doctorstats
    ADD CONSTRAINT doctor_doctorstats_pkey PRIMARY KEY (id);


--
-- Name: doctor_remark doctor_note_pkey; Type: CONSTRAINT; Schema: public; Owner: postgres
--

ALTER TABLE ONLY public.doctor_remark
    ADD CONSTRAINT doctor_note_pkey PRIMARY KEY (id);


--
-- Name: doctor_usersviewed doctor_usersviewed_pkey; Type: CONSTRAINT; Schema: public; Owner: postgres
--

ALTER TABLE ONLY public.doctor_usersviewed
    ADD CONSTRAINT doctor_usersviewed_pkey PRIMARY KEY (id);


--
-- Name: patient_icrform_doctor_remarks patient_icrform_doc_remarks_icrform_id_comment_id_9529ff62_uniq; Type: CONSTRAINT; Schema: public; Owner: postgres
--

ALTER TABLE ONLY public.patient_icrform_doctor_remarks
    ADD CONSTRAINT patient_icrform_doc_remarks_icrform_id_comment_id_9529ff62_uniq UNIQUE (icrform_id, remark_id);


--
-- Name: patient_icrform_doctor_remarks patient_icrform_doc_remarks_pkey; Type: CONSTRAINT; Schema: public; Owner: postgres
--

ALTER TABLE ONLY public.patient_icrform_doctor_remarks
    ADD CONSTRAINT patient_icrform_doc_remarks_pkey PRIMARY KEY (id);


--
-- Name: patient_icrform_docs_viewed patient_icrform_docs_vie_icrform_id_usersviewed_i_fd4f75c7_uniq; Type: CONSTRAINT; Schema: public; Owner: postgres
--

ALTER TABLE ONLY public.patient_icrform_docs_viewed
    ADD CONSTRAINT patient_icrform_docs_vie_icrform_id_usersviewed_i_fd4f75c7_uniq UNIQUE (icrform_id, usersviewed_id);


--
-- Name: patient_icrform_docs_viewed patient_icrform_docs_viewed_pkey; Type: CONSTRAINT; Schema: public; Owner: postgres
--

ALTER TABLE ONLY public.patient_icrform_docs_viewed
    ADD CONSTRAINT patient_icrform_docs_viewed_pkey PRIMARY KEY (id);


--
-- Name: patient_icrform patient_icrform_pkey; Type: CONSTRAINT; Schema: public; Owner: postgres
--

ALTER TABLE ONLY public.patient_icrform
    ADD CONSTRAINT patient_icrform_pkey PRIMARY KEY (id);


--
-- Name: patient_medhistform_doctor_remarks patient_medhistform_doc__medhistform_id_comment_i_10de27ed_uniq; Type: CONSTRAINT; Schema: public; Owner: postgres
--

ALTER TABLE ONLY public.patient_medhistform_doctor_remarks
    ADD CONSTRAINT patient_medhistform_doc__medhistform_id_comment_i_10de27ed_uniq UNIQUE (medhistform_id, remark_id);


--
-- Name: patient_medhistform_doctor_remarks patient_medhistform_doc_remarks_pkey; Type: CONSTRAINT; Schema: public; Owner: postgres
--

ALTER TABLE ONLY public.patient_medhistform_doctor_remarks
    ADD CONSTRAINT patient_medhistform_doc_remarks_pkey PRIMARY KEY (id);


--
-- Name: patient_medhistform_docs_viewed patient_medhistform_docs_medhistform_id_usersview_07b03ec3_uniq; Type: CONSTRAINT; Schema: public; Owner: postgres
--

ALTER TABLE ONLY public.patient_medhistform_docs_viewed
    ADD CONSTRAINT patient_medhistform_docs_medhistform_id_usersview_07b03ec3_uniq UNIQUE (medhistform_id, usersviewed_id);


--
-- Name: patient_medhistform_docs_viewed patient_medhistform_docs_viewed_pkey; Type: CONSTRAINT; Schema: public; Owner: postgres
--

ALTER TABLE ONLY public.patient_medhistform_docs_viewed
    ADD CONSTRAINT patient_medhistform_docs_viewed_pkey PRIMARY KEY (id);


--
-- Name: patient_medhistform patient_medhistform_pkey; Type: CONSTRAINT; Schema: public; Owner: postgres
--

ALTER TABLE ONLY public.patient_medhistform
    ADD CONSTRAINT patient_medhistform_pkey PRIMARY KEY (id);


--
-- Name: patient_patient_approved_schedules patient_patient_approvedScheds_pkey; Type: CONSTRAINT; Schema: public; Owner: postgres
--

ALTER TABLE ONLY public.patient_patient_approved_schedules
    ADD CONSTRAINT "patient_patient_approvedScheds_pkey" PRIMARY KEY (id);


--
-- Name: patient_patient_approved_schedules patient_patient_approved_patient_id_doctorschedul_0d51c825_uniq; Type: CONSTRAINT; Schema: public; Owner: postgres
--

ALTER TABLE ONLY public.patient_patient_approved_schedules
    ADD CONSTRAINT patient_patient_approved_patient_id_doctorschedul_0d51c825_uniq UNIQUE (patient_id, doctorschedule_id);


--
-- Name: patient_patient_finished_schedules patient_patient_finishedScheds_pkey; Type: CONSTRAINT; Schema: public; Owner: postgres
--

ALTER TABLE ONLY public.patient_patient_finished_schedules
    ADD CONSTRAINT "patient_patient_finishedScheds_pkey" PRIMARY KEY (id);


--
-- Name: patient_patient_finished_schedules patient_patient_finished_patient_id_doctorschedul_7486cc01_uniq; Type: CONSTRAINT; Schema: public; Owner: postgres
--

ALTER TABLE ONLY public.patient_patient_finished_schedules
    ADD CONSTRAINT patient_patient_finished_patient_id_doctorschedul_7486cc01_uniq UNIQUE (patient_id, doctorschedule_id);


--
-- Name: patient_patient patient_patient_locationDetails_id_key; Type: CONSTRAINT; Schema: public; Owner: postgres
--

ALTER TABLE ONLY public.patient_patient
    ADD CONSTRAINT "patient_patient_locationDetails_id_key" UNIQUE (location_details_id);


--
-- Name: patient_patient patient_patient_medhist_id_key; Type: CONSTRAINT; Schema: public; Owner: postgres
--

ALTER TABLE ONLY public.patient_patient
    ADD CONSTRAINT patient_patient_medhist_id_key UNIQUE (medical_history_id);


--
-- Name: patient_patient_my_doctors patient_patient_myDoctors_patient_id_doctor_id_7b3d880a_uniq; Type: CONSTRAINT; Schema: public; Owner: postgres
--

ALTER TABLE ONLY public.patient_patient_my_doctors
    ADD CONSTRAINT "patient_patient_myDoctors_patient_id_doctor_id_7b3d880a_uniq" UNIQUE (patient_id, doctor_id);


--
-- Name: patient_patient_my_doctors patient_patient_myDoctors_pkey; Type: CONSTRAINT; Schema: public; Owner: postgres
--

ALTER TABLE ONLY public.patient_patient_my_doctors
    ADD CONSTRAINT "patient_patient_myDoctors_pkey" PRIMARY KEY (id);


--
-- Name: patient_patient_patient_new_notifications patient_patient_new_pati_patient_id_patientnotifi_ae3a5c17_uniq; Type: CONSTRAINT; Schema: public; Owner: postgres
--

ALTER TABLE ONLY public.patient_patient_patient_new_notifications
    ADD CONSTRAINT patient_patient_new_pati_patient_id_patientnotifi_ae3a5c17_uniq UNIQUE (patient_id, patientnotification_id);


--
-- Name: patient_patient_patient_new_notifications patient_patient_new_patient_notifications_pkey; Type: CONSTRAINT; Schema: public; Owner: postgres
--

ALTER TABLE ONLY public.patient_patient_patient_new_notifications
    ADD CONSTRAINT patient_patient_new_patient_notifications_pkey PRIMARY KEY (id);


--
-- Name: patient_patient_patient_notifications patient_patient_patientN_patient_id_patientnotifi_4d5e2983_uniq; Type: CONSTRAINT; Schema: public; Owner: postgres
--

ALTER TABLE ONLY public.patient_patient_patient_notifications
    ADD CONSTRAINT "patient_patient_patientN_patient_id_patientnotifi_4d5e2983_uniq" UNIQUE (patient_id, patientnotification_id);


--
-- Name: patient_patient_patient_notifications patient_patient_patientNotif_pkey; Type: CONSTRAINT; Schema: public; Owner: postgres
--

ALTER TABLE ONLY public.patient_patient_patient_notifications
    ADD CONSTRAINT "patient_patient_patientNotif_pkey" PRIMARY KEY (id);


--
-- Name: patient_patient_pending_schedules patient_patient_pendingS_patient_id_doctorschedul_195ccbe8_uniq; Type: CONSTRAINT; Schema: public; Owner: postgres
--

ALTER TABLE ONLY public.patient_patient_pending_schedules
    ADD CONSTRAINT "patient_patient_pendingS_patient_id_doctorschedul_195ccbe8_uniq" UNIQUE (patient_id, doctorschedule_id);


--
-- Name: patient_patient_pending_schedules patient_patient_pendingScheds_pkey; Type: CONSTRAINT; Schema: public; Owner: postgres
--

ALTER TABLE ONLY public.patient_patient_pending_schedules
    ADD CONSTRAINT "patient_patient_pendingScheds_pkey" PRIMARY KEY (id);


--
-- Name: patient_patient_personal_records patient_patient_personalRecord_pkey; Type: CONSTRAINT; Schema: public; Owner: postgres
--

ALTER TABLE ONLY public.patient_patient_personal_records
    ADD CONSTRAINT "patient_patient_personalRecord_pkey" PRIMARY KEY (id);


--
-- Name: patient_patient_personal_records patient_patient_personal_patient_id_personalrecor_3f2eddfc_uniq; Type: CONSTRAINT; Schema: public; Owner: postgres
--

ALTER TABLE ONLY public.patient_patient_personal_records
    ADD CONSTRAINT patient_patient_personal_patient_id_personalrecor_3f2eddfc_uniq UNIQUE (patient_id, personalrecord_id);


--
-- Name: patient_patient patient_patient_pkey; Type: CONSTRAINT; Schema: public; Owner: postgres
--

ALTER TABLE ONLY public.patient_patient
    ADD CONSTRAINT patient_patient_pkey PRIMARY KEY (icr_id);


--
-- Name: patient_patient patient_patient_profile_id_key; Type: CONSTRAINT; Schema: public; Owner: postgres
--

ALTER TABLE ONLY public.patient_patient
    ADD CONSTRAINT patient_patient_profile_id_key UNIQUE (profile_id);


--
-- Name: patient_patient_rejected_schedules patient_patient_rejectedScheds_pkey; Type: CONSTRAINT; Schema: public; Owner: postgres
--

ALTER TABLE ONLY public.patient_patient_rejected_schedules
    ADD CONSTRAINT "patient_patient_rejectedScheds_pkey" PRIMARY KEY (id);


--
-- Name: patient_patient_rejected_schedules patient_patient_rejected_patient_id_doctorschedul_8f9bd58f_uniq; Type: CONSTRAINT; Schema: public; Owner: postgres
--

ALTER TABLE ONLY public.patient_patient_rejected_schedules
    ADD CONSTRAINT patient_patient_rejected_patient_id_doctorschedul_8f9bd58f_uniq UNIQUE (patient_id, doctorschedule_id);


--
-- Name: patient_patientlocationdetails patient_patientlocationdetails_pkey; Type: CONSTRAINT; Schema: public; Owner: postgres
--

ALTER TABLE ONLY public.patient_patientlocationdetails
    ADD CONSTRAINT patient_patientlocationdetails_pkey PRIMARY KEY (id);


--
-- Name: patient_patientnotification patient_patientnotification_pkey; Type: CONSTRAINT; Schema: public; Owner: postgres
--

ALTER TABLE ONLY public.patient_patientnotification
    ADD CONSTRAINT patient_patientnotification_pkey PRIMARY KEY (id);


--
-- Name: patient_personalrecord_comment patient_personalrecord_c_personalrecord_id_commen_7452e830_uniq; Type: CONSTRAINT; Schema: public; Owner: postgres
--

ALTER TABLE ONLY public.patient_personalrecord_comment
    ADD CONSTRAINT patient_personalrecord_c_personalrecord_id_commen_7452e830_uniq UNIQUE (personalrecord_id, remark_id);


--
-- Name: patient_personalrecord_comment patient_personalrecord_comment_pkey; Type: CONSTRAINT; Schema: public; Owner: postgres
--

ALTER TABLE ONLY public.patient_personalrecord_comment
    ADD CONSTRAINT patient_personalrecord_comment_pkey PRIMARY KEY (id);


--
-- Name: patient_personalrecord_docs_viewed patient_personalrecord_d_personalrecord_id_usersv_c376ec35_uniq; Type: CONSTRAINT; Schema: public; Owner: postgres
--

ALTER TABLE ONLY public.patient_personalrecord_docs_viewed
    ADD CONSTRAINT patient_personalrecord_d_personalrecord_id_usersv_c376ec35_uniq UNIQUE (personalrecord_id, usersviewed_id);


--
-- Name: patient_personalrecord_docs_viewed patient_personalrecord_docs_viewed_pkey; Type: CONSTRAINT; Schema: public; Owner: postgres
--

ALTER TABLE ONLY public.patient_personalrecord_docs_viewed
    ADD CONSTRAINT patient_personalrecord_docs_viewed_pkey PRIMARY KEY (id);


--
-- Name: patient_personalrecord patient_personalrecord_pkey; Type: CONSTRAINT; Schema: public; Owner: postgres
--

ALTER TABLE ONLY public.patient_personalrecord
    ADD CONSTRAINT patient_personalrecord_pkey PRIMARY KEY (id);


--
-- Name: patient_profileform_doctor_remarks patient_profileform_doc__profileform_id_comment_i_af395918_uniq; Type: CONSTRAINT; Schema: public; Owner: postgres
--

ALTER TABLE ONLY public.patient_profileform_doctor_remarks
    ADD CONSTRAINT patient_profileform_doc__profileform_id_comment_i_af395918_uniq UNIQUE (profileform_id, remark_id);


--
-- Name: patient_profileform_doctor_remarks patient_profileform_doc_remarks_pkey; Type: CONSTRAINT; Schema: public; Owner: postgres
--

ALTER TABLE ONLY public.patient_profileform_doctor_remarks
    ADD CONSTRAINT patient_profileform_doc_remarks_pkey PRIMARY KEY (id);


--
-- Name: patient_profileform_docs_viewed patient_profileform_docs_profileform_id_usersview_9accc661_uniq; Type: CONSTRAINT; Schema: public; Owner: postgres
--

ALTER TABLE ONLY public.patient_profileform_docs_viewed
    ADD CONSTRAINT patient_profileform_docs_profileform_id_usersview_9accc661_uniq UNIQUE (profileform_id, usersviewed_id);


--
-- Name: patient_profileform_docs_viewed patient_profileform_docs_viewed_pkey; Type: CONSTRAINT; Schema: public; Owner: postgres
--

ALTER TABLE ONLY public.patient_profileform_docs_viewed
    ADD CONSTRAINT patient_profileform_docs_viewed_pkey PRIMARY KEY (id);


--
-- Name: patient_profileform patient_profileform_pkey; Type: CONSTRAINT; Schema: public; Owner: postgres
--

ALTER TABLE ONLY public.patient_profileform
    ADD CONSTRAINT patient_profileform_pkey PRIMARY KEY (id);


--
-- Name: portal_adminnotification portal_adminnotification_pkey; Type: CONSTRAINT; Schema: public; Owner: postgres
--

ALTER TABLE ONLY public.portal_adminnotification
    ADD CONSTRAINT portal_adminnotification_pkey PRIMARY KEY (id);


--
-- Name: auth_group_name_a6ea08ec_like; Type: INDEX; Schema: public; Owner: postgres
--

CREATE INDEX auth_group_name_a6ea08ec_like ON public.auth_group USING btree (name varchar_pattern_ops);


--
-- Name: auth_group_permissions_group_id_b120cbf9; Type: INDEX; Schema: public; Owner: postgres
--

CREATE INDEX auth_group_permissions_group_id_b120cbf9 ON public.auth_group_permissions USING btree (group_id);


--
-- Name: auth_group_permissions_permission_id_84c5c92e; Type: INDEX; Schema: public; Owner: postgres
--

CREATE INDEX auth_group_permissions_permission_id_84c5c92e ON public.auth_group_permissions USING btree (permission_id);


--
-- Name: auth_permission_content_type_id_2f476e4b; Type: INDEX; Schema: public; Owner: postgres
--

CREATE INDEX auth_permission_content_type_id_2f476e4b ON public.auth_permission USING btree (content_type_id);


--
-- Name: auth_user_groups_group_id_97559544; Type: INDEX; Schema: public; Owner: postgres
--

CREATE INDEX auth_user_groups_group_id_97559544 ON public.auth_user_groups USING btree (group_id);


--
-- Name: auth_user_groups_user_id_6a12ed8b; Type: INDEX; Schema: public; Owner: postgres
--

CREATE INDEX auth_user_groups_user_id_6a12ed8b ON public.auth_user_groups USING btree (user_id);


--
-- Name: auth_user_user_permissions_permission_id_1fbb5f2c; Type: INDEX; Schema: public; Owner: postgres
--

CREATE INDEX auth_user_user_permissions_permission_id_1fbb5f2c ON public.auth_user_user_permissions USING btree (permission_id);


--
-- Name: auth_user_user_permissions_user_id_a95ead1b; Type: INDEX; Schema: public; Owner: postgres
--

CREATE INDEX auth_user_user_permissions_user_id_a95ead1b ON public.auth_user_user_permissions USING btree (user_id);


--
-- Name: auth_user_username_6821ab7c_like; Type: INDEX; Schema: public; Owner: postgres
--

CREATE INDEX auth_user_username_6821ab7c_like ON public.auth_user USING btree (username varchar_pattern_ops);


--
-- Name: cebuMap_cebubarangays_geom_id; Type: INDEX; Schema: public; Owner: postgres
--

CREATE INDEX "cebuMap_cebubarangays_geom_id" ON public."cebuMap_cebubarangays" USING gist (geom);


--
-- Name: cebuMap_cebumap_location_id; Type: INDEX; Schema: public; Owner: postgres
--

CREATE INDEX "cebuMap_cebumap_location_id" ON public."cebuMap_cebumap" USING gist (location);


--
-- Name: cebuMap_incidence_location_id; Type: INDEX; Schema: public; Owner: postgres
--

CREATE INDEX "cebuMap_incidence_location_id" ON public."cebuMap_incidence" USING gist (location);


--
-- Name: django_admin_log_content_type_id_c4bce8eb; Type: INDEX; Schema: public; Owner: postgres
--

CREATE INDEX django_admin_log_content_type_id_c4bce8eb ON public.django_admin_log USING btree (content_type_id);


--
-- Name: django_admin_log_user_id_c564eba6; Type: INDEX; Schema: public; Owner: postgres
--

CREATE INDEX django_admin_log_user_id_c564eba6 ON public.django_admin_log USING btree (user_id);


--
-- Name: django_session_expire_date_a5c62663; Type: INDEX; Schema: public; Owner: postgres
--

CREATE INDEX django_session_expire_date_a5c62663 ON public.django_session USING btree (expire_date);


--
-- Name: django_session_session_key_c0390e0f_like; Type: INDEX; Schema: public; Owner: postgres
--

CREATE INDEX django_session_session_key_c0390e0f_like ON public.django_session USING btree (session_key varchar_pattern_ops);


--
-- Name: doctor_doctor_doctorNotifs_doctor_id_6ba348a3; Type: INDEX; Schema: public; Owner: postgres
--

CREATE INDEX "doctor_doctor_doctorNotifs_doctor_id_6ba348a3" ON public."doctor_doctor_doctorNotifs" USING btree (doctor_id);


--
-- Name: doctor_doctor_doctorNotifs_doctornotification_id_f4f12d22; Type: INDEX; Schema: public; Owner: postgres
--

CREATE INDEX "doctor_doctor_doctorNotifs_doctornotification_id_f4f12d22" ON public."doctor_doctor_doctorNotifs" USING btree (doctornotification_id);


--
-- Name: doctor_doctor_finished_scheds_doctor_id_eb632f57; Type: INDEX; Schema: public; Owner: postgres
--

CREATE INDEX doctor_doctor_finished_scheds_doctor_id_eb632f57 ON public.doctor_doctor_finished_scheds USING btree (doctor_id);


--
-- Name: doctor_doctor_finished_scheds_doctorschedule_id_9b55f20b; Type: INDEX; Schema: public; Owner: postgres
--

CREATE INDEX doctor_doctor_finished_scheds_doctorschedule_id_9b55f20b ON public.doctor_doctor_finished_scheds USING btree (doctorschedule_id);


--
-- Name: doctor_doctor_new_notifs_doctor_id_b8c08f74; Type: INDEX; Schema: public; Owner: postgres
--

CREATE INDEX doctor_doctor_new_notifs_doctor_id_b8c08f74 ON public.doctor_doctor_new_notifs USING btree (doctor_id);


--
-- Name: doctor_doctor_new_notifs_doctornotification_id_33d72358; Type: INDEX; Schema: public; Owner: postgres
--

CREATE INDEX doctor_doctor_new_notifs_doctornotification_id_33d72358 ON public.doctor_doctor_new_notifs USING btree (doctornotification_id);


--
-- Name: doctor_doctor_pending_scheds_doctor_id_a2ff7d64; Type: INDEX; Schema: public; Owner: postgres
--

CREATE INDEX doctor_doctor_pending_scheds_doctor_id_a2ff7d64 ON public.doctor_doctor_pending_scheds USING btree (doctor_id);


--
-- Name: doctor_doctor_pending_scheds_doctorschedule_id_0234c1cc; Type: INDEX; Schema: public; Owner: postgres
--

CREATE INDEX doctor_doctor_pending_scheds_doctorschedule_id_0234c1cc ON public.doctor_doctor_pending_scheds USING btree (doctorschedule_id);


--
-- Name: doctor_doctor_rejected_scheds_doctor_id_c647f336; Type: INDEX; Schema: public; Owner: postgres
--

CREATE INDEX doctor_doctor_rejected_scheds_doctor_id_c647f336 ON public.doctor_doctor_rejected_scheds USING btree (doctor_id);


--
-- Name: doctor_doctor_rejected_scheds_doctorschedule_id_7da8f6ef; Type: INDEX; Schema: public; Owner: postgres
--

CREATE INDEX doctor_doctor_rejected_scheds_doctorschedule_id_7da8f6ef ON public.doctor_doctor_rejected_scheds USING btree (doctorschedule_id);


--
-- Name: doctor_doctor_schedules_doctor_id_a1f225ee; Type: INDEX; Schema: public; Owner: postgres
--

CREATE INDEX doctor_doctor_schedules_doctor_id_a1f225ee ON public.doctor_doctor_schedules USING btree (doctor_id);


--
-- Name: doctor_doctor_schedules_doctorschedule_id_bfe582ab; Type: INDEX; Schema: public; Owner: postgres
--

CREATE INDEX doctor_doctor_schedules_doctorschedule_id_bfe582ab ON public.doctor_doctor_schedules USING btree (doctorschedule_id);


--
-- Name: doctor_doctor_slug_7289a166; Type: INDEX; Schema: public; Owner: postgres
--

CREATE INDEX doctor_doctor_slug_7289a166 ON public.doctor_doctor USING btree (slug);


--
-- Name: doctor_doctor_slug_7289a166_like; Type: INDEX; Schema: public; Owner: postgres
--

CREATE INDEX doctor_doctor_slug_7289a166_like ON public.doctor_doctor USING btree (slug varchar_pattern_ops);


--
-- Name: doctor_doctorschedule_doc__doctorschedule_id_29da9469; Type: INDEX; Schema: public; Owner: postgres
--

CREATE INDEX doctor_doctorschedule_doc__doctorschedule_id_29da9469 ON public.doctor_doctorschedule_users_viewed USING btree (doctorschedule_id);


--
-- Name: doctor_doctorschedule_doc_remark_doctorschedule_id_262fab1d; Type: INDEX; Schema: public; Owner: postgres
--

CREATE INDEX doctor_doctorschedule_doc_remark_doctorschedule_id_262fab1d ON public.doctor_doctorschedule_doc_remark USING btree (doctorschedule_id);


--
-- Name: doctor_doctorschedule_doc_remark_note_id_c8ae6e6a; Type: INDEX; Schema: public; Owner: postgres
--

CREATE INDEX doctor_doctorschedule_doc_remark_note_id_c8ae6e6a ON public.doctor_doctorschedule_doc_remark USING btree (remark_id);


--
-- Name: doctor_doctorschedule_doc_views_details_usersviewed_id_5402743f; Type: INDEX; Schema: public; Owner: postgres
--

CREATE INDEX doctor_doctorschedule_doc_views_details_usersviewed_id_5402743f ON public.doctor_doctorschedule_users_viewed USING btree (usersviewed_id);


--
-- Name: patient_icrform_doc_remarks_comment_id_7c9769b2; Type: INDEX; Schema: public; Owner: postgres
--

CREATE INDEX patient_icrform_doc_remarks_comment_id_7c9769b2 ON public.patient_icrform_doctor_remarks USING btree (remark_id);


--
-- Name: patient_icrform_doc_remarks_icrform_id_9651116f; Type: INDEX; Schema: public; Owner: postgres
--

CREATE INDEX patient_icrform_doc_remarks_icrform_id_9651116f ON public.patient_icrform_doctor_remarks USING btree (icrform_id);


--
-- Name: patient_icrform_docs_viewed_icrform_id_bc5c4eb2; Type: INDEX; Schema: public; Owner: postgres
--

CREATE INDEX patient_icrform_docs_viewed_icrform_id_bc5c4eb2 ON public.patient_icrform_docs_viewed USING btree (icrform_id);


--
-- Name: patient_icrform_docs_viewed_usersviewed_id_449c9a1e; Type: INDEX; Schema: public; Owner: postgres
--

CREATE INDEX patient_icrform_docs_viewed_usersviewed_id_449c9a1e ON public.patient_icrform_docs_viewed USING btree (usersviewed_id);


--
-- Name: patient_medhistform_doc_remarks_comment_id_8cbe0197; Type: INDEX; Schema: public; Owner: postgres
--

CREATE INDEX patient_medhistform_doc_remarks_comment_id_8cbe0197 ON public.patient_medhistform_doctor_remarks USING btree (remark_id);


--
-- Name: patient_medhistform_doc_remarks_medhistform_id_5eeb339b; Type: INDEX; Schema: public; Owner: postgres
--

CREATE INDEX patient_medhistform_doc_remarks_medhistform_id_5eeb339b ON public.patient_medhistform_doctor_remarks USING btree (medhistform_id);


--
-- Name: patient_medhistform_docs_viewed_medhistform_id_1b3ed826; Type: INDEX; Schema: public; Owner: postgres
--

CREATE INDEX patient_medhistform_docs_viewed_medhistform_id_1b3ed826 ON public.patient_medhistform_docs_viewed USING btree (medhistform_id);


--
-- Name: patient_medhistform_docs_viewed_usersviewed_id_a03d8d0b; Type: INDEX; Schema: public; Owner: postgres
--

CREATE INDEX patient_medhistform_docs_viewed_usersviewed_id_a03d8d0b ON public.patient_medhistform_docs_viewed USING btree (usersviewed_id);


--
-- Name: patient_patient_approvedScheds_doctorschedule_id_2a685fae; Type: INDEX; Schema: public; Owner: postgres
--

CREATE INDEX "patient_patient_approvedScheds_doctorschedule_id_2a685fae" ON public.patient_patient_approved_schedules USING btree (doctorschedule_id);


--
-- Name: patient_patient_approvedScheds_patient_id_ffd99c84; Type: INDEX; Schema: public; Owner: postgres
--

CREATE INDEX "patient_patient_approvedScheds_patient_id_ffd99c84" ON public.patient_patient_approved_schedules USING btree (patient_id);


--
-- Name: patient_patient_finishedScheds_doctorschedule_id_226d4fad; Type: INDEX; Schema: public; Owner: postgres
--

CREATE INDEX "patient_patient_finishedScheds_doctorschedule_id_226d4fad" ON public.patient_patient_finished_schedules USING btree (doctorschedule_id);


--
-- Name: patient_patient_finishedScheds_patient_id_78583ebc; Type: INDEX; Schema: public; Owner: postgres
--

CREATE INDEX "patient_patient_finishedScheds_patient_id_78583ebc" ON public.patient_patient_finished_schedules USING btree (patient_id);


--
-- Name: patient_patient_myDoctors_doctor_id_510aef53; Type: INDEX; Schema: public; Owner: postgres
--

CREATE INDEX "patient_patient_myDoctors_doctor_id_510aef53" ON public.patient_patient_my_doctors USING btree (doctor_id);


--
-- Name: patient_patient_myDoctors_patient_id_3ee97e2d; Type: INDEX; Schema: public; Owner: postgres
--

CREATE INDEX "patient_patient_myDoctors_patient_id_3ee97e2d" ON public.patient_patient_my_doctors USING btree (patient_id);


--
-- Name: patient_patient_new_patien_patientnotification_id_9d78158c; Type: INDEX; Schema: public; Owner: postgres
--

CREATE INDEX patient_patient_new_patien_patientnotification_id_9d78158c ON public.patient_patient_patient_new_notifications USING btree (patientnotification_id);


--
-- Name: patient_patient_new_patient_notifications_patient_id_1f9c0e8e; Type: INDEX; Schema: public; Owner: postgres
--

CREATE INDEX patient_patient_new_patient_notifications_patient_id_1f9c0e8e ON public.patient_patient_patient_new_notifications USING btree (patient_id);


--
-- Name: patient_patient_patientNotif_patient_id_b48eb1f5; Type: INDEX; Schema: public; Owner: postgres
--

CREATE INDEX "patient_patient_patientNotif_patient_id_b48eb1f5" ON public.patient_patient_patient_notifications USING btree (patient_id);


--
-- Name: patient_patient_patientNotif_patientnotification_id_9d1276ca; Type: INDEX; Schema: public; Owner: postgres
--

CREATE INDEX "patient_patient_patientNotif_patientnotification_id_9d1276ca" ON public.patient_patient_patient_notifications USING btree (patientnotification_id);


--
-- Name: patient_patient_pendingScheds_doctorschedule_id_58dd819a; Type: INDEX; Schema: public; Owner: postgres
--

CREATE INDEX "patient_patient_pendingScheds_doctorschedule_id_58dd819a" ON public.patient_patient_pending_schedules USING btree (doctorschedule_id);


--
-- Name: patient_patient_pendingScheds_patient_id_1d339a46; Type: INDEX; Schema: public; Owner: postgres
--

CREATE INDEX "patient_patient_pendingScheds_patient_id_1d339a46" ON public.patient_patient_pending_schedules USING btree (patient_id);


--
-- Name: patient_patient_personalRecord_patient_id_04758112; Type: INDEX; Schema: public; Owner: postgres
--

CREATE INDEX "patient_patient_personalRecord_patient_id_04758112" ON public.patient_patient_personal_records USING btree (patient_id);


--
-- Name: patient_patient_personalRecord_personalrecord_id_42d4790b; Type: INDEX; Schema: public; Owner: postgres
--

CREATE INDEX "patient_patient_personalRecord_personalrecord_id_42d4790b" ON public.patient_patient_personal_records USING btree (personalrecord_id);


--
-- Name: patient_patient_rejectedScheds_doctorschedule_id_05b469a5; Type: INDEX; Schema: public; Owner: postgres
--

CREATE INDEX "patient_patient_rejectedScheds_doctorschedule_id_05b469a5" ON public.patient_patient_rejected_schedules USING btree (doctorschedule_id);


--
-- Name: patient_patient_rejectedScheds_patient_id_9df2451c; Type: INDEX; Schema: public; Owner: postgres
--

CREATE INDEX "patient_patient_rejectedScheds_patient_id_9df2451c" ON public.patient_patient_rejected_schedules USING btree (patient_id);


--
-- Name: patient_personalrecord_comment_comment_id_c24321ec; Type: INDEX; Schema: public; Owner: postgres
--

CREATE INDEX patient_personalrecord_comment_comment_id_c24321ec ON public.patient_personalrecord_comment USING btree (remark_id);


--
-- Name: patient_personalrecord_comment_personalrecord_id_55891b3e; Type: INDEX; Schema: public; Owner: postgres
--

CREATE INDEX patient_personalrecord_comment_personalrecord_id_55891b3e ON public.patient_personalrecord_comment USING btree (personalrecord_id);


--
-- Name: patient_personalrecord_docs_viewed_personalrecord_id_eb52405c; Type: INDEX; Schema: public; Owner: postgres
--

CREATE INDEX patient_personalrecord_docs_viewed_personalrecord_id_eb52405c ON public.patient_personalrecord_docs_viewed USING btree (personalrecord_id);


--
-- Name: patient_personalrecord_docs_viewed_usersviewed_id_04da4031; Type: INDEX; Schema: public; Owner: postgres
--

CREATE INDEX patient_personalrecord_docs_viewed_usersviewed_id_04da4031 ON public.patient_personalrecord_docs_viewed USING btree (usersviewed_id);


--
-- Name: patient_personalrecord_slug_bf7d5472; Type: INDEX; Schema: public; Owner: postgres
--

CREATE INDEX patient_personalrecord_slug_bf7d5472 ON public.patient_personalrecord USING btree (slug);


--
-- Name: patient_personalrecord_slug_bf7d5472_like; Type: INDEX; Schema: public; Owner: postgres
--

CREATE INDEX patient_personalrecord_slug_bf7d5472_like ON public.patient_personalrecord USING btree (slug varchar_pattern_ops);


--
-- Name: patient_profileform_doc_remarks_comment_id_9efaa491; Type: INDEX; Schema: public; Owner: postgres
--

CREATE INDEX patient_profileform_doc_remarks_comment_id_9efaa491 ON public.patient_profileform_doctor_remarks USING btree (remark_id);


--
-- Name: patient_profileform_doc_remarks_profileform_id_c57d05e2; Type: INDEX; Schema: public; Owner: postgres
--

CREATE INDEX patient_profileform_doc_remarks_profileform_id_c57d05e2 ON public.patient_profileform_doctor_remarks USING btree (profileform_id);


--
-- Name: patient_profileform_docs_viewed_profileform_id_205b4051; Type: INDEX; Schema: public; Owner: postgres
--

CREATE INDEX patient_profileform_docs_viewed_profileform_id_205b4051 ON public.patient_profileform_docs_viewed USING btree (profileform_id);


--
-- Name: patient_profileform_docs_viewed_usersviewed_id_7a43db87; Type: INDEX; Schema: public; Owner: postgres
--

CREATE INDEX patient_profileform_docs_viewed_usersviewed_id_7a43db87 ON public.patient_profileform_docs_viewed USING btree (usersviewed_id);


--
-- Name: auth_group_permissions auth_group_permissio_permission_id_84c5c92e_fk_auth_perm; Type: FK CONSTRAINT; Schema: public; Owner: postgres
--

ALTER TABLE ONLY public.auth_group_permissions
    ADD CONSTRAINT auth_group_permissio_permission_id_84c5c92e_fk_auth_perm FOREIGN KEY (permission_id) REFERENCES public.auth_permission(id) DEFERRABLE INITIALLY DEFERRED;


--
-- Name: auth_group_permissions auth_group_permissions_group_id_b120cbf9_fk_auth_group_id; Type: FK CONSTRAINT; Schema: public; Owner: postgres
--

ALTER TABLE ONLY public.auth_group_permissions
    ADD CONSTRAINT auth_group_permissions_group_id_b120cbf9_fk_auth_group_id FOREIGN KEY (group_id) REFERENCES public.auth_group(id) DEFERRABLE INITIALLY DEFERRED;


--
-- Name: auth_permission auth_permission_content_type_id_2f476e4b_fk_django_co; Type: FK CONSTRAINT; Schema: public; Owner: postgres
--

ALTER TABLE ONLY public.auth_permission
    ADD CONSTRAINT auth_permission_content_type_id_2f476e4b_fk_django_co FOREIGN KEY (content_type_id) REFERENCES public.django_content_type(id) DEFERRABLE INITIALLY DEFERRED;


--
-- Name: auth_user_groups auth_user_groups_group_id_97559544_fk_auth_group_id; Type: FK CONSTRAINT; Schema: public; Owner: postgres
--

ALTER TABLE ONLY public.auth_user_groups
    ADD CONSTRAINT auth_user_groups_group_id_97559544_fk_auth_group_id FOREIGN KEY (group_id) REFERENCES public.auth_group(id) DEFERRABLE INITIALLY DEFERRED;


--
-- Name: auth_user_groups auth_user_groups_user_id_6a12ed8b_fk_auth_user_id; Type: FK CONSTRAINT; Schema: public; Owner: postgres
--

ALTER TABLE ONLY public.auth_user_groups
    ADD CONSTRAINT auth_user_groups_user_id_6a12ed8b_fk_auth_user_id FOREIGN KEY (user_id) REFERENCES public.auth_user(id) DEFERRABLE INITIALLY DEFERRED;


--
-- Name: auth_user_user_permissions auth_user_user_permi_permission_id_1fbb5f2c_fk_auth_perm; Type: FK CONSTRAINT; Schema: public; Owner: postgres
--

ALTER TABLE ONLY public.auth_user_user_permissions
    ADD CONSTRAINT auth_user_user_permi_permission_id_1fbb5f2c_fk_auth_perm FOREIGN KEY (permission_id) REFERENCES public.auth_permission(id) DEFERRABLE INITIALLY DEFERRED;


--
-- Name: auth_user_user_permissions auth_user_user_permissions_user_id_a95ead1b_fk_auth_user_id; Type: FK CONSTRAINT; Schema: public; Owner: postgres
--

ALTER TABLE ONLY public.auth_user_user_permissions
    ADD CONSTRAINT auth_user_user_permissions_user_id_a95ead1b_fk_auth_user_id FOREIGN KEY (user_id) REFERENCES public.auth_user(id) DEFERRABLE INITIALLY DEFERRED;


--
-- Name: django_admin_log django_admin_log_content_type_id_c4bce8eb_fk_django_co; Type: FK CONSTRAINT; Schema: public; Owner: postgres
--

ALTER TABLE ONLY public.django_admin_log
    ADD CONSTRAINT django_admin_log_content_type_id_c4bce8eb_fk_django_co FOREIGN KEY (content_type_id) REFERENCES public.django_content_type(id) DEFERRABLE INITIALLY DEFERRED;


--
-- Name: django_admin_log django_admin_log_user_id_c564eba6_fk_auth_user_id; Type: FK CONSTRAINT; Schema: public; Owner: postgres
--

ALTER TABLE ONLY public.django_admin_log
    ADD CONSTRAINT django_admin_log_user_id_c564eba6_fk_auth_user_id FOREIGN KEY (user_id) REFERENCES public.auth_user(id) DEFERRABLE INITIALLY DEFERRED;


--
-- Name: doctor_doctor_doctorNotifs doctor_doctor_doctor_doctor_id_6ba348a3_fk_doctor_do; Type: FK CONSTRAINT; Schema: public; Owner: postgres
--

ALTER TABLE ONLY public."doctor_doctor_doctorNotifs"
    ADD CONSTRAINT doctor_doctor_doctor_doctor_id_6ba348a3_fk_doctor_do FOREIGN KEY (doctor_id) REFERENCES public.doctor_doctor(id) DEFERRABLE INITIALLY DEFERRED;


--
-- Name: doctor_doctor_doctorNotifs doctor_doctor_doctor_doctornotification_i_f4f12d22_fk_doctor_do; Type: FK CONSTRAINT; Schema: public; Owner: postgres
--

ALTER TABLE ONLY public."doctor_doctor_doctorNotifs"
    ADD CONSTRAINT doctor_doctor_doctor_doctornotification_i_f4f12d22_fk_doctor_do FOREIGN KEY (doctornotification_id) REFERENCES public.doctor_doctornotification(id) DEFERRABLE INITIALLY DEFERRED;


--
-- Name: doctor_doctor_finished_scheds doctor_doctor_finish_doctor_id_eb632f57_fk_doctor_do; Type: FK CONSTRAINT; Schema: public; Owner: postgres
--

ALTER TABLE ONLY public.doctor_doctor_finished_scheds
    ADD CONSTRAINT doctor_doctor_finish_doctor_id_eb632f57_fk_doctor_do FOREIGN KEY (doctor_id) REFERENCES public.doctor_doctor(id) DEFERRABLE INITIALLY DEFERRED;


--
-- Name: doctor_doctor_finished_scheds doctor_doctor_finish_doctorschedule_id_9b55f20b_fk_doctor_do; Type: FK CONSTRAINT; Schema: public; Owner: postgres
--

ALTER TABLE ONLY public.doctor_doctor_finished_scheds
    ADD CONSTRAINT doctor_doctor_finish_doctorschedule_id_9b55f20b_fk_doctor_do FOREIGN KEY (doctorschedule_id) REFERENCES public.doctor_doctorschedule(id) DEFERRABLE INITIALLY DEFERRED;


--
-- Name: doctor_doctor_new_notifs doctor_doctor_new_no_doctornotification_i_33d72358_fk_doctor_do; Type: FK CONSTRAINT; Schema: public; Owner: postgres
--

ALTER TABLE ONLY public.doctor_doctor_new_notifs
    ADD CONSTRAINT doctor_doctor_new_no_doctornotification_i_33d72358_fk_doctor_do FOREIGN KEY (doctornotification_id) REFERENCES public.doctor_doctornotification(id) DEFERRABLE INITIALLY DEFERRED;


--
-- Name: doctor_doctor_new_notifs doctor_doctor_new_notifs_doctor_id_b8c08f74_fk_doctor_doctor_id; Type: FK CONSTRAINT; Schema: public; Owner: postgres
--

ALTER TABLE ONLY public.doctor_doctor_new_notifs
    ADD CONSTRAINT doctor_doctor_new_notifs_doctor_id_b8c08f74_fk_doctor_doctor_id FOREIGN KEY (doctor_id) REFERENCES public.doctor_doctor(id) DEFERRABLE INITIALLY DEFERRED;


--
-- Name: doctor_doctor_pending_scheds doctor_doctor_pendin_doctor_id_a2ff7d64_fk_doctor_do; Type: FK CONSTRAINT; Schema: public; Owner: postgres
--

ALTER TABLE ONLY public.doctor_doctor_pending_scheds
    ADD CONSTRAINT doctor_doctor_pendin_doctor_id_a2ff7d64_fk_doctor_do FOREIGN KEY (doctor_id) REFERENCES public.doctor_doctor(id) DEFERRABLE INITIALLY DEFERRED;


--
-- Name: doctor_doctor_pending_scheds doctor_doctor_pendin_doctorschedule_id_0234c1cc_fk_doctor_do; Type: FK CONSTRAINT; Schema: public; Owner: postgres
--

ALTER TABLE ONLY public.doctor_doctor_pending_scheds
    ADD CONSTRAINT doctor_doctor_pendin_doctorschedule_id_0234c1cc_fk_doctor_do FOREIGN KEY (doctorschedule_id) REFERENCES public.doctor_doctorschedule(id) DEFERRABLE INITIALLY DEFERRED;


--
-- Name: doctor_doctor_rejected_scheds doctor_doctor_reject_doctor_id_c647f336_fk_doctor_do; Type: FK CONSTRAINT; Schema: public; Owner: postgres
--

ALTER TABLE ONLY public.doctor_doctor_rejected_scheds
    ADD CONSTRAINT doctor_doctor_reject_doctor_id_c647f336_fk_doctor_do FOREIGN KEY (doctor_id) REFERENCES public.doctor_doctor(id) DEFERRABLE INITIALLY DEFERRED;


--
-- Name: doctor_doctor_rejected_scheds doctor_doctor_reject_doctorschedule_id_7da8f6ef_fk_doctor_do; Type: FK CONSTRAINT; Schema: public; Owner: postgres
--

ALTER TABLE ONLY public.doctor_doctor_rejected_scheds
    ADD CONSTRAINT doctor_doctor_reject_doctorschedule_id_7da8f6ef_fk_doctor_do FOREIGN KEY (doctorschedule_id) REFERENCES public.doctor_doctorschedule(id) DEFERRABLE INITIALLY DEFERRED;


--
-- Name: doctor_doctor_schedules doctor_doctor_schedu_doctorschedule_id_bfe582ab_fk_doctor_do; Type: FK CONSTRAINT; Schema: public; Owner: postgres
--

ALTER TABLE ONLY public.doctor_doctor_schedules
    ADD CONSTRAINT doctor_doctor_schedu_doctorschedule_id_bfe582ab_fk_doctor_do FOREIGN KEY (doctorschedule_id) REFERENCES public.doctor_doctorschedule(id) DEFERRABLE INITIALLY DEFERRED;


--
-- Name: doctor_doctor_schedules doctor_doctor_schedules_doctor_id_a1f225ee_fk_doctor_doctor_id; Type: FK CONSTRAINT; Schema: public; Owner: postgres
--

ALTER TABLE ONLY public.doctor_doctor_schedules
    ADD CONSTRAINT doctor_doctor_schedules_doctor_id_a1f225ee_fk_doctor_doctor_id FOREIGN KEY (doctor_id) REFERENCES public.doctor_doctor(id) DEFERRABLE INITIALLY DEFERRED;


--
-- Name: doctor_doctor doctor_doctor_weekly_stats_id_62faa618_fk_doctor_doctorstats_id; Type: FK CONSTRAINT; Schema: public; Owner: postgres
--

ALTER TABLE ONLY public.doctor_doctor
    ADD CONSTRAINT doctor_doctor_weekly_stats_id_62faa618_fk_doctor_doctorstats_id FOREIGN KEY (weekly_stats_id) REFERENCES public.doctor_doctorstats(id) DEFERRABLE INITIALLY DEFERRED;


--
-- Name: doctor_doctorschedule_doc_remark doctor_doctorschedul_doctorschedule_id_262fab1d_fk_doctor_do; Type: FK CONSTRAINT; Schema: public; Owner: postgres
--

ALTER TABLE ONLY public.doctor_doctorschedule_doc_remark
    ADD CONSTRAINT doctor_doctorschedul_doctorschedule_id_262fab1d_fk_doctor_do FOREIGN KEY (doctorschedule_id) REFERENCES public.doctor_doctorschedule(id) DEFERRABLE INITIALLY DEFERRED;


--
-- Name: doctor_doctorschedule_users_viewed doctor_doctorschedul_doctorschedule_id_6108b89e_fk_doctor_do; Type: FK CONSTRAINT; Schema: public; Owner: postgres
--

ALTER TABLE ONLY public.doctor_doctorschedule_users_viewed
    ADD CONSTRAINT doctor_doctorschedul_doctorschedule_id_6108b89e_fk_doctor_do FOREIGN KEY (doctorschedule_id) REFERENCES public.doctor_doctorschedule(id) DEFERRABLE INITIALLY DEFERRED;


--
-- Name: doctor_doctorschedule_doc_remark doctor_doctorschedul_remark_id_6996e7e4_fk_doctor_re; Type: FK CONSTRAINT; Schema: public; Owner: postgres
--

ALTER TABLE ONLY public.doctor_doctorschedule_doc_remark
    ADD CONSTRAINT doctor_doctorschedul_remark_id_6996e7e4_fk_doctor_re FOREIGN KEY (remark_id) REFERENCES public.doctor_remark(id) DEFERRABLE INITIALLY DEFERRED;


--
-- Name: doctor_doctorschedule_users_viewed doctor_doctorschedul_usersviewed_id_a922325f_fk_doctor_us; Type: FK CONSTRAINT; Schema: public; Owner: postgres
--

ALTER TABLE ONLY public.doctor_doctorschedule_users_viewed
    ADD CONSTRAINT doctor_doctorschedul_usersviewed_id_a922325f_fk_doctor_us FOREIGN KEY (usersviewed_id) REFERENCES public.doctor_usersviewed(id) DEFERRABLE INITIALLY DEFERRED;


--
-- Name: patient_icrform_docs_viewed patient_icrform_docs_icrform_id_bc5c4eb2_fk_patient_i; Type: FK CONSTRAINT; Schema: public; Owner: postgres
--

ALTER TABLE ONLY public.patient_icrform_docs_viewed
    ADD CONSTRAINT patient_icrform_docs_icrform_id_bc5c4eb2_fk_patient_i FOREIGN KEY (icrform_id) REFERENCES public.patient_icrform(id) DEFERRABLE INITIALLY DEFERRED;


--
-- Name: patient_icrform_docs_viewed patient_icrform_docs_usersviewed_id_449c9a1e_fk_doctor_us; Type: FK CONSTRAINT; Schema: public; Owner: postgres
--

ALTER TABLE ONLY public.patient_icrform_docs_viewed
    ADD CONSTRAINT patient_icrform_docs_usersviewed_id_449c9a1e_fk_doctor_us FOREIGN KEY (usersviewed_id) REFERENCES public.doctor_usersviewed(id) DEFERRABLE INITIALLY DEFERRED;


--
-- Name: patient_icrform_doctor_remarks patient_icrform_doct_icrform_id_9accf06e_fk_patient_i; Type: FK CONSTRAINT; Schema: public; Owner: postgres
--

ALTER TABLE ONLY public.patient_icrform_doctor_remarks
    ADD CONSTRAINT patient_icrform_doct_icrform_id_9accf06e_fk_patient_i FOREIGN KEY (icrform_id) REFERENCES public.patient_icrform(id) DEFERRABLE INITIALLY DEFERRED;


--
-- Name: patient_icrform_doctor_remarks patient_icrform_doct_remark_id_3fa260db_fk_doctor_re; Type: FK CONSTRAINT; Schema: public; Owner: postgres
--

ALTER TABLE ONLY public.patient_icrform_doctor_remarks
    ADD CONSTRAINT patient_icrform_doct_remark_id_3fa260db_fk_doctor_re FOREIGN KEY (remark_id) REFERENCES public.doctor_remark(id) DEFERRABLE INITIALLY DEFERRED;


--
-- Name: patient_medhistform_docs_viewed patient_medhistform__medhistform_id_1b3ed826_fk_patient_m; Type: FK CONSTRAINT; Schema: public; Owner: postgres
--

ALTER TABLE ONLY public.patient_medhistform_docs_viewed
    ADD CONSTRAINT patient_medhistform__medhistform_id_1b3ed826_fk_patient_m FOREIGN KEY (medhistform_id) REFERENCES public.patient_medhistform(id) DEFERRABLE INITIALLY DEFERRED;


--
-- Name: patient_medhistform_doctor_remarks patient_medhistform__medhistform_id_52bfc484_fk_patient_m; Type: FK CONSTRAINT; Schema: public; Owner: postgres
--

ALTER TABLE ONLY public.patient_medhistform_doctor_remarks
    ADD CONSTRAINT patient_medhistform__medhistform_id_52bfc484_fk_patient_m FOREIGN KEY (medhistform_id) REFERENCES public.patient_medhistform(id) DEFERRABLE INITIALLY DEFERRED;


--
-- Name: patient_medhistform_doctor_remarks patient_medhistform__remark_id_0e0a4e16_fk_doctor_re; Type: FK CONSTRAINT; Schema: public; Owner: postgres
--

ALTER TABLE ONLY public.patient_medhistform_doctor_remarks
    ADD CONSTRAINT patient_medhistform__remark_id_0e0a4e16_fk_doctor_re FOREIGN KEY (remark_id) REFERENCES public.doctor_remark(id) DEFERRABLE INITIALLY DEFERRED;


--
-- Name: patient_medhistform_docs_viewed patient_medhistform__usersviewed_id_a03d8d0b_fk_doctor_us; Type: FK CONSTRAINT; Schema: public; Owner: postgres
--

ALTER TABLE ONLY public.patient_medhistform_docs_viewed
    ADD CONSTRAINT patient_medhistform__usersviewed_id_a03d8d0b_fk_doctor_us FOREIGN KEY (usersviewed_id) REFERENCES public.doctor_usersviewed(id) DEFERRABLE INITIALLY DEFERRED;


--
-- Name: patient_patient_approved_schedules patient_patient_appr_doctorschedule_id_a029f022_fk_doctor_do; Type: FK CONSTRAINT; Schema: public; Owner: postgres
--

ALTER TABLE ONLY public.patient_patient_approved_schedules
    ADD CONSTRAINT patient_patient_appr_doctorschedule_id_a029f022_fk_doctor_do FOREIGN KEY (doctorschedule_id) REFERENCES public.doctor_doctorschedule(id) DEFERRABLE INITIALLY DEFERRED;


--
-- Name: patient_patient_approved_schedules patient_patient_appr_patient_id_df55b9aa_fk_patient_p; Type: FK CONSTRAINT; Schema: public; Owner: postgres
--

ALTER TABLE ONLY public.patient_patient_approved_schedules
    ADD CONSTRAINT patient_patient_appr_patient_id_df55b9aa_fk_patient_p FOREIGN KEY (patient_id) REFERENCES public.patient_patient(icr_id) DEFERRABLE INITIALLY DEFERRED;


--
-- Name: patient_patient_finished_schedules patient_patient_fini_doctorschedule_id_941ede49_fk_doctor_do; Type: FK CONSTRAINT; Schema: public; Owner: postgres
--

ALTER TABLE ONLY public.patient_patient_finished_schedules
    ADD CONSTRAINT patient_patient_fini_doctorschedule_id_941ede49_fk_doctor_do FOREIGN KEY (doctorschedule_id) REFERENCES public.doctor_doctorschedule(id) DEFERRABLE INITIALLY DEFERRED;


--
-- Name: patient_patient_finished_schedules patient_patient_fini_patient_id_3f1271b6_fk_patient_p; Type: FK CONSTRAINT; Schema: public; Owner: postgres
--

ALTER TABLE ONLY public.patient_patient_finished_schedules
    ADD CONSTRAINT patient_patient_fini_patient_id_3f1271b6_fk_patient_p FOREIGN KEY (patient_id) REFERENCES public.patient_patient(icr_id) DEFERRABLE INITIALLY DEFERRED;


--
-- Name: patient_patient patient_patient_icr_id_b786c1eb_fk_patient_icrform_id; Type: FK CONSTRAINT; Schema: public; Owner: postgres
--

ALTER TABLE ONLY public.patient_patient
    ADD CONSTRAINT patient_patient_icr_id_b786c1eb_fk_patient_icrform_id FOREIGN KEY (icr_id) REFERENCES public.patient_icrform(id) DEFERRABLE INITIALLY DEFERRED;


--
-- Name: patient_patient patient_patient_location_details_id_2300e48d_fk_patient_p; Type: FK CONSTRAINT; Schema: public; Owner: postgres
--

ALTER TABLE ONLY public.patient_patient
    ADD CONSTRAINT patient_patient_location_details_id_2300e48d_fk_patient_p FOREIGN KEY (location_details_id) REFERENCES public.patient_patientlocationdetails(id) DEFERRABLE INITIALLY DEFERRED;


--
-- Name: patient_patient patient_patient_medical_history_id_e01f6a96_fk_patient_m; Type: FK CONSTRAINT; Schema: public; Owner: postgres
--

ALTER TABLE ONLY public.patient_patient
    ADD CONSTRAINT patient_patient_medical_history_id_e01f6a96_fk_patient_m FOREIGN KEY (medical_history_id) REFERENCES public.patient_medhistform(id) DEFERRABLE INITIALLY DEFERRED;


--
-- Name: patient_patient_my_doctors patient_patient_my_d_doctor_id_2154af2b_fk_doctor_do; Type: FK CONSTRAINT; Schema: public; Owner: postgres
--

ALTER TABLE ONLY public.patient_patient_my_doctors
    ADD CONSTRAINT patient_patient_my_d_doctor_id_2154af2b_fk_doctor_do FOREIGN KEY (doctor_id) REFERENCES public.doctor_doctor(id) DEFERRABLE INITIALLY DEFERRED;


--
-- Name: patient_patient_my_doctors patient_patient_my_d_patient_id_ffd62b7f_fk_patient_p; Type: FK CONSTRAINT; Schema: public; Owner: postgres
--

ALTER TABLE ONLY public.patient_patient_my_doctors
    ADD CONSTRAINT patient_patient_my_d_patient_id_ffd62b7f_fk_patient_p FOREIGN KEY (patient_id) REFERENCES public.patient_patient(icr_id) DEFERRABLE INITIALLY DEFERRED;


--
-- Name: patient_patient_patient_notifications patient_patient_pati_patient_id_dc07c558_fk_patient_p; Type: FK CONSTRAINT; Schema: public; Owner: postgres
--

ALTER TABLE ONLY public.patient_patient_patient_notifications
    ADD CONSTRAINT patient_patient_pati_patient_id_dc07c558_fk_patient_p FOREIGN KEY (patient_id) REFERENCES public.patient_patient(icr_id) DEFERRABLE INITIALLY DEFERRED;


--
-- Name: patient_patient_patient_new_notifications patient_patient_pati_patient_id_fd9c6f16_fk_patient_p; Type: FK CONSTRAINT; Schema: public; Owner: postgres
--

ALTER TABLE ONLY public.patient_patient_patient_new_notifications
    ADD CONSTRAINT patient_patient_pati_patient_id_fd9c6f16_fk_patient_p FOREIGN KEY (patient_id) REFERENCES public.patient_patient(icr_id) DEFERRABLE INITIALLY DEFERRED;


--
-- Name: patient_patient_patient_new_notifications patient_patient_pati_patientnotification__2e8bde8c_fk_patient_p; Type: FK CONSTRAINT; Schema: public; Owner: postgres
--

ALTER TABLE ONLY public.patient_patient_patient_new_notifications
    ADD CONSTRAINT patient_patient_pati_patientnotification__2e8bde8c_fk_patient_p FOREIGN KEY (patientnotification_id) REFERENCES public.patient_patientnotification(id) DEFERRABLE INITIALLY DEFERRED;


--
-- Name: patient_patient_patient_notifications patient_patient_pati_patientnotification__c640c83e_fk_patient_p; Type: FK CONSTRAINT; Schema: public; Owner: postgres
--

ALTER TABLE ONLY public.patient_patient_patient_notifications
    ADD CONSTRAINT patient_patient_pati_patientnotification__c640c83e_fk_patient_p FOREIGN KEY (patientnotification_id) REFERENCES public.patient_patientnotification(id) DEFERRABLE INITIALLY DEFERRED;


--
-- Name: patient_patient_pending_schedules patient_patient_pend_doctorschedule_id_bf172319_fk_doctor_do; Type: FK CONSTRAINT; Schema: public; Owner: postgres
--

ALTER TABLE ONLY public.patient_patient_pending_schedules
    ADD CONSTRAINT patient_patient_pend_doctorschedule_id_bf172319_fk_doctor_do FOREIGN KEY (doctorschedule_id) REFERENCES public.doctor_doctorschedule(id) DEFERRABLE INITIALLY DEFERRED;


--
-- Name: patient_patient_pending_schedules patient_patient_pend_patient_id_46eb596a_fk_patient_p; Type: FK CONSTRAINT; Schema: public; Owner: postgres
--

ALTER TABLE ONLY public.patient_patient_pending_schedules
    ADD CONSTRAINT patient_patient_pend_patient_id_46eb596a_fk_patient_p FOREIGN KEY (patient_id) REFERENCES public.patient_patient(icr_id) DEFERRABLE INITIALLY DEFERRED;


--
-- Name: patient_patient_personal_records patient_patient_pers_patient_id_960c6c67_fk_patient_p; Type: FK CONSTRAINT; Schema: public; Owner: postgres
--

ALTER TABLE ONLY public.patient_patient_personal_records
    ADD CONSTRAINT patient_patient_pers_patient_id_960c6c67_fk_patient_p FOREIGN KEY (patient_id) REFERENCES public.patient_patient(icr_id) DEFERRABLE INITIALLY DEFERRED;


--
-- Name: patient_patient_personal_records patient_patient_pers_personalrecord_id_86f28561_fk_patient_p; Type: FK CONSTRAINT; Schema: public; Owner: postgres
--

ALTER TABLE ONLY public.patient_patient_personal_records
    ADD CONSTRAINT patient_patient_pers_personalrecord_id_86f28561_fk_patient_p FOREIGN KEY (personalrecord_id) REFERENCES public.patient_personalrecord(id) DEFERRABLE INITIALLY DEFERRED;


--
-- Name: patient_patient patient_patient_profile_id_77e9389a_fk_patient_profileform_id; Type: FK CONSTRAINT; Schema: public; Owner: postgres
--

ALTER TABLE ONLY public.patient_patient
    ADD CONSTRAINT patient_patient_profile_id_77e9389a_fk_patient_profileform_id FOREIGN KEY (profile_id) REFERENCES public.patient_profileform(id) DEFERRABLE INITIALLY DEFERRED;


--
-- Name: patient_patient_rejected_schedules patient_patient_reje_doctorschedule_id_43097324_fk_doctor_do; Type: FK CONSTRAINT; Schema: public; Owner: postgres
--

ALTER TABLE ONLY public.patient_patient_rejected_schedules
    ADD CONSTRAINT patient_patient_reje_doctorschedule_id_43097324_fk_doctor_do FOREIGN KEY (doctorschedule_id) REFERENCES public.doctor_doctorschedule(id) DEFERRABLE INITIALLY DEFERRED;


--
-- Name: patient_patient_rejected_schedules patient_patient_reje_patient_id_d54c5b54_fk_patient_p; Type: FK CONSTRAINT; Schema: public; Owner: postgres
--

ALTER TABLE ONLY public.patient_patient_rejected_schedules
    ADD CONSTRAINT patient_patient_reje_patient_id_d54c5b54_fk_patient_p FOREIGN KEY (patient_id) REFERENCES public.patient_patient(icr_id) DEFERRABLE INITIALLY DEFERRED;


--
-- Name: patient_personalrecord_comment patient_personalreco_personalrecord_id_55891b3e_fk_patient_p; Type: FK CONSTRAINT; Schema: public; Owner: postgres
--

ALTER TABLE ONLY public.patient_personalrecord_comment
    ADD CONSTRAINT patient_personalreco_personalrecord_id_55891b3e_fk_patient_p FOREIGN KEY (personalrecord_id) REFERENCES public.patient_personalrecord(id) DEFERRABLE INITIALLY DEFERRED;


--
-- Name: patient_personalrecord_docs_viewed patient_personalreco_personalrecord_id_eb52405c_fk_patient_p; Type: FK CONSTRAINT; Schema: public; Owner: postgres
--

ALTER TABLE ONLY public.patient_personalrecord_docs_viewed
    ADD CONSTRAINT patient_personalreco_personalrecord_id_eb52405c_fk_patient_p FOREIGN KEY (personalrecord_id) REFERENCES public.patient_personalrecord(id) DEFERRABLE INITIALLY DEFERRED;


--
-- Name: patient_personalrecord_comment patient_personalreco_remark_id_ff0016c0_fk_doctor_re; Type: FK CONSTRAINT; Schema: public; Owner: postgres
--

ALTER TABLE ONLY public.patient_personalrecord_comment
    ADD CONSTRAINT patient_personalreco_remark_id_ff0016c0_fk_doctor_re FOREIGN KEY (remark_id) REFERENCES public.doctor_remark(id) DEFERRABLE INITIALLY DEFERRED;


--
-- Name: patient_personalrecord_docs_viewed patient_personalreco_usersviewed_id_04da4031_fk_doctor_us; Type: FK CONSTRAINT; Schema: public; Owner: postgres
--

ALTER TABLE ONLY public.patient_personalrecord_docs_viewed
    ADD CONSTRAINT patient_personalreco_usersviewed_id_04da4031_fk_doctor_us FOREIGN KEY (usersviewed_id) REFERENCES public.doctor_usersviewed(id) DEFERRABLE INITIALLY DEFERRED;


--
-- Name: patient_profileform_docs_viewed patient_profileform__profileform_id_205b4051_fk_patient_p; Type: FK CONSTRAINT; Schema: public; Owner: postgres
--

ALTER TABLE ONLY public.patient_profileform_docs_viewed
    ADD CONSTRAINT patient_profileform__profileform_id_205b4051_fk_patient_p FOREIGN KEY (profileform_id) REFERENCES public.patient_profileform(id) DEFERRABLE INITIALLY DEFERRED;


--
-- Name: patient_profileform_doctor_remarks patient_profileform__profileform_id_4bcc26d2_fk_patient_p; Type: FK CONSTRAINT; Schema: public; Owner: postgres
--

ALTER TABLE ONLY public.patient_profileform_doctor_remarks
    ADD CONSTRAINT patient_profileform__profileform_id_4bcc26d2_fk_patient_p FOREIGN KEY (profileform_id) REFERENCES public.patient_profileform(id) DEFERRABLE INITIALLY DEFERRED;


--
-- Name: patient_profileform_doctor_remarks patient_profileform__remark_id_348e0f78_fk_doctor_re; Type: FK CONSTRAINT; Schema: public; Owner: postgres
--

ALTER TABLE ONLY public.patient_profileform_doctor_remarks
    ADD CONSTRAINT patient_profileform__remark_id_348e0f78_fk_doctor_re FOREIGN KEY (remark_id) REFERENCES public.doctor_remark(id) DEFERRABLE INITIALLY DEFERRED;


--
-- Name: patient_profileform_docs_viewed patient_profileform__usersviewed_id_7a43db87_fk_doctor_us; Type: FK CONSTRAINT; Schema: public; Owner: postgres
--

ALTER TABLE ONLY public.patient_profileform_docs_viewed
    ADD CONSTRAINT patient_profileform__usersviewed_id_7a43db87_fk_doctor_us FOREIGN KEY (usersviewed_id) REFERENCES public.doctor_usersviewed(id) DEFERRABLE INITIALLY DEFERRED;


--
-- Name: SCHEMA public; Type: ACL; Schema: -; Owner: postgres
--

GRANT ALL ON SCHEMA public TO PUBLIC;


--
-- PostgreSQL database dump complete
--

